Price,Close,High,Low,Open,Volume
Ticker,^BCOM,^BCOM,^BCOM,^BCOM,^BCOM
Date,,,,,
1991-01-02,100.0,100.0,100.0,100.0,0
1991-01-03,99.08999633789062,99.08999633789062,99.08999633789062,99.08999633789062,0
1991-01-04,98.51000213623047,98.51000213623047,98.51000213623047,98.51000213623047,0
1991-01-07,101.73999786376953,101.73999786376953,101.73999786376953,101.73999786376953,0
1991-01-08,100.29000091552734,100.29000091552734,100.29000091552734,100.29000091552734,0
1991-01-09,100.62000274658203,100.62000274658203,100.62000274658203,100.62000274658203,0
1991-01-10,100.68000030517578,100.68000030517578,100.68000030517578,100.68000030517578,0
1991-01-11,100.12000274658203,100.12000274658203,100.12000274658203,100.12000274658203,0
1991-01-14,103.37000274658203,103.37000274658203,103.37000274658203,103.37000274658203,0
1991-01-15,102.30000305175781,102.30000305175781,102.30000305175781,102.30000305175781,0
1991-01-16,103.87000274658203,103.87000274658203,103.87000274658203,103.87000274658203,0
1991-01-17,94.7699966430664,94.7699966430664,94.7699966430664,94.7699966430664,0
1991-01-18,93.31999969482422,93.31999969482422,93.31999969482422,93.31999969482422,0
1991-01-22,95.76000213623047,95.76000213623047,95.76000213623047,95.76000213623047,0
1991-01-23,95.23999786376953,95.23999786376953,95.23999786376953,95.23999786376953,0
1991-01-24,94.45999908447266,94.45999908447266,94.45999908447266,94.45999908447266,0
1991-01-25,94.69000244140625,94.69000244140625,94.69000244140625,94.69000244140625,0
1991-01-28,94.33999633789062,94.33999633789062,94.33999633789062,94.33999633789062,0
1991-01-29,94.95999908447266,94.95999908447266,94.95999908447266,94.95999908447266,0
1991-01-30,93.95999908447266,93.95999908447266,93.95999908447266,93.95999908447266,0
1991-01-31,94.41000366210938,94.41000366210938,94.41000366210938,94.41000366210938,0
1991-02-01,94.19999694824219,94.19999694824219,94.19999694824219,94.19999694824219,0
1991-02-04,94.36000061035156,94.36000061035156,94.36000061035156,94.36000061035156,0
1991-02-05,93.94000244140625,93.94000244140625,93.94000244140625,93.94000244140625,0
1991-02-06,94.5199966430664,94.5199966430664,94.5199966430664,94.5199966430664,0
1991-02-07,94.0999984741211,94.0999984741211,94.0999984741211,94.0999984741211,0
1991-02-08,95.08999633789062,95.08999633789062,95.08999633789062,95.08999633789062,0
1991-02-11,95.38999938964844,95.38999938964844,95.38999938964844,95.38999938964844,0
1991-02-12,95.75,95.75,95.75,95.75,0
1991-02-13,95.70999908447266,95.70999908447266,95.70999908447266,95.70999908447266,0
1991-02-14,95.66999816894531,95.66999816894531,95.66999816894531,95.66999816894531,0
1991-02-15,94.4800033569336,94.4800033569336,94.4800033569336,94.4800033569336,0
1991-02-19,94.19000244140625,94.19000244140625,94.19000244140625,94.19000244140625,0
1991-02-20,94.5199966430664,94.5199966430664,94.5199966430664,94.5199966430664,0
1991-02-21,93.6500015258789,93.6500015258789,93.6500015258789,93.6500015258789,0
1991-02-22,93.12000274658203,93.12000274658203,93.12000274658203,93.12000274658203,0
1991-02-25,93.68000030517578,93.68000030517578,93.68000030517578,93.68000030517578,0
1991-02-26,94.31999969482422,94.31999969482422,94.31999969482422,94.31999969482422,0
1991-02-27,94.79000091552734,94.79000091552734,94.79000091552734,94.79000091552734,0
1991-02-28,95.9000015258789,95.9000015258789,95.9000015258789,95.9000015258789,0
1991-03-01,96.66999816894531,96.66999816894531,96.66999816894531,96.66999816894531,0
1991-03-04,97.66000366210938,97.66000366210938,97.66000366210938,97.66000366210938,0
1991-03-05,98.19000244140625,98.19000244140625,98.19000244140625,98.19000244140625,0
1991-03-06,97.75,97.75,97.75,97.75,0
1991-03-07,97.66000366210938,97.66000366210938,97.66000366210938,97.66000366210938,0
1991-03-08,97.9000015258789,97.9000015258789,97.9000015258789,97.9000015258789,0
1991-03-11,96.62999725341797,96.62999725341797,96.62999725341797,96.62999725341797,0
1991-03-12,97.31999969482422,97.31999969482422,97.31999969482422,97.31999969482422,0
1991-03-13,98.05000305175781,98.05000305175781,98.05000305175781,98.05000305175781,0
1991-03-14,97.25,97.25,97.25,97.25,0
1991-03-15,96.51000213623047,96.51000213623047,96.51000213623047,96.51000213623047,0
1991-03-18,96.08000183105469,96.08000183105469,96.08000183105469,96.08000183105469,0
1991-03-19,96.8499984741211,96.8499984741211,96.8499984741211,96.8499984741211,0
1991-03-20,96.76000213623047,96.76000213623047,96.76000213623047,96.76000213623047,0
1991-03-21,97.45999908447266,97.45999908447266,97.45999908447266,97.45999908447266,0
1991-03-22,97.04000091552734,97.04000091552734,97.04000091552734,97.04000091552734,0
1991-03-25,96.08999633789062,96.08999633789062,96.08999633789062,96.08999633789062,0
1991-03-26,95.98999786376953,95.98999786376953,95.98999786376953,95.98999786376953,0
1991-03-27,95.66999816894531,95.66999816894531,95.66999816894531,95.66999816894531,0
1991-03-28,96.12999725341797,96.12999725341797,96.12999725341797,96.12999725341797,0
1991-04-01,96.77999877929688,96.77999877929688,96.77999877929688,96.77999877929688,0
1991-04-02,97.3499984741211,97.3499984741211,97.3499984741211,97.3499984741211,0
1991-04-03,96.86000061035156,96.86000061035156,96.86000061035156,96.86000061035156,0
1991-04-04,97.06999969482422,97.06999969482422,97.06999969482422,97.06999969482422,0
1991-04-05,97.0999984741211,97.0999984741211,97.0999984741211,97.0999984741211,0
1991-04-08,97.48999786376953,97.48999786376953,97.48999786376953,97.48999786376953,0
1991-04-09,97.20999908447266,97.20999908447266,97.20999908447266,97.20999908447266,0
1991-04-10,97.97000122070312,97.97000122070312,97.97000122070312,97.97000122070312,0
1991-04-11,97.61000061035156,97.61000061035156,97.61000061035156,97.61000061035156,0
1991-04-12,97.94999694824219,97.94999694824219,97.94999694824219,97.94999694824219,0
1991-04-15,98.16000366210938,98.16000366210938,98.16000366210938,98.16000366210938,0
1991-04-16,98.11000061035156,98.11000061035156,98.11000061035156,98.11000061035156,0
1991-04-17,98.0999984741211,98.0999984741211,98.0999984741211,98.0999984741211,0
1991-04-18,97.37999725341797,97.37999725341797,97.37999725341797,97.37999725341797,0
1991-04-19,97.41999816894531,97.41999816894531,97.41999816894531,97.41999816894531,0
1991-04-22,97.54000091552734,97.54000091552734,97.54000091552734,97.54000091552734,0
1991-04-23,97.33999633789062,97.33999633789062,97.33999633789062,97.33999633789062,0
1991-04-24,97.12000274658203,97.12000274658203,97.12000274658203,97.12000274658203,0
1991-04-25,96.98999786376953,96.98999786376953,96.98999786376953,96.98999786376953,0
1991-04-26,96.86000061035156,96.86000061035156,96.86000061035156,96.86000061035156,0
1991-04-29,96.27999877929688,96.27999877929688,96.27999877929688,96.27999877929688,0
1991-04-30,96.05999755859375,96.05999755859375,96.05999755859375,96.05999755859375,0
1991-05-01,96.41000366210938,96.41000366210938,96.41000366210938,96.41000366210938,0
1991-05-02,96.16000366210938,96.16000366210938,96.16000366210938,96.16000366210938,0
1991-05-03,96.05999755859375,96.05999755859375,96.05999755859375,96.05999755859375,0
1991-05-06,96.44000244140625,96.44000244140625,96.44000244140625,96.44000244140625,0
1991-05-07,96.11000061035156,96.11000061035156,96.11000061035156,96.11000061035156,0
1991-05-08,96.01000213623047,96.01000213623047,96.01000213623047,96.01000213623047,0
1991-05-09,96.3499984741211,96.3499984741211,96.3499984741211,96.3499984741211,0
1991-05-10,95.43000030517578,95.43000030517578,95.43000030517578,95.43000030517578,0
1991-05-13,95.04000091552734,95.04000091552734,95.04000091552734,95.04000091552734,0
1991-05-14,94.97000122070312,94.97000122070312,94.97000122070312,94.97000122070312,0
1991-05-15,95.08999633789062,95.08999633789062,95.08999633789062,95.08999633789062,0
1991-05-16,94.80999755859375,94.80999755859375,94.80999755859375,94.80999755859375,0
1991-05-17,94.93000030517578,94.93000030517578,94.93000030517578,94.93000030517578,0
1991-05-20,95.08000183105469,95.08000183105469,95.08000183105469,95.08000183105469,0
1991-05-21,95.18000030517578,95.18000030517578,95.18000030517578,95.18000030517578,0
1991-05-22,94.76000213623047,94.76000213623047,94.76000213623047,94.76000213623047,0
1991-05-23,94.94999694824219,94.94999694824219,94.94999694824219,94.94999694824219,0
1991-05-24,94.91000366210938,94.91000366210938,94.91000366210938,94.91000366210938,0
1991-05-28,95.20999908447266,95.20999908447266,95.20999908447266,95.20999908447266,0
1991-05-29,94.62999725341797,94.62999725341797,94.62999725341797,94.62999725341797,0
1991-05-30,94.80000305175781,94.80000305175781,94.80000305175781,94.80000305175781,0
1991-05-31,94.55999755859375,94.55999755859375,94.55999755859375,94.55999755859375,0
1991-06-03,94.91999816894531,94.91999816894531,94.91999816894531,94.91999816894531,0
1991-06-04,94.77999877929688,94.77999877929688,94.77999877929688,94.77999877929688,0
1991-06-05,94.2699966430664,94.2699966430664,94.2699966430664,94.2699966430664,0
1991-06-06,94.22000122070312,94.22000122070312,94.22000122070312,94.22000122070312,0
1991-06-07,94.33000183105469,94.33000183105469,94.33000183105469,94.33000183105469,0
1991-06-10,93.72000122070312,93.72000122070312,93.72000122070312,93.72000122070312,0
1991-06-11,93.98999786376953,93.98999786376953,93.98999786376953,93.98999786376953,0
1991-06-12,93.9800033569336,93.9800033569336,93.9800033569336,93.9800033569336,0
1991-06-13,93.72000122070312,93.72000122070312,93.72000122070312,93.72000122070312,0
1991-06-14,93.30999755859375,93.30999755859375,93.30999755859375,93.30999755859375,0
1991-06-17,93.47000122070312,93.47000122070312,93.47000122070312,93.47000122070312,0
1991-06-18,93.36000061035156,93.36000061035156,93.36000061035156,93.36000061035156,0
1991-06-19,93.12999725341797,93.12999725341797,93.12999725341797,93.12999725341797,0
1991-06-20,93.33000183105469,93.33000183105469,93.33000183105469,93.33000183105469,0
1991-06-21,92.5,92.5,92.5,92.5,0
1991-06-24,91.87000274658203,91.87000274658203,91.87000274658203,91.87000274658203,0
1991-06-25,92.19999694824219,92.19999694824219,92.19999694824219,92.19999694824219,0
1991-06-26,92.41000366210938,92.41000366210938,92.41000366210938,92.41000366210938,0
1991-06-27,92.26000213623047,92.26000213623047,92.26000213623047,92.26000213623047,0
1991-06-28,91.81999969482422,91.81999969482422,91.81999969482422,91.81999969482422,0
1991-07-01,92.26000213623047,92.26000213623047,92.26000213623047,92.26000213623047,0
1991-07-02,92.33000183105469,92.33000183105469,92.33000183105469,92.33000183105469,0
1991-07-03,92.1500015258789,92.1500015258789,92.1500015258789,92.1500015258789,0
1991-07-05,92.11000061035156,92.11000061035156,92.11000061035156,92.11000061035156,0
1991-07-08,92.04000091552734,92.04000091552734,92.04000091552734,92.04000091552734,0
1991-07-09,91.88999938964844,91.88999938964844,91.88999938964844,91.88999938964844,0
1991-07-10,92.01000213623047,92.01000213623047,92.01000213623047,92.01000213623047,0
1991-07-11,91.63999938964844,91.63999938964844,91.63999938964844,91.63999938964844,0
1991-07-12,92.69000244140625,92.69000244140625,92.69000244140625,92.69000244140625,0
1991-07-15,92.38999938964844,92.38999938964844,92.38999938964844,92.38999938964844,0
1991-07-16,93.27999877929688,93.27999877929688,93.27999877929688,93.27999877929688,0
1991-07-17,93.86000061035156,93.86000061035156,93.86000061035156,93.86000061035156,0
1991-07-18,93.27999877929688,93.27999877929688,93.27999877929688,93.27999877929688,0
1991-07-19,93.52999877929688,93.52999877929688,93.52999877929688,93.52999877929688,0
1991-07-22,93.56999969482422,93.56999969482422,93.56999969482422,93.56999969482422,0
1991-07-23,93.80999755859375,93.80999755859375,93.80999755859375,93.80999755859375,0
1991-07-24,93.12000274658203,93.12000274658203,93.12000274658203,93.12000274658203,0
1991-07-25,93.31999969482422,93.31999969482422,93.31999969482422,93.31999969482422,0
1991-07-26,94.16000366210938,94.16000366210938,94.16000366210938,94.16000366210938,0
1991-07-29,94.48999786376953,94.48999786376953,94.48999786376953,94.48999786376953,0
1991-07-30,94.31999969482422,94.31999969482422,94.31999969482422,94.31999969482422,0
1991-07-31,95.2699966430664,95.2699966430664,95.2699966430664,95.2699966430664,0
1991-08-01,95.62000274658203,95.62000274658203,95.62000274658203,95.62000274658203,0
1991-08-02,95.77999877929688,95.77999877929688,95.77999877929688,95.77999877929688,0
1991-08-05,95.05999755859375,95.05999755859375,95.05999755859375,95.05999755859375,0
1991-08-06,94.19000244140625,94.19000244140625,94.19000244140625,94.19000244140625,0
1991-08-07,93.7699966430664,93.7699966430664,93.7699966430664,93.7699966430664,0
1991-08-08,93.80000305175781,93.80000305175781,93.80000305175781,93.80000305175781,0
1991-08-09,93.97000122070312,93.97000122070312,93.97000122070312,93.97000122070312,0
1991-08-12,93.83999633789062,93.83999633789062,93.83999633789062,93.83999633789062,0
1991-08-13,93.38999938964844,93.38999938964844,93.38999938964844,93.38999938964844,0
1991-08-14,92.75,92.75,92.75,92.75,0
1991-08-15,93.13999938964844,93.13999938964844,93.13999938964844,93.13999938964844,0
1991-08-16,92.91999816894531,92.91999816894531,92.91999816894531,92.91999816894531,0
1991-08-19,93.06999969482422,93.06999969482422,93.06999969482422,93.06999969482422,0
1991-08-20,92.94000244140625,92.94000244140625,92.94000244140625,92.94000244140625,0
1991-08-21,93.5,93.5,93.5,93.5,0
1991-08-22,94.29000091552734,94.29000091552734,94.29000091552734,94.29000091552734,0
1991-08-23,94.30000305175781,94.30000305175781,94.30000305175781,94.30000305175781,0
1991-08-26,95.12000274658203,95.12000274658203,95.12000274658203,95.12000274658203,0
1991-08-27,94.81999969482422,94.81999969482422,94.81999969482422,94.81999969482422,0
1991-08-28,94.58000183105469,94.58000183105469,94.58000183105469,94.58000183105469,0
1991-08-29,94.52999877929688,94.52999877929688,94.52999877929688,94.52999877929688,0
1991-08-30,94.98999786376953,94.98999786376953,94.98999786376953,94.98999786376953,0
1991-09-03,95.05000305175781,95.05000305175781,95.05000305175781,95.05000305175781,0
1991-09-04,94.8499984741211,94.8499984741211,94.8499984741211,94.8499984741211,0
1991-09-05,94.87999725341797,94.87999725341797,94.87999725341797,94.87999725341797,0
1991-09-06,95.23999786376953,95.23999786376953,95.23999786376953,95.23999786376953,0
1991-09-09,95.18000030517578,95.18000030517578,95.18000030517578,95.18000030517578,0
1991-09-10,95.04000091552734,95.04000091552734,95.04000091552734,95.04000091552734,0
1991-09-11,95.25,95.25,95.25,95.25,0
1991-09-12,95.26000213623047,95.26000213623047,95.26000213623047,95.26000213623047,0
1991-09-13,95.37999725341797,95.37999725341797,95.37999725341797,95.37999725341797,0
1991-09-16,95.55000305175781,95.55000305175781,95.55000305175781,95.55000305175781,0
1991-09-17,95.33000183105469,95.33000183105469,95.33000183105469,95.33000183105469,0
1991-09-18,96.11000061035156,96.11000061035156,96.11000061035156,96.11000061035156,0
1991-09-19,95.91999816894531,95.91999816894531,95.91999816894531,95.91999816894531,0
1991-09-20,96.20999908447266,96.20999908447266,96.20999908447266,96.20999908447266,0
1991-09-23,95.94999694824219,95.94999694824219,95.94999694824219,95.94999694824219,0
1991-09-24,96.18000030517578,96.18000030517578,96.18000030517578,96.18000030517578,0
1991-09-25,96.37999725341797,96.37999725341797,96.37999725341797,96.37999725341797,0
1991-09-26,95.97000122070312,95.97000122070312,95.97000122070312,95.97000122070312,0
1991-09-27,95.91000366210938,95.91000366210938,95.91000366210938,95.91000366210938,0
1991-09-30,95.79000091552734,95.79000091552734,95.79000091552734,95.79000091552734,0
1991-10-01,95.87999725341797,95.87999725341797,95.87999725341797,95.87999725341797,0
1991-10-02,95.94000244140625,95.94000244140625,95.94000244140625,95.94000244140625,0
1991-10-03,96.05000305175781,96.05000305175781,96.05000305175781,96.05000305175781,0
1991-10-04,96.25,96.25,96.25,96.25,0
1991-10-07,96.31999969482422,96.31999969482422,96.31999969482422,96.31999969482422,0
1991-10-08,96.4000015258789,96.4000015258789,96.4000015258789,96.4000015258789,0
1991-10-09,96.55999755859375,96.55999755859375,96.55999755859375,96.55999755859375,0
1991-10-10,96.22000122070312,96.22000122070312,96.22000122070312,96.22000122070312,0
1991-10-11,95.9800033569336,95.9800033569336,95.9800033569336,95.9800033569336,0
1991-10-15,96.08000183105469,96.08000183105469,96.08000183105469,96.08000183105469,0
1991-10-16,96.44999694824219,96.44999694824219,96.44999694824219,96.44999694824219,0
1991-10-17,97.0999984741211,97.0999984741211,97.0999984741211,97.0999984741211,0
1991-10-18,97.4000015258789,97.4000015258789,97.4000015258789,97.4000015258789,0
1991-10-21,97.16999816894531,97.16999816894531,97.16999816894531,97.16999816894531,0
1991-10-22,97.20999908447266,97.20999908447266,97.20999908447266,97.20999908447266,0
1991-10-23,96.63999938964844,96.63999938964844,96.63999938964844,96.63999938964844,0
1991-10-24,96.80999755859375,96.80999755859375,96.80999755859375,96.80999755859375,0
1991-10-25,96.05999755859375,96.05999755859375,96.05999755859375,96.05999755859375,0
1991-10-28,96.12999725341797,96.12999725341797,96.12999725341797,96.12999725341797,0
1991-10-29,96.30000305175781,96.30000305175781,96.30000305175781,96.30000305175781,0
1991-10-30,96.13999938964844,96.13999938964844,96.13999938964844,96.13999938964844,0
1991-10-31,96.23999786376953,96.23999786376953,96.23999786376953,96.23999786376953,0
1991-11-01,96.70999908447266,96.70999908447266,96.70999908447266,96.70999908447266,0
1991-11-04,96.58000183105469,96.58000183105469,96.58000183105469,96.58000183105469,0
1991-11-05,96.4000015258789,96.4000015258789,96.4000015258789,96.4000015258789,0
1991-11-06,95.61000061035156,95.61000061035156,95.61000061035156,95.61000061035156,0
1991-11-07,95.16000366210938,95.16000366210938,95.16000366210938,95.16000366210938,0
1991-11-08,94.98999786376953,94.98999786376953,94.98999786376953,94.98999786376953,0
1991-11-12,94.04000091552734,94.04000091552734,94.04000091552734,94.04000091552734,0
1991-11-13,94.1500015258789,94.1500015258789,94.1500015258789,94.1500015258789,0
1991-11-14,94.5,94.5,94.5,94.5,0
1991-11-15,94.83999633789062,94.83999633789062,94.83999633789062,94.83999633789062,0
1991-11-18,94.43000030517578,94.43000030517578,94.43000030517578,94.43000030517578,0
1991-11-19,93.95999908447266,93.95999908447266,93.95999908447266,93.95999908447266,0
1991-11-20,94.3499984741211,94.3499984741211,94.3499984741211,94.3499984741211,0
1991-11-21,94.29000091552734,94.29000091552734,94.29000091552734,94.29000091552734,0
1991-11-22,93.70999908447266,93.70999908447266,93.70999908447266,93.70999908447266,0
1991-11-25,93.79000091552734,93.79000091552734,93.79000091552734,93.79000091552734,0
1991-11-26,93.30000305175781,93.30000305175781,93.30000305175781,93.30000305175781,0
1991-11-27,93.69999694824219,93.69999694824219,93.69999694824219,93.69999694824219,0
1991-11-29,93.44999694824219,93.44999694824219,93.44999694824219,93.44999694824219,0
1991-12-02,93.20999908447266,93.20999908447266,93.20999908447266,93.20999908447266,0
1991-12-03,92.5,92.5,92.5,92.5,0
1991-12-04,92.79000091552734,92.79000091552734,92.79000091552734,92.79000091552734,0
1991-12-05,92.05999755859375,92.05999755859375,92.05999755859375,92.05999755859375,0
1991-12-06,91.4000015258789,91.4000015258789,91.4000015258789,91.4000015258789,0
1991-12-09,90.61000061035156,90.61000061035156,90.61000061035156,90.61000061035156,0
1991-12-10,90.2300033569336,90.2300033569336,90.2300033569336,90.2300033569336,0
1991-12-11,90.02999877929688,90.02999877929688,90.02999877929688,90.02999877929688,0
1991-12-12,90.0999984741211,90.0999984741211,90.0999984741211,90.0999984741211,0
1991-12-13,90.58000183105469,90.58000183105469,90.58000183105469,90.58000183105469,0
1991-12-16,90.33999633789062,90.33999633789062,90.33999633789062,90.33999633789062,0
1991-12-17,90.16000366210938,90.16000366210938,90.16000366210938,90.16000366210938,0
1991-12-18,90.0199966430664,90.0199966430664,90.0199966430664,90.0199966430664,0
1991-12-19,89.37000274658203,89.37000274658203,89.37000274658203,89.37000274658203,0
1991-12-20,88.93000030517578,88.93000030517578,88.93000030517578,88.93000030517578,0
1991-12-23,89.55999755859375,89.55999755859375,89.55999755859375,89.55999755859375,0
1991-12-24,89.80999755859375,89.80999755859375,89.80999755859375,89.80999755859375,0
1991-12-26,89.37000274658203,89.37000274658203,89.37000274658203,89.37000274658203,0
1991-12-27,89.37000274658203,89.37000274658203,89.37000274658203,89.37000274658203,0
1991-12-30,88.72000122070312,88.72000122070312,88.72000122070312,88.72000122070312,0
1991-12-31,89.20999908447266,89.20999908447266,89.20999908447266,89.20999908447266,0
1992-01-02,89.19999694824219,89.19999694824219,89.19999694824219,89.19999694824219,0
1992-01-03,88.77999877929688,88.77999877929688,88.77999877929688,88.77999877929688,0
1992-01-06,88.87000274658203,88.87000274658203,88.87000274658203,88.87000274658203,0
1992-01-07,88.37999725341797,88.37999725341797,88.37999725341797,88.37999725341797,0
1992-01-08,88.05999755859375,88.05999755859375,88.05999755859375,88.05999755859375,0
1992-01-09,88.2699966430664,88.2699966430664,88.2699966430664,88.2699966430664,0
1992-01-10,88.75,88.75,88.75,88.75,0
1992-01-13,89.4000015258789,89.4000015258789,89.4000015258789,89.4000015258789,0
1992-01-14,88.94999694824219,88.94999694824219,88.94999694824219,88.94999694824219,0
1992-01-15,90.02999877929688,90.02999877929688,90.02999877929688,90.02999877929688,0
1992-01-16,90.94999694824219,90.94999694824219,90.94999694824219,90.94999694824219,0
1992-01-17,91.0199966430664,91.0199966430664,91.0199966430664,91.0199966430664,0
1992-01-21,90.33000183105469,90.33000183105469,90.33000183105469,90.33000183105469,0
1992-01-22,90.58999633789062,90.58999633789062,90.58999633789062,90.58999633789062,0
1992-01-23,90.26000213623047,90.26000213623047,90.26000213623047,90.26000213623047,0
1992-01-24,91.20999908447266,91.20999908447266,91.20999908447266,91.20999908447266,0
1992-01-27,91.56999969482422,91.56999969482422,91.56999969482422,91.56999969482422,0
1992-01-28,91.12999725341797,91.12999725341797,91.12999725341797,91.12999725341797,0
1992-01-29,91.0999984741211,91.0999984741211,91.0999984741211,91.0999984741211,0
1992-01-30,90.58999633789062,90.58999633789062,90.58999633789062,90.58999633789062,0
1992-01-31,90.69000244140625,90.69000244140625,90.69000244140625,90.69000244140625,0
1992-02-03,90.75,90.75,90.75,90.75,0
1992-02-04,91.36000061035156,91.36000061035156,91.36000061035156,91.36000061035156,0
1992-02-05,91.54000091552734,91.54000091552734,91.54000091552734,91.54000091552734,0
1992-02-06,91.51000213623047,91.51000213623047,91.51000213623047,91.51000213623047,0
1992-02-07,92.02999877929688,92.02999877929688,92.02999877929688,92.02999877929688,0
1992-02-10,92.38999938964844,92.38999938964844,92.38999938964844,92.38999938964844,0
1992-02-11,90.86000061035156,90.86000061035156,90.86000061035156,90.86000061035156,0
1992-02-12,91.12999725341797,91.12999725341797,91.12999725341797,91.12999725341797,0
1992-02-13,91.37999725341797,91.37999725341797,91.37999725341797,91.37999725341797,0
1992-02-14,91.23999786376953,91.23999786376953,91.23999786376953,91.23999786376953,0
1992-02-18,89.7300033569336,89.7300033569336,89.7300033569336,89.7300033569336,0
1992-02-19,90.27999877929688,90.27999877929688,90.27999877929688,90.27999877929688,0
1992-02-20,90.44999694824219,90.44999694824219,90.44999694824219,90.44999694824219,0
1992-02-21,90.12000274658203,90.12000274658203,90.12000274658203,90.12000274658203,0
1992-02-24,89.7300033569336,89.7300033569336,89.7300033569336,89.7300033569336,0
1992-02-25,89.8499984741211,89.8499984741211,89.8499984741211,89.8499984741211,0
1992-02-26,89.94000244140625,89.94000244140625,89.94000244140625,89.94000244140625,0
1992-02-27,90.30000305175781,90.30000305175781,90.30000305175781,90.30000305175781,0
1992-02-28,90.43000030517578,90.43000030517578,90.43000030517578,90.43000030517578,0
1992-03-02,89.98999786376953,89.98999786376953,89.98999786376953,89.98999786376953,0
1992-03-03,90.06999969482422,90.06999969482422,90.06999969482422,90.06999969482422,0
1992-03-04,90.41999816894531,90.41999816894531,90.41999816894531,90.41999816894531,0
1992-03-05,90.36000061035156,90.36000061035156,90.36000061035156,90.36000061035156,0
1992-03-06,90.2300033569336,90.2300033569336,90.2300033569336,90.2300033569336,0
1992-03-09,90.54000091552734,90.54000091552734,90.54000091552734,90.54000091552734,0
1992-03-10,90.54000091552734,90.54000091552734,90.54000091552734,90.54000091552734,0
1992-03-11,90.18000030517578,90.18000030517578,90.18000030517578,90.18000030517578,0
1992-03-12,90.30999755859375,90.30999755859375,90.30999755859375,90.30999755859375,0
1992-03-13,90.81999969482422,90.81999969482422,90.81999969482422,90.81999969482422,0
1992-03-16,90.62999725341797,90.62999725341797,90.62999725341797,90.62999725341797,0
1992-03-17,90.61000061035156,90.61000061035156,90.61000061035156,90.61000061035156,0
1992-03-18,90.45999908447266,90.45999908447266,90.45999908447266,90.45999908447266,0
1992-03-19,90.94000244140625,90.94000244140625,90.94000244140625,90.94000244140625,0
1992-03-20,90.25,90.25,90.25,90.25,0
1992-03-23,90.4000015258789,90.4000015258789,90.4000015258789,90.4000015258789,0
1992-03-24,90.41000366210938,90.41000366210938,90.41000366210938,90.41000366210938,0
1992-03-25,90.58000183105469,90.58000183105469,90.58000183105469,90.58000183105469,0
1992-03-26,90.54000091552734,90.54000091552734,90.54000091552734,90.54000091552734,0
1992-03-27,90.38999938964844,90.38999938964844,90.38999938964844,90.38999938964844,0
1992-03-30,90.36000061035156,90.36000061035156,90.36000061035156,90.36000061035156,0
1992-03-31,90.93000030517578,90.93000030517578,90.93000030517578,90.93000030517578,0
1992-04-01,91.2699966430664,91.2699966430664,91.2699966430664,91.2699966430664,0
1992-04-02,91.13999938964844,91.13999938964844,91.13999938964844,91.13999938964844,0
1992-04-03,91.80999755859375,91.80999755859375,91.80999755859375,91.80999755859375,0
1992-04-06,91.9800033569336,91.9800033569336,91.9800033569336,91.9800033569336,0
1992-04-07,91.23999786376953,91.23999786376953,91.23999786376953,91.23999786376953,0
1992-04-08,91.55000305175781,91.55000305175781,91.55000305175781,91.55000305175781,0
1992-04-09,91.2699966430664,91.2699966430664,91.2699966430664,91.2699966430664,0
1992-04-10,91.30999755859375,91.30999755859375,91.30999755859375,91.30999755859375,0
1992-04-13,90.80000305175781,90.80000305175781,90.80000305175781,90.80000305175781,0
1992-04-14,90.43000030517578,90.43000030517578,90.43000030517578,90.43000030517578,0
1992-04-15,90.3499984741211,90.3499984741211,90.3499984741211,90.3499984741211,0
1992-04-16,90.81999969482422,90.81999969482422,90.81999969482422,90.81999969482422,0
1992-04-20,91.06999969482422,91.06999969482422,91.06999969482422,91.06999969482422,0
1992-04-21,91.41999816894531,91.41999816894531,91.41999816894531,91.41999816894531,0
1992-04-22,90.9000015258789,90.9000015258789,90.9000015258789,90.9000015258789,0
1992-04-23,91.44999694824219,91.44999694824219,91.44999694824219,91.44999694824219,0
1992-04-24,91.18000030517578,91.18000030517578,91.18000030517578,91.18000030517578,0
1992-04-27,91.0999984741211,91.0999984741211,91.0999984741211,91.0999984741211,0
1992-04-28,91.18000030517578,91.18000030517578,91.18000030517578,91.18000030517578,0
1992-04-29,91.44000244140625,91.44000244140625,91.44000244140625,91.44000244140625,0
1992-04-30,91.38999938964844,91.38999938964844,91.38999938964844,91.38999938964844,0
1992-05-01,91.69999694824219,91.69999694824219,91.69999694824219,91.69999694824219,0
1992-05-04,92.55000305175781,92.55000305175781,92.55000305175781,92.55000305175781,0
1992-05-05,92.2300033569336,92.2300033569336,92.2300033569336,92.2300033569336,0
1992-05-06,92.16999816894531,92.16999816894531,92.16999816894531,92.16999816894531,0
1992-05-07,92.44000244140625,92.44000244140625,92.44000244140625,92.44000244140625,0
1992-05-08,92.41999816894531,92.41999816894531,92.41999816894531,92.41999816894531,0
1992-05-11,92.55999755859375,92.55999755859375,92.55999755859375,92.55999755859375,0
1992-05-12,92.72000122070312,92.72000122070312,92.72000122070312,92.72000122070312,0
1992-05-13,92.98999786376953,92.98999786376953,92.98999786376953,92.98999786376953,0
1992-05-14,92.83999633789062,92.83999633789062,92.83999633789062,92.83999633789062,0
1992-05-15,92.93000030517578,92.93000030517578,92.93000030517578,92.93000030517578,0
1992-05-18,92.9800033569336,92.9800033569336,92.9800033569336,92.9800033569336,0
1992-05-19,92.16000366210938,92.16000366210938,92.16000366210938,92.16000366210938,0
1992-05-20,92.19000244140625,92.19000244140625,92.19000244140625,92.19000244140625,0
1992-05-21,91.8499984741211,91.8499984741211,91.8499984741211,91.8499984741211,0
1992-05-22,92.11000061035156,92.11000061035156,92.11000061035156,92.11000061035156,0
1992-05-26,93.94000244140625,93.94000244140625,93.94000244140625,93.94000244140625,0
1992-05-27,93.83999633789062,93.83999633789062,93.83999633789062,93.83999633789062,0
1992-05-28,93.73999786376953,93.73999786376953,93.73999786376953,93.73999786376953,0
1992-05-29,94.2300033569336,94.2300033569336,94.2300033569336,94.2300033569336,0
1992-06-01,94.61000061035156,94.61000061035156,94.61000061035156,94.61000061035156,0
1992-06-02,94.98999786376953,94.98999786376953,94.98999786376953,94.98999786376953,0
1992-06-03,95.05999755859375,95.05999755859375,95.05999755859375,95.05999755859375,0
1992-06-04,95.38999938964844,95.38999938964844,95.38999938964844,95.38999938964844,0
1992-06-05,95.23999786376953,95.23999786376953,95.23999786376953,95.23999786376953,0
1992-06-08,95.33000183105469,95.33000183105469,95.33000183105469,95.33000183105469,0
1992-06-09,95.36000061035156,95.36000061035156,95.36000061035156,95.36000061035156,0
1992-06-10,95.30000305175781,95.30000305175781,95.30000305175781,95.30000305175781,0
1992-06-11,94.94999694824219,94.94999694824219,94.94999694824219,94.94999694824219,0
1992-06-12,94.9000015258789,94.9000015258789,94.9000015258789,94.9000015258789,0
1992-06-15,94.37000274658203,94.37000274658203,94.37000274658203,94.37000274658203,0
1992-06-16,94.43000030517578,94.43000030517578,94.43000030517578,94.43000030517578,0
1992-06-17,94.7300033569336,94.7300033569336,94.7300033569336,94.7300033569336,0
1992-06-18,94.54000091552734,94.54000091552734,94.54000091552734,94.54000091552734,0
1992-06-19,94.45999908447266,94.45999908447266,94.45999908447266,94.45999908447266,0
1992-06-22,94.30999755859375,94.30999755859375,94.30999755859375,94.30999755859375,0
1992-06-23,94.44999694824219,94.44999694824219,94.44999694824219,94.44999694824219,0
1992-06-24,94.83000183105469,94.83000183105469,94.83000183105469,94.83000183105469,0
1992-06-25,94.94999694824219,94.94999694824219,94.94999694824219,94.94999694824219,0
1992-06-26,94.9000015258789,94.9000015258789,94.9000015258789,94.9000015258789,0
1992-06-29,95.05999755859375,95.05999755859375,95.05999755859375,95.05999755859375,0
1992-06-30,94.30999755859375,94.30999755859375,94.30999755859375,94.30999755859375,0
1992-07-01,94.44999694824219,94.44999694824219,94.44999694824219,94.44999694824219,0
1992-07-02,94.66999816894531,94.66999816894531,94.66999816894531,94.66999816894531,0
1992-07-06,93.79000091552734,93.79000091552734,93.79000091552734,93.79000091552734,0
1992-07-07,93.33000183105469,93.33000183105469,93.33000183105469,93.33000183105469,0
1992-07-08,93.62999725341797,93.62999725341797,93.62999725341797,93.62999725341797,0
1992-07-09,93.38999938964844,93.38999938964844,93.38999938964844,93.38999938964844,0
1992-07-10,93.5,93.5,93.5,93.5,0
1992-07-13,93.69000244140625,93.69000244140625,93.69000244140625,93.69000244140625,0
1992-07-14,93.66000366210938,93.66000366210938,93.66000366210938,93.66000366210938,0
1992-07-15,94.23999786376953,94.23999786376953,94.23999786376953,94.23999786376953,0
1992-07-16,94.19000244140625,94.19000244140625,94.19000244140625,94.19000244140625,0
1992-07-17,94.04000091552734,94.04000091552734,94.04000091552734,94.04000091552734,0
1992-07-20,94.04000091552734,94.04000091552734,94.04000091552734,94.04000091552734,0
1992-07-21,94.04000091552734,94.04000091552734,94.04000091552734,94.04000091552734,0
1992-07-22,94.5999984741211,94.5999984741211,94.5999984741211,94.5999984741211,0
1992-07-23,94.3499984741211,94.3499984741211,94.3499984741211,94.3499984741211,0
1992-07-24,94.62999725341797,94.62999725341797,94.62999725341797,94.62999725341797,0
1992-07-27,94.70999908447266,94.70999908447266,94.70999908447266,94.70999908447266,0
1992-07-28,94.62000274658203,94.62000274658203,94.62000274658203,94.62000274658203,0
1992-07-29,94.33000183105469,94.33000183105469,94.33000183105469,94.33000183105469,0
1992-07-30,94.18000030517578,94.18000030517578,94.18000030517578,94.18000030517578,0
1992-07-31,93.70999908447266,93.70999908447266,93.70999908447266,93.70999908447266,0
1992-08-03,93.2300033569336,93.2300033569336,93.2300033569336,93.2300033569336,0
1992-08-04,93.0199966430664,93.0199966430664,93.0199966430664,93.0199966430664,0
1992-08-05,92.56999969482422,92.56999969482422,92.56999969482422,92.56999969482422,0
1992-08-06,92.87999725341797,92.87999725341797,92.87999725341797,92.87999725341797,0
1992-08-07,92.52999877929688,92.52999877929688,92.52999877929688,92.52999877929688,0
1992-08-10,92.43000030517578,92.43000030517578,92.43000030517578,92.43000030517578,0
1992-08-11,92.08999633789062,92.08999633789062,92.08999633789062,92.08999633789062,0
1992-08-12,91.68000030517578,91.68000030517578,91.68000030517578,91.68000030517578,0
1992-08-13,91.86000061035156,91.86000061035156,91.86000061035156,91.86000061035156,0
1992-08-14,91.72000122070312,91.72000122070312,91.72000122070312,91.72000122070312,0
1992-08-17,92.06999969482422,92.06999969482422,92.06999969482422,92.06999969482422,0
1992-08-18,92.20999908447266,92.20999908447266,92.20999908447266,92.20999908447266,0
1992-08-19,91.72000122070312,91.72000122070312,91.72000122070312,91.72000122070312,0
1992-08-20,91.76000213623047,91.76000213623047,91.76000213623047,91.76000213623047,0
1992-08-21,91.54000091552734,91.54000091552734,91.54000091552734,91.54000091552734,0
1992-08-24,92.80999755859375,92.80999755859375,92.80999755859375,92.80999755859375,0
1992-08-25,92.33000183105469,92.33000183105469,92.33000183105469,92.33000183105469,0
1992-08-26,91.93000030517578,91.93000030517578,91.93000030517578,91.93000030517578,0
1992-08-27,91.63999938964844,91.63999938964844,91.63999938964844,91.63999938964844,0
1992-08-28,92.01000213623047,92.01000213623047,92.01000213623047,92.01000213623047,0
1992-08-31,92.45999908447266,92.45999908447266,92.45999908447266,92.45999908447266,0
1992-09-01,92.55000305175781,92.55000305175781,92.55000305175781,92.55000305175781,0
1992-09-02,92.79000091552734,92.79000091552734,92.79000091552734,92.79000091552734,0
1992-09-03,93.01000213623047,93.01000213623047,93.01000213623047,93.01000213623047,0
1992-09-04,93.3499984741211,93.3499984741211,93.3499984741211,93.3499984741211,0
1992-09-08,93.31999969482422,93.31999969482422,93.31999969482422,93.31999969482422,0
1992-09-09,93.16999816894531,93.16999816894531,93.16999816894531,93.16999816894531,0
1992-09-10,93.0199966430664,93.0199966430664,93.0199966430664,93.0199966430664,0
1992-09-11,92.9800033569336,92.9800033569336,92.9800033569336,92.9800033569336,0
1992-09-14,93.75,93.75,93.75,93.75,0
1992-09-15,94.26000213623047,94.26000213623047,94.26000213623047,94.26000213623047,0
1992-09-16,94.37000274658203,94.37000274658203,94.37000274658203,94.37000274658203,0
1992-09-17,93.66999816894531,93.66999816894531,93.66999816894531,93.66999816894531,0
1992-09-18,93.75,93.75,93.75,93.75,0
1992-09-21,94.06999969482422,94.06999969482422,94.06999969482422,94.06999969482422,0
1992-09-22,94.01000213623047,94.01000213623047,94.01000213623047,94.01000213623047,0
1992-09-23,94.30999755859375,94.30999755859375,94.30999755859375,94.30999755859375,0
1992-09-24,93.8499984741211,93.8499984741211,93.8499984741211,93.8499984741211,0
1992-09-25,93.77999877929688,93.77999877929688,93.77999877929688,93.77999877929688,0
1992-09-28,93.30000305175781,93.30000305175781,93.30000305175781,93.30000305175781,0
1992-09-29,93.48999786376953,93.48999786376953,93.48999786376953,93.48999786376953,0
1992-09-30,93.5999984741211,93.5999984741211,93.5999984741211,93.5999984741211,0
1992-10-01,93.55999755859375,93.55999755859375,93.55999755859375,93.55999755859375,0
1992-10-02,93.25,93.25,93.25,93.25,0
1992-10-05,92.51000213623047,92.51000213623047,92.51000213623047,92.51000213623047,0
1992-10-06,92.73999786376953,92.73999786376953,92.73999786376953,92.73999786376953,0
1992-10-07,92.66999816894531,92.66999816894531,92.66999816894531,92.66999816894531,0
1992-10-08,92.33999633789062,92.33999633789062,92.33999633789062,92.33999633789062,0
1992-10-09,93.0,93.0,93.0,93.0,0
1992-10-13,92.23999786376953,92.23999786376953,92.23999786376953,92.23999786376953,0
1992-10-14,92.7699966430664,92.7699966430664,92.7699966430664,92.7699966430664,0
1992-10-15,93.05000305175781,93.05000305175781,93.05000305175781,93.05000305175781,0
1992-10-16,92.66999816894531,92.66999816894531,92.66999816894531,92.66999816894531,0
1992-10-19,92.9000015258789,92.9000015258789,92.9000015258789,92.9000015258789,0
1992-10-20,92.9800033569336,92.9800033569336,92.9800033569336,92.9800033569336,0
1992-10-21,92.27999877929688,92.27999877929688,92.27999877929688,92.27999877929688,0
1992-10-22,91.88999938964844,91.88999938964844,91.88999938964844,91.88999938964844,0
1992-10-23,91.4000015258789,91.4000015258789,91.4000015258789,91.4000015258789,0
1992-10-26,91.12999725341797,91.12999725341797,91.12999725341797,91.12999725341797,0
1992-10-27,91.0,91.0,91.0,91.0,0
1992-10-28,91.05999755859375,91.05999755859375,91.05999755859375,91.05999755859375,0
1992-10-29,90.52999877929688,90.52999877929688,90.52999877929688,90.52999877929688,0
1992-10-30,90.62999725341797,90.62999725341797,90.62999725341797,90.62999725341797,0
1992-11-02,91.30999755859375,91.30999755859375,91.30999755859375,91.30999755859375,0
1992-11-03,91.1500015258789,91.1500015258789,91.1500015258789,91.1500015258789,0
1992-11-04,90.47000122070312,90.47000122070312,90.47000122070312,90.47000122070312,0
1992-11-05,90.44000244140625,90.44000244140625,90.44000244140625,90.44000244140625,0
1992-11-06,89.94000244140625,89.94000244140625,89.94000244140625,89.94000244140625,0
1992-11-09,89.8499984741211,89.8499984741211,89.8499984741211,89.8499984741211,0
1992-11-10,89.88999938964844,89.88999938964844,89.88999938964844,89.88999938964844,0
1992-11-12,90.23999786376953,90.23999786376953,90.23999786376953,90.23999786376953,0
1992-11-13,90.08999633789062,90.08999633789062,90.08999633789062,90.08999633789062,0
1992-11-16,90.36000061035156,90.36000061035156,90.36000061035156,90.36000061035156,0
1992-11-17,90.27999877929688,90.27999877929688,90.27999877929688,90.27999877929688,0
1992-11-18,89.73999786376953,89.73999786376953,89.73999786376953,89.73999786376953,0
1992-11-19,90.23999786376953,90.23999786376953,90.23999786376953,90.23999786376953,0
1992-11-20,90.08000183105469,90.08000183105469,90.08000183105469,90.08000183105469,0
1992-11-23,89.69999694824219,89.69999694824219,89.69999694824219,89.69999694824219,0
1992-11-24,89.55999755859375,89.55999755859375,89.55999755859375,89.55999755859375,0
1992-11-25,89.61000061035156,89.61000061035156,89.61000061035156,89.61000061035156,0
1992-11-27,89.77999877929688,89.77999877929688,89.77999877929688,89.77999877929688,0
1992-11-30,89.62000274658203,89.62000274658203,89.62000274658203,89.62000274658203,0
1992-12-01,88.3499984741211,88.3499984741211,88.3499984741211,88.3499984741211,0
1992-12-02,88.4000015258789,88.4000015258789,88.4000015258789,88.4000015258789,0
1992-12-03,88.12999725341797,88.12999725341797,88.12999725341797,88.12999725341797,0
1992-12-04,87.94000244140625,87.94000244140625,87.94000244140625,87.94000244140625,0
1992-12-07,88.27999877929688,88.27999877929688,88.27999877929688,88.27999877929688,0
1992-12-08,87.88999938964844,87.88999938964844,87.88999938964844,87.88999938964844,0
1992-12-09,88.02999877929688,88.02999877929688,88.02999877929688,88.02999877929688,0
1992-12-10,88.87999725341797,88.87999725341797,88.87999725341797,88.87999725341797,0
1992-12-11,88.75,88.75,88.75,88.75,0
1992-12-14,88.80999755859375,88.80999755859375,88.80999755859375,88.80999755859375,0
1992-12-15,88.76000213623047,88.76000213623047,88.76000213623047,88.76000213623047,0
1992-12-16,89.30999755859375,89.30999755859375,89.30999755859375,89.30999755859375,0
1992-12-17,89.69000244140625,89.69000244140625,89.69000244140625,89.69000244140625,0
1992-12-18,89.69999694824219,89.69999694824219,89.69999694824219,89.69999694824219,0
1992-12-21,89.97000122070312,89.97000122070312,89.97000122070312,89.97000122070312,0
1992-12-22,89.91000366210938,89.91000366210938,89.91000366210938,89.91000366210938,0
1992-12-23,90.05999755859375,90.05999755859375,90.05999755859375,90.05999755859375,0
1992-12-24,90.08999633789062,90.08999633789062,90.08999633789062,90.08999633789062,0
1992-12-28,89.70999908447266,89.70999908447266,89.70999908447266,89.70999908447266,0
1992-12-29,89.20999908447266,89.20999908447266,89.20999908447266,89.20999908447266,0
1992-12-30,89.1500015258789,89.1500015258789,89.1500015258789,89.1500015258789,0
1992-12-31,89.33000183105469,89.33000183105469,89.33000183105469,89.33000183105469,0
1993-01-04,88.51000213623047,88.51000213623047,88.51000213623047,88.51000213623047,0
1993-01-05,88.83000183105469,88.83000183105469,88.83000183105469,88.83000183105469,0
1993-01-06,88.61000061035156,88.61000061035156,88.61000061035156,88.61000061035156,0
1993-01-07,88.81999969482422,88.81999969482422,88.81999969482422,88.81999969482422,0
1993-01-08,88.7699966430664,88.7699966430664,88.7699966430664,88.7699966430664,0
1993-01-11,88.70999908447266,88.70999908447266,88.70999908447266,88.70999908447266,0
1993-01-12,87.97000122070312,87.97000122070312,87.97000122070312,87.97000122070312,0
1993-01-13,88.23999786376953,88.23999786376953,88.23999786376953,88.23999786376953,0
1993-01-14,88.31999969482422,88.31999969482422,88.31999969482422,88.31999969482422,0
1993-01-15,88.44000244140625,88.44000244140625,88.44000244140625,88.44000244140625,0
1993-01-19,88.20999908447266,88.20999908447266,88.20999908447266,88.20999908447266,0
1993-01-20,87.97000122070312,87.97000122070312,87.97000122070312,87.97000122070312,0
1993-01-21,88.16000366210938,88.16000366210938,88.16000366210938,88.16000366210938,0
1993-01-22,88.04000091552734,88.04000091552734,88.04000091552734,88.04000091552734,0
1993-01-25,88.47000122070312,88.47000122070312,88.47000122070312,88.47000122070312,0
1993-01-26,88.56999969482422,88.56999969482422,88.56999969482422,88.56999969482422,0
1993-01-27,88.55999755859375,88.55999755859375,88.55999755859375,88.55999755859375,0
1993-01-28,89.2300033569336,89.2300033569336,89.2300033569336,89.2300033569336,0
1993-01-29,88.94000244140625,88.94000244140625,88.94000244140625,88.94000244140625,0
1993-02-01,89.11000061035156,89.11000061035156,89.11000061035156,89.11000061035156,0
1993-02-02,88.51000213623047,88.51000213623047,88.51000213623047,88.51000213623047,0
1993-02-03,88.55000305175781,88.55000305175781,88.55000305175781,88.55000305175781,0
1993-02-04,88.94000244140625,88.94000244140625,88.94000244140625,88.94000244140625,0
1993-02-05,88.86000061035156,88.86000061035156,88.86000061035156,88.86000061035156,0
1993-02-08,88.8499984741211,88.8499984741211,88.8499984741211,88.8499984741211,0
1993-02-09,88.91000366210938,88.91000366210938,88.91000366210938,88.91000366210938,0
1993-02-10,89.55999755859375,89.55999755859375,89.55999755859375,89.55999755859375,0
1993-02-11,89.56999969482422,89.56999969482422,89.56999969482422,89.56999969482422,0
1993-02-12,88.93000030517578,88.93000030517578,88.93000030517578,88.93000030517578,0
1993-02-16,88.87000274658203,88.87000274658203,88.87000274658203,88.87000274658203,0
1993-02-17,88.76000213623047,88.76000213623047,88.76000213623047,88.76000213623047,0
1993-02-18,88.91999816894531,88.91999816894531,88.91999816894531,88.91999816894531,0
1993-02-19,89.05000305175781,89.05000305175781,89.05000305175781,89.05000305175781,0
1993-02-22,89.69000244140625,89.69000244140625,89.69000244140625,89.69000244140625,0
1993-02-23,89.9000015258789,89.9000015258789,89.9000015258789,89.9000015258789,0
1993-02-24,89.81999969482422,89.81999969482422,89.81999969482422,89.81999969482422,0
1993-02-25,89.80000305175781,89.80000305175781,89.80000305175781,89.80000305175781,0
1993-02-26,89.83000183105469,89.83000183105469,89.83000183105469,89.83000183105469,0
1993-03-01,89.56999969482422,89.56999969482422,89.56999969482422,89.56999969482422,0
1993-03-02,89.63999938964844,89.63999938964844,89.63999938964844,89.63999938964844,0
1993-03-03,89.61000061035156,89.61000061035156,89.61000061035156,89.61000061035156,0
1993-03-04,90.30999755859375,90.30999755859375,90.30999755859375,90.30999755859375,0
1993-03-05,90.08999633789062,90.08999633789062,90.08999633789062,90.08999633789062,0
1993-03-08,89.86000061035156,89.86000061035156,89.86000061035156,89.86000061035156,0
1993-03-09,90.0199966430664,90.0199966430664,90.0199966430664,90.0199966430664,0
1993-03-10,89.8499984741211,89.8499984741211,89.8499984741211,89.8499984741211,0
1993-03-11,89.6500015258789,89.6500015258789,89.6500015258789,89.6500015258789,0
1993-03-12,89.91000366210938,89.91000366210938,89.91000366210938,89.91000366210938,0
1993-03-15,90.16999816894531,90.16999816894531,90.16999816894531,90.16999816894531,0
1993-03-16,89.95999908447266,89.95999908447266,89.95999908447266,89.95999908447266,0
1993-03-17,90.2699966430664,90.2699966430664,90.2699966430664,90.2699966430664,0
1993-03-18,90.91999816894531,90.91999816894531,90.91999816894531,90.91999816894531,0
1993-03-19,91.16999816894531,91.16999816894531,91.16999816894531,91.16999816894531,0
1993-03-22,90.44000244140625,90.44000244140625,90.44000244140625,90.44000244140625,0
1993-03-23,90.77999877929688,90.77999877929688,90.77999877929688,90.77999877929688,0
1993-03-24,91.19000244140625,91.19000244140625,91.19000244140625,91.19000244140625,0
1993-03-25,91.37999725341797,91.37999725341797,91.37999725341797,91.37999725341797,0
1993-03-26,91.05999755859375,91.05999755859375,91.05999755859375,91.05999755859375,0
1993-03-29,91.06999969482422,91.06999969482422,91.06999969482422,91.06999969482422,0
1993-03-30,91.2300033569336,91.2300033569336,91.2300033569336,91.2300033569336,0
1993-03-31,91.72000122070312,91.72000122070312,91.72000122070312,91.72000122070312,0
1993-04-01,91.83000183105469,91.83000183105469,91.83000183105469,91.83000183105469,0
1993-04-02,92.0,92.0,92.0,92.0,0
1993-04-05,91.80999755859375,91.80999755859375,91.80999755859375,91.80999755859375,0
1993-04-06,91.05999755859375,91.05999755859375,91.05999755859375,91.05999755859375,0
1993-04-07,90.95999908447266,90.95999908447266,90.95999908447266,90.95999908447266,0
1993-04-08,91.13999938964844,91.13999938964844,91.13999938964844,91.13999938964844,0
1993-04-12,91.8499984741211,91.8499984741211,91.8499984741211,91.8499984741211,0
1993-04-13,92.01000213623047,92.01000213623047,92.01000213623047,92.01000213623047,0
1993-04-14,91.91999816894531,91.91999816894531,91.91999816894531,91.91999816894531,0
1993-04-15,91.22000122070312,91.22000122070312,91.22000122070312,91.22000122070312,0
1993-04-16,90.70999908447266,90.70999908447266,90.70999908447266,90.70999908447266,0
1993-04-19,90.66000366210938,90.66000366210938,90.66000366210938,90.66000366210938,0
1993-04-20,90.70999908447266,90.70999908447266,90.70999908447266,90.70999908447266,0
1993-04-21,90.95999908447266,90.95999908447266,90.95999908447266,90.95999908447266,0
1993-04-22,91.02999877929688,91.02999877929688,91.02999877929688,91.02999877929688,0
1993-04-23,91.51000213623047,91.51000213623047,91.51000213623047,91.51000213623047,0
1993-04-26,91.88999938964844,91.88999938964844,91.88999938964844,91.88999938964844,0
1993-04-27,91.63999938964844,91.63999938964844,91.63999938964844,91.63999938964844,0
1993-04-28,91.48999786376953,91.48999786376953,91.48999786376953,91.48999786376953,0
1993-04-29,92.13999938964844,92.13999938964844,92.13999938964844,92.13999938964844,0
1993-04-30,92.33999633789062,92.33999633789062,92.33999633789062,92.33999633789062,0
1993-05-03,91.93000030517578,91.93000030517578,91.93000030517578,91.93000030517578,0
1993-05-04,91.33000183105469,91.33000183105469,91.33000183105469,91.33000183105469,0
1993-05-05,91.27999877929688,91.27999877929688,91.27999877929688,91.27999877929688,0
1993-05-06,91.23999786376953,91.23999786376953,91.23999786376953,91.23999786376953,0
1993-05-07,91.16000366210938,91.16000366210938,91.16000366210938,91.16000366210938,0
1993-05-10,90.79000091552734,90.79000091552734,90.79000091552734,90.79000091552734,0
1993-05-11,91.06999969482422,91.06999969482422,91.06999969482422,91.06999969482422,0
1993-05-12,91.38999938964844,91.38999938964844,91.38999938964844,91.38999938964844,0
1993-05-13,91.26000213623047,91.26000213623047,91.26000213623047,91.26000213623047,0
1993-05-14,90.83000183105469,90.83000183105469,90.83000183105469,90.83000183105469,0
1993-05-17,90.75,90.75,90.75,90.75,0
1993-05-18,91.13999938964844,91.13999938964844,91.13999938964844,91.13999938964844,0
1993-05-19,90.66000366210938,90.66000366210938,90.66000366210938,90.66000366210938,0
1993-05-20,91.22000122070312,91.22000122070312,91.22000122070312,91.22000122070312,0
1993-05-21,91.33999633789062,91.33999633789062,91.33999633789062,91.33999633789062,0
1993-05-24,90.19999694824219,90.19999694824219,90.19999694824219,90.19999694824219,0
1993-05-25,90.83999633789062,90.83999633789062,90.83999633789062,90.83999633789062,0
1993-05-26,90.63999938964844,90.63999938964844,90.63999938964844,90.63999938964844,0
1993-05-27,90.58999633789062,90.58999633789062,90.58999633789062,90.58999633789062,0
1993-05-28,90.4800033569336,90.4800033569336,90.4800033569336,90.4800033569336,0
1993-06-01,89.77999877929688,89.77999877929688,89.77999877929688,89.77999877929688,0
1993-06-02,89.4000015258789,89.4000015258789,89.4000015258789,89.4000015258789,0
1993-06-03,89.44999694824219,89.44999694824219,89.44999694824219,89.44999694824219,0
1993-06-04,89.48999786376953,89.48999786376953,89.48999786376953,89.48999786376953,0
1993-06-07,89.06999969482422,89.06999969482422,89.06999969482422,89.06999969482422,0
1993-06-08,89.25,89.25,89.25,89.25,0
1993-06-09,89.30000305175781,89.30000305175781,89.30000305175781,89.30000305175781,0
1993-06-10,88.66000366210938,88.66000366210938,88.66000366210938,88.66000366210938,0
1993-06-11,88.08999633789062,88.08999633789062,88.08999633789062,88.08999633789062,0
1993-06-14,88.01000213623047,88.01000213623047,88.01000213623047,88.01000213623047,0
1993-06-15,87.6500015258789,87.6500015258789,87.6500015258789,87.6500015258789,0
1993-06-16,87.95999908447266,87.95999908447266,87.95999908447266,87.95999908447266,0
1993-06-17,88.54000091552734,88.54000091552734,88.54000091552734,88.54000091552734,0
1993-06-18,88.7699966430664,88.7699966430664,88.7699966430664,88.7699966430664,0
1993-06-21,88.87000274658203,88.87000274658203,88.87000274658203,88.87000274658203,0
1993-06-22,88.4000015258789,88.4000015258789,88.4000015258789,88.4000015258789,0
1993-06-23,88.91000366210938,88.91000366210938,88.91000366210938,88.91000366210938,0
1993-06-24,89.06999969482422,89.06999969482422,89.06999969482422,89.06999969482422,0
1993-06-25,89.05999755859375,89.05999755859375,89.05999755859375,89.05999755859375,0
1993-06-28,89.19999694824219,89.19999694824219,89.19999694824219,89.19999694824219,0
1993-06-29,89.4000015258789,89.4000015258789,89.4000015258789,89.4000015258789,0
1993-06-30,89.94000244140625,89.94000244140625,89.94000244140625,89.94000244140625,0
1993-07-01,90.2699966430664,90.2699966430664,90.2699966430664,90.2699966430664,0
1993-07-02,90.38999938964844,90.38999938964844,90.38999938964844,90.38999938964844,0
1993-07-06,92.08999633789062,92.08999633789062,92.08999633789062,92.08999633789062,0
1993-07-07,92.11000061035156,92.11000061035156,92.11000061035156,92.11000061035156,0
1993-07-08,91.47000122070312,91.47000122070312,91.47000122070312,91.47000122070312,0
1993-07-09,91.54000091552734,91.54000091552734,91.54000091552734,91.54000091552734,0
1993-07-12,90.9800033569336,90.9800033569336,90.9800033569336,90.9800033569336,0
1993-07-13,90.70999908447266,90.70999908447266,90.70999908447266,90.70999908447266,0
1993-07-14,90.0,90.0,90.0,90.0,0
1993-07-15,90.0,90.0,90.0,90.0,0
1993-07-16,89.93000030517578,89.93000030517578,89.93000030517578,89.93000030517578,0
1993-07-19,90.94999694824219,90.94999694824219,90.94999694824219,90.94999694824219,0
1993-07-20,90.41000366210938,90.41000366210938,90.41000366210938,90.41000366210938,0
1993-07-21,90.30000305175781,90.30000305175781,90.30000305175781,90.30000305175781,0
1993-07-22,90.31999969482422,90.31999969482422,90.31999969482422,90.31999969482422,0
1993-07-23,90.62000274658203,90.62000274658203,90.62000274658203,90.62000274658203,0
1993-07-26,90.7699966430664,90.7699966430664,90.7699966430664,90.7699966430664,0
1993-07-27,91.1500015258789,91.1500015258789,91.1500015258789,91.1500015258789,0
1993-07-28,90.93000030517578,90.93000030517578,90.93000030517578,90.93000030517578,0
1993-07-29,91.1500015258789,91.1500015258789,91.1500015258789,91.1500015258789,0
1993-07-30,91.25,91.25,91.25,91.25,0
1993-08-02,91.88999938964844,91.88999938964844,91.88999938964844,91.88999938964844,0
1993-08-03,91.7300033569336,91.7300033569336,91.7300033569336,91.7300033569336,0
1993-08-04,91.29000091552734,91.29000091552734,91.29000091552734,91.29000091552734,0
1993-08-05,89.66000366210938,89.66000366210938,89.66000366210938,89.66000366210938,0
1993-08-06,89.12999725341797,89.12999725341797,89.12999725341797,89.12999725341797,0
1993-08-09,89.1500015258789,89.1500015258789,89.1500015258789,89.1500015258789,0
1993-08-10,89.16999816894531,89.16999816894531,89.16999816894531,89.16999816894531,0
1993-08-11,89.43000030517578,89.43000030517578,89.43000030517578,89.43000030517578,0
1993-08-12,88.81999969482422,88.81999969482422,88.81999969482422,88.81999969482422,0
1993-08-13,89.01000213623047,89.01000213623047,89.01000213623047,89.01000213623047,0
1993-08-16,89.13999938964844,89.13999938964844,89.13999938964844,89.13999938964844,0
1993-08-17,89.26000213623047,89.26000213623047,89.26000213623047,89.26000213623047,0
1993-08-18,89.05999755859375,89.05999755859375,89.05999755859375,89.05999755859375,0
1993-08-19,89.0999984741211,89.0999984741211,89.0999984741211,89.0999984741211,0
1993-08-20,89.5,89.5,89.5,89.5,0
1993-08-23,89.91999816894531,89.91999816894531,89.91999816894531,89.91999816894531,0
1993-08-24,89.62999725341797,89.62999725341797,89.62999725341797,89.62999725341797,0
1993-08-25,89.4800033569336,89.4800033569336,89.4800033569336,89.4800033569336,0
1993-08-26,89.19999694824219,89.19999694824219,89.19999694824219,89.19999694824219,0
1993-08-27,90.1500015258789,90.1500015258789,90.1500015258789,90.1500015258789,0
1993-08-30,90.16999816894531,90.16999816894531,90.16999816894531,90.16999816894531,0
1993-08-31,89.44999694824219,89.44999694824219,89.44999694824219,89.44999694824219,0
1993-09-01,88.63999938964844,88.63999938964844,88.63999938964844,88.63999938964844,0
1993-09-02,88.70999908447266,88.70999908447266,88.70999908447266,88.70999908447266,0
1993-09-03,88.55000305175781,88.55000305175781,88.55000305175781,88.55000305175781,0
1993-09-07,86.5999984741211,86.5999984741211,86.5999984741211,86.5999984741211,0
1993-09-08,86.72000122070312,86.72000122070312,86.72000122070312,86.72000122070312,0
1993-09-09,86.62999725341797,86.62999725341797,86.62999725341797,86.62999725341797,0
1993-09-10,85.86000061035156,85.86000061035156,85.86000061035156,85.86000061035156,0
1993-09-13,85.97000122070312,85.97000122070312,85.97000122070312,85.97000122070312,0
1993-09-14,85.68000030517578,85.68000030517578,85.68000030517578,85.68000030517578,0
1993-09-15,85.69999694824219,85.69999694824219,85.69999694824219,85.69999694824219,0
1993-09-16,85.72000122070312,85.72000122070312,85.72000122070312,85.72000122070312,0
1993-09-17,86.25,86.25,86.25,86.25,0
1993-09-20,86.87999725341797,86.87999725341797,86.87999725341797,86.87999725341797,0
1993-09-21,86.95999908447266,86.95999908447266,86.95999908447266,86.95999908447266,0
1993-09-22,86.30999755859375,86.30999755859375,86.30999755859375,86.30999755859375,0
1993-09-23,87.0,87.0,87.0,87.0,0
1993-09-24,86.88999938964844,86.88999938964844,86.88999938964844,86.88999938964844,0
1993-09-27,86.29000091552734,86.29000091552734,86.29000091552734,86.29000091552734,0
1993-09-28,86.33999633789062,86.33999633789062,86.33999633789062,86.33999633789062,0
1993-09-29,86.87000274658203,86.87000274658203,86.87000274658203,86.87000274658203,0
1993-09-30,87.13999938964844,87.13999938964844,87.13999938964844,87.13999938964844,0
1993-10-01,86.93000030517578,86.93000030517578,86.93000030517578,86.93000030517578,0
1993-10-04,86.20999908447266,86.20999908447266,86.20999908447266,86.20999908447266,0
1993-10-05,86.06999969482422,86.06999969482422,86.06999969482422,86.06999969482422,0
1993-10-06,86.31999969482422,86.31999969482422,86.31999969482422,86.31999969482422,0
1993-10-07,86.47000122070312,86.47000122070312,86.47000122070312,86.47000122070312,0
1993-10-08,86.80000305175781,86.80000305175781,86.80000305175781,86.80000305175781,0
1993-10-12,87.44000244140625,87.44000244140625,87.44000244140625,87.44000244140625,0
1993-10-13,87.55999755859375,87.55999755859375,87.55999755859375,87.55999755859375,0
1993-10-14,87.19000244140625,87.19000244140625,87.19000244140625,87.19000244140625,0
1993-10-15,87.08999633789062,87.08999633789062,87.08999633789062,87.08999633789062,0
1993-10-18,87.0,87.0,87.0,87.0,0
1993-10-19,87.0199966430664,87.0199966430664,87.0199966430664,87.0199966430664,0
1993-10-20,87.22000122070312,87.22000122070312,87.22000122070312,87.22000122070312,0
1993-10-21,87.54000091552734,87.54000091552734,87.54000091552734,87.54000091552734,0
1993-10-22,86.95999908447266,86.95999908447266,86.95999908447266,86.95999908447266,0
1993-10-25,86.33999633789062,86.33999633789062,86.33999633789062,86.33999633789062,0
1993-10-26,85.9000015258789,85.9000015258789,85.9000015258789,85.9000015258789,0
1993-10-27,86.4000015258789,86.4000015258789,86.4000015258789,86.4000015258789,0
1993-10-28,86.04000091552734,86.04000091552734,86.04000091552734,86.04000091552734,0
1993-10-29,85.86000061035156,85.86000061035156,85.86000061035156,85.86000061035156,0
1993-11-01,86.0199966430664,86.0199966430664,86.0199966430664,86.0199966430664,0
1993-11-02,85.88999938964844,85.88999938964844,85.88999938964844,85.88999938964844,0
1993-11-03,86.29000091552734,86.29000091552734,86.29000091552734,86.29000091552734,0
1993-11-04,86.6500015258789,86.6500015258789,86.6500015258789,86.6500015258789,0
1993-11-05,86.66999816894531,86.66999816894531,86.66999816894531,86.66999816894531,0
1993-11-08,85.75,85.75,85.75,85.75,0
1993-11-09,85.61000061035156,85.61000061035156,85.61000061035156,85.61000061035156,0
1993-11-10,86.48999786376953,86.48999786376953,86.48999786376953,86.48999786376953,0
1993-11-12,86.62999725341797,86.62999725341797,86.62999725341797,86.62999725341797,0
1993-11-15,87.0,87.0,87.0,87.0,0
1993-11-16,86.80000305175781,86.80000305175781,86.80000305175781,86.80000305175781,0
1993-11-17,87.70999908447266,87.70999908447266,87.70999908447266,87.70999908447266,0
1993-11-18,87.5999984741211,87.5999984741211,87.5999984741211,87.5999984741211,0
1993-11-19,87.76000213623047,87.76000213623047,87.76000213623047,87.76000213623047,0
1993-11-22,87.77999877929688,87.77999877929688,87.77999877929688,87.77999877929688,0
1993-11-23,86.95999908447266,86.95999908447266,86.95999908447266,86.95999908447266,0
1993-11-24,86.83000183105469,86.83000183105469,86.83000183105469,86.83000183105469,0
1993-11-26,86.30000305175781,86.30000305175781,86.30000305175781,86.30000305175781,0
1993-11-29,85.18000030517578,85.18000030517578,85.18000030517578,85.18000030517578,0
1993-11-30,84.70999908447266,84.70999908447266,84.70999908447266,84.70999908447266,0
1993-12-01,85.26000213623047,85.26000213623047,85.26000213623047,85.26000213623047,0
1993-12-02,84.75,84.75,84.75,84.75,0
1993-12-03,85.25,85.25,85.25,85.25,0
1993-12-06,84.55999755859375,84.55999755859375,84.55999755859375,84.55999755859375,0
1993-12-07,85.18000030517578,85.18000030517578,85.18000030517578,85.18000030517578,0
1993-12-08,85.12000274658203,85.12000274658203,85.12000274658203,85.12000274658203,0
1993-12-09,84.93000030517578,84.93000030517578,84.93000030517578,84.93000030517578,0
1993-12-10,85.94000244140625,85.94000244140625,85.94000244140625,85.94000244140625,0
1993-12-13,85.4000015258789,85.4000015258789,85.4000015258789,85.4000015258789,0
1993-12-14,85.58999633789062,85.58999633789062,85.58999633789062,85.58999633789062,0
1993-12-15,85.30999755859375,85.30999755859375,85.30999755859375,85.30999755859375,0
1993-12-16,85.20999908447266,85.20999908447266,85.20999908447266,85.20999908447266,0
1993-12-17,85.30000305175781,85.30000305175781,85.30000305175781,85.30000305175781,0
1993-12-20,85.31999969482422,85.31999969482422,85.31999969482422,85.31999969482422,0
1993-12-21,84.87000274658203,84.87000274658203,84.87000274658203,84.87000274658203,0
1993-12-22,85.33000183105469,85.33000183105469,85.33000183105469,85.33000183105469,0
1993-12-23,85.30999755859375,85.30999755859375,85.30999755859375,85.30999755859375,0
1993-12-27,85.55999755859375,85.55999755859375,85.55999755859375,85.55999755859375,0
1993-12-28,85.44999694824219,85.44999694824219,85.44999694824219,85.44999694824219,0
1993-12-29,85.97000122070312,85.97000122070312,85.97000122070312,85.97000122070312,0
1993-12-30,85.68000030517578,85.68000030517578,85.68000030517578,85.68000030517578,0
1993-12-31,85.72000122070312,85.72000122070312,85.72000122070312,85.72000122070312,0
1994-01-03,85.87000274658203,85.87000274658203,85.87000274658203,85.87000274658203,0
1994-01-04,85.93000030517578,85.93000030517578,85.93000030517578,85.93000030517578,0
1994-01-05,86.83999633789062,86.83999633789062,86.83999633789062,86.83999633789062,0
1994-01-06,87.06999969482422,87.06999969482422,87.06999969482422,87.06999969482422,0
1994-01-07,86.83000183105469,86.83000183105469,86.83000183105469,86.83000183105469,0
1994-01-10,86.04000091552734,86.04000091552734,86.04000091552734,86.04000091552734,0
1994-01-11,86.7300033569336,86.7300033569336,86.7300033569336,86.7300033569336,0
1994-01-12,86.37000274658203,86.37000274658203,86.37000274658203,86.37000274658203,0
1994-01-13,87.20999908447266,87.20999908447266,87.20999908447266,87.20999908447266,0
1994-01-14,88.16000366210938,88.16000366210938,88.16000366210938,88.16000366210938,0
1994-01-18,87.94999694824219,87.94999694824219,87.94999694824219,87.94999694824219,0
1994-01-19,87.7300033569336,87.7300033569336,87.7300033569336,87.7300033569336,0
1994-01-20,87.26000213623047,87.26000213623047,87.26000213623047,87.26000213623047,0
1994-01-21,87.16999816894531,87.16999816894531,87.16999816894531,87.16999816894531,0
1994-01-24,87.94000244140625,87.94000244140625,87.94000244140625,87.94000244140625,0
1994-01-25,87.97000122070312,87.97000122070312,87.97000122070312,87.97000122070312,0
1994-01-26,88.87999725341797,88.87999725341797,88.87999725341797,88.87999725341797,0
1994-01-27,88.58000183105469,88.58000183105469,88.58000183105469,88.58000183105469,0
1994-01-28,88.45999908447266,88.45999908447266,88.45999908447266,88.45999908447266,0
1994-01-31,88.66000366210938,88.66000366210938,88.66000366210938,88.66000366210938,0
1994-02-01,90.23999786376953,90.23999786376953,90.23999786376953,90.23999786376953,0
1994-02-02,90.75,90.75,90.75,90.75,0
1994-02-03,90.2300033569336,90.2300033569336,90.2300033569336,90.2300033569336,0
1994-02-04,89.58999633789062,89.58999633789062,89.58999633789062,89.58999633789062,0
1994-02-07,88.63999938964844,88.63999938964844,88.63999938964844,88.63999938964844,0
1994-02-08,88.69999694824219,88.69999694824219,88.69999694824219,88.69999694824219,0
1994-02-09,88.11000061035156,88.11000061035156,88.11000061035156,88.11000061035156,0
1994-02-10,87.97000122070312,87.97000122070312,87.97000122070312,87.97000122070312,0
1994-02-11,88.0,88.0,88.0,88.0,0
1994-02-14,87.4800033569336,87.4800033569336,87.4800033569336,87.4800033569336,0
1994-02-15,87.33000183105469,87.33000183105469,87.33000183105469,87.33000183105469,0
1994-02-16,87.44999694824219,87.44999694824219,87.44999694824219,87.44999694824219,0
1994-02-17,87.58999633789062,87.58999633789062,87.58999633789062,87.58999633789062,0
1994-02-18,87.44000244140625,87.44000244140625,87.44000244140625,87.44000244140625,0
1994-02-22,87.79000091552734,87.79000091552734,87.79000091552734,87.79000091552734,0
1994-02-23,87.6500015258789,87.6500015258789,87.6500015258789,87.6500015258789,0
1994-02-24,88.30000305175781,88.30000305175781,88.30000305175781,88.30000305175781,0
1994-02-25,88.01000213623047,88.01000213623047,88.01000213623047,88.01000213623047,0
1994-02-28,87.76000213623047,87.76000213623047,87.76000213623047,87.76000213623047,0
1994-03-01,87.70999908447266,87.70999908447266,87.70999908447266,87.70999908447266,0
1994-03-02,87.41999816894531,87.41999816894531,87.41999816894531,87.41999816894531,0
1994-03-03,87.08999633789062,87.08999633789062,87.08999633789062,87.08999633789062,0
1994-03-04,87.38999938964844,87.38999938964844,87.38999938964844,87.38999938964844,0
1994-03-07,86.55000305175781,86.55000305175781,86.55000305175781,86.55000305175781,0
1994-03-08,86.4000015258789,86.4000015258789,86.4000015258789,86.4000015258789,0
1994-03-09,86.62999725341797,86.62999725341797,86.62999725341797,86.62999725341797,0
1994-03-10,86.80999755859375,86.80999755859375,86.80999755859375,86.80999755859375,0
1994-03-11,87.30000305175781,87.30000305175781,87.30000305175781,87.30000305175781,0
1994-03-14,87.63999938964844,87.63999938964844,87.63999938964844,87.63999938964844,0
1994-03-15,88.19000244140625,88.19000244140625,88.19000244140625,88.19000244140625,0
1994-03-16,88.9000015258789,88.9000015258789,88.9000015258789,88.9000015258789,0
1994-03-17,88.31999969482422,88.31999969482422,88.31999969482422,88.31999969482422,0
1994-03-18,88.61000061035156,88.61000061035156,88.61000061035156,88.61000061035156,0
1994-03-21,88.5999984741211,88.5999984741211,88.5999984741211,88.5999984741211,0
1994-03-22,88.77999877929688,88.77999877929688,88.77999877929688,88.77999877929688,0
1994-03-23,88.73999786376953,88.73999786376953,88.73999786376953,88.73999786376953,0
1994-03-24,88.7699966430664,88.7699966430664,88.7699966430664,88.7699966430664,0
1994-03-25,88.87000274658203,88.87000274658203,88.87000274658203,88.87000274658203,0
1994-03-28,87.18000030517578,87.18000030517578,87.18000030517578,87.18000030517578,0
1994-03-29,87.13999938964844,87.13999938964844,87.13999938964844,87.13999938964844,0
1994-03-30,86.9800033569336,86.9800033569336,86.9800033569336,86.9800033569336,0
1994-03-31,87.69000244140625,87.69000244140625,87.69000244140625,87.69000244140625,0
1994-04-04,88.41999816894531,88.41999816894531,88.41999816894531,88.41999816894531,0
1994-04-05,87.8499984741211,87.8499984741211,87.8499984741211,87.8499984741211,0
1994-04-06,88.0999984741211,88.0999984741211,88.0999984741211,88.0999984741211,0
1994-04-07,87.72000122070312,87.72000122070312,87.72000122070312,87.72000122070312,0
1994-04-08,87.58000183105469,87.58000183105469,87.58000183105469,87.58000183105469,0
1994-04-11,87.45999908447266,87.45999908447266,87.45999908447266,87.45999908447266,0
1994-04-12,87.47000122070312,87.47000122070312,87.47000122070312,87.47000122070312,0
1994-04-13,87.66000366210938,87.66000366210938,87.66000366210938,87.66000366210938,0
1994-04-14,87.81999969482422,87.81999969482422,87.81999969482422,87.81999969482422,0
1994-04-15,88.13999938964844,88.13999938964844,88.13999938964844,88.13999938964844,0
1994-04-18,88.04000091552734,88.04000091552734,88.04000091552734,88.04000091552734,0
1994-04-19,87.29000091552734,87.29000091552734,87.29000091552734,87.29000091552734,0
1994-04-20,87.48999786376953,87.48999786376953,87.48999786376953,87.48999786376953,0
1994-04-21,88.0,88.0,88.0,88.0,0
1994-04-22,88.44999694824219,88.44999694824219,88.44999694824219,88.44999694824219,0
1994-04-25,88.8499984741211,88.8499984741211,88.8499984741211,88.8499984741211,0
1994-04-26,88.26000213623047,88.26000213623047,88.26000213623047,88.26000213623047,0
1994-04-28,88.52999877929688,88.52999877929688,88.52999877929688,88.52999877929688,0
1994-04-29,89.27999877929688,89.27999877929688,89.27999877929688,89.27999877929688,0
1994-05-02,89.33999633789062,89.33999633789062,89.33999633789062,89.33999633789062,0
1994-05-03,88.94000244140625,88.94000244140625,88.94000244140625,88.94000244140625,0
1994-05-04,88.97000122070312,88.97000122070312,88.97000122070312,88.97000122070312,0
1994-05-05,89.08999633789062,89.08999633789062,89.08999633789062,89.08999633789062,0
1994-05-06,90.3499984741211,90.3499984741211,90.3499984741211,90.3499984741211,0
1994-05-09,90.55000305175781,90.55000305175781,90.55000305175781,90.55000305175781,0
1994-05-10,90.04000091552734,90.04000091552734,90.04000091552734,90.04000091552734,0
1994-05-11,90.55000305175781,90.55000305175781,90.55000305175781,90.55000305175781,0
1994-05-12,91.0,91.0,91.0,91.0,0
1994-05-13,91.62000274658203,91.62000274658203,91.62000274658203,91.62000274658203,0
1994-05-16,92.4000015258789,92.4000015258789,92.4000015258789,92.4000015258789,0
1994-05-17,92.06999969482422,92.06999969482422,92.06999969482422,92.06999969482422,0
1994-05-18,92.87999725341797,92.87999725341797,92.87999725341797,92.87999725341797,0
1994-05-19,93.26000213623047,93.26000213623047,93.26000213623047,93.26000213623047,0
1994-05-20,93.58999633789062,93.58999633789062,93.58999633789062,93.58999633789062,0
1994-05-23,95.12999725341797,95.12999725341797,95.12999725341797,95.12999725341797,0
1994-05-24,93.45999908447266,93.45999908447266,93.45999908447266,93.45999908447266,0
1994-05-25,92.13999938964844,92.13999938964844,92.13999938964844,92.13999938964844,0
1994-05-26,91.47000122070312,91.47000122070312,91.47000122070312,91.47000122070312,0
1994-05-27,92.11000061035156,92.11000061035156,92.11000061035156,92.11000061035156,0
1994-05-31,93.7300033569336,93.7300033569336,93.7300033569336,93.7300033569336,0
1994-06-01,92.83000183105469,92.83000183105469,92.83000183105469,92.83000183105469,0
1994-06-02,93.19000244140625,93.19000244140625,93.19000244140625,93.19000244140625,0
1994-06-03,92.5,92.5,92.5,92.5,0
1994-06-06,91.62000274658203,91.62000274658203,91.62000274658203,91.62000274658203,0
1994-06-07,91.80000305175781,91.80000305175781,91.80000305175781,91.80000305175781,0
1994-06-08,93.12999725341797,93.12999725341797,93.12999725341797,93.12999725341797,0
1994-06-09,93.37999725341797,93.37999725341797,93.37999725341797,93.37999725341797,0
1994-06-10,93.69999694824219,93.69999694824219,93.69999694824219,93.69999694824219,0
1994-06-13,94.93000030517578,94.93000030517578,94.93000030517578,94.93000030517578,0
1994-06-14,95.0,95.0,95.0,95.0,0
1994-06-15,96.62000274658203,96.62000274658203,96.62000274658203,96.62000274658203,0
1994-06-16,96.37999725341797,96.37999725341797,96.37999725341797,96.37999725341797,0
1994-06-17,97.95999908447266,97.95999908447266,97.95999908447266,97.95999908447266,0
1994-06-20,96.52999877929688,96.52999877929688,96.52999877929688,96.52999877929688,0
1994-06-21,96.06999969482422,96.06999969482422,96.06999969482422,96.06999969482422,0
1994-06-22,95.01000213623047,95.01000213623047,95.01000213623047,95.01000213623047,0
1994-06-23,95.12999725341797,95.12999725341797,95.12999725341797,95.12999725341797,0
1994-06-24,95.0,95.0,95.0,95.0,0
1994-06-27,94.69000244140625,94.69000244140625,94.69000244140625,94.69000244140625,0
1994-06-28,95.58000183105469,95.58000183105469,95.58000183105469,95.58000183105469,0
1994-06-29,95.22000122070312,95.22000122070312,95.22000122070312,95.22000122070312,0
1994-06-30,96.05000305175781,96.05000305175781,96.05000305175781,96.05000305175781,0
1994-07-01,96.4000015258789,96.4000015258789,96.4000015258789,96.4000015258789,0
1994-07-05,95.13999938964844,95.13999938964844,95.13999938964844,95.13999938964844,0
1994-07-06,94.56999969482422,94.56999969482422,94.56999969482422,94.56999969482422,0
1994-07-07,94.33999633789062,94.33999633789062,94.33999633789062,94.33999633789062,0
1994-07-08,94.98999786376953,94.98999786376953,94.98999786376953,94.98999786376953,0
1994-07-11,97.31999969482422,97.31999969482422,97.31999969482422,97.31999969482422,0
1994-07-12,97.87000274658203,97.87000274658203,97.87000274658203,97.87000274658203,0
1994-07-13,97.7300033569336,97.7300033569336,97.7300033569336,97.7300033569336,0
1994-07-14,97.69000244140625,97.69000244140625,97.69000244140625,97.69000244140625,0
1994-07-15,97.7699966430664,97.7699966430664,97.7699966430664,97.7699966430664,0
1994-07-18,97.41999816894531,97.41999816894531,97.41999816894531,97.41999816894531,0
1994-07-19,97.5,97.5,97.5,97.5,0
1994-07-20,96.6500015258789,96.6500015258789,96.6500015258789,96.6500015258789,0
1994-07-21,96.80000305175781,96.80000305175781,96.80000305175781,96.80000305175781,0
1994-07-22,96.72000122070312,96.72000122070312,96.72000122070312,96.72000122070312,0
1994-07-25,96.27999877929688,96.27999877929688,96.27999877929688,96.27999877929688,0
1994-07-26,95.83999633789062,95.83999633789062,95.83999633789062,95.83999633789062,0
1994-07-27,95.94000244140625,95.94000244140625,95.94000244140625,95.94000244140625,0
1994-07-28,95.9800033569336,95.9800033569336,95.9800033569336,95.9800033569336,0
1994-07-29,97.0199966430664,97.0199966430664,97.0199966430664,97.0199966430664,0
1994-08-01,97.44000244140625,97.44000244140625,97.44000244140625,97.44000244140625,0
1994-08-02,96.69999694824219,96.69999694824219,96.69999694824219,96.69999694824219,0
1994-08-03,95.91999816894531,95.91999816894531,95.91999816894531,95.91999816894531,0
1994-08-04,95.88999938964844,95.88999938964844,95.88999938964844,95.88999938964844,0
1994-08-05,94.55999755859375,94.55999755859375,94.55999755859375,94.55999755859375,0
1994-08-08,93.95999908447266,93.95999908447266,93.95999908447266,93.95999908447266,0
1994-08-09,93.95999908447266,93.95999908447266,93.95999908447266,93.95999908447266,0
1994-08-10,93.8499984741211,93.8499984741211,93.8499984741211,93.8499984741211,0
1994-08-11,93.94999694824219,93.94999694824219,93.94999694824219,93.94999694824219,0
1994-08-12,92.86000061035156,92.86000061035156,92.86000061035156,92.86000061035156,0
1994-08-15,93.08999633789062,93.08999633789062,93.08999633789062,93.08999633789062,0
1994-08-16,92.80999755859375,92.80999755859375,92.80999755859375,92.80999755859375,0
1994-08-17,93.13999938964844,93.13999938964844,93.13999938964844,93.13999938964844,0
1994-08-18,92.9000015258789,92.9000015258789,92.9000015258789,92.9000015258789,0
1994-08-19,92.33999633789062,92.33999633789062,92.33999633789062,92.33999633789062,0
1994-08-22,91.37999725341797,91.37999725341797,91.37999725341797,91.37999725341797,0
1994-08-23,91.93000030517578,91.93000030517578,91.93000030517578,91.93000030517578,0
1994-08-24,92.8499984741211,92.8499984741211,92.8499984741211,92.8499984741211,0
1994-08-25,92.7699966430664,92.7699966430664,92.7699966430664,92.7699966430664,0
1994-08-26,92.9800033569336,92.9800033569336,92.9800033569336,92.9800033569336,0
1994-08-29,93.9000015258789,93.9000015258789,93.9000015258789,93.9000015258789,0
1994-08-30,93.63999938964844,93.63999938964844,93.63999938964844,93.63999938964844,0
1994-08-31,94.05999755859375,94.05999755859375,94.05999755859375,94.05999755859375,0
1994-09-01,94.13999938964844,94.13999938964844,94.13999938964844,94.13999938964844,0
1994-09-02,94.05999755859375,94.05999755859375,94.05999755859375,94.05999755859375,0
1994-09-06,94.69000244140625,94.69000244140625,94.69000244140625,94.69000244140625,0
1994-09-07,95.1500015258789,95.1500015258789,95.1500015258789,95.1500015258789,0
1994-09-08,94.87999725341797,94.87999725341797,94.87999725341797,94.87999725341797,0
1994-09-09,94.91999816894531,94.91999816894531,94.91999816894531,94.91999816894531,0
1994-09-12,95.37000274658203,95.37000274658203,95.37000274658203,95.37000274658203,0
1994-09-13,94.62999725341797,94.62999725341797,94.62999725341797,94.62999725341797,0
1994-09-14,93.62999725341797,93.62999725341797,93.62999725341797,93.62999725341797,0
1994-09-15,92.87999725341797,92.87999725341797,92.87999725341797,92.87999725341797,0
1994-09-16,93.68000030517578,93.68000030517578,93.68000030517578,93.68000030517578,0
1994-09-19,94.19999694824219,94.19999694824219,94.19999694824219,94.19999694824219,0
1994-09-20,94.48999786376953,94.48999786376953,94.48999786376953,94.48999786376953,0
1994-09-21,94.23999786376953,94.23999786376953,94.23999786376953,94.23999786376953,0
1994-09-22,94.70999908447266,94.70999908447266,94.70999908447266,94.70999908447266,0
1994-09-23,95.08000183105469,95.08000183105469,95.08000183105469,95.08000183105469,0
1994-09-26,94.3499984741211,94.3499984741211,94.3499984741211,94.3499984741211,0
1994-09-27,93.94999694824219,93.94999694824219,93.94999694824219,93.94999694824219,0
1994-09-28,93.70999908447266,93.70999908447266,93.70999908447266,93.70999908447266,0
1994-09-29,93.97000122070312,93.97000122070312,93.97000122070312,93.97000122070312,0
1994-09-30,93.83999633789062,93.83999633789062,93.83999633789062,93.83999633789062,0
1994-10-03,93.9000015258789,93.9000015258789,93.9000015258789,93.9000015258789,0
1994-10-04,93.87999725341797,93.87999725341797,93.87999725341797,93.87999725341797,0
1994-10-05,93.75,93.75,93.75,93.75,0
1994-10-06,93.88999938964844,93.88999938964844,93.88999938964844,93.88999938964844,0
1994-10-07,93.27999877929688,93.27999877929688,93.27999877929688,93.27999877929688,0
1994-10-11,92.30999755859375,92.30999755859375,92.30999755859375,92.30999755859375,0
1994-10-12,92.0199966430664,92.0199966430664,92.0199966430664,92.0199966430664,0
1994-10-13,91.76000213623047,91.76000213623047,91.76000213623047,91.76000213623047,0
1994-10-14,91.86000061035156,91.86000061035156,91.86000061035156,91.86000061035156,0
1994-10-17,92.61000061035156,92.61000061035156,92.61000061035156,92.61000061035156,0
1994-10-18,92.43000030517578,92.43000030517578,92.43000030517578,92.43000030517578,0
1994-10-19,93.1500015258789,93.1500015258789,93.1500015258789,93.1500015258789,0
1994-10-20,93.88999938964844,93.88999938964844,93.88999938964844,93.88999938964844,0
1994-10-21,93.0199966430664,93.0199966430664,93.0199966430664,93.0199966430664,0
1994-10-24,93.56999969482422,93.56999969482422,93.56999969482422,93.56999969482422,0
1994-10-25,93.72000122070312,93.72000122070312,93.72000122070312,93.72000122070312,0
1994-10-26,94.68000030517578,94.68000030517578,94.68000030517578,94.68000030517578,0
1994-10-27,95.08999633789062,95.08999633789062,95.08999633789062,95.08999633789062,0
1994-10-28,94.80999755859375,94.80999755859375,94.80999755859375,94.80999755859375,0
1994-10-31,94.19999694824219,94.19999694824219,94.19999694824219,94.19999694824219,0
1994-11-01,95.19000244140625,95.19000244140625,95.19000244140625,95.19000244140625,0
1994-11-02,95.43000030517578,95.43000030517578,95.43000030517578,95.43000030517578,0
1994-11-03,95.25,95.25,95.25,95.25,0
1994-11-04,95.37000274658203,95.37000274658203,95.37000274658203,95.37000274658203,0
1994-11-07,94.3499984741211,94.3499984741211,94.3499984741211,94.3499984741211,0
1994-11-08,94.97000122070312,94.97000122070312,94.97000122070312,94.97000122070312,0
1994-11-09,94.23999786376953,94.23999786376953,94.23999786376953,94.23999786376953,0
1994-11-10,94.3499984741211,94.3499984741211,94.3499984741211,94.3499984741211,0
1994-11-14,93.80999755859375,93.80999755859375,93.80999755859375,93.80999755859375,0
1994-11-15,93.98999786376953,93.98999786376953,93.98999786376953,93.98999786376953,0
1994-11-16,93.83000183105469,93.83000183105469,93.83000183105469,93.83000183105469,0
1994-11-17,94.02999877929688,94.02999877929688,94.02999877929688,94.02999877929688,0
1994-11-18,93.98999786376953,93.98999786376953,93.98999786376953,93.98999786376953,0
1994-11-21,93.72000122070312,93.72000122070312,93.72000122070312,93.72000122070312,0
1994-11-22,94.0199966430664,94.0199966430664,94.0199966430664,94.0199966430664,0
1994-11-23,94.0999984741211,94.0999984741211,94.0999984741211,94.0999984741211,0
1994-11-25,94.0199966430664,94.0199966430664,94.0199966430664,94.0199966430664,0
1994-11-28,93.83999633789062,93.83999633789062,93.83999633789062,93.83999633789062,0
1994-11-29,93.68000030517578,93.68000030517578,93.68000030517578,93.68000030517578,0
1994-11-30,93.58999633789062,93.58999633789062,93.58999633789062,93.58999633789062,0
1994-12-01,93.38999938964844,93.38999938964844,93.38999938964844,93.38999938964844,0
1994-12-02,92.43000030517578,92.43000030517578,92.43000030517578,92.43000030517578,0
1994-12-05,91.94999694824219,91.94999694824219,91.94999694824219,91.94999694824219,0
1994-12-06,91.98999786376953,91.98999786376953,91.98999786376953,91.98999786376953,0
1994-12-07,92.2300033569336,92.2300033569336,92.2300033569336,92.2300033569336,0
1994-12-08,93.33999633789062,93.33999633789062,93.33999633789062,93.33999633789062,0
1994-12-09,93.26000213623047,93.26000213623047,93.26000213623047,93.26000213623047,0
1994-12-12,92.88999938964844,92.88999938964844,92.88999938964844,92.88999938964844,0
1994-12-13,92.05999755859375,92.05999755859375,92.05999755859375,92.05999755859375,0
1994-12-14,92.41999816894531,92.41999816894531,92.41999816894531,92.41999816894531,0
1994-12-15,92.91000366210938,92.91000366210938,92.91000366210938,92.91000366210938,0
1994-12-16,93.25,93.25,93.25,93.25,0
1994-12-19,92.66000366210938,92.66000366210938,92.66000366210938,92.66000366210938,0
1994-12-20,93.01000213623047,93.01000213623047,93.01000213623047,93.01000213623047,0
1994-12-21,93.61000061035156,93.61000061035156,93.61000061035156,93.61000061035156,0
1994-12-22,93.83999633789062,93.83999633789062,93.83999633789062,93.83999633789062,0
1994-12-23,94.06999969482422,94.06999969482422,94.06999969482422,94.06999969482422,0
1994-12-27,95.2300033569336,95.2300033569336,95.2300033569336,95.2300033569336,0
1994-12-28,95.83000183105469,95.83000183105469,95.83000183105469,95.83000183105469,0
1994-12-29,95.66999816894531,95.66999816894531,95.66999816894531,95.66999816894531,0
1994-12-30,95.7699966430664,95.7699966430664,95.7699966430664,95.7699966430664,0
1995-01-03,94.7300033569336,94.7300033569336,94.7300033569336,94.7300033569336,0
1995-01-04,94.4000015258789,94.4000015258789,94.4000015258789,94.4000015258789,0
1995-01-05,95.12000274658203,95.12000274658203,95.12000274658203,95.12000274658203,0
1995-01-06,94.94999694824219,94.94999694824219,94.94999694824219,94.94999694824219,0
1995-01-09,94.55999755859375,94.55999755859375,94.55999755859375,94.55999755859375,0
1995-01-10,94.55999755859375,94.55999755859375,94.55999755859375,94.55999755859375,0
1995-01-11,94.76000213623047,94.76000213623047,94.76000213623047,94.76000213623047,0
1995-01-12,95.04000091552734,95.04000091552734,95.04000091552734,95.04000091552734,0
1995-01-13,94.2699966430664,94.2699966430664,94.2699966430664,94.2699966430664,0
1995-01-17,96.05000305175781,96.05000305175781,96.05000305175781,96.05000305175781,0
1995-01-18,96.48999786376953,96.48999786376953,96.48999786376953,96.48999786376953,0
1995-01-19,96.43000030517578,96.43000030517578,96.43000030517578,96.43000030517578,0
1995-01-20,96.66999816894531,96.66999816894531,96.66999816894531,96.66999816894531,0
1995-01-23,95.8499984741211,95.8499984741211,95.8499984741211,95.8499984741211,0
1995-01-24,96.16999816894531,96.16999816894531,96.16999816894531,96.16999816894531,0
1995-01-25,95.62000274658203,95.62000274658203,95.62000274658203,95.62000274658203,0
1995-01-26,95.68000030517578,95.68000030517578,95.68000030517578,95.68000030517578,0
1995-01-27,94.93000030517578,94.93000030517578,94.93000030517578,94.93000030517578,0
1995-01-30,94.72000122070312,94.72000122070312,94.72000122070312,94.72000122070312,0
1995-01-31,94.73999786376953,94.73999786376953,94.73999786376953,94.73999786376953,0
1995-02-01,94.5199966430664,94.5199966430664,94.5199966430664,94.5199966430664,0
1995-02-02,95.0999984741211,95.0999984741211,95.0999984741211,95.0999984741211,0
1995-02-03,95.0999984741211,95.0999984741211,95.0999984741211,95.0999984741211,0
1995-02-06,94.83999633789062,94.83999633789062,94.83999633789062,94.83999633789062,0
1995-02-07,93.83999633789062,93.83999633789062,93.83999633789062,93.83999633789062,0
1995-02-08,93.29000091552734,93.29000091552734,93.29000091552734,93.29000091552734,0
1995-02-09,93.95999908447266,93.95999908447266,93.95999908447266,93.95999908447266,0
1995-02-10,94.48999786376953,94.48999786376953,94.48999786376953,94.48999786376953,0
1995-02-13,93.87999725341797,93.87999725341797,93.87999725341797,93.87999725341797,0
1995-02-14,94.25,94.25,94.25,94.25,0
1995-02-15,94.11000061035156,94.11000061035156,94.11000061035156,94.11000061035156,0
1995-02-16,94.4000015258789,94.4000015258789,94.4000015258789,94.4000015258789,0
1995-02-17,94.80000305175781,94.80000305175781,94.80000305175781,94.80000305175781,0
1995-02-21,94.87000274658203,94.87000274658203,94.87000274658203,94.87000274658203,0
1995-02-22,94.91000366210938,94.91000366210938,94.91000366210938,94.91000366210938,0
1995-02-23,94.70999908447266,94.70999908447266,94.70999908447266,94.70999908447266,0
1995-02-24,94.88999938964844,94.88999938964844,94.88999938964844,94.88999938964844,0
1995-02-27,94.55999755859375,94.55999755859375,94.55999755859375,94.55999755859375,0
1995-02-28,94.19000244140625,94.19000244140625,94.19000244140625,94.19000244140625,0
1995-03-01,94.0,94.0,94.0,94.0,0
1995-03-02,93.97000122070312,93.97000122070312,93.97000122070312,93.97000122070312,0
1995-03-03,94.48999786376953,94.48999786376953,94.48999786376953,94.48999786376953,0
1995-03-06,94.66000366210938,94.66000366210938,94.66000366210938,94.66000366210938,0
1995-03-07,95.12999725341797,95.12999725341797,95.12999725341797,95.12999725341797,0
1995-03-08,94.56999969482422,94.56999969482422,94.56999969482422,94.56999969482422,0
1995-03-09,94.45999908447266,94.45999908447266,94.45999908447266,94.45999908447266,0
1995-03-10,94.29000091552734,94.29000091552734,94.29000091552734,94.29000091552734,0
1995-03-13,94.88999938964844,94.88999938964844,94.88999938964844,94.88999938964844,0
1995-03-14,94.48999786376953,94.48999786376953,94.48999786376953,94.48999786376953,0
1995-03-15,94.81999969482422,94.81999969482422,94.81999969482422,94.81999969482422,0
1995-03-16,94.7300033569336,94.7300033569336,94.7300033569336,94.7300033569336,0
1995-03-17,94.80000305175781,94.80000305175781,94.80000305175781,94.80000305175781,0
1995-03-20,94.94999694824219,94.94999694824219,94.94999694824219,94.94999694824219,0
1995-03-21,94.66000366210938,94.66000366210938,94.66000366210938,94.66000366210938,0
1995-03-22,96.02999877929688,96.02999877929688,96.02999877929688,96.02999877929688,0
1995-03-23,95.76000213623047,95.76000213623047,95.76000213623047,95.76000213623047,0
1995-03-24,95.22000122070312,95.22000122070312,95.22000122070312,95.22000122070312,0
1995-03-27,95.52999877929688,95.52999877929688,95.52999877929688,95.52999877929688,0
1995-03-28,95.43000030517578,95.43000030517578,95.43000030517578,95.43000030517578,0
1995-03-29,95.2300033569336,95.2300033569336,95.2300033569336,95.2300033569336,0
1995-03-30,95.83000183105469,95.83000183105469,95.83000183105469,95.83000183105469,0
1995-03-31,96.05000305175781,96.05000305175781,96.05000305175781,96.05000305175781,0
1995-04-03,96.36000061035156,96.36000061035156,96.36000061035156,96.36000061035156,0
1995-04-04,96.80000305175781,96.80000305175781,96.80000305175781,96.80000305175781,0
1995-04-05,97.38999938964844,97.38999938964844,97.38999938964844,97.38999938964844,0
1995-04-06,97.55999755859375,97.55999755859375,97.55999755859375,97.55999755859375,0
1995-04-07,97.56999969482422,97.56999969482422,97.56999969482422,97.56999969482422,0
1995-04-10,97.2300033569336,97.2300033569336,97.2300033569336,97.2300033569336,0
1995-04-11,97.69000244140625,97.69000244140625,97.69000244140625,97.69000244140625,0
1995-04-12,97.25,97.25,97.25,97.25,0
1995-04-13,96.30999755859375,96.30999755859375,96.30999755859375,96.30999755859375,0
1995-04-17,97.37000274658203,97.37000274658203,97.37000274658203,97.37000274658203,0
1995-04-18,97.80000305175781,97.80000305175781,97.80000305175781,97.80000305175781,0
1995-04-19,97.5199966430664,97.5199966430664,97.5199966430664,97.5199966430664,0
1995-04-20,97.5999984741211,97.5999984741211,97.5999984741211,97.5999984741211,0
1995-04-21,97.95999908447266,97.95999908447266,97.95999908447266,97.95999908447266,0
1995-04-24,97.77999877929688,97.77999877929688,97.77999877929688,97.77999877929688,0
1995-04-25,97.58999633789062,97.58999633789062,97.58999633789062,97.58999633789062,0
1995-04-26,96.87999725341797,96.87999725341797,96.87999725341797,96.87999725341797,0
1995-04-27,97.62999725341797,97.62999725341797,97.62999725341797,97.62999725341797,0
1995-04-28,97.52999877929688,97.52999877929688,97.52999877929688,97.52999877929688,0
1995-05-01,98.05000305175781,98.05000305175781,98.05000305175781,98.05000305175781,0
1995-05-02,97.44999694824219,97.44999694824219,97.44999694824219,97.44999694824219,0
1995-05-03,97.22000122070312,97.22000122070312,97.22000122070312,97.22000122070312,0
1995-05-04,97.3499984741211,97.3499984741211,97.3499984741211,97.3499984741211,0
1995-05-05,96.88999938964844,96.88999938964844,96.88999938964844,96.88999938964844,0
1995-05-08,96.55000305175781,96.55000305175781,96.55000305175781,96.55000305175781,0
1995-05-09,95.4800033569336,95.4800033569336,95.4800033569336,95.4800033569336,0
1995-05-10,95.69999694824219,95.69999694824219,95.69999694824219,95.69999694824219,0
1995-05-11,95.23999786376953,95.23999786376953,95.23999786376953,95.23999786376953,0
1995-05-12,95.5199966430664,95.5199966430664,95.5199966430664,95.5199966430664,0
1995-05-15,96.12000274658203,96.12000274658203,96.12000274658203,96.12000274658203,0
1995-05-16,96.62999725341797,96.62999725341797,96.62999725341797,96.62999725341797,0
1995-05-17,96.43000030517578,96.43000030517578,96.43000030517578,96.43000030517578,0
1995-05-18,97.0999984741211,97.0999984741211,97.0999984741211,97.0999984741211,0
1995-05-19,97.12000274658203,97.12000274658203,97.12000274658203,97.12000274658203,0
1995-05-22,97.56999969482422,97.56999969482422,97.56999969482422,97.56999969482422,0
1995-05-23,98.16999816894531,98.16999816894531,98.16999816894531,98.16999816894531,0
1995-05-24,97.91999816894531,97.91999816894531,97.91999816894531,97.91999816894531,0
1995-05-25,97.6500015258789,97.6500015258789,97.6500015258789,97.6500015258789,0
1995-05-26,97.19999694824219,97.19999694824219,97.19999694824219,97.19999694824219,0
1995-05-30,96.1500015258789,96.1500015258789,96.1500015258789,96.1500015258789,0
1995-05-31,96.36000061035156,96.36000061035156,96.36000061035156,96.36000061035156,0
1995-06-01,97.16999816894531,97.16999816894531,97.16999816894531,97.16999816894531,0
1995-06-02,97.11000061035156,97.11000061035156,97.11000061035156,97.11000061035156,0
1995-06-05,97.33000183105469,97.33000183105469,97.33000183105469,97.33000183105469,0
1995-06-06,96.91000366210938,96.91000366210938,96.91000366210938,96.91000366210938,0
1995-06-07,96.94999694824219,96.94999694824219,96.94999694824219,96.94999694824219,0
1995-06-08,96.87999725341797,96.87999725341797,96.87999725341797,96.87999725341797,0
1995-06-09,96.9000015258789,96.9000015258789,96.9000015258789,96.9000015258789,0
1995-06-12,96.5999984741211,96.5999984741211,96.5999984741211,96.5999984741211,0
1995-06-13,96.54000091552734,96.54000091552734,96.54000091552734,96.54000091552734,0
1995-06-14,97.0999984741211,97.0999984741211,97.0999984741211,97.0999984741211,0
1995-06-15,97.37999725341797,97.37999725341797,97.37999725341797,97.37999725341797,0
1995-06-16,96.81999969482422,96.81999969482422,96.81999969482422,96.81999969482422,0
1995-06-19,96.88999938964844,96.88999938964844,96.88999938964844,96.88999938964844,0
1995-06-20,96.94999694824219,96.94999694824219,96.94999694824219,96.94999694824219,0
1995-06-21,96.5199966430664,96.5199966430664,96.5199966430664,96.5199966430664,0
1995-06-22,96.70999908447266,96.70999908447266,96.70999908447266,96.70999908447266,0
1995-06-23,96.5999984741211,96.5999984741211,96.5999984741211,96.5999984741211,0
1995-06-26,95.81999969482422,95.81999969482422,95.81999969482422,95.81999969482422,0
1995-06-27,95.66999816894531,95.66999816894531,95.66999816894531,95.66999816894531,0
1995-06-28,96.08999633789062,96.08999633789062,96.08999633789062,96.08999633789062,0
1995-06-29,95.66000366210938,95.66000366210938,95.66000366210938,95.66000366210938,0
1995-06-30,94.95999908447266,94.95999908447266,94.95999908447266,94.95999908447266,0
1995-07-03,94.97000122070312,94.97000122070312,94.97000122070312,94.97000122070312,0
1995-07-05,94.55000305175781,94.55000305175781,94.55000305175781,94.55000305175781,0
1995-07-06,95.02999877929688,95.02999877929688,95.02999877929688,95.02999877929688,0
1995-07-07,94.70999908447266,94.70999908447266,94.70999908447266,94.70999908447266,0
1995-07-10,95.33000183105469,95.33000183105469,95.33000183105469,95.33000183105469,0
1995-07-11,95.45999908447266,95.45999908447266,95.45999908447266,95.45999908447266,0
1995-07-12,96.06999969482422,96.06999969482422,96.06999969482422,96.06999969482422,0
1995-07-13,95.4000015258789,95.4000015258789,95.4000015258789,95.4000015258789,0
1995-07-14,96.06999969482422,96.06999969482422,96.06999969482422,96.06999969482422,0
1995-07-17,96.66000366210938,96.66000366210938,96.66000366210938,96.66000366210938,0
1995-07-18,96.69999694824219,96.69999694824219,96.69999694824219,96.69999694824219,0
1995-07-19,95.5999984741211,95.5999984741211,95.5999984741211,95.5999984741211,0
1995-07-20,95.18000030517578,95.18000030517578,95.18000030517578,95.18000030517578,0
1995-07-21,95.7300033569336,95.7300033569336,95.7300033569336,95.7300033569336,0
1995-07-24,95.68000030517578,95.68000030517578,95.68000030517578,95.68000030517578,0
1995-07-25,95.80000305175781,95.80000305175781,95.80000305175781,95.80000305175781,0
1995-07-26,96.80999755859375,96.80999755859375,96.80999755859375,96.80999755859375,0
1995-07-27,96.48999786376953,96.48999786376953,96.48999786376953,96.48999786376953,0
1995-07-28,96.43000030517578,96.43000030517578,96.43000030517578,96.43000030517578,0
1995-07-31,96.3499984741211,96.3499984741211,96.3499984741211,96.3499984741211,0
1995-08-01,95.94999694824219,95.94999694824219,95.94999694824219,95.94999694824219,0
1995-08-02,96.0,96.0,96.0,96.0,0
1995-08-03,96.0999984741211,96.0999984741211,96.0999984741211,96.0999984741211,0
1995-08-04,95.86000061035156,95.86000061035156,95.86000061035156,95.86000061035156,0
1995-08-07,95.66999816894531,95.66999816894531,95.66999816894531,95.66999816894531,0
1995-08-08,95.87000274658203,95.87000274658203,95.87000274658203,95.87000274658203,0
1995-08-09,95.9800033569336,95.9800033569336,95.9800033569336,95.9800033569336,0
1995-08-10,95.9800033569336,95.9800033569336,95.9800033569336,95.9800033569336,0
1995-08-11,95.95999908447266,95.95999908447266,95.95999908447266,95.95999908447266,0
1995-08-14,95.97000122070312,95.97000122070312,95.97000122070312,95.97000122070312,0
1995-08-15,96.0,96.0,96.0,96.0,0
1995-08-16,96.0,96.0,96.0,96.0,0
1995-08-17,96.55999755859375,96.55999755859375,96.55999755859375,96.55999755859375,0
1995-08-18,97.01000213623047,97.01000213623047,97.01000213623047,97.01000213623047,0
1995-08-21,97.97000122070312,97.97000122070312,97.97000122070312,97.97000122070312,0
1995-08-22,97.79000091552734,97.79000091552734,97.79000091552734,97.79000091552734,0
1995-08-23,97.91000366210938,97.91000366210938,97.91000366210938,97.91000366210938,0
1995-08-24,97.72000122070312,97.72000122070312,97.72000122070312,97.72000122070312,0
1995-08-25,97.58999633789062,97.58999633789062,97.58999633789062,97.58999633789062,0
1995-08-28,97.58000183105469,97.58000183105469,97.58000183105469,97.58000183105469,0
1995-08-29,97.23999786376953,97.23999786376953,97.23999786376953,97.23999786376953,0
1995-08-30,96.66000366210938,96.66000366210938,96.66000366210938,96.66000366210938,0
1995-08-31,97.54000091552734,97.54000091552734,97.54000091552734,97.54000091552734,0
1995-09-01,97.88999938964844,97.88999938964844,97.88999938964844,97.88999938964844,0
1995-09-05,98.1500015258789,98.1500015258789,98.1500015258789,98.1500015258789,0
1995-09-06,97.80999755859375,97.80999755859375,97.80999755859375,97.80999755859375,0
1995-09-07,97.87000274658203,97.87000274658203,97.87000274658203,97.87000274658203,0
1995-09-08,97.94999694824219,97.94999694824219,97.94999694824219,97.94999694824219,0
1995-09-11,98.02999877929688,98.02999877929688,98.02999877929688,98.02999877929688,0
1995-09-12,98.41000366210938,98.41000366210938,98.41000366210938,98.41000366210938,0
1995-09-13,97.98999786376953,97.98999786376953,97.98999786376953,97.98999786376953,0
1995-09-14,98.3499984741211,98.3499984741211,98.3499984741211,98.3499984741211,0
1995-09-15,98.70999908447266,98.70999908447266,98.70999908447266,98.70999908447266,0
1995-09-18,99.55000305175781,99.55000305175781,99.55000305175781,99.55000305175781,0
1995-09-19,99.22000122070312,99.22000122070312,99.22000122070312,99.22000122070312,0
1995-09-20,98.61000061035156,98.61000061035156,98.61000061035156,98.61000061035156,0
1995-09-21,98.9000015258789,98.9000015258789,98.9000015258789,98.9000015258789,0
1995-09-22,97.83999633789062,97.83999633789062,97.83999633789062,97.83999633789062,0
1995-09-25,97.77999877929688,97.77999877929688,97.77999877929688,97.77999877929688,0
1995-09-26,97.79000091552734,97.79000091552734,97.79000091552734,97.79000091552734,0
1995-09-27,97.66999816894531,97.66999816894531,97.66999816894531,97.66999816894531,0
1995-09-28,98.16999816894531,98.16999816894531,98.16999816894531,98.16999816894531,0
1995-09-29,98.05000305175781,98.05000305175781,98.05000305175781,98.05000305175781,0
1995-10-02,98.02999877929688,98.02999877929688,98.02999877929688,98.02999877929688,0
1995-10-03,97.55000305175781,97.55000305175781,97.55000305175781,97.55000305175781,0
1995-10-04,97.47000122070312,97.47000122070312,97.47000122070312,97.47000122070312,0
1995-10-05,96.54000091552734,96.54000091552734,96.54000091552734,96.54000091552734,0
1995-10-06,96.62000274658203,96.62000274658203,96.62000274658203,96.62000274658203,0
1995-10-10,97.1500015258789,97.1500015258789,97.1500015258789,97.1500015258789,0
1995-10-11,97.30999755859375,97.30999755859375,97.30999755859375,97.30999755859375,0
1995-10-12,96.95999908447266,96.95999908447266,96.95999908447266,96.95999908447266,0
1995-10-13,97.44999694824219,97.44999694824219,97.44999694824219,97.44999694824219,0
1995-10-16,97.5999984741211,97.5999984741211,97.5999984741211,97.5999984741211,0
1995-10-17,97.06999969482422,97.06999969482422,97.06999969482422,97.06999969482422,0
1995-10-18,96.98999786376953,96.98999786376953,96.98999786376953,96.98999786376953,0
1995-10-19,97.25,97.25,97.25,97.25,0
1995-10-20,97.44000244140625,97.44000244140625,97.44000244140625,97.44000244140625,0
1995-10-23,97.5,97.5,97.5,97.5,0
1995-10-24,97.4800033569336,97.4800033569336,97.4800033569336,97.4800033569336,0
1995-10-25,97.63999938964844,97.63999938964844,97.63999938964844,97.63999938964844,0
1995-10-26,98.12999725341797,98.12999725341797,98.12999725341797,98.12999725341797,0
1995-10-27,97.87999725341797,97.87999725341797,97.87999725341797,97.87999725341797,0
1995-10-30,98.0999984741211,98.0999984741211,98.0999984741211,98.0999984741211,0
1995-10-31,98.41999816894531,98.41999816894531,98.41999816894531,98.41999816894531,0
1995-11-01,98.87000274658203,98.87000274658203,98.87000274658203,98.87000274658203,0
1995-11-02,99.47000122070312,99.47000122070312,99.47000122070312,99.47000122070312,0
1995-11-03,99.08000183105469,99.08000183105469,99.08000183105469,99.08000183105469,0
1995-11-06,98.95999908447266,98.95999908447266,98.95999908447266,98.95999908447266,0
1995-11-07,99.0199966430664,99.0199966430664,99.0199966430664,99.0199966430664,0
1995-11-08,99.05000305175781,99.05000305175781,99.05000305175781,99.05000305175781,0
1995-11-09,98.87999725341797,98.87999725341797,98.87999725341797,98.87999725341797,0
1995-11-10,99.37000274658203,99.37000274658203,99.37000274658203,99.37000274658203,0
1995-11-13,98.86000061035156,98.86000061035156,98.86000061035156,98.86000061035156,0
1995-11-14,98.54000091552734,98.54000091552734,98.54000091552734,98.54000091552734,0
1995-11-15,98.48999786376953,98.48999786376953,98.48999786376953,98.48999786376953,0
1995-11-16,99.08999633789062,99.08999633789062,99.08999633789062,99.08999633789062,0
1995-11-17,99.83999633789062,99.83999633789062,99.83999633789062,99.83999633789062,0
1995-11-20,99.69000244140625,99.69000244140625,99.69000244140625,99.69000244140625,0
1995-11-21,99.33000183105469,99.33000183105469,99.33000183105469,99.33000183105469,0
1995-11-22,99.54000091552734,99.54000091552734,99.54000091552734,99.54000091552734,0
1995-11-24,99.80999755859375,99.80999755859375,99.80999755859375,99.80999755859375,0
1995-11-27,99.91000366210938,99.91000366210938,99.91000366210938,99.91000366210938,0
1995-11-28,99.48999786376953,99.48999786376953,99.48999786376953,99.48999786376953,0
1995-11-29,99.61000061035156,99.61000061035156,99.61000061035156,99.61000061035156,0
1995-11-30,99.51000213623047,99.51000213623047,99.51000213623047,99.51000213623047,0
1995-12-01,100.05999755859375,100.05999755859375,100.05999755859375,100.05999755859375,0
1995-12-04,100.52999877929688,100.52999877929688,100.52999877929688,100.52999877929688,0
1995-12-05,101.2699966430664,101.2699966430664,101.2699966430664,101.2699966430664,0
1995-12-06,101.2699966430664,101.2699966430664,101.2699966430664,101.2699966430664,0
1995-12-07,101.47000122070312,101.47000122070312,101.47000122070312,101.47000122070312,0
1995-12-08,102.12000274658203,102.12000274658203,102.12000274658203,102.12000274658203,0
1995-12-11,102.04000091552734,102.04000091552734,102.04000091552734,102.04000091552734,0
1995-12-12,101.95999908447266,101.95999908447266,101.95999908447266,101.95999908447266,0
1995-12-13,102.73999786376953,102.73999786376953,102.73999786376953,102.73999786376953,0
1995-12-14,103.19000244140625,103.19000244140625,103.19000244140625,103.19000244140625,0
1995-12-15,103.0,103.0,103.0,103.0,0
1995-12-18,103.56999969482422,103.56999969482422,103.56999969482422,103.56999969482422,0
1995-12-19,103.93000030517578,103.93000030517578,103.93000030517578,103.93000030517578,0
1995-12-20,103.9800033569336,103.9800033569336,103.9800033569336,103.9800033569336,0
1995-12-21,103.66999816894531,103.66999816894531,103.66999816894531,103.66999816894531,0
1995-12-22,103.69000244140625,103.69000244140625,103.69000244140625,103.69000244140625,0
1995-12-26,103.88999938964844,103.88999938964844,103.88999938964844,103.88999938964844,0
1995-12-27,104.48999786376953,104.48999786376953,104.48999786376953,104.48999786376953,0
1995-12-28,103.87999725341797,103.87999725341797,103.87999725341797,103.87999725341797,0
1995-12-29,104.31999969482422,104.31999969482422,104.31999969482422,104.31999969482422,0
1996-01-02,105.04000091552734,105.04000091552734,105.04000091552734,105.04000091552734,0
1996-01-03,105.41000366210938,105.41000366210938,105.41000366210938,105.41000366210938,0
1996-01-04,105.0,105.0,105.0,105.0,0
1996-01-05,105.70999908447266,105.70999908447266,105.70999908447266,105.70999908447266,0
1996-01-08,104.91000366210938,104.91000366210938,104.91000366210938,104.91000366210938,0
1996-01-09,105.1500015258789,105.1500015258789,105.1500015258789,105.1500015258789,0
1996-01-10,104.83000183105469,104.83000183105469,104.83000183105469,104.83000183105469,0
1996-01-11,103.2699966430664,103.2699966430664,103.2699966430664,103.2699966430664,0
1996-01-12,102.16000366210938,102.16000366210938,102.16000366210938,102.16000366210938,0
1996-01-16,100.72000122070312,100.72000122070312,100.72000122070312,100.72000122070312,0
1996-01-17,101.47000122070312,101.47000122070312,101.47000122070312,101.47000122070312,0
1996-01-18,102.12000274658203,102.12000274658203,102.12000274658203,102.12000274658203,0
1996-01-19,101.94000244140625,101.94000244140625,101.94000244140625,101.94000244140625,0
1996-01-22,101.66999816894531,101.66999816894531,101.66999816894531,101.66999816894531,0
1996-01-23,102.25,102.25,102.25,102.25,0
1996-01-24,102.54000091552734,102.54000091552734,102.54000091552734,102.54000091552734,0
1996-01-25,101.41000366210938,101.41000366210938,101.41000366210938,101.41000366210938,0
1996-01-26,101.93000030517578,101.93000030517578,101.93000030517578,101.93000030517578,0
1996-01-29,102.66999816894531,102.66999816894531,102.66999816894531,102.66999816894531,0
1996-01-30,103.5999984741211,103.5999984741211,103.5999984741211,103.5999984741211,0
1996-01-31,104.58000183105469,104.58000183105469,104.58000183105469,104.58000183105469,0
1996-02-01,104.83000183105469,104.83000183105469,104.83000183105469,104.83000183105469,0
1996-02-02,105.04000091552734,105.04000091552734,105.04000091552734,105.04000091552734,0
1996-02-05,103.33000183105469,103.33000183105469,103.33000183105469,103.33000183105469,0
1996-02-06,104.02999877929688,104.02999877929688,104.02999877929688,104.02999877929688,0
1996-02-07,104.11000061035156,104.11000061035156,104.11000061035156,104.11000061035156,0
1996-02-08,104.36000061035156,104.36000061035156,104.36000061035156,104.36000061035156,0
1996-02-09,104.61000061035156,104.61000061035156,104.61000061035156,104.61000061035156,0
1996-02-12,104.47000122070312,104.47000122070312,104.47000122070312,104.47000122070312,0
1996-02-13,105.63999938964844,105.63999938964844,105.63999938964844,105.63999938964844,0
1996-02-14,105.93000030517578,105.93000030517578,105.93000030517578,105.93000030517578,0
1996-02-15,105.77999877929688,105.77999877929688,105.77999877929688,105.77999877929688,0
1996-02-16,105.62999725341797,105.62999725341797,105.62999725341797,105.62999725341797,0
1996-02-20,106.16000366210938,106.16000366210938,106.16000366210938,106.16000366210938,0
1996-02-21,106.69000244140625,106.69000244140625,106.69000244140625,106.69000244140625,0
1996-02-22,106.69999694824219,106.69999694824219,106.69999694824219,106.69999694824219,0
1996-02-23,105.77999877929688,105.77999877929688,105.77999877929688,105.77999877929688,0
1996-02-26,106.56999969482422,106.56999969482422,106.56999969482422,106.56999969482422,0
1996-02-27,106.56999969482422,106.56999969482422,106.56999969482422,106.56999969482422,0
1996-02-28,106.12999725341797,106.12999725341797,106.12999725341797,106.12999725341797,0
1996-02-29,106.38999938964844,106.38999938964844,106.38999938964844,106.38999938964844,0
1996-03-01,105.76000213623047,105.76000213623047,105.76000213623047,105.76000213623047,0
1996-03-04,105.12000274658203,105.12000274658203,105.12000274658203,105.12000274658203,0
1996-03-05,105.06999969482422,105.06999969482422,105.06999969482422,105.06999969482422,0
1996-03-06,105.52999877929688,105.52999877929688,105.52999877929688,105.52999877929688,0
1996-03-07,105.76000213623047,105.76000213623047,105.76000213623047,105.76000213623047,0
1996-03-08,106.04000091552734,106.04000091552734,106.04000091552734,106.04000091552734,0
1996-03-11,106.52999877929688,106.52999877929688,106.52999877929688,106.52999877929688,0
1996-03-12,107.13999938964844,107.13999938964844,107.13999938964844,107.13999938964844,0
1996-03-13,107.58999633789062,107.58999633789062,107.58999633789062,107.58999633789062,0
1996-03-14,107.63999938964844,107.63999938964844,107.63999938964844,107.63999938964844,0
1996-03-15,107.9800033569336,107.9800033569336,107.9800033569336,107.9800033569336,0
1996-03-18,109.30000305175781,109.30000305175781,109.30000305175781,109.30000305175781,0
1996-03-19,109.16999816894531,109.16999816894531,109.16999816894531,109.16999816894531,0
1996-03-20,109.52999877929688,109.52999877929688,109.52999877929688,109.52999877929688,0
1996-03-21,110.08000183105469,110.08000183105469,110.08000183105469,110.08000183105469,0
1996-03-22,111.16999816894531,111.16999816894531,111.16999816894531,111.16999816894531,0
1996-03-25,111.73999786376953,111.73999786376953,111.73999786376953,111.73999786376953,0
1996-03-26,111.8499984741211,111.8499984741211,111.8499984741211,111.8499984741211,0
1996-03-27,111.69000244140625,111.69000244140625,111.69000244140625,111.69000244140625,0
1996-03-28,110.75,110.75,110.75,110.75,0
1996-03-29,111.01000213623047,111.01000213623047,111.01000213623047,111.01000213623047,0
1996-04-01,112.05000305175781,112.05000305175781,112.05000305175781,112.05000305175781,0
1996-04-02,112.48999786376953,112.48999786376953,112.48999786376953,112.48999786376953,0
1996-04-03,112.43000030517578,112.43000030517578,112.43000030517578,112.43000030517578,0
1996-04-04,113.31999969482422,113.31999969482422,113.31999969482422,113.31999969482422,0
1996-04-08,114.41999816894531,114.41999816894531,114.41999816894531,114.41999816894531,0
1996-04-09,114.18000030517578,114.18000030517578,114.18000030517578,114.18000030517578,0
1996-04-10,116.16000366210938,116.16000366210938,116.16000366210938,116.16000366210938,0
1996-04-11,117.37999725341797,117.37999725341797,117.37999725341797,117.37999725341797,0
1996-04-12,116.70999908447266,116.70999908447266,116.70999908447266,116.70999908447266,0
1996-04-15,116.56999969482422,116.56999969482422,116.56999969482422,116.56999969482422,0
1996-04-16,114.61000061035156,114.61000061035156,114.61000061035156,114.61000061035156,0
1996-04-17,114.68000030517578,114.68000030517578,114.68000030517578,114.68000030517578,0
1996-04-18,115.22000122070312,115.22000122070312,115.22000122070312,115.22000122070312,0
1996-04-19,115.44000244140625,115.44000244140625,115.44000244140625,115.44000244140625,0
1996-04-22,117.08999633789062,117.08999633789062,117.08999633789062,117.08999633789062,0
1996-04-23,118.04000091552734,118.04000091552734,118.04000091552734,118.04000091552734,0
1996-04-24,117.86000061035156,117.86000061035156,117.86000061035156,117.86000061035156,0
1996-04-25,118.18000030517578,118.18000030517578,118.18000030517578,118.18000030517578,0
1996-04-26,118.0999984741211,118.0999984741211,118.0999984741211,118.0999984741211,0
1996-04-29,117.4800033569336,117.4800033569336,117.4800033569336,117.4800033569336,0
1996-04-30,115.94000244140625,115.94000244140625,115.94000244140625,115.94000244140625,0
1996-05-01,116.9800033569336,116.9800033569336,116.9800033569336,116.9800033569336,0
1996-05-02,116.4000015258789,116.4000015258789,116.4000015258789,116.4000015258789,0
1996-05-03,116.98999786376953,116.98999786376953,116.98999786376953,116.98999786376953,0
1996-05-06,116.88999938964844,116.88999938964844,116.88999938964844,116.88999938964844,0
1996-05-07,117.9800033569336,117.9800033569336,117.9800033569336,117.9800033569336,0
1996-05-08,118.61000061035156,118.61000061035156,118.61000061035156,118.61000061035156,0
1996-05-09,118.38999938964844,118.38999938964844,118.38999938964844,118.38999938964844,0
1996-05-10,118.16000366210938,118.16000366210938,118.16000366210938,118.16000366210938,0
1996-05-13,119.08000183105469,119.08000183105469,119.08000183105469,119.08000183105469,0
1996-05-14,118.8499984741211,118.8499984741211,118.8499984741211,118.8499984741211,0
1996-05-15,118.61000061035156,118.61000061035156,118.61000061035156,118.61000061035156,0
1996-05-16,117.95999908447266,117.95999908447266,117.95999908447266,117.95999908447266,0
1996-05-17,117.16999816894531,117.16999816894531,117.16999816894531,117.16999816894531,0
1996-05-20,117.95999908447266,117.95999908447266,117.95999908447266,117.95999908447266,0
1996-05-21,117.16000366210938,117.16000366210938,117.16000366210938,117.16000366210938,0
1996-05-22,117.7300033569336,117.7300033569336,117.7300033569336,117.7300033569336,0
1996-05-23,117.61000061035156,117.61000061035156,117.61000061035156,117.61000061035156,0
1996-05-24,117.5999984741211,117.5999984741211,117.5999984741211,117.5999984741211,0
1996-05-28,116.87999725341797,116.87999725341797,116.87999725341797,116.87999725341797,0
1996-05-29,115.88999938964844,115.88999938964844,115.88999938964844,115.88999938964844,0
1996-05-30,114.86000061035156,114.86000061035156,114.86000061035156,114.86000061035156,0
1996-05-31,114.91999816894531,114.91999816894531,114.91999816894531,114.91999816894531,0
1996-06-03,114.23999786376953,114.23999786376953,114.23999786376953,114.23999786376953,0
1996-06-04,113.88999938964844,113.88999938964844,113.88999938964844,113.88999938964844,0
1996-06-05,111.93000030517578,111.93000030517578,111.93000030517578,111.93000030517578,0
1996-06-06,112.6500015258789,112.6500015258789,112.6500015258789,112.6500015258789,0
1996-06-07,113.95999908447266,113.95999908447266,113.95999908447266,113.95999908447266,0
1996-06-10,114.79000091552734,114.79000091552734,114.79000091552734,114.79000091552734,0
1996-06-11,113.66000366210938,113.66000366210938,113.66000366210938,113.66000366210938,0
1996-06-12,113.58999633789062,113.58999633789062,113.58999633789062,113.58999633789062,0
1996-06-13,113.4000015258789,113.4000015258789,113.4000015258789,113.4000015258789,0
1996-06-14,112.88999938964844,112.88999938964844,112.88999938964844,112.88999938964844,0
1996-06-17,113.9000015258789,113.9000015258789,113.9000015258789,113.9000015258789,0
1996-06-18,114.12000274658203,114.12000274658203,114.12000274658203,114.12000274658203,0
1996-06-19,113.30000305175781,113.30000305175781,113.30000305175781,113.30000305175781,0
1996-06-20,113.33000183105469,113.33000183105469,113.33000183105469,113.33000183105469,0
1996-06-21,113.30999755859375,113.30999755859375,113.30999755859375,113.30999755859375,0
1996-06-24,113.12999725341797,113.12999725341797,113.12999725341797,113.12999725341797,0
1996-06-25,112.45999908447266,112.45999908447266,112.45999908447266,112.45999908447266,0
1996-06-26,113.20999908447266,113.20999908447266,113.20999908447266,113.20999908447266,0
1996-06-27,113.62999725341797,113.62999725341797,113.62999725341797,113.62999725341797,0
1996-06-28,114.2699966430664,114.2699966430664,114.2699966430664,114.2699966430664,0
1996-07-01,115.2699966430664,115.2699966430664,115.2699966430664,115.2699966430664,0
1996-07-02,114.52999877929688,114.52999877929688,114.52999877929688,114.52999877929688,0
1996-07-03,115.0999984741211,115.0999984741211,115.0999984741211,115.0999984741211,0
1996-07-05,114.91000366210938,114.91000366210938,114.91000366210938,114.91000366210938,0
1996-07-08,115.23999786376953,115.23999786376953,115.23999786376953,115.23999786376953,0
1996-07-09,115.69999694824219,115.69999694824219,115.69999694824219,115.69999694824219,0
1996-07-10,116.12000274658203,116.12000274658203,116.12000274658203,116.12000274658203,0
1996-07-11,117.06999969482422,117.06999969482422,117.06999969482422,117.06999969482422,0
1996-07-12,117.73999786376953,117.73999786376953,117.73999786376953,117.73999786376953,0
1996-07-15,117.58999633789062,117.58999633789062,117.58999633789062,117.58999633789062,0
1996-07-16,116.5199966430664,116.5199966430664,116.5199966430664,116.5199966430664,0
1996-07-17,115.29000091552734,115.29000091552734,115.29000091552734,115.29000091552734,0
1996-07-18,113.93000030517578,113.93000030517578,113.93000030517578,113.93000030517578,0
1996-07-19,112.94000244140625,112.94000244140625,112.94000244140625,112.94000244140625,0
1996-07-22,112.06999969482422,112.06999969482422,112.06999969482422,112.06999969482422,0
1996-07-23,113.18000030517578,113.18000030517578,113.18000030517578,113.18000030517578,0
1996-07-24,112.36000061035156,112.36000061035156,112.36000061035156,112.36000061035156,0
1996-07-25,112.47000122070312,112.47000122070312,112.47000122070312,112.47000122070312,0
1996-07-26,111.2300033569336,111.2300033569336,111.2300033569336,111.2300033569336,0
1996-07-29,111.51000213623047,111.51000213623047,111.51000213623047,111.51000213623047,0
1996-07-30,111.63999938964844,111.63999938964844,111.63999938964844,111.63999938964844,0
1996-07-31,112.11000061035156,112.11000061035156,112.11000061035156,112.11000061035156,0
1996-08-01,113.55999755859375,113.55999755859375,113.55999755859375,113.55999755859375,0
1996-08-02,113.88999938964844,113.88999938964844,113.88999938964844,113.88999938964844,0
1996-08-05,113.13999938964844,113.13999938964844,113.13999938964844,113.13999938964844,0
1996-08-06,113.16000366210938,113.16000366210938,113.16000366210938,113.16000366210938,0
1996-08-07,113.44999694824219,113.44999694824219,113.44999694824219,113.44999694824219,0
1996-08-08,114.37999725341797,114.37999725341797,114.37999725341797,114.37999725341797,0
1996-08-09,114.55000305175781,114.55000305175781,114.55000305175781,114.55000305175781,0
1996-08-12,116.02999877929688,116.02999877929688,116.02999877929688,116.02999877929688,0
1996-08-13,116.37000274658203,116.37000274658203,116.37000274658203,116.37000274658203,0
1996-08-14,116.0999984741211,116.0999984741211,116.0999984741211,116.0999984741211,0
1996-08-15,115.5999984741211,115.5999984741211,115.5999984741211,115.5999984741211,0
1996-08-16,116.30000305175781,116.30000305175781,116.30000305175781,116.30000305175781,0
1996-08-19,117.20999908447266,117.20999908447266,117.20999908447266,117.20999908447266,0
1996-08-20,116.36000061035156,116.36000061035156,116.36000061035156,116.36000061035156,0
1996-08-21,115.94999694824219,115.94999694824219,115.94999694824219,115.94999694824219,0
1996-08-22,116.70999908447266,116.70999908447266,116.70999908447266,116.70999908447266,0
1996-08-23,116.5,116.5,116.5,116.5,0
1996-08-26,116.41999816894531,116.41999816894531,116.41999816894531,116.41999816894531,0
1996-08-27,116.1500015258789,116.1500015258789,116.1500015258789,116.1500015258789,0
1996-08-28,115.80999755859375,115.80999755859375,115.80999755859375,115.80999755859375,0
1996-08-29,116.7300033569336,116.7300033569336,116.7300033569336,116.7300033569336,0
1996-08-30,117.05999755859375,117.05999755859375,117.05999755859375,117.05999755859375,0
1996-09-03,117.94000244140625,117.94000244140625,117.94000244140625,117.94000244140625,0
1996-09-04,117.0999984741211,117.0999984741211,117.0999984741211,117.0999984741211,0
1996-09-05,117.27999877929688,117.27999877929688,117.27999877929688,117.27999877929688,0
1996-09-06,118.1500015258789,118.1500015258789,118.1500015258789,118.1500015258789,0
1996-09-09,117.8499984741211,117.8499984741211,117.8499984741211,117.8499984741211,0
1996-09-10,118.4800033569336,118.4800033569336,118.4800033569336,118.4800033569336,0
1996-09-11,118.5199966430664,118.5199966430664,118.5199966430664,118.5199966430664,0
1996-09-12,118.88999938964844,118.88999938964844,118.88999938964844,118.88999938964844,0
1996-09-13,118.06999969482422,118.06999969482422,118.06999969482422,118.06999969482422,0
1996-09-16,116.26000213623047,116.26000213623047,116.26000213623047,116.26000213623047,0
1996-09-17,116.30999755859375,116.30999755859375,116.30999755859375,116.30999755859375,0
1996-09-18,117.51000213623047,117.51000213623047,117.51000213623047,117.51000213623047,0
1996-09-19,116.69999694824219,116.69999694824219,116.69999694824219,116.69999694824219,0
1996-09-20,116.44999694824219,116.44999694824219,116.44999694824219,116.44999694824219,0
1996-09-23,116.25,116.25,116.25,116.25,0
1996-09-24,117.51000213623047,117.51000213623047,117.51000213623047,117.51000213623047,0
1996-09-25,118.30999755859375,118.30999755859375,118.30999755859375,118.30999755859375,0
1996-09-26,117.77999877929688,117.77999877929688,117.77999877929688,117.77999877929688,0
1996-09-27,118.25,118.25,118.25,118.25,0
1996-09-30,117.13999938964844,117.13999938964844,117.13999938964844,117.13999938964844,0
1996-10-01,116.5999984741211,116.5999984741211,116.5999984741211,116.5999984741211,0
1996-10-02,116.66000366210938,116.66000366210938,116.66000366210938,116.66000366210938,0
1996-10-03,117.7699966430664,117.7699966430664,117.7699966430664,117.7699966430664,0
1996-10-04,117.66000366210938,117.66000366210938,117.66000366210938,117.66000366210938,0
1996-10-07,118.73999786376953,118.73999786376953,118.73999786376953,118.73999786376953,0
1996-10-08,119.63999938964844,119.63999938964844,119.63999938964844,119.63999938964844,0
1996-10-09,118.81999969482422,118.81999969482422,118.81999969482422,118.81999969482422,0
1996-10-10,117.56999969482422,117.56999969482422,117.56999969482422,117.56999969482422,0
1996-10-11,117.25,117.25,117.25,117.25,0
1996-10-15,117.93000030517578,117.93000030517578,117.93000030517578,117.93000030517578,0
1996-10-16,117.11000061035156,117.11000061035156,117.11000061035156,117.11000061035156,0
1996-10-17,117.48999786376953,117.48999786376953,117.48999786376953,117.48999786376953,0
1996-10-18,117.54000091552734,117.54000091552734,117.54000091552734,117.54000091552734,0
1996-10-21,117.83999633789062,117.83999633789062,117.83999633789062,117.83999633789062,0
1996-10-22,118.55000305175781,118.55000305175781,118.55000305175781,118.55000305175781,0
1996-10-23,118.16999816894531,118.16999816894531,118.16999816894531,118.16999816894531,0
1996-10-24,117.1500015258789,117.1500015258789,117.1500015258789,117.1500015258789,0
1996-10-25,118.16000366210938,118.16000366210938,118.16000366210938,118.16000366210938,0
1996-10-28,118.2699966430664,118.2699966430664,118.2699966430664,118.2699966430664,0
1996-10-29,117.08000183105469,117.08000183105469,117.08000183105469,117.08000183105469,0
1996-10-30,117.31999969482422,117.31999969482422,117.31999969482422,117.31999969482422,0
1996-10-31,115.01000213623047,115.01000213623047,115.01000213623047,115.01000213623047,0
1996-11-01,114.68000030517578,114.68000030517578,114.68000030517578,114.68000030517578,0
1996-11-04,114.31999969482422,114.31999969482422,114.31999969482422,114.31999969482422,0
1996-11-05,114.08999633789062,114.08999633789062,114.08999633789062,114.08999633789062,0
1996-11-06,114.68000030517578,114.68000030517578,114.68000030517578,114.68000030517578,0
1996-11-07,115.56999969482422,115.56999969482422,115.56999969482422,115.56999969482422,0
1996-11-08,116.66000366210938,116.66000366210938,116.66000366210938,116.66000366210938,0
1996-11-12,116.83000183105469,116.83000183105469,116.83000183105469,116.83000183105469,0
1996-11-13,118.16999816894531,118.16999816894531,118.16999816894531,118.16999816894531,0
1996-11-14,118.77999877929688,118.77999877929688,118.77999877929688,118.77999877929688,0
1996-11-15,119.16000366210938,119.16000366210938,119.16000366210938,119.16000366210938,0
1996-11-18,118.62999725341797,118.62999725341797,118.62999725341797,118.62999725341797,0
1996-11-19,120.19000244140625,120.19000244140625,120.19000244140625,120.19000244140625,0
1996-11-20,119.97000122070312,119.97000122070312,119.97000122070312,119.97000122070312,0
1996-11-21,120.37000274658203,120.37000274658203,120.37000274658203,120.37000274658203,0
1996-11-22,120.66000366210938,120.66000366210938,120.66000366210938,120.66000366210938,0
1996-11-25,120.2300033569336,120.2300033569336,120.2300033569336,120.2300033569336,0
1996-11-26,121.02999877929688,121.02999877929688,121.02999877929688,121.02999877929688,0
1996-11-27,121.1500015258789,121.1500015258789,121.1500015258789,121.1500015258789,0
1996-11-29,120.93000030517578,120.93000030517578,120.93000030517578,120.93000030517578,0
1996-12-02,120.83000183105469,120.83000183105469,120.83000183105469,120.83000183105469,0
1996-12-03,121.0999984741211,121.0999984741211,121.0999984741211,121.0999984741211,0
1996-12-04,121.08999633789062,121.08999633789062,121.08999633789062,121.08999633789062,0
1996-12-05,123.0199966430664,123.0199966430664,123.0199966430664,123.0199966430664,0
1996-12-06,121.9000015258789,121.9000015258789,121.9000015258789,121.9000015258789,0
1996-12-09,120.41999816894531,120.41999816894531,120.41999816894531,120.41999816894531,0
1996-12-10,119.62999725341797,119.62999725341797,119.62999725341797,119.62999725341797,0
1996-12-11,118.66999816894531,118.66999816894531,118.66999816894531,118.66999816894531,0
1996-12-12,119.5999984741211,119.5999984741211,119.5999984741211,119.5999984741211,0
1996-12-13,120.87999725341797,120.87999725341797,120.87999725341797,120.87999725341797,0
1996-12-16,122.4000015258789,122.4000015258789,122.4000015258789,122.4000015258789,0
1996-12-17,122.12000274658203,122.12000274658203,122.12000274658203,122.12000274658203,0
1996-12-18,122.81999969482422,122.81999969482422,122.81999969482422,122.81999969482422,0
1996-12-19,123.38999938964844,123.38999938964844,123.38999938964844,123.38999938964844,0
1996-12-20,123.0999984741211,123.0999984741211,123.0999984741211,123.0999984741211,0
1996-12-23,122.33000183105469,122.33000183105469,122.33000183105469,122.33000183105469,0
1996-12-24,123.16000366210938,123.16000366210938,123.16000366210938,123.16000366210938,0
1996-12-26,122.47000122070312,122.47000122070312,122.47000122070312,122.47000122070312,0
1996-12-27,121.80999755859375,121.80999755859375,121.80999755859375,121.80999755859375,0
1996-12-30,121.05999755859375,121.05999755859375,121.05999755859375,121.05999755859375,0
1996-12-31,122.05000305175781,122.05000305175781,122.05000305175781,122.05000305175781,0
1997-01-02,122.58000183105469,122.58000183105469,122.58000183105469,122.58000183105469,0
1997-01-03,122.51000213623047,122.51000213623047,122.51000213623047,122.51000213623047,0
1997-01-06,124.41000366210938,124.41000366210938,124.41000366210938,124.41000366210938,0
1997-01-07,124.37000274658203,124.37000274658203,124.37000274658203,124.37000274658203,0
1997-01-08,125.0,125.0,125.0,125.0,0
1997-01-09,124.81999969482422,124.81999969482422,124.81999969482422,124.81999969482422,0
1997-01-10,124.70999908447266,124.70999908447266,124.70999908447266,124.70999908447266,0
1997-01-13,123.97000122070312,123.97000122070312,123.97000122070312,123.97000122070312,0
1997-01-14,124.05000305175781,124.05000305175781,124.05000305175781,124.05000305175781,0
1997-01-15,125.69000244140625,125.69000244140625,125.69000244140625,125.69000244140625,0
1997-01-16,124.4800033569336,124.4800033569336,124.4800033569336,124.4800033569336,0
1997-01-17,123.93000030517578,123.93000030517578,123.93000030517578,123.93000030517578,0
1997-01-21,122.94999694824219,122.94999694824219,122.94999694824219,122.94999694824219,0
1997-01-22,123.16999816894531,123.16999816894531,123.16999816894531,123.16999816894531,0
1997-01-23,123.20999908447266,123.20999908447266,123.20999908447266,123.20999908447266,0
1997-01-24,123.31999969482422,123.31999969482422,123.31999969482422,123.31999969482422,0
1997-01-27,123.81999969482422,123.81999969482422,123.81999969482422,123.81999969482422,0
1997-01-28,123.22000122070312,123.22000122070312,123.22000122070312,123.22000122070312,0
1997-01-29,123.1500015258789,123.1500015258789,123.1500015258789,123.1500015258789,0
1997-01-30,123.2699966430664,123.2699966430664,123.2699966430664,123.2699966430664,0
1997-01-31,122.29000091552734,122.29000091552734,122.29000091552734,122.29000091552734,0
1997-02-03,122.16000366210938,122.16000366210938,122.16000366210938,122.16000366210938,0
1997-02-04,122.26000213623047,122.26000213623047,122.26000213623047,122.26000213623047,0
1997-02-05,122.44000244140625,122.44000244140625,122.44000244140625,122.44000244140625,0
1997-02-06,121.16999816894531,121.16999816894531,121.16999816894531,121.16999816894531,0
1997-02-07,119.83999633789062,119.83999633789062,119.83999633789062,119.83999633789062,0
1997-02-10,120.12999725341797,120.12999725341797,120.12999725341797,120.12999725341797,0
1997-02-11,120.23999786376953,120.23999786376953,120.23999786376953,120.23999786376953,0
1997-02-12,120.52999877929688,120.52999877929688,120.52999877929688,120.52999877929688,0
1997-02-13,120.86000061035156,120.86000061035156,120.86000061035156,120.86000061035156,0
1997-02-14,121.1500015258789,121.1500015258789,121.1500015258789,121.1500015258789,0
1997-02-18,121.63999938964844,121.63999938964844,121.63999938964844,121.63999938964844,0
1997-02-19,122.5999984741211,122.5999984741211,122.5999984741211,122.5999984741211,0
1997-02-20,122.62000274658203,122.62000274658203,122.62000274658203,122.62000274658203,0
1997-02-21,122.7300033569336,122.7300033569336,122.7300033569336,122.7300033569336,0
1997-02-24,121.97000122070312,121.97000122070312,121.97000122070312,121.97000122070312,0
1997-02-25,122.77999877929688,122.77999877929688,122.77999877929688,122.77999877929688,0
1997-02-26,123.47000122070312,123.47000122070312,123.47000122070312,123.47000122070312,0
1997-02-27,123.30000305175781,123.30000305175781,123.30000305175781,123.30000305175781,0
1997-02-28,123.08999633789062,123.08999633789062,123.08999633789062,123.08999633789062,0
1997-03-03,123.98999786376953,123.98999786376953,123.98999786376953,123.98999786376953,0
1997-03-04,124.72000122070312,124.72000122070312,124.72000122070312,124.72000122070312,0
1997-03-05,123.68000030517578,123.68000030517578,123.68000030517578,123.68000030517578,0
1997-03-06,124.77999877929688,124.77999877929688,124.77999877929688,124.77999877929688,0
1997-03-07,125.29000091552734,125.29000091552734,125.29000091552734,125.29000091552734,0
1997-03-10,125.72000122070312,125.72000122070312,125.72000122070312,125.72000122070312,0
1997-03-11,125.69000244140625,125.69000244140625,125.69000244140625,125.69000244140625,0
1997-03-12,124.66999816894531,124.66999816894531,124.66999816894531,124.66999816894531,0
1997-03-13,124.55999755859375,124.55999755859375,124.55999755859375,124.55999755859375,0
1997-03-14,126.01000213623047,126.01000213623047,126.01000213623047,126.01000213623047,0
1997-03-17,124.19000244140625,124.19000244140625,124.19000244140625,124.19000244140625,0
1997-03-18,124.77999877929688,124.77999877929688,124.77999877929688,124.77999877929688,0
1997-03-19,125.29000091552734,125.29000091552734,125.29000091552734,125.29000091552734,0
1997-03-20,125.95999908447266,125.95999908447266,125.95999908447266,125.95999908447266,0
1997-03-21,125.08000183105469,125.08000183105469,125.08000183105469,125.08000183105469,0
1997-03-24,124.05999755859375,124.05999755859375,124.05999755859375,124.05999755859375,0
1997-03-25,124.7699966430664,124.7699966430664,124.7699966430664,124.7699966430664,0
1997-03-26,124.45999908447266,124.45999908447266,124.45999908447266,124.45999908447266,0
1997-03-27,125.33000183105469,125.33000183105469,125.33000183105469,125.33000183105469,0
1997-03-31,125.11000061035156,125.11000061035156,125.11000061035156,125.11000061035156,0
1997-04-01,125.11000061035156,125.11000061035156,125.11000061035156,125.11000061035156,0
1997-04-02,123.66999816894531,123.66999816894531,123.66999816894531,123.66999816894531,0
1997-04-03,122.20999908447266,122.20999908447266,122.20999908447266,122.20999908447266,0
1997-04-04,121.31999969482422,121.31999969482422,121.31999969482422,121.31999969482422,0
1997-04-07,121.38999938964844,121.38999938964844,121.38999938964844,121.38999938964844,0
1997-04-08,121.33999633789062,121.33999633789062,121.33999633789062,121.33999633789062,0
1997-04-09,121.8499984741211,121.8499984741211,121.8499984741211,121.8499984741211,0
1997-04-10,122.70999908447266,122.70999908447266,122.70999908447266,122.70999908447266,0
1997-04-11,121.83000183105469,121.83000183105469,121.83000183105469,121.83000183105469,0
1997-04-14,122.7300033569336,122.7300033569336,122.7300033569336,122.7300033569336,0
1997-04-15,122.41000366210938,122.41000366210938,122.41000366210938,122.41000366210938,0
1997-04-16,121.62000274658203,121.62000274658203,121.62000274658203,121.62000274658203,0
1997-04-17,122.33000183105469,122.33000183105469,122.33000183105469,122.33000183105469,0
1997-04-18,123.33000183105469,123.33000183105469,123.33000183105469,123.33000183105469,0
1997-04-21,123.75,123.75,123.75,123.75,0
1997-04-22,123.69999694824219,123.69999694824219,123.69999694824219,123.69999694824219,0
1997-04-23,123.95999908447266,123.95999908447266,123.95999908447266,123.95999908447266,0
1997-04-24,123.95999908447266,123.95999908447266,123.95999908447266,123.95999908447266,0
1997-04-25,124.5199966430664,124.5199966430664,124.5199966430664,124.5199966430664,0
1997-04-28,123.79000091552734,123.79000091552734,123.79000091552734,123.79000091552734,0
1997-04-29,124.4800033569336,124.4800033569336,124.4800033569336,124.4800033569336,0
1997-04-30,125.55000305175781,125.55000305175781,125.55000305175781,125.55000305175781,0
1997-05-01,125.45999908447266,125.45999908447266,125.45999908447266,125.45999908447266,0
1997-05-02,124.75,124.75,124.75,124.75,0
1997-05-05,124.80999755859375,124.80999755859375,124.80999755859375,124.80999755859375,0
1997-05-06,124.54000091552734,124.54000091552734,124.54000091552734,124.54000091552734,0
1997-05-07,124.94000244140625,124.94000244140625,124.94000244140625,124.94000244140625,0
1997-05-08,125.95999908447266,125.95999908447266,125.95999908447266,125.95999908447266,0
1997-05-09,126.58999633789062,126.58999633789062,126.58999633789062,126.58999633789062,0
1997-05-12,127.2300033569336,127.2300033569336,127.2300033569336,127.2300033569336,0
1997-05-13,127.55999755859375,127.55999755859375,127.55999755859375,127.55999755859375,0
1997-05-14,127.11000061035156,127.11000061035156,127.11000061035156,127.11000061035156,0
1997-05-15,127.5999984741211,127.5999984741211,127.5999984741211,127.5999984741211,0
1997-05-16,128.49000549316406,128.49000549316406,128.49000549316406,128.49000549316406,0
1997-05-19,127.91999816894531,127.91999816894531,127.91999816894531,127.91999816894531,0
1997-05-20,126.70999908447266,126.70999908447266,126.70999908447266,126.70999908447266,0
1997-05-21,127.52999877929688,127.52999877929688,127.52999877929688,127.52999877929688,0
1997-05-22,127.51000213623047,127.51000213623047,127.51000213623047,127.51000213623047,0
1997-05-23,127.01000213623047,127.01000213623047,127.01000213623047,127.01000213623047,0
1997-05-27,126.19000244140625,126.19000244140625,126.19000244140625,126.19000244140625,0
1997-05-28,127.3499984741211,127.3499984741211,127.3499984741211,127.3499984741211,0
1997-05-29,128.22999572753906,128.22999572753906,128.22999572753906,128.22999572753906,0
1997-05-30,126.86000061035156,126.86000061035156,126.86000061035156,126.86000061035156,0
1997-06-02,125.80999755859375,125.80999755859375,125.80999755859375,125.80999755859375,0
1997-06-03,125.16999816894531,125.16999816894531,125.16999816894531,125.16999816894531,0
1997-06-04,123.63999938964844,123.63999938964844,123.63999938964844,123.63999938964844,0
1997-06-05,123.12000274658203,123.12000274658203,123.12000274658203,123.12000274658203,0
1997-06-06,122.29000091552734,122.29000091552734,122.29000091552734,122.29000091552734,0
1997-06-09,122.08000183105469,122.08000183105469,122.08000183105469,122.08000183105469,0
1997-06-10,121.31999969482422,121.31999969482422,121.31999969482422,121.31999969482422,0
1997-06-11,121.44000244140625,121.44000244140625,121.44000244140625,121.44000244140625,0
1997-06-12,121.25,121.25,121.25,121.25,0
1997-06-13,121.29000091552734,121.29000091552734,121.29000091552734,121.29000091552734,0
1997-06-16,121.06999969482422,121.06999969482422,121.06999969482422,121.06999969482422,0
1997-06-17,121.80999755859375,121.80999755859375,121.80999755859375,121.80999755859375,0
1997-06-18,120.41000366210938,120.41000366210938,120.41000366210938,120.41000366210938,0
1997-06-19,120.44000244140625,120.44000244140625,120.44000244140625,120.44000244140625,0
1997-06-20,119.66000366210938,119.66000366210938,119.66000366210938,119.66000366210938,0
1997-06-23,120.02999877929688,120.02999877929688,120.02999877929688,120.02999877929688,0
1997-06-24,119.58999633789062,119.58999633789062,119.58999633789062,119.58999633789062,0
1997-06-25,119.73999786376953,119.73999786376953,119.73999786376953,119.73999786376953,0
1997-06-26,118.75,118.75,118.75,118.75,0
1997-06-27,119.1500015258789,119.1500015258789,119.1500015258789,119.1500015258789,0
1997-06-30,119.05999755859375,119.05999755859375,119.05999755859375,119.05999755859375,0
1997-07-01,118.66999816894531,118.66999816894531,118.66999816894531,118.66999816894531,0
1997-07-02,118.52999877929688,118.52999877929688,118.52999877929688,118.52999877929688,0
1997-07-03,117.20999908447266,117.20999908447266,117.20999908447266,117.20999908447266,0
1997-07-07,115.68000030517578,115.68000030517578,115.68000030517578,115.68000030517578,0
1997-07-08,116.06999969482422,116.06999969482422,116.06999969482422,116.06999969482422,0
1997-07-09,116.4000015258789,116.4000015258789,116.4000015258789,116.4000015258789,0
1997-07-10,115.83000183105469,115.83000183105469,115.83000183105469,115.83000183105469,0
1997-07-11,116.19000244140625,116.19000244140625,116.19000244140625,116.19000244140625,0
1997-07-14,116.88999938964844,116.88999938964844,116.88999938964844,116.88999938964844,0
1997-07-15,117.4800033569336,117.4800033569336,117.4800033569336,117.4800033569336,0
1997-07-16,116.83999633789062,116.83999633789062,116.83999633789062,116.83999633789062,0
1997-07-17,117.48999786376953,117.48999786376953,117.48999786376953,117.48999786376953,0
1997-07-18,117.66000366210938,117.66000366210938,117.66000366210938,117.66000366210938,0
1997-07-21,116.81999969482422,116.81999969482422,116.81999969482422,116.81999969482422,0
1997-07-22,117.4000015258789,117.4000015258789,117.4000015258789,117.4000015258789,0
1997-07-23,118.19999694824219,118.19999694824219,118.19999694824219,118.19999694824219,0
1997-07-24,118.87000274658203,118.87000274658203,118.87000274658203,118.87000274658203,0
1997-07-25,119.95999908447266,119.95999908447266,119.95999908447266,119.95999908447266,0
1997-07-28,121.19999694824219,121.19999694824219,121.19999694824219,121.19999694824219,0
1997-07-29,121.25,121.25,121.25,121.25,0
1997-07-30,121.44000244140625,121.44000244140625,121.44000244140625,121.44000244140625,0
1997-07-31,122.38999938964844,122.38999938964844,122.38999938964844,122.38999938964844,0
1997-08-01,122.94000244140625,122.94000244140625,122.94000244140625,122.94000244140625,0
1997-08-04,123.6500015258789,123.6500015258789,123.6500015258789,123.6500015258789,0
1997-08-05,122.8499984741211,122.8499984741211,122.8499984741211,122.8499984741211,0
1997-08-06,122.86000061035156,122.86000061035156,122.86000061035156,122.86000061035156,0
1997-08-07,122.4000015258789,122.4000015258789,122.4000015258789,122.4000015258789,0
1997-08-08,122.11000061035156,122.11000061035156,122.11000061035156,122.11000061035156,0
1997-08-11,121.48999786376953,121.48999786376953,121.48999786376953,121.48999786376953,0
1997-08-12,121.37999725341797,121.37999725341797,121.37999725341797,121.37999725341797,0
1997-08-13,121.77999877929688,121.77999877929688,121.77999877929688,121.77999877929688,0
1997-08-14,121.48999786376953,121.48999786376953,121.48999786376953,121.48999786376953,0
1997-08-15,121.11000061035156,121.11000061035156,121.11000061035156,121.11000061035156,0
1997-08-18,120.22000122070312,120.22000122070312,120.22000122070312,120.22000122070312,0
1997-08-19,121.30999755859375,121.30999755859375,121.30999755859375,121.30999755859375,0
1997-08-20,120.41999816894531,120.41999816894531,120.41999816894531,120.41999816894531,0
1997-08-21,120.62000274658203,120.62000274658203,120.62000274658203,120.62000274658203,0
1997-08-22,121.2300033569336,121.2300033569336,121.2300033569336,121.2300033569336,0
1997-08-25,120.33999633789062,120.33999633789062,120.33999633789062,120.33999633789062,0
1997-08-26,120.37000274658203,120.37000274658203,120.37000274658203,120.37000274658203,0
1997-08-27,121.37999725341797,121.37999725341797,121.37999725341797,121.37999725341797,0
1997-08-28,121.2699966430664,121.2699966430664,121.2699966430664,121.2699966430664,0
1997-08-29,121.76000213623047,121.76000213623047,121.76000213623047,121.76000213623047,0
1997-09-02,121.87999725341797,121.87999725341797,121.87999725341797,121.87999725341797,0
1997-09-03,122.33999633789062,122.33999633789062,122.33999633789062,122.33999633789062,0
1997-09-04,121.73999786376953,121.73999786376953,121.73999786376953,121.73999786376953,0
1997-09-05,121.80000305175781,121.80000305175781,121.80000305175781,121.80000305175781,0
1997-09-08,121.19000244140625,121.19000244140625,121.19000244140625,121.19000244140625,0
1997-09-09,121.3499984741211,121.3499984741211,121.3499984741211,121.3499984741211,0
1997-09-10,121.2300033569336,121.2300033569336,121.2300033569336,121.2300033569336,0
1997-09-11,121.4800033569336,121.4800033569336,121.4800033569336,121.4800033569336,0
1997-09-12,120.61000061035156,120.61000061035156,120.61000061035156,120.61000061035156,0
1997-09-15,120.38999938964844,120.38999938964844,120.38999938964844,120.38999938964844,0
1997-09-16,120.48999786376953,120.48999786376953,120.48999786376953,120.48999786376953,0
1997-09-17,120.30000305175781,120.30000305175781,120.30000305175781,120.30000305175781,0
1997-09-18,120.6500015258789,120.6500015258789,120.6500015258789,120.6500015258789,0
1997-09-19,120.48999786376953,120.48999786376953,120.48999786376953,120.48999786376953,0
1997-09-22,120.93000030517578,120.93000030517578,120.93000030517578,120.93000030517578,0
1997-09-23,121.02999877929688,121.02999877929688,121.02999877929688,121.02999877929688,0
1997-09-24,121.16999816894531,121.16999816894531,121.16999816894531,121.16999816894531,0
1997-09-25,122.16000366210938,122.16000366210938,122.16000366210938,122.16000366210938,0
1997-09-26,122.5199966430664,122.5199966430664,122.5199966430664,122.5199966430664,0
1997-09-29,123.04000091552734,123.04000091552734,123.04000091552734,123.04000091552734,0
1997-09-30,122.56999969482422,122.56999969482422,122.56999969482422,122.56999969482422,0
1997-10-01,122.36000061035156,122.36000061035156,122.36000061035156,122.36000061035156,0
1997-10-02,122.95999908447266,122.95999908447266,122.95999908447266,122.95999908447266,0
1997-10-03,124.66000366210938,124.66000366210938,124.66000366210938,124.66000366210938,0
1997-10-06,123.48999786376953,123.48999786376953,123.48999786376953,123.48999786376953,0
1997-10-07,123.7699966430664,123.7699966430664,123.7699966430664,123.7699966430664,0
1997-10-08,124.30999755859375,124.30999755859375,124.30999755859375,124.30999755859375,0
1997-10-09,124.23999786376953,124.23999786376953,124.23999786376953,124.23999786376953,0
1997-10-10,125.23999786376953,125.23999786376953,125.23999786376953,125.23999786376953,0
1997-10-14,123.4800033569336,123.4800033569336,123.4800033569336,123.4800033569336,0
1997-10-15,123.5999984741211,123.5999984741211,123.5999984741211,123.5999984741211,0
1997-10-16,123.61000061035156,123.61000061035156,123.61000061035156,123.61000061035156,0
1997-10-17,122.68000030517578,122.68000030517578,122.68000030517578,122.68000030517578,0
1997-10-20,123.19999694824219,123.19999694824219,123.19999694824219,123.19999694824219,0
1997-10-21,123.26000213623047,123.26000213623047,123.26000213623047,123.26000213623047,0
1997-10-22,124.5,124.5,124.5,124.5,0
1997-10-23,123.44999694824219,123.44999694824219,123.44999694824219,123.44999694824219,0
1997-10-24,122.70999908447266,122.70999908447266,122.70999908447266,122.70999908447266,0
1997-10-27,122.95999908447266,122.95999908447266,122.95999908447266,122.95999908447266,0
1997-10-28,121.62999725341797,121.62999725341797,121.62999725341797,121.62999725341797,0
1997-10-29,121.98999786376953,121.98999786376953,121.98999786376953,121.98999786376953,0
1997-10-30,122.73999786376953,122.73999786376953,122.73999786376953,122.73999786376953,0
1997-10-31,122.54000091552734,122.54000091552734,122.54000091552734,122.54000091552734,0
1997-11-03,122.62999725341797,122.62999725341797,122.62999725341797,122.62999725341797,0
1997-11-04,122.0199966430664,122.0199966430664,122.0199966430664,122.0199966430664,0
1997-11-05,122.01000213623047,122.01000213623047,122.01000213623047,122.01000213623047,0
1997-11-06,121.81999969482422,121.81999969482422,121.81999969482422,121.81999969482422,0
1997-11-07,122.19999694824219,122.19999694824219,122.19999694824219,122.19999694824219,0
1997-11-10,121.73999786376953,121.73999786376953,121.73999786376953,121.73999786376953,0
1997-11-12,121.95999908447266,121.95999908447266,121.95999908447266,121.95999908447266,0
1997-11-13,122.2300033569336,122.2300033569336,122.2300033569336,122.2300033569336,0
1997-11-14,121.73999786376953,121.73999786376953,121.73999786376953,121.73999786376953,0
1997-11-17,121.0199966430664,121.0199966430664,121.0199966430664,121.0199966430664,0
1997-11-18,120.3499984741211,120.3499984741211,120.3499984741211,120.3499984741211,0
1997-11-19,119.88999938964844,119.88999938964844,119.88999938964844,119.88999938964844,0
1997-11-20,118.44999694824219,118.44999694824219,118.44999694824219,118.44999694824219,0
1997-11-21,119.0199966430664,119.0199966430664,119.0199966430664,119.0199966430664,0
1997-11-24,118.66999816894531,118.66999816894531,118.66999816894531,118.66999816894531,0
1997-11-25,117.9800033569336,117.9800033569336,117.9800033569336,117.9800033569336,0
1997-11-26,117.47000122070312,117.47000122070312,117.47000122070312,117.47000122070312,0
1997-11-28,117.19999694824219,117.19999694824219,117.19999694824219,117.19999694824219,0
1997-12-01,116.87000274658203,116.87000274658203,116.87000274658203,116.87000274658203,0
1997-12-02,116.68000030517578,116.68000030517578,116.68000030517578,116.68000030517578,0
1997-12-03,116.13999938964844,116.13999938964844,116.13999938964844,116.13999938964844,0
1997-12-04,115.37000274658203,115.37000274658203,115.37000274658203,115.37000274658203,0
1997-12-05,115.91000366210938,115.91000366210938,115.91000366210938,115.91000366210938,0
1997-12-08,116.20999908447266,116.20999908447266,116.20999908447266,116.20999908447266,0
1997-12-09,116.20999908447266,116.20999908447266,116.20999908447266,116.20999908447266,0
1997-12-10,116.23999786376953,116.23999786376953,116.23999786376953,116.23999786376953,0
1997-12-11,115.25,115.25,115.25,115.25,0
1997-12-12,114.75,114.75,114.75,114.75,0
1997-12-15,114.26000213623047,114.26000213623047,114.26000213623047,114.26000213623047,0
1997-12-16,113.72000122070312,113.72000122070312,113.72000122070312,113.72000122070312,0
1997-12-17,114.36000061035156,114.36000061035156,114.36000061035156,114.36000061035156,0
1997-12-18,114.41999816894531,114.41999816894531,114.41999816894531,114.41999816894531,0
1997-12-19,114.08999633789062,114.08999633789062,114.08999633789062,114.08999633789062,0
1997-12-22,113.18000030517578,113.18000030517578,113.18000030517578,113.18000030517578,0
1997-12-23,113.44999694824219,113.44999694824219,113.44999694824219,113.44999694824219,0
1997-12-24,113.88999938964844,113.88999938964844,113.88999938964844,113.88999938964844,0
1997-12-26,113.80999755859375,113.80999755859375,113.80999755859375,113.80999755859375,0
1997-12-29,112.7300033569336,112.7300033569336,112.7300033569336,112.7300033569336,0
1997-12-30,112.7300033569336,112.7300033569336,112.7300033569336,112.7300033569336,0
1997-12-31,111.98999786376953,111.98999786376953,111.98999786376953,111.98999786376953,0
1998-01-02,111.06999969482422,111.06999969482422,111.06999969482422,111.06999969482422,0
1998-01-05,110.18000030517578,110.18000030517578,110.18000030517578,110.18000030517578,0
1998-01-06,109.72000122070312,109.72000122070312,109.72000122070312,109.72000122070312,0
1998-01-07,109.7699966430664,109.7699966430664,109.7699966430664,109.7699966430664,0
1998-01-08,108.98999786376953,108.98999786376953,108.98999786376953,108.98999786376953,0
1998-01-09,108.11000061035156,108.11000061035156,108.11000061035156,108.11000061035156,0
1998-01-12,107.19999694824219,107.19999694824219,107.19999694824219,107.19999694824219,0
1998-01-13,108.77999877929688,108.77999877929688,108.77999877929688,108.77999877929688,0
1998-01-14,108.81999969482422,108.81999969482422,108.81999969482422,108.81999969482422,0
1998-01-15,109.0999984741211,109.0999984741211,109.0999984741211,109.0999984741211,0
1998-01-16,109.7300033569336,109.7300033569336,109.7300033569336,109.7300033569336,0
1998-01-20,109.70999908447266,109.70999908447266,109.70999908447266,109.70999908447266,0
1998-01-21,109.41999816894531,109.41999816894531,109.41999816894531,109.41999816894531,0
1998-01-22,109.44000244140625,109.44000244140625,109.44000244140625,109.44000244140625,0
1998-01-23,109.8499984741211,109.8499984741211,109.8499984741211,109.8499984741211,0
1998-01-26,111.19000244140625,111.19000244140625,111.19000244140625,111.19000244140625,0
1998-01-27,111.66999816894531,111.66999816894531,111.66999816894531,111.66999816894531,0
1998-01-28,112.12000274658203,112.12000274658203,112.12000274658203,112.12000274658203,0
1998-01-29,113.02999877929688,113.02999877929688,113.02999877929688,113.02999877929688,0
1998-01-30,111.93000030517578,111.93000030517578,111.93000030517578,111.93000030517578,0
1998-02-02,112.08999633789062,112.08999633789062,112.08999633789062,112.08999633789062,0
1998-02-03,110.83000183105469,110.83000183105469,110.83000183105469,110.83000183105469,0
1998-02-04,110.91000366210938,110.91000366210938,110.91000366210938,110.91000366210938,0
1998-02-05,111.5199966430664,111.5199966430664,111.5199966430664,111.5199966430664,0
1998-02-06,111.20999908447266,111.20999908447266,111.20999908447266,111.20999908447266,0
1998-02-09,110.6500015258789,110.6500015258789,110.6500015258789,110.6500015258789,0
1998-02-10,110.77999877929688,110.77999877929688,110.77999877929688,110.77999877929688,0
1998-02-11,109.91999816894531,109.91999816894531,109.91999816894531,109.91999816894531,0
1998-02-12,109.88999938964844,109.88999938964844,109.88999938964844,109.88999938964844,0
1998-02-13,109.79000091552734,109.79000091552734,109.79000091552734,109.79000091552734,0
1998-02-17,107.97000122070312,107.97000122070312,107.97000122070312,107.97000122070312,0
1998-02-18,108.7300033569336,108.7300033569336,108.7300033569336,108.7300033569336,0
1998-02-19,108.77999877929688,108.77999877929688,108.77999877929688,108.77999877929688,0
1998-02-20,107.87000274658203,107.87000274658203,107.87000274658203,107.87000274658203,0
1998-02-23,106.01000213623047,106.01000213623047,106.01000213623047,106.01000213623047,0
1998-02-24,105.31999969482422,105.31999969482422,105.31999969482422,105.31999969482422,0
1998-02-25,105.81999969482422,105.81999969482422,105.81999969482422,105.81999969482422,0
1998-02-26,105.91000366210938,105.91000366210938,105.91000366210938,105.91000366210938,0
1998-02-27,106.69000244140625,106.69000244140625,106.69000244140625,106.69000244140625,0
1998-03-02,107.01000213623047,107.01000213623047,107.01000213623047,107.01000213623047,0
1998-03-03,106.0,106.0,106.0,106.0,0
1998-03-04,105.86000061035156,105.86000061035156,105.86000061035156,105.86000061035156,0
1998-03-05,105.79000091552734,105.79000091552734,105.79000091552734,105.79000091552734,0
1998-03-06,105.20999908447266,105.20999908447266,105.20999908447266,105.20999908447266,0
1998-03-09,104.44000244140625,104.44000244140625,104.44000244140625,104.44000244140625,0
1998-03-10,104.72000122070312,104.72000122070312,104.72000122070312,104.72000122070312,0
1998-03-11,104.76000213623047,104.76000213623047,104.76000213623047,104.76000213623047,0
1998-03-12,105.12000274658203,105.12000274658203,105.12000274658203,105.12000274658203,0
1998-03-13,104.51000213623047,104.51000213623047,104.51000213623047,104.51000213623047,0
1998-03-16,103.31999969482422,103.31999969482422,103.31999969482422,103.31999969482422,0
1998-03-17,102.94999694824219,102.94999694824219,102.94999694824219,102.94999694824219,0
1998-03-18,104.55999755859375,104.55999755859375,104.55999755859375,104.55999755859375,0
1998-03-19,104.26000213623047,104.26000213623047,104.26000213623047,104.26000213623047,0
1998-03-20,104.47000122070312,104.47000122070312,104.47000122070312,104.47000122070312,0
1998-03-23,108.2300033569336,108.2300033569336,108.2300033569336,108.2300033569336,0
1998-03-24,106.91000366210938,106.91000366210938,106.91000366210938,106.91000366210938,0
1998-03-25,107.33999633789062,107.33999633789062,107.33999633789062,107.33999633789062,0
1998-03-26,107.9000015258789,107.9000015258789,107.9000015258789,107.9000015258789,0
1998-03-27,107.83999633789062,107.83999633789062,107.83999633789062,107.83999633789062,0
1998-03-30,107.37999725341797,107.37999725341797,107.37999725341797,107.37999725341797,0
1998-03-31,106.5199966430664,106.5199966430664,106.5199966430664,106.5199966430664,0
1998-04-01,105.44999694824219,105.44999694824219,105.44999694824219,105.44999694824219,0
1998-04-02,106.12000274658203,106.12000274658203,106.12000274658203,106.12000274658203,0
1998-04-03,106.25,106.25,106.25,106.25,0
1998-04-06,104.94000244140625,104.94000244140625,104.94000244140625,104.94000244140625,0
1998-04-07,105.1500015258789,105.1500015258789,105.1500015258789,105.1500015258789,0
1998-04-08,105.77999877929688,105.77999877929688,105.77999877929688,105.77999877929688,0
1998-04-09,106.18000030517578,106.18000030517578,106.18000030517578,106.18000030517578,0
1998-04-13,105.48999786376953,105.48999786376953,105.48999786376953,105.48999786376953,0
1998-04-14,105.30999755859375,105.30999755859375,105.30999755859375,105.30999755859375,0
1998-04-15,106.33999633789062,106.33999633789062,106.33999633789062,106.33999633789062,0
1998-04-16,106.69000244140625,106.69000244140625,106.69000244140625,106.69000244140625,0
1998-04-17,106.16999816894531,106.16999816894531,106.16999816894531,106.16999816894531,0
1998-04-20,106.16999816894531,106.16999816894531,106.16999816894531,106.16999816894531,0
1998-04-21,107.16000366210938,107.16000366210938,107.16000366210938,107.16000366210938,0
1998-04-22,106.0,106.0,106.0,106.0,0
1998-04-23,105.44999694824219,105.44999694824219,105.44999694824219,105.44999694824219,0
1998-04-24,105.22000122070312,105.22000122070312,105.22000122070312,105.22000122070312,0
1998-04-27,105.29000091552734,105.29000091552734,105.29000091552734,105.29000091552734,0
1998-04-28,105.73999786376953,105.73999786376953,105.73999786376953,105.73999786376953,0
1998-04-29,104.98999786376953,104.98999786376953,104.98999786376953,104.98999786376953,0
1998-04-30,104.68000030517578,104.68000030517578,104.68000030517578,104.68000030517578,0
1998-05-01,105.63999938964844,105.63999938964844,105.63999938964844,105.63999938964844,0
1998-05-04,105.81999969482422,105.81999969482422,105.81999969482422,105.81999969482422,0
1998-05-05,105.3499984741211,105.3499984741211,105.3499984741211,105.3499984741211,0
1998-05-06,104.69999694824219,104.69999694824219,104.69999694824219,104.69999694824219,0
1998-05-07,104.06999969482422,104.06999969482422,104.06999969482422,104.06999969482422,0
1998-05-08,103.80000305175781,103.80000305175781,103.80000305175781,103.80000305175781,0
1998-05-11,103.04000091552734,103.04000091552734,103.04000091552734,103.04000091552734,0
1998-05-12,103.11000061035156,103.11000061035156,103.11000061035156,103.11000061035156,0
1998-05-13,102.47000122070312,102.47000122070312,102.47000122070312,102.47000122070312,0
1998-05-14,102.69000244140625,102.69000244140625,102.69000244140625,102.69000244140625,0
1998-05-15,101.66999816894531,101.66999816894531,101.66999816894531,101.66999816894531,0
1998-05-18,100.37999725341797,100.37999725341797,100.37999725341797,100.37999725341797,0
1998-05-19,100.11000061035156,100.11000061035156,100.11000061035156,100.11000061035156,0
1998-05-20,99.30999755859375,99.30999755859375,99.30999755859375,99.30999755859375,0
1998-05-21,99.54000091552734,99.54000091552734,99.54000091552734,99.54000091552734,0
1998-05-22,99.91000366210938,99.91000366210938,99.91000366210938,99.91000366210938,0
1998-05-26,98.55000305175781,98.55000305175781,98.55000305175781,98.55000305175781,0
1998-05-27,98.41999816894531,98.41999816894531,98.41999816894531,98.41999816894531,0
1998-05-28,98.31999969482422,98.31999969482422,98.31999969482422,98.31999969482422,0
1998-05-29,99.12000274658203,99.12000274658203,99.12000274658203,99.12000274658203,0
1998-06-01,98.22000122070312,98.22000122070312,98.22000122070312,98.22000122070312,0
1998-06-02,98.22000122070312,98.22000122070312,98.22000122070312,98.22000122070312,0
1998-06-03,98.08999633789062,98.08999633789062,98.08999633789062,98.08999633789062,0
1998-06-04,98.19000244140625,98.19000244140625,98.19000244140625,98.19000244140625,0
1998-06-05,97.83999633789062,97.83999633789062,97.83999633789062,97.83999633789062,0
1998-06-08,97.11000061035156,97.11000061035156,97.11000061035156,97.11000061035156,0
1998-06-09,96.05999755859375,96.05999755859375,96.05999755859375,96.05999755859375,0
1998-06-10,95.88999938964844,95.88999938964844,95.88999938964844,95.88999938964844,0
1998-06-11,94.95999908447266,94.95999908447266,94.95999908447266,94.95999908447266,0
1998-06-12,95.08999633789062,95.08999633789062,95.08999633789062,95.08999633789062,0
1998-06-15,93.73999786376953,93.73999786376953,93.73999786376953,93.73999786376953,0
1998-06-16,94.11000061035156,94.11000061035156,94.11000061035156,94.11000061035156,0
1998-06-17,95.87999725341797,95.87999725341797,95.87999725341797,95.87999725341797,0
1998-06-18,95.11000061035156,95.11000061035156,95.11000061035156,95.11000061035156,0
1998-06-19,96.55999755859375,96.55999755859375,96.55999755859375,96.55999755859375,0
1998-06-22,96.83999633789062,96.83999633789062,96.83999633789062,96.83999633789062,0
1998-06-23,98.19999694824219,98.19999694824219,98.19999694824219,98.19999694824219,0
1998-06-24,98.19999694824219,98.19999694824219,98.19999694824219,98.19999694824219,0
1998-06-25,97.18000030517578,97.18000030517578,97.18000030517578,97.18000030517578,0
1998-06-26,96.9000015258789,96.9000015258789,96.9000015258789,96.9000015258789,0
1998-06-29,95.77999877929688,95.77999877929688,95.77999877929688,95.77999877929688,0
1998-06-30,96.55999755859375,96.55999755859375,96.55999755859375,96.55999755859375,0
1998-07-01,96.01000213623047,96.01000213623047,96.01000213623047,96.01000213623047,0
1998-07-02,95.72000122070312,95.72000122070312,95.72000122070312,95.72000122070312,0
1998-07-06,94.63999938964844,94.63999938964844,94.63999938964844,94.63999938964844,0
1998-07-07,94.97000122070312,94.97000122070312,94.97000122070312,94.97000122070312,0
1998-07-08,95.0999984741211,95.0999984741211,95.0999984741211,95.0999984741211,0
1998-07-09,94.43000030517578,94.43000030517578,94.43000030517578,94.43000030517578,0
1998-07-10,93.52999877929688,93.52999877929688,93.52999877929688,93.52999877929688,0
1998-07-13,93.44999694824219,93.44999694824219,93.44999694824219,93.44999694824219,0
1998-07-14,93.9800033569336,93.9800033569336,93.9800033569336,93.9800033569336,0
1998-07-15,93.95999908447266,93.95999908447266,93.95999908447266,93.95999908447266,0
1998-07-16,93.47000122070312,93.47000122070312,93.47000122070312,93.47000122070312,0
1998-07-17,93.86000061035156,93.86000061035156,93.86000061035156,93.86000061035156,0
1998-07-20,92.58999633789062,92.58999633789062,92.58999633789062,92.58999633789062,0
1998-07-21,92.26000213623047,92.26000213623047,92.26000213623047,92.26000213623047,0
1998-07-22,92.31999969482422,92.31999969482422,92.31999969482422,92.31999969482422,0
1998-07-23,91.80999755859375,91.80999755859375,91.80999755859375,91.80999755859375,0
1998-07-24,92.12000274658203,92.12000274658203,92.12000274658203,92.12000274658203,0
1998-07-27,91.83000183105469,91.83000183105469,91.83000183105469,91.83000183105469,0
1998-07-28,91.6500015258789,91.6500015258789,91.6500015258789,91.6500015258789,0
1998-07-29,91.13999938964844,91.13999938964844,91.13999938964844,91.13999938964844,0
1998-07-30,91.19999694824219,91.19999694824219,91.19999694824219,91.19999694824219,0
1998-07-31,90.36000061035156,90.36000061035156,90.36000061035156,90.36000061035156,0
1998-08-03,88.87999725341797,88.87999725341797,88.87999725341797,88.87999725341797,0
1998-08-04,89.30000305175781,89.30000305175781,89.30000305175781,89.30000305175781,0
1998-08-05,89.12999725341797,89.12999725341797,89.12999725341797,89.12999725341797,0
1998-08-06,89.3499984741211,89.3499984741211,89.3499984741211,89.3499984741211,0
1998-08-07,89.5999984741211,89.5999984741211,89.5999984741211,89.5999984741211,0
1998-08-10,88.55000305175781,88.55000305175781,88.55000305175781,88.55000305175781,0
1998-08-11,87.19000244140625,87.19000244140625,87.19000244140625,87.19000244140625,0
1998-08-12,87.0199966430664,87.0199966430664,87.0199966430664,87.0199966430664,0
1998-08-13,87.70999908447266,87.70999908447266,87.70999908447266,87.70999908447266,0
1998-08-14,87.7699966430664,87.7699966430664,87.7699966430664,87.7699966430664,0
1998-08-17,87.97000122070312,87.97000122070312,87.97000122070312,87.97000122070312,0
1998-08-18,87.51000213623047,87.51000213623047,87.51000213623047,87.51000213623047,0
1998-08-19,87.45999908447266,87.45999908447266,87.45999908447266,87.45999908447266,0
1998-08-20,88.1500015258789,88.1500015258789,88.1500015258789,88.1500015258789,0
1998-08-21,86.83000183105469,86.83000183105469,86.83000183105469,86.83000183105469,0
1998-08-24,87.25,87.25,87.25,87.25,0
1998-08-25,86.94999694824219,86.94999694824219,86.94999694824219,86.94999694824219,0
1998-08-26,86.22000122070312,86.22000122070312,86.22000122070312,86.22000122070312,0
1998-08-27,85.19000244140625,85.19000244140625,85.19000244140625,85.19000244140625,0
1998-08-28,84.77999877929688,84.77999877929688,84.77999877929688,84.77999877929688,0
1998-08-31,84.2699966430664,84.2699966430664,84.2699966430664,84.2699966430664,0
1998-09-01,85.75,85.75,85.75,85.75,0
1998-09-02,85.62000274658203,85.62000274658203,85.62000274658203,85.62000274658203,0
1998-09-03,87.4800033569336,87.4800033569336,87.4800033569336,87.4800033569336,0
1998-09-04,87.62000274658203,87.62000274658203,87.62000274658203,87.62000274658203,0
1998-09-08,87.95999908447266,87.95999908447266,87.95999908447266,87.95999908447266,0
1998-09-09,87.41999816894531,87.41999816894531,87.41999816894531,87.41999816894531,0
1998-09-10,88.79000091552734,88.79000091552734,88.79000091552734,88.79000091552734,0
1998-09-11,88.37000274658203,88.37000274658203,88.37000274658203,88.37000274658203,0
1998-09-14,88.43000030517578,88.43000030517578,88.43000030517578,88.43000030517578,0
1998-09-15,89.37000274658203,89.37000274658203,89.37000274658203,89.37000274658203,0
1998-09-16,88.97000122070312,88.97000122070312,88.97000122070312,88.97000122070312,0
1998-09-17,88.94000244140625,88.94000244140625,88.94000244140625,88.94000244140625,0
1998-09-18,89.97000122070312,89.97000122070312,89.97000122070312,89.97000122070312,0
1998-09-21,89.66999816894531,89.66999816894531,89.66999816894531,89.66999816894531,0
1998-09-22,89.9800033569336,89.9800033569336,89.9800033569336,89.9800033569336,0
1998-09-23,89.94999694824219,89.94999694824219,89.94999694824219,89.94999694824219,0
1998-09-24,90.55999755859375,90.55999755859375,90.55999755859375,90.55999755859375,0
1998-09-25,90.20999908447266,90.20999908447266,90.20999908447266,90.20999908447266,0
1998-09-28,90.16000366210938,90.16000366210938,90.16000366210938,90.16000366210938,0
1998-09-29,90.52999877929688,90.52999877929688,90.52999877929688,90.52999877929688,0
1998-09-30,90.44999694824219,90.44999694824219,90.44999694824219,90.44999694824219,0
1998-10-01,89.29000091552734,89.29000091552734,89.29000091552734,89.29000091552734,0
1998-10-02,89.66999816894531,89.66999816894531,89.66999816894531,89.66999816894531,0
1998-10-05,89.12000274658203,89.12000274658203,89.12000274658203,89.12000274658203,0
1998-10-06,89.43000030517578,89.43000030517578,89.43000030517578,89.43000030517578,0
1998-10-07,89.87999725341797,89.87999725341797,89.87999725341797,89.87999725341797,0
1998-10-08,88.55999755859375,88.55999755859375,88.55999755859375,88.55999755859375,0
1998-10-09,88.94999694824219,88.94999694824219,88.94999694824219,88.94999694824219,0
1998-10-12,88.33999633789062,88.33999633789062,88.33999633789062,88.33999633789062,0
1998-10-13,88.56999969482422,88.56999969482422,88.56999969482422,88.56999969482422,0
1998-10-14,87.94999694824219,87.94999694824219,87.94999694824219,87.94999694824219,0
1998-10-15,88.0,88.0,88.0,88.0,0
1998-10-16,88.52999877929688,88.52999877929688,88.52999877929688,88.52999877929688,0
1998-10-19,87.20999908447266,87.20999908447266,87.20999908447266,87.20999908447266,0
1998-10-20,87.19000244140625,87.19000244140625,87.19000244140625,87.19000244140625,0
1998-10-21,87.6500015258789,87.6500015258789,87.6500015258789,87.6500015258789,0
1998-10-22,87.44999694824219,87.44999694824219,87.44999694824219,87.44999694824219,0
1998-10-23,87.51000213623047,87.51000213623047,87.51000213623047,87.51000213623047,0
1998-10-26,87.80000305175781,87.80000305175781,87.80000305175781,87.80000305175781,0
1998-10-27,87.1500015258789,87.1500015258789,87.1500015258789,87.1500015258789,0
1998-10-28,87.25,87.25,87.25,87.25,0
1998-10-29,87.12999725341797,87.12999725341797,87.12999725341797,87.12999725341797,0
1998-10-30,87.45999908447266,87.45999908447266,87.45999908447266,87.45999908447266,0
1998-11-02,87.37000274658203,87.37000274658203,87.37000274658203,87.37000274658203,0
1998-11-03,87.33000183105469,87.33000183105469,87.33000183105469,87.33000183105469,0
1998-11-04,87.31999969482422,87.31999969482422,87.31999969482422,87.31999969482422,0
1998-11-05,87.58999633789062,87.58999633789062,87.58999633789062,87.58999633789062,0
1998-11-06,87.51000213623047,87.51000213623047,87.51000213623047,87.51000213623047,0
1998-11-09,86.5999984741211,86.5999984741211,86.5999984741211,86.5999984741211,0
1998-11-10,86.81999969482422,86.81999969482422,86.81999969482422,86.81999969482422,0
1998-11-11,86.83999633789062,86.83999633789062,86.83999633789062,86.83999633789062,0
1998-11-12,87.4800033569336,87.4800033569336,87.4800033569336,87.4800033569336,0
1998-11-13,86.62000274658203,86.62000274658203,86.62000274658203,86.62000274658203,0
1998-11-16,84.95999908447266,84.95999908447266,84.95999908447266,84.95999908447266,0
1998-11-17,84.52999877929688,84.52999877929688,84.52999877929688,84.52999877929688,0
1998-11-18,84.56999969482422,84.56999969482422,84.56999969482422,84.56999969482422,0
1998-11-19,84.22000122070312,84.22000122070312,84.22000122070312,84.22000122070312,0
1998-11-20,84.12000274658203,84.12000274658203,84.12000274658203,84.12000274658203,0
1998-11-23,82.69000244140625,82.69000244140625,82.69000244140625,82.69000244140625,0
1998-11-24,82.37999725341797,82.37999725341797,82.37999725341797,82.37999725341797,0
1998-11-25,82.18000030517578,82.18000030517578,82.18000030517578,82.18000030517578,0
1998-11-27,82.47000122070312,82.47000122070312,82.47000122070312,82.47000122070312,0
1998-11-30,80.8499984741211,80.8499984741211,80.8499984741211,80.8499984741211,0
1998-12-01,80.58000183105469,80.58000183105469,80.58000183105469,80.58000183105469,0
1998-12-02,80.30999755859375,80.30999755859375,80.30999755859375,80.30999755859375,0
1998-12-03,79.87999725341797,79.87999725341797,79.87999725341797,79.87999725341797,0
1998-12-04,79.75,79.75,79.75,79.75,0
1998-12-07,80.16999816894531,80.16999816894531,80.16999816894531,80.16999816894531,0
1998-12-08,79.16000366210938,79.16000366210938,79.16000366210938,79.16000366210938,0
1998-12-09,78.61000061035156,78.61000061035156,78.61000061035156,78.61000061035156,0
1998-12-10,77.95999908447266,77.95999908447266,77.95999908447266,77.95999908447266,0
1998-12-11,77.52999877929688,77.52999877929688,77.52999877929688,77.52999877929688,0
1998-12-14,78.37000274658203,78.37000274658203,78.37000274658203,78.37000274658203,0
1998-12-15,78.4800033569336,78.4800033569336,78.4800033569336,78.4800033569336,0
1998-12-16,79.91000366210938,79.91000366210938,79.91000366210938,79.91000366210938,0
1998-12-17,77.69000244140625,77.69000244140625,77.69000244140625,77.69000244140625,0
1998-12-18,77.41000366210938,77.41000366210938,77.41000366210938,77.41000366210938,0
1998-12-21,76.61000061035156,76.61000061035156,76.61000061035156,76.61000061035156,0
1998-12-22,76.69999694824219,76.69999694824219,76.69999694824219,76.69999694824219,0
1998-12-23,76.7699966430664,76.7699966430664,76.7699966430664,76.7699966430664,0
1998-12-24,76.8499984741211,76.8499984741211,76.8499984741211,76.8499984741211,0
1998-12-28,77.05999755859375,77.05999755859375,77.05999755859375,77.05999755859375,0
1998-12-29,77.52999877929688,77.52999877929688,77.52999877929688,77.52999877929688,0
1998-12-30,77.36000061035156,77.36000061035156,77.36000061035156,77.36000061035156,0
1998-12-31,77.80999755859375,77.80999755859375,77.80999755859375,77.80999755859375,0
1999-01-04,78.19000244140625,78.19000244140625,78.19000244140625,78.19000244140625,0
1999-01-05,77.97000122070312,77.97000122070312,77.97000122070312,77.97000122070312,0
1999-01-06,79.43000030517578,79.43000030517578,79.43000030517578,79.43000030517578,0
1999-01-07,79.58999633789062,79.58999633789062,79.58999633789062,79.58999633789062,0
1999-01-08,80.0999984741211,80.0999984741211,80.0999984741211,80.0999984741211,0
1999-01-11,80.69000244140625,80.69000244140625,80.69000244140625,80.69000244140625,0
1999-01-12,79.68000030517578,79.68000030517578,79.68000030517578,79.68000030517578,0
1999-01-13,78.20999908447266,78.20999908447266,78.20999908447266,78.20999908447266,0
1999-01-14,77.94999694824219,77.94999694824219,77.94999694824219,77.94999694824219,0
1999-01-15,77.80999755859375,77.80999755859375,77.80999755859375,77.80999755859375,0
1999-01-19,77.1500015258789,77.1500015258789,77.1500015258789,77.1500015258789,0
1999-01-20,76.77999877929688,76.77999877929688,76.77999877929688,76.77999877929688,0
1999-01-21,77.55999755859375,77.55999755859375,77.55999755859375,77.55999755859375,0
1999-01-22,77.62000274658203,77.62000274658203,77.62000274658203,77.62000274658203,0
1999-01-25,76.87000274658203,76.87000274658203,76.87000274658203,76.87000274658203,0
1999-01-26,76.23999786376953,76.23999786376953,76.23999786376953,76.23999786376953,0
1999-01-27,76.4000015258789,76.4000015258789,76.4000015258789,76.4000015258789,0
1999-01-28,76.97000122070312,76.97000122070312,76.97000122070312,76.97000122070312,0
1999-01-29,77.19000244140625,77.19000244140625,77.19000244140625,77.19000244140625,0
1999-02-01,76.79000091552734,76.79000091552734,76.79000091552734,76.79000091552734,0
1999-02-02,77.18000030517578,77.18000030517578,77.18000030517578,77.18000030517578,0
1999-02-03,77.05999755859375,77.05999755859375,77.05999755859375,77.05999755859375,0
1999-02-04,77.22000122070312,77.22000122070312,77.22000122070312,77.22000122070312,0
1999-02-05,77.16000366210938,77.16000366210938,77.16000366210938,77.16000366210938,0
1999-02-08,77.20999908447266,77.20999908447266,77.20999908447266,77.20999908447266,0
1999-02-09,76.51000213623047,76.51000213623047,76.51000213623047,76.51000213623047,0
1999-02-10,76.31999969482422,76.31999969482422,76.31999969482422,76.31999969482422,0
1999-02-11,76.16999816894531,76.16999816894531,76.16999816894531,76.16999816894531,0
1999-02-12,76.05000305175781,76.05000305175781,76.05000305175781,76.05000305175781,0
1999-02-16,74.55000305175781,74.55000305175781,74.55000305175781,74.55000305175781,0
1999-02-17,74.62000274658203,74.62000274658203,74.62000274658203,74.62000274658203,0
1999-02-18,75.16999816894531,75.16999816894531,75.16999816894531,75.16999816894531,0
1999-02-19,74.95999908447266,74.95999908447266,74.95999908447266,74.95999908447266,0
1999-02-22,74.55999755859375,74.55999755859375,74.55999755859375,74.55999755859375,0
1999-02-23,75.30999755859375,75.30999755859375,75.30999755859375,75.30999755859375,0
1999-02-24,74.9000015258789,74.9000015258789,74.9000015258789,74.9000015258789,0
1999-02-25,75.25,75.25,75.25,75.25,0
1999-02-26,74.23999786376953,74.23999786376953,74.23999786376953,74.23999786376953,0
1999-03-01,74.3499984741211,74.3499984741211,74.3499984741211,74.3499984741211,0
1999-03-02,74.91000366210938,74.91000366210938,74.91000366210938,74.91000366210938,0
1999-03-03,75.31999969482422,75.31999969482422,75.31999969482422,75.31999969482422,0
1999-03-04,76.08000183105469,76.08000183105469,76.08000183105469,76.08000183105469,0
1999-03-05,76.23999786376953,76.23999786376953,76.23999786376953,76.23999786376953,0
1999-03-08,77.0199966430664,77.0199966430664,77.0199966430664,77.0199966430664,0
1999-03-09,77.38999938964844,77.38999938964844,77.38999938964844,77.38999938964844,0
1999-03-10,78.8499984741211,78.8499984741211,78.8499984741211,78.8499984741211,0
1999-03-11,78.16000366210938,78.16000366210938,78.16000366210938,78.16000366210938,0
1999-03-12,77.9000015258789,77.9000015258789,77.9000015258789,77.9000015258789,0
1999-03-15,77.1500015258789,77.1500015258789,77.1500015258789,77.1500015258789,0
1999-03-16,77.4000015258789,77.4000015258789,77.4000015258789,77.4000015258789,0
1999-03-17,78.54000091552734,78.54000091552734,78.54000091552734,78.54000091552734,0
1999-03-18,78.2699966430664,78.2699966430664,78.2699966430664,78.2699966430664,0
1999-03-19,78.9000015258789,78.9000015258789,78.9000015258789,78.9000015258789,0
1999-03-22,80.37000274658203,80.37000274658203,80.37000274658203,80.37000274658203,0
1999-03-23,79.94999694824219,79.94999694824219,79.94999694824219,79.94999694824219,0
1999-03-24,79.33999633789062,79.33999633789062,79.33999633789062,79.33999633789062,0
1999-03-25,80.4000015258789,80.4000015258789,80.4000015258789,80.4000015258789,0
1999-03-26,81.18000030517578,81.18000030517578,81.18000030517578,81.18000030517578,0
1999-03-29,81.12999725341797,81.12999725341797,81.12999725341797,81.12999725341797,0
1999-03-30,81.44999694824219,81.44999694824219,81.44999694824219,81.44999694824219,0
1999-03-31,81.02999877929688,81.02999877929688,81.02999877929688,81.02999877929688,0
1999-04-01,80.77999877929688,80.77999877929688,80.77999877929688,80.77999877929688,0
1999-04-05,81.05999755859375,81.05999755859375,81.05999755859375,81.05999755859375,0
1999-04-06,80.88999938964844,80.88999938964844,80.88999938964844,80.88999938964844,0
1999-04-07,79.8499984741211,79.8499984741211,79.8499984741211,79.8499984741211,0
1999-04-08,79.29000091552734,79.29000091552734,79.29000091552734,79.29000091552734,0
1999-04-09,80.47000122070312,80.47000122070312,80.47000122070312,80.47000122070312,0
1999-04-12,80.1500015258789,80.1500015258789,80.1500015258789,80.1500015258789,0
1999-04-13,80.97000122070312,80.97000122070312,80.97000122070312,80.97000122070312,0
1999-04-14,80.4000015258789,80.4000015258789,80.4000015258789,80.4000015258789,0
1999-04-15,81.23999786376953,81.23999786376953,81.23999786376953,81.23999786376953,0
1999-04-16,81.81999969482422,81.81999969482422,81.81999969482422,81.81999969482422,0
1999-04-19,82.52999877929688,82.52999877929688,82.52999877929688,82.52999877929688,0
1999-04-20,82.23999786376953,82.23999786376953,82.23999786376953,82.23999786376953,0
1999-04-21,82.55999755859375,82.55999755859375,82.55999755859375,82.55999755859375,0
1999-04-22,82.61000061035156,82.61000061035156,82.61000061035156,82.61000061035156,0
1999-04-23,82.45999908447266,82.45999908447266,82.45999908447266,82.45999908447266,0
1999-04-26,82.02999877929688,82.02999877929688,82.02999877929688,82.02999877929688,0
1999-04-27,82.33999633789062,82.33999633789062,82.33999633789062,82.33999633789062,0
1999-04-28,83.29000091552734,83.29000091552734,83.29000091552734,83.29000091552734,0
1999-04-29,83.81999969482422,83.81999969482422,83.81999969482422,83.81999969482422,0
1999-04-30,84.0,84.0,84.0,84.0,0
1999-05-03,84.2699966430664,84.2699966430664,84.2699966430664,84.2699966430664,0
1999-05-04,84.31999969482422,84.31999969482422,84.31999969482422,84.31999969482422,0
1999-05-05,84.37000274658203,84.37000274658203,84.37000274658203,84.37000274658203,0
1999-05-06,83.69999694824219,83.69999694824219,83.69999694824219,83.69999694824219,0
1999-05-07,83.05999755859375,83.05999755859375,83.05999755859375,83.05999755859375,0
1999-05-10,83.30999755859375,83.30999755859375,83.30999755859375,83.30999755859375,0
1999-05-11,82.87999725341797,82.87999725341797,82.87999725341797,82.87999725341797,0
1999-05-12,82.02999877929688,82.02999877929688,82.02999877929688,82.02999877929688,0
1999-05-13,82.70999908447266,82.70999908447266,82.70999908447266,82.70999908447266,0
1999-05-14,82.43000030517578,82.43000030517578,82.43000030517578,82.43000030517578,0
1999-05-17,82.19000244140625,82.19000244140625,82.19000244140625,82.19000244140625,0
1999-05-18,81.08000183105469,81.08000183105469,81.08000183105469,81.08000183105469,0
1999-05-19,80.52999877929688,80.52999877929688,80.52999877929688,80.52999877929688,0
1999-05-20,80.41000366210938,80.41000366210938,80.41000366210938,80.41000366210938,0
1999-05-21,80.41999816894531,80.41999816894531,80.41999816894531,80.41999816894531,0
1999-05-24,79.19000244140625,79.19000244140625,79.19000244140625,79.19000244140625,0
1999-05-25,79.37999725341797,79.37999725341797,79.37999725341797,79.37999725341797,0
1999-05-26,79.51000213623047,79.51000213623047,79.51000213623047,79.51000213623047,0
1999-05-27,78.81999969482422,78.81999969482422,78.81999969482422,78.81999969482422,0
1999-05-28,78.55999755859375,78.55999755859375,78.55999755859375,78.55999755859375,0
1999-06-01,77.95999908447266,77.95999908447266,77.95999908447266,77.95999908447266,0
1999-06-02,78.51000213623047,78.51000213623047,78.51000213623047,78.51000213623047,0
1999-06-03,78.94999694824219,78.94999694824219,78.94999694824219,78.94999694824219,0
1999-06-04,79.76000213623047,79.76000213623047,79.76000213623047,79.76000213623047,0
1999-06-07,80.61000061035156,80.61000061035156,80.61000061035156,80.61000061035156,0
1999-06-08,80.30000305175781,80.30000305175781,80.30000305175781,80.30000305175781,0
1999-06-09,80.66999816894531,80.66999816894531,80.66999816894531,80.66999816894531,0
1999-06-10,80.33000183105469,80.33000183105469,80.33000183105469,80.33000183105469,0
1999-06-11,81.30999755859375,81.30999755859375,81.30999755859375,81.30999755859375,0
1999-06-14,81.41000366210938,81.41000366210938,81.41000366210938,81.41000366210938,0
1999-06-15,81.0199966430664,81.0199966430664,81.0199966430664,81.0199966430664,0
1999-06-16,80.19999694824219,80.19999694824219,80.19999694824219,80.19999694824219,0
1999-06-17,80.5,80.5,80.5,80.5,0
1999-06-18,80.8499984741211,80.8499984741211,80.8499984741211,80.8499984741211,0
1999-06-21,80.4000015258789,80.4000015258789,80.4000015258789,80.4000015258789,0
1999-06-22,80.25,80.25,80.25,80.25,0
1999-06-23,80.93000030517578,80.93000030517578,80.93000030517578,80.93000030517578,0
1999-06-24,80.66000366210938,80.66000366210938,80.66000366210938,80.66000366210938,0
1999-06-25,80.7699966430664,80.7699966430664,80.7699966430664,80.7699966430664,0
1999-06-28,80.52999877929688,80.52999877929688,80.52999877929688,80.52999877929688,0
1999-06-29,80.98999786376953,80.98999786376953,80.98999786376953,80.98999786376953,0
1999-06-30,82.5999984741211,82.5999984741211,82.5999984741211,82.5999984741211,0
1999-07-01,82.05000305175781,82.05000305175781,82.05000305175781,82.05000305175781,0
1999-07-02,81.97000122070312,81.97000122070312,81.97000122070312,81.97000122070312,0
1999-07-06,80.91999816894531,80.91999816894531,80.91999816894531,80.91999816894531,0
1999-07-07,81.30999755859375,81.30999755859375,81.30999755859375,81.30999755859375,0
1999-07-08,81.36000061035156,81.36000061035156,81.36000061035156,81.36000061035156,0
1999-07-09,81.45999908447266,81.45999908447266,81.45999908447266,81.45999908447266,0
1999-07-12,81.5,81.5,81.5,81.5,0
1999-07-13,81.48999786376953,81.48999786376953,81.48999786376953,81.48999786376953,0
1999-07-14,81.5199966430664,81.5199966430664,81.5199966430664,81.5199966430664,0
1999-07-15,82.3499984741211,82.3499984741211,82.3499984741211,82.3499984741211,0
1999-07-16,82.26000213623047,82.26000213623047,82.26000213623047,82.26000213623047,0
1999-07-19,82.37999725341797,82.37999725341797,82.37999725341797,82.37999725341797,0
1999-07-20,81.33999633789062,81.33999633789062,81.33999633789062,81.33999633789062,0
1999-07-21,81.79000091552734,81.79000091552734,81.79000091552734,81.79000091552734,0
1999-07-22,82.75,82.75,82.75,82.75,0
1999-07-23,84.5,84.5,84.5,84.5,0
1999-07-26,83.86000061035156,83.86000061035156,83.86000061035156,83.86000061035156,0
1999-07-27,83.16000366210938,83.16000366210938,83.16000366210938,83.16000366210938,0
1999-07-28,83.2300033569336,83.2300033569336,83.2300033569336,83.2300033569336,0
1999-07-29,83.94999694824219,83.94999694824219,83.94999694824219,83.94999694824219,0
1999-07-30,83.7300033569336,83.7300033569336,83.7300033569336,83.7300033569336,0
1999-08-02,84.66999816894531,84.66999816894531,84.66999816894531,84.66999816894531,0
1999-08-03,84.91999816894531,84.91999816894531,84.91999816894531,84.91999816894531,0
1999-08-04,85.94000244140625,85.94000244140625,85.94000244140625,85.94000244140625,0
1999-08-05,86.05999755859375,86.05999755859375,86.05999755859375,86.05999755859375,0
1999-08-06,86.83999633789062,86.83999633789062,86.83999633789062,86.83999633789062,0
1999-08-09,87.37999725341797,87.37999725341797,87.37999725341797,87.37999725341797,0
1999-08-10,87.4800033569336,87.4800033569336,87.4800033569336,87.4800033569336,0
1999-08-11,87.66000366210938,87.66000366210938,87.66000366210938,87.66000366210938,0
1999-08-12,86.7699966430664,86.7699966430664,86.7699966430664,86.7699966430664,0
1999-08-13,87.08999633789062,87.08999633789062,87.08999633789062,87.08999633789062,0
1999-08-16,87.05000305175781,87.05000305175781,87.05000305175781,87.05000305175781,0
1999-08-17,87.72000122070312,87.72000122070312,87.72000122070312,87.72000122070312,0
1999-08-18,87.20999908447266,87.20999908447266,87.20999908447266,87.20999908447266,0
1999-08-19,87.83000183105469,87.83000183105469,87.83000183105469,87.83000183105469,0
1999-08-20,87.58000183105469,87.58000183105469,87.58000183105469,87.58000183105469,0
1999-08-23,87.5999984741211,87.5999984741211,87.5999984741211,87.5999984741211,0
1999-08-24,87.29000091552734,87.29000091552734,87.29000091552734,87.29000091552734,0
1999-08-25,86.36000061035156,86.36000061035156,86.36000061035156,86.36000061035156,0
1999-08-26,86.30000305175781,86.30000305175781,86.30000305175781,86.30000305175781,0
1999-08-27,86.55000305175781,86.55000305175781,86.55000305175781,86.55000305175781,0
1999-08-30,87.5,87.5,87.5,87.5,0
1999-08-31,88.20999908447266,88.20999908447266,88.20999908447266,88.20999908447266,0
1999-09-01,88.30000305175781,88.30000305175781,88.30000305175781,88.30000305175781,0
1999-09-02,87.4800033569336,87.4800033569336,87.4800033569336,87.4800033569336,0
1999-09-03,88.12000274658203,88.12000274658203,88.12000274658203,88.12000274658203,0
1999-09-07,90.08999633789062,90.08999633789062,90.08999633789062,90.08999633789062,0
1999-09-08,89.69999694824219,89.69999694824219,89.69999694824219,89.69999694824219,0
1999-09-09,90.69999694824219,90.69999694824219,90.69999694824219,90.69999694824219,0
1999-09-10,91.08999633789062,91.08999633789062,91.08999633789062,91.08999633789062,0
1999-09-13,91.2699966430664,91.2699966430664,91.2699966430664,91.2699966430664,0
1999-09-14,90.30000305175781,90.30000305175781,90.30000305175781,90.30000305175781,0
1999-09-15,90.0199966430664,90.0199966430664,90.0199966430664,90.0199966430664,0
1999-09-16,90.08000183105469,90.08000183105469,90.08000183105469,90.08000183105469,0
1999-09-17,90.48999786376953,90.48999786376953,90.48999786376953,90.48999786376953,0
1999-09-20,89.70999908447266,89.70999908447266,89.70999908447266,89.70999908447266,0
1999-09-21,89.80999755859375,89.80999755859375,89.80999755859375,89.80999755859375,0
1999-09-22,90.01000213623047,90.01000213623047,90.01000213623047,90.01000213623047,0
1999-09-23,91.36000061035156,91.36000061035156,91.36000061035156,91.36000061035156,0
1999-09-24,91.33000183105469,91.33000183105469,91.33000183105469,91.33000183105469,0
1999-09-27,91.9800033569336,91.9800033569336,91.9800033569336,91.9800033569336,0
1999-09-28,93.12999725341797,93.12999725341797,93.12999725341797,93.12999725341797,0
1999-09-29,93.0,93.0,93.0,93.0,0
1999-09-30,92.44000244140625,92.44000244140625,92.44000244140625,92.44000244140625,0
1999-10-01,92.33999633789062,92.33999633789062,92.33999633789062,92.33999633789062,0
1999-10-04,91.29000091552734,91.29000091552734,91.29000091552734,91.29000091552734,0
1999-10-05,90.91999816894531,90.91999816894531,90.91999816894531,90.91999816894531,0
1999-10-06,90.62000274658203,90.62000274658203,90.62000274658203,90.62000274658203,0
1999-10-07,89.5999984741211,89.5999984741211,89.5999984741211,89.5999984741211,0
1999-10-08,87.18000030517578,87.18000030517578,87.18000030517578,87.18000030517578,0
1999-10-11,87.76000213623047,87.76000213623047,87.76000213623047,87.76000213623047,0
1999-10-12,90.12000274658203,90.12000274658203,90.12000274658203,90.12000274658203,0
1999-10-13,91.41000366210938,91.41000366210938,91.41000366210938,91.41000366210938,0
1999-10-14,89.97000122070312,89.97000122070312,89.97000122070312,89.97000122070312,0
1999-10-15,90.69999694824219,90.69999694824219,90.69999694824219,90.69999694824219,0
1999-10-18,90.41000366210938,90.41000366210938,90.41000366210938,90.41000366210938,0
1999-10-19,90.30999755859375,90.30999755859375,90.30999755859375,90.30999755859375,0
1999-10-20,90.20999908447266,90.20999908447266,90.20999908447266,90.20999908447266,0
1999-10-21,90.0999984741211,90.0999984741211,90.0999984741211,90.0999984741211,0
1999-10-22,91.0199966430664,91.0199966430664,91.0199966430664,91.0199966430664,0
1999-10-25,90.80000305175781,90.80000305175781,90.80000305175781,90.80000305175781,0
1999-10-26,89.91000366210938,89.91000366210938,89.91000366210938,89.91000366210938,0
1999-10-27,89.77999877929688,89.77999877929688,89.77999877929688,89.77999877929688,0
1999-10-28,88.29000091552734,88.29000091552734,88.29000091552734,88.29000091552734,0
1999-10-29,88.41999816894531,88.41999816894531,88.41999816894531,88.41999816894531,0
1999-11-01,88.81999969482422,88.81999969482422,88.81999969482422,88.81999969482422,0
1999-11-02,88.72000122070312,88.72000122070312,88.72000122070312,88.72000122070312,0
1999-11-03,89.23999786376953,89.23999786376953,89.23999786376953,89.23999786376953,0
1999-11-04,89.70999908447266,89.70999908447266,89.70999908447266,89.70999908447266,0
1999-11-05,89.27999877929688,89.27999877929688,89.27999877929688,89.27999877929688,0
1999-11-08,89.19000244140625,89.19000244140625,89.19000244140625,89.19000244140625,0
1999-11-09,90.22000122070312,90.22000122070312,90.22000122070312,90.22000122070312,0
1999-11-10,90.5999984741211,90.5999984741211,90.5999984741211,90.5999984741211,0
1999-11-11,90.08999633789062,90.08999633789062,90.08999633789062,90.08999633789062,0
1999-11-12,90.79000091552734,90.79000091552734,90.79000091552734,90.79000091552734,0
1999-11-15,91.29000091552734,91.29000091552734,91.29000091552734,91.29000091552734,0
1999-11-16,91.72000122070312,91.72000122070312,91.72000122070312,91.72000122070312,0
1999-11-17,92.18000030517578,92.18000030517578,92.18000030517578,92.18000030517578,0
1999-11-18,90.91999816894531,90.91999816894531,90.91999816894531,90.91999816894531,0
1999-11-19,91.87000274658203,91.87000274658203,91.87000274658203,91.87000274658203,0
1999-11-22,92.69999694824219,92.69999694824219,92.69999694824219,92.69999694824219,0
1999-11-23,92.23999786376953,92.23999786376953,92.23999786376953,92.23999786376953,0
1999-11-24,92.62000274658203,92.62000274658203,92.62000274658203,92.62000274658203,0
1999-11-29,91.5199966430664,91.5199966430664,91.5199966430664,91.5199966430664,0
1999-11-30,90.08999633789062,90.08999633789062,90.08999633789062,90.08999633789062,0
1999-12-01,90.36000061035156,90.36000061035156,90.36000061035156,90.36000061035156,0
1999-12-02,91.20999908447266,91.20999908447266,91.20999908447266,91.20999908447266,0
1999-12-03,91.04000091552734,91.04000091552734,91.04000091552734,91.04000091552734,0
1999-12-06,91.7699966430664,91.7699966430664,91.7699966430664,91.7699966430664,0
1999-12-07,91.37999725341797,91.37999725341797,91.37999725341797,91.37999725341797,0
1999-12-08,91.5,91.5,91.5,91.5,0
1999-12-09,90.48999786376953,90.48999786376953,90.48999786376953,90.48999786376953,0
1999-12-10,89.7300033569336,89.7300033569336,89.7300033569336,89.7300033569336,0
1999-12-13,89.94999694824219,89.94999694824219,89.94999694824219,89.94999694824219,0
1999-12-14,90.79000091552734,90.79000091552734,90.79000091552734,90.79000091552734,0
1999-12-15,91.66000366210938,91.66000366210938,91.66000366210938,91.66000366210938,0
1999-12-16,92.61000061035156,92.61000061035156,92.61000061035156,92.61000061035156,0
1999-12-17,92.9000015258789,92.9000015258789,92.9000015258789,92.9000015258789,0
1999-12-20,92.98999786376953,92.98999786376953,92.98999786376953,92.98999786376953,0
1999-12-21,92.4800033569336,92.4800033569336,92.4800033569336,92.4800033569336,0
1999-12-22,92.13999938964844,92.13999938964844,92.13999938964844,92.13999938964844,0
1999-12-23,92.4800033569336,92.4800033569336,92.4800033569336,92.4800033569336,0
1999-12-27,92.6500015258789,92.6500015258789,92.6500015258789,92.6500015258789,0
1999-12-28,93.16000366210938,93.16000366210938,93.16000366210938,93.16000366210938,0
1999-12-29,93.11000061035156,93.11000061035156,93.11000061035156,93.11000061035156,0
1999-12-30,92.27999877929688,92.27999877929688,92.27999877929688,92.27999877929688,0
2000-01-03,92.05000305175781,92.05000305175781,92.05000305175781,92.05000305175781,0
2000-01-04,91.5,91.5,91.5,91.5,0
2000-01-05,91.0,91.0,91.0,91.0,0
2000-01-06,91.04000091552734,91.04000091552734,91.04000091552734,91.04000091552734,0
2000-01-07,90.75,90.75,90.75,90.75,0
2000-01-10,90.98999786376953,90.98999786376953,90.98999786376953,90.98999786376953,0
2000-01-11,92.05000305175781,92.05000305175781,92.05000305175781,92.05000305175781,0
2000-01-12,93.16000366210938,93.16000366210938,93.16000366210938,93.16000366210938,0
2000-01-13,93.80000305175781,93.80000305175781,93.80000305175781,93.80000305175781,0
2000-01-14,95.20999908447266,95.20999908447266,95.20999908447266,95.20999908447266,0
2000-01-18,96.44999694824219,96.44999694824219,96.44999694824219,96.44999694824219,0
2000-01-19,97.19000244140625,97.19000244140625,97.19000244140625,97.19000244140625,0
2000-01-20,97.6500015258789,97.6500015258789,97.6500015258789,97.6500015258789,0
2000-01-21,97.47000122070312,97.47000122070312,97.47000122070312,97.47000122070312,0
2000-01-24,97.05000305175781,97.05000305175781,97.05000305175781,97.05000305175781,0
2000-01-25,97.62999725341797,97.62999725341797,97.62999725341797,97.62999725341797,0
2000-01-26,96.8499984741211,96.8499984741211,96.8499984741211,96.8499984741211,0
2000-01-27,96.95999908447266,96.95999908447266,96.95999908447266,96.95999908447266,0
2000-01-28,96.5199966430664,96.5199966430664,96.5199966430664,96.5199966430664,0
2000-01-31,96.81999969482422,96.81999969482422,96.81999969482422,96.81999969482422,0
2000-02-01,97.55000305175781,97.55000305175781,97.55000305175781,97.55000305175781,0
2000-02-02,96.80000305175781,96.80000305175781,96.80000305175781,96.80000305175781,0
2000-02-03,97.13999938964844,97.13999938964844,97.13999938964844,97.13999938964844,0
2000-02-04,98.97000122070312,98.97000122070312,98.97000122070312,98.97000122070312,0
2000-02-07,97.68000030517578,97.68000030517578,97.68000030517578,97.68000030517578,0
2000-02-08,96.43000030517578,96.43000030517578,96.43000030517578,96.43000030517578,0
2000-02-09,97.66000366210938,97.66000366210938,97.66000366210938,97.66000366210938,0
2000-02-10,99.31999969482422,99.31999969482422,99.31999969482422,99.31999969482422,0
2000-02-11,98.80000305175781,98.80000305175781,98.80000305175781,98.80000305175781,0
2000-02-14,98.9000015258789,98.9000015258789,98.9000015258789,98.9000015258789,0
2000-02-15,98.45999908447266,98.45999908447266,98.45999908447266,98.45999908447266,0
2000-02-16,98.72000122070312,98.72000122070312,98.72000122070312,98.72000122070312,0
2000-02-17,98.38999938964844,98.38999938964844,98.38999938964844,98.38999938964844,0
2000-02-18,98.37000274658203,98.37000274658203,98.37000274658203,98.37000274658203,0
2000-02-22,98.38999938964844,98.38999938964844,98.38999938964844,98.38999938964844,0
2000-02-23,97.97000122070312,97.97000122070312,97.97000122070312,97.97000122070312,0
2000-02-24,98.26000213623047,98.26000213623047,98.26000213623047,98.26000213623047,0
2000-02-25,97.63999938964844,97.63999938964844,97.63999938964844,97.63999938964844,0
2000-02-28,97.31999969482422,97.31999969482422,97.31999969482422,97.31999969482422,0
2000-02-29,98.06999969482422,98.06999969482422,98.06999969482422,98.06999969482422,0
2000-03-01,99.83999633789062,99.83999633789062,99.83999633789062,99.83999633789062,0
2000-03-02,99.70999908447266,99.70999908447266,99.70999908447266,99.70999908447266,0
2000-03-03,100.08000183105469,100.08000183105469,100.08000183105469,100.08000183105469,0
2000-03-06,100.94000244140625,100.94000244140625,100.94000244140625,100.94000244140625,0
2000-03-07,102.25,102.25,102.25,102.25,0
2000-03-08,99.45999908447266,99.45999908447266,99.45999908447266,99.45999908447266,0
2000-03-09,100.52999877929688,100.52999877929688,100.52999877929688,100.52999877929688,0
2000-03-10,100.0199966430664,100.0199966430664,100.0199966430664,100.0199966430664,0
2000-03-13,100.73999786376953,100.73999786376953,100.73999786376953,100.73999786376953,0
2000-03-14,100.73999786376953,100.73999786376953,100.73999786376953,100.73999786376953,0
2000-03-15,100.06999969482422,100.06999969482422,100.06999969482422,100.06999969482422,0
2000-03-16,100.31999969482422,100.31999969482422,100.31999969482422,100.31999969482422,0
2000-03-17,100.45999908447266,100.45999908447266,100.45999908447266,100.45999908447266,0
2000-03-20,98.13999938964844,98.13999938964844,98.13999938964844,98.13999938964844,0
2000-03-21,98.58000183105469,98.58000183105469,98.58000183105469,98.58000183105469,0
2000-03-22,98.51000213623047,98.51000213623047,98.51000213623047,98.51000213623047,0
2000-03-23,98.11000061035156,98.11000061035156,98.11000061035156,98.11000061035156,0
2000-03-24,98.7300033569336,98.7300033569336,98.7300033569336,98.7300033569336,0
2000-03-27,98.6500015258789,98.6500015258789,98.6500015258789,98.6500015258789,0
2000-03-28,98.05999755859375,98.05999755859375,98.05999755859375,98.05999755859375,0
2000-03-29,97.01000213623047,97.01000213623047,97.01000213623047,97.01000213623047,0
2000-03-30,97.55999755859375,97.55999755859375,97.55999755859375,97.55999755859375,0
2000-03-31,98.52999877929688,98.52999877929688,98.52999877929688,98.52999877929688,0
2000-04-03,97.68000030517578,97.68000030517578,97.68000030517578,97.68000030517578,0
2000-04-04,96.1500015258789,96.1500015258789,96.1500015258789,96.1500015258789,0
2000-04-05,96.70999908447266,96.70999908447266,96.70999908447266,96.70999908447266,0
2000-04-06,95.95999908447266,95.95999908447266,95.95999908447266,95.95999908447266,0
2000-04-07,95.73999786376953,95.73999786376953,95.73999786376953,95.73999786376953,0
2000-04-10,94.6500015258789,94.6500015258789,94.6500015258789,94.6500015258789,0
2000-04-11,94.62999725341797,94.62999725341797,94.62999725341797,94.62999725341797,0
2000-04-12,96.38999938964844,96.38999938964844,96.38999938964844,96.38999938964844,0
2000-04-13,96.69999694824219,96.69999694824219,96.69999694824219,96.69999694824219,0
2000-04-14,95.87000274658203,95.87000274658203,95.87000274658203,95.87000274658203,0
2000-04-17,96.1500015258789,96.1500015258789,96.1500015258789,96.1500015258789,0
2000-04-18,96.52999877929688,96.52999877929688,96.52999877929688,96.52999877929688,0
2000-04-19,97.55999755859375,97.55999755859375,97.55999755859375,97.55999755859375,0
2000-04-20,97.4000015258789,97.4000015258789,97.4000015258789,97.4000015258789,0
2000-04-24,97.68000030517578,97.68000030517578,97.68000030517578,97.68000030517578,0
2000-04-25,97.54000091552734,97.54000091552734,97.54000091552734,97.54000091552734,0
2000-04-26,96.73999786376953,96.73999786376953,96.73999786376953,96.73999786376953,0
2000-04-27,96.75,96.75,96.75,96.75,0
2000-04-28,96.87999725341797,96.87999725341797,96.87999725341797,96.87999725341797,0
2000-05-01,98.5199966430664,98.5199966430664,98.5199966430664,98.5199966430664,0
2000-05-02,99.77999877929688,99.77999877929688,99.77999877929688,99.77999877929688,0
2000-05-03,99.41999816894531,99.41999816894531,99.41999816894531,99.41999816894531,0
2000-05-04,99.88999938964844,99.88999938964844,99.88999938964844,99.88999938964844,0
2000-05-05,99.75,99.75,99.75,99.75,0
2000-05-08,100.23999786376953,100.23999786376953,100.23999786376953,100.23999786376953,0
2000-05-09,100.83000183105469,100.83000183105469,100.83000183105469,100.83000183105469,0
2000-05-10,101.41999816894531,101.41999816894531,101.41999816894531,101.41999816894531,0
2000-05-11,102.37999725341797,102.37999725341797,102.37999725341797,102.37999725341797,0
2000-05-12,102.81999969482422,102.81999969482422,102.81999969482422,102.81999969482422,0
2000-05-15,102.70999908447266,102.70999908447266,102.70999908447266,102.70999908447266,0
2000-05-16,103.05000305175781,103.05000305175781,103.05000305175781,103.05000305175781,0
2000-05-17,103.12999725341797,103.12999725341797,103.12999725341797,103.12999725341797,0
2000-05-18,103.9800033569336,103.9800033569336,103.9800033569336,103.9800033569336,0
2000-05-19,104.01000213623047,104.01000213623047,104.01000213623047,104.01000213623047,0
2000-05-22,103.16999816894531,103.16999816894531,103.16999816894531,103.16999816894531,0
2000-05-23,103.2699966430664,103.2699966430664,103.2699966430664,103.2699966430664,0
2000-05-24,104.6500015258789,104.6500015258789,104.6500015258789,104.6500015258789,0
2000-05-25,104.87999725341797,104.87999725341797,104.87999725341797,104.87999725341797,0
2000-05-26,104.72000122070312,104.72000122070312,104.72000122070312,104.72000122070312,0
2000-05-30,103.91999816894531,103.91999816894531,103.91999816894531,103.91999816894531,0
2000-05-31,102.8499984741211,102.8499984741211,102.8499984741211,102.8499984741211,0
2000-06-01,103.44999694824219,103.44999694824219,103.44999694824219,103.44999694824219,0
2000-06-02,104.11000061035156,104.11000061035156,104.11000061035156,104.11000061035156,0
2000-06-05,104.20999908447266,104.20999908447266,104.20999908447266,104.20999908447266,0
2000-06-06,104.11000061035156,104.11000061035156,104.11000061035156,104.11000061035156,0
2000-06-07,102.77999877929688,102.77999877929688,102.77999877929688,102.77999877929688,0
2000-06-08,103.22000122070312,103.22000122070312,103.22000122070312,103.22000122070312,0
2000-06-09,103.69000244140625,103.69000244140625,103.69000244140625,103.69000244140625,0
2000-06-12,104.0,104.0,104.0,104.0,0
2000-06-13,104.48999786376953,104.48999786376953,104.48999786376953,104.48999786376953,0
2000-06-14,104.47000122070312,104.47000122070312,104.47000122070312,104.47000122070312,0
2000-06-15,104.75,104.75,104.75,104.75,0
2000-06-16,104.11000061035156,104.11000061035156,104.11000061035156,104.11000061035156,0
2000-06-19,103.0,103.0,103.0,103.0,0
2000-06-20,103.36000061035156,103.36000061035156,103.36000061035156,103.36000061035156,0
2000-06-21,104.51000213623047,104.51000213623047,104.51000213623047,104.51000213623047,0
2000-06-22,105.63999938964844,105.63999938964844,105.63999938964844,105.63999938964844,0
2000-06-23,104.88999938964844,104.88999938964844,104.88999938964844,104.88999938964844,0
2000-06-26,104.56999969482422,104.56999969482422,104.56999969482422,104.56999969482422,0
2000-06-27,105.37999725341797,105.37999725341797,105.37999725341797,105.37999725341797,0
2000-06-28,104.91000366210938,104.91000366210938,104.91000366210938,104.91000366210938,0
2000-06-29,105.75,105.75,105.75,105.75,0
2000-06-30,104.7699966430664,104.7699966430664,104.7699966430664,104.7699966430664,0
2000-07-05,102.0199966430664,102.0199966430664,102.0199966430664,102.0199966430664,0
2000-07-06,100.73999786376953,100.73999786376953,100.73999786376953,100.73999786376953,0
2000-07-07,101.62999725341797,101.62999725341797,101.62999725341797,101.62999725341797,0
2000-07-10,101.43000030517578,101.43000030517578,101.43000030517578,101.43000030517578,0
2000-07-11,101.69999694824219,101.69999694824219,101.69999694824219,101.69999694824219,0
2000-07-12,101.55999755859375,101.55999755859375,101.55999755859375,101.55999755859375,0
2000-07-13,102.7300033569336,102.7300033569336,102.7300033569336,102.7300033569336,0
2000-07-14,102.08000183105469,102.08000183105469,102.08000183105469,102.08000183105469,0
2000-07-17,101.68000030517578,101.68000030517578,101.68000030517578,101.68000030517578,0
2000-07-18,103.12999725341797,103.12999725341797,103.12999725341797,103.12999725341797,0
2000-07-19,102.2699966430664,102.2699966430664,102.2699966430664,102.2699966430664,0
2000-07-20,101.94000244140625,101.94000244140625,101.94000244140625,101.94000244140625,0
2000-07-21,100.88999938964844,100.88999938964844,100.88999938964844,100.88999938964844,0
2000-07-24,99.48999786376953,99.48999786376953,99.48999786376953,99.48999786376953,0
2000-07-25,99.12999725341797,99.12999725341797,99.12999725341797,99.12999725341797,0
2000-07-26,99.19999694824219,99.19999694824219,99.19999694824219,99.19999694824219,0
2000-07-27,99.77999877929688,99.77999877929688,99.77999877929688,99.77999877929688,0
2000-07-28,99.87999725341797,99.87999725341797,99.87999725341797,99.87999725341797,0
2000-07-31,99.01000213623047,99.01000213623047,99.01000213623047,99.01000213623047,0
2000-08-01,99.63999938964844,99.63999938964844,99.63999938964844,99.63999938964844,0
2000-08-02,100.7699966430664,100.7699966430664,100.7699966430664,100.7699966430664,0
2000-08-03,100.76000213623047,100.76000213623047,100.76000213623047,100.76000213623047,0
2000-08-04,101.63999938964844,101.63999938964844,101.63999938964844,101.63999938964844,0
2000-08-07,100.54000091552734,100.54000091552734,100.54000091552734,100.54000091552734,0
2000-08-08,101.02999877929688,101.02999877929688,101.02999877929688,101.02999877929688,0
2000-08-09,101.87999725341797,101.87999725341797,101.87999725341797,101.87999725341797,0
2000-08-10,102.83000183105469,102.83000183105469,102.83000183105469,102.83000183105469,0
2000-08-11,102.98999786376953,102.98999786376953,102.98999786376953,102.98999786376953,0
2000-08-14,103.25,103.25,103.25,103.25,0
2000-08-15,102.88999938964844,102.88999938964844,102.88999938964844,102.88999938964844,0
2000-08-16,103.61000061035156,103.61000061035156,103.61000061035156,103.61000061035156,0
2000-08-17,103.86000061035156,103.86000061035156,103.86000061035156,103.86000061035156,0
2000-08-18,104.22000122070312,104.22000122070312,104.22000122070312,104.22000122070312,0
2000-08-21,105.30000305175781,105.30000305175781,105.30000305175781,105.30000305175781,0
2000-08-22,104.13999938964844,104.13999938964844,104.13999938964844,104.13999938964844,0
2000-08-23,104.94999694824219,104.94999694824219,104.94999694824219,104.94999694824219,0
2000-08-24,104.81999969482422,104.81999969482422,104.81999969482422,104.81999969482422,0
2000-08-25,105.4000015258789,105.4000015258789,105.4000015258789,105.4000015258789,0
2000-08-28,106.51000213623047,106.51000213623047,106.51000213623047,106.51000213623047,0
2000-08-29,107.0199966430664,107.0199966430664,107.0199966430664,107.0199966430664,0
2000-08-30,107.93000030517578,107.93000030517578,107.93000030517578,107.93000030517578,0
2000-08-31,108.16999816894531,108.16999816894531,108.16999816894531,108.16999816894531,0
2000-09-01,108.41999816894531,108.41999816894531,108.41999816894531,108.41999816894531,0
2000-09-05,109.54000091552734,109.54000091552734,109.54000091552734,109.54000091552734,0
2000-09-06,110.11000061035156,110.11000061035156,110.11000061035156,110.11000061035156,0
2000-09-07,110.62000274658203,110.62000274658203,110.62000274658203,110.62000274658203,0
2000-09-08,109.3499984741211,109.3499984741211,109.3499984741211,109.3499984741211,0
2000-09-11,110.94999694824219,110.94999694824219,110.94999694824219,110.94999694824219,0
2000-09-12,110.29000091552734,110.29000091552734,110.29000091552734,110.29000091552734,0
2000-09-13,109.44000244140625,109.44000244140625,109.44000244140625,109.44000244140625,0
2000-09-14,109.66999816894531,109.66999816894531,109.66999816894531,109.66999816894531,0
2000-09-15,110.3499984741211,110.3499984741211,110.3499984741211,110.3499984741211,0
2000-09-18,111.16999816894531,111.16999816894531,111.16999816894531,111.16999816894531,0
2000-09-19,110.62000274658203,110.62000274658203,110.62000274658203,110.62000274658203,0
2000-09-20,110.31999969482422,110.31999969482422,110.31999969482422,110.31999969482422,0
2000-09-21,109.7699966430664,109.7699966430664,109.7699966430664,109.7699966430664,0
2000-09-22,108.55000305175781,108.55000305175781,108.55000305175781,108.55000305175781,0
2000-09-25,108.23999786376953,108.23999786376953,108.23999786376953,108.23999786376953,0
2000-09-26,108.19999694824219,108.19999694824219,108.19999694824219,108.19999694824219,0
2000-09-27,108.48999786376953,108.48999786376953,108.48999786376953,108.48999786376953,0
2000-09-28,106.45999908447266,106.45999908447266,106.45999908447266,106.45999908447266,0
2000-09-29,106.9800033569336,106.9800033569336,106.9800033569336,106.9800033569336,0
2000-10-02,108.37999725341797,108.37999725341797,108.37999725341797,108.37999725341797,0
2000-10-03,108.41999816894531,108.41999816894531,108.41999816894531,108.41999816894531,0
2000-10-04,107.62000274658203,107.62000274658203,107.62000274658203,107.62000274658203,0
2000-10-05,106.58999633789062,106.58999633789062,106.58999633789062,106.58999633789062,0
2000-10-06,106.30000305175781,106.30000305175781,106.30000305175781,106.30000305175781,0
2000-10-09,107.41000366210938,107.41000366210938,107.41000366210938,107.41000366210938,0
2000-10-10,109.30000305175781,109.30000305175781,109.30000305175781,109.30000305175781,0
2000-10-11,110.23999786376953,110.23999786376953,110.23999786376953,110.23999786376953,0
2000-10-12,112.72000122070312,112.72000122070312,112.72000122070312,112.72000122070312,0
2000-10-13,110.62000274658203,110.62000274658203,110.62000274658203,110.62000274658203,0
2000-10-16,108.69000244140625,108.69000244140625,108.69000244140625,108.69000244140625,0
2000-10-17,108.61000061035156,108.61000061035156,108.61000061035156,108.61000061035156,0
2000-10-18,107.87999725341797,107.87999725341797,107.87999725341797,107.87999725341797,0
2000-10-19,106.5199966430664,106.5199966430664,106.5199966430664,106.5199966430664,0
2000-10-20,107.08000183105469,107.08000183105469,107.08000183105469,107.08000183105469,0
2000-10-23,107.77999877929688,107.77999877929688,107.77999877929688,107.77999877929688,0
2000-10-24,107.06999969482422,107.06999969482422,107.06999969482422,107.06999969482422,0
2000-10-25,105.58000183105469,105.58000183105469,105.58000183105469,105.58000183105469,0
2000-10-26,105.13999938964844,105.13999938964844,105.13999938964844,105.13999938964844,0
2000-10-27,103.86000061035156,103.86000061035156,103.86000061035156,103.86000061035156,0
2000-10-30,103.54000091552734,103.54000091552734,103.54000091552734,103.54000091552734,0
2000-10-31,103.81999969482422,103.81999969482422,103.81999969482422,103.81999969482422,0
2000-11-01,104.41000366210938,104.41000366210938,104.41000366210938,104.41000366210938,0
2000-11-02,104.48999786376953,104.48999786376953,104.48999786376953,104.48999786376953,0
2000-11-03,105.33000183105469,105.33000183105469,105.33000183105469,105.33000183105469,0
2000-11-06,105.30000305175781,105.30000305175781,105.30000305175781,105.30000305175781,0
2000-11-07,106.4800033569336,106.4800033569336,106.4800033569336,106.4800033569336,0
2000-11-08,107.13999938964844,107.13999938964844,107.13999938964844,107.13999938964844,0
2000-11-09,107.72000122070312,107.72000122070312,107.72000122070312,107.72000122070312,0
2000-11-10,107.48999786376953,107.48999786376953,107.48999786376953,107.48999786376953,0
2000-11-13,108.08999633789062,108.08999633789062,108.08999633789062,108.08999633789062,0
2000-11-14,109.41999816894531,109.41999816894531,109.41999816894531,109.41999816894531,0
2000-11-15,110.94000244140625,110.94000244140625,110.94000244140625,110.94000244140625,0
2000-11-16,109.44000244140625,109.44000244140625,109.44000244140625,109.44000244140625,0
2000-11-17,110.94999694824219,110.94999694824219,110.94999694824219,110.94999694824219,0
2000-11-20,111.69000244140625,111.69000244140625,111.69000244140625,111.69000244140625,0
2000-11-21,112.05000305175781,112.05000305175781,112.05000305175781,112.05000305175781,0
2000-11-22,112.6500015258789,112.6500015258789,112.6500015258789,112.6500015258789,0
2000-11-27,112.80999755859375,112.80999755859375,112.80999755859375,112.80999755859375,0
2000-11-28,110.8499984741211,110.8499984741211,110.8499984741211,110.8499984741211,0
2000-11-29,110.91999816894531,110.91999816894531,110.91999816894531,110.91999816894531,0
2000-11-30,111.58999633789062,111.58999633789062,111.58999633789062,111.58999633789062,0
2000-12-01,110.31999969482422,110.31999969482422,110.31999969482422,110.31999969482422,0
2000-12-04,112.18000030517578,112.18000030517578,112.18000030517578,112.18000030517578,0
2000-12-05,110.5,110.5,110.5,110.5,0
2000-12-06,114.12000274658203,114.12000274658203,114.12000274658203,114.12000274658203,0
2000-12-07,113.19999694824219,113.19999694824219,113.19999694824219,113.19999694824219,0
2000-12-08,113.08999633789062,113.08999633789062,113.08999633789062,113.08999633789062,0
2000-12-11,116.08999633789062,116.08999633789062,116.08999633789062,116.08999633789062,0
2000-12-12,113.25,113.25,113.25,113.25,0
2000-12-13,111.41999816894531,111.41999816894531,111.41999816894531,111.41999816894531,0
2000-12-14,110.05999755859375,110.05999755859375,110.05999755859375,110.05999755859375,0
2000-12-15,112.05999755859375,112.05999755859375,112.05999755859375,112.05999755859375,0
2000-12-18,112.97000122070312,112.97000122070312,112.97000122070312,112.97000122070312,0
2000-12-19,113.18000030517578,113.18000030517578,113.18000030517578,113.18000030517578,0
2000-12-20,111.63999938964844,111.63999938964844,111.63999938964844,111.63999938964844,0
2000-12-21,111.9800033569336,111.9800033569336,111.9800033569336,111.9800033569336,0
2000-12-22,111.54000091552734,111.54000091552734,111.54000091552734,111.54000091552734,0
2000-12-26,112.37999725341797,112.37999725341797,112.37999725341797,112.37999725341797,0
2000-12-27,112.94999694824219,112.94999694824219,112.94999694824219,112.94999694824219,0
2000-12-28,112.56999969482422,112.56999969482422,112.56999969482422,112.56999969482422,0
2000-12-29,114.61000061035156,114.61000061035156,114.61000061035156,114.61000061035156,0
2001-01-02,111.44999694824219,111.44999694824219,111.44999694824219,111.44999694824219,0
2001-01-03,111.51000213623047,111.51000213623047,111.51000213623047,111.51000213623047,0
2001-01-04,113.2699966430664,113.2699966430664,113.2699966430664,113.2699966430664,0
2001-01-05,113.83999633789062,113.83999633789062,113.83999633789062,113.83999633789062,0
2001-01-08,114.66000366210938,114.66000366210938,114.66000366210938,114.66000366210938,0
2001-01-09,115.08999633789062,115.08999633789062,115.08999633789062,115.08999633789062,0
2001-01-10,115.55000305175781,115.55000305175781,115.55000305175781,115.55000305175781,0
2001-01-11,114.7300033569336,114.7300033569336,114.7300033569336,114.7300033569336,0
2001-01-12,115.02999877929688,115.02999877929688,115.02999877929688,115.02999877929688,0
2001-01-16,114.05999755859375,114.05999755859375,114.05999755859375,114.05999755859375,0
2001-01-17,112.70999908447266,112.70999908447266,112.70999908447266,112.70999908447266,0
2001-01-18,114.02999877929688,114.02999877929688,114.02999877929688,114.02999877929688,0
2001-01-19,115.2300033569336,115.2300033569336,115.2300033569336,115.2300033569336,0
2001-01-22,115.4800033569336,115.4800033569336,115.4800033569336,115.4800033569336,0
2001-01-23,114.37000274658203,114.37000274658203,114.37000274658203,114.37000274658203,0
2001-01-24,113.66000366210938,113.66000366210938,113.66000366210938,113.66000366210938,0
2001-01-25,113.87000274658203,113.87000274658203,113.87000274658203,113.87000274658203,0
2001-01-26,114.06999969482422,114.06999969482422,114.06999969482422,114.06999969482422,0
2001-01-29,112.16999816894531,112.16999816894531,112.16999816894531,112.16999816894531,0
2001-01-30,112.37000274658203,112.37000274658203,112.37000274658203,112.37000274658203,0
2001-01-31,111.37999725341797,111.37999725341797,111.37999725341797,111.37999725341797,0
2001-02-01,113.47000122070312,113.47000122070312,113.47000122070312,113.47000122070312,0
2001-02-02,115.30000305175781,115.30000305175781,115.30000305175781,115.30000305175781,0
2001-02-05,113.20999908447266,113.20999908447266,113.20999908447266,113.20999908447266,0
2001-02-06,113.16000366210938,113.16000366210938,113.16000366210938,113.16000366210938,0
2001-02-07,114.08999633789062,114.08999633789062,114.08999633789062,114.08999633789062,0
2001-02-08,113.83999633789062,113.83999633789062,113.83999633789062,113.83999633789062,0
2001-02-09,113.0999984741211,113.0999984741211,113.0999984741211,113.0999984741211,0
2001-02-12,112.29000091552734,112.29000091552734,112.29000091552734,112.29000091552734,0
2001-02-13,112.58000183105469,112.58000183105469,112.58000183105469,112.58000183105469,0
2001-02-14,111.8499984741211,111.8499984741211,111.8499984741211,111.8499984741211,0
2001-02-15,110.93000030517578,110.93000030517578,110.93000030517578,110.93000030517578,0
2001-02-16,111.36000061035156,111.36000061035156,111.36000061035156,111.36000061035156,0
2001-02-20,110.83999633789062,110.83999633789062,110.83999633789062,110.83999633789062,0
2001-02-21,110.37999725341797,110.37999725341797,110.37999725341797,110.37999725341797,0
2001-02-22,110.19999694824219,110.19999694824219,110.19999694824219,110.19999694824219,0
2001-02-23,110.47000122070312,110.47000122070312,110.47000122070312,110.47000122070312,0
2001-02-26,110.1500015258789,110.1500015258789,110.1500015258789,110.1500015258789,0
2001-02-27,110.48999786376953,110.48999786376953,110.48999786376953,110.48999786376953,0
2001-02-28,110.4800033569336,110.4800033569336,110.4800033569336,110.4800033569336,0
2001-03-01,110.75,110.75,110.75,110.75,0
2001-03-02,111.12999725341797,111.12999725341797,111.12999725341797,111.12999725341797,0
2001-03-05,112.12000274658203,112.12000274658203,112.12000274658203,112.12000274658203,0
2001-03-06,112.01000213623047,112.01000213623047,112.01000213623047,112.01000213623047,0
2001-03-07,112.33999633789062,112.33999633789062,112.33999633789062,112.33999633789062,0
2001-03-08,111.47000122070312,111.47000122070312,111.47000122070312,111.47000122070312,0
2001-03-09,111.0199966430664,111.0199966430664,111.0199966430664,111.0199966430664,0
2001-03-12,111.0,111.0,111.0,111.0,0
2001-03-13,110.20999908447266,110.20999908447266,110.20999908447266,110.20999908447266,0
2001-03-14,108.26000213623047,108.26000213623047,108.26000213623047,108.26000213623047,0
2001-03-15,107.48999786376953,107.48999786376953,107.48999786376953,107.48999786376953,0
2001-03-16,107.02999877929688,107.02999877929688,107.02999877929688,107.02999877929688,0
2001-03-19,106.62999725341797,106.62999725341797,106.62999725341797,106.62999725341797,0
2001-03-20,106.77999877929688,106.77999877929688,106.77999877929688,106.77999877929688,0
2001-03-21,107.02999877929688,107.02999877929688,107.02999877929688,107.02999877929688,0
2001-03-22,106.5,106.5,106.5,106.5,0
2001-03-23,107.66999816894531,107.66999816894531,107.66999816894531,107.66999816894531,0
2001-03-26,108.2300033569336,108.2300033569336,108.2300033569336,108.2300033569336,0
2001-03-27,109.16000366210938,109.16000366210938,109.16000366210938,109.16000366210938,0
2001-03-28,106.9000015258789,106.9000015258789,106.9000015258789,106.9000015258789,0
2001-03-29,106.66000366210938,106.66000366210938,106.66000366210938,106.66000366210938,0
2001-03-30,105.37000274658203,105.37000274658203,105.37000274658203,105.37000274658203,0
2001-04-02,104.93000030517578,104.93000030517578,104.93000030517578,104.93000030517578,0
2001-04-03,105.81999969482422,105.81999969482422,105.81999969482422,105.81999969482422,0
2001-04-04,107.4800033569336,107.4800033569336,107.4800033569336,107.4800033569336,0
2001-04-05,107.98999786376953,107.98999786376953,107.98999786376953,107.98999786376953,0
2001-04-06,107.30000305175781,107.30000305175781,107.30000305175781,107.30000305175781,0
2001-04-09,107.83999633789062,107.83999633789062,107.83999633789062,107.83999633789062,0
2001-04-10,109.02999877929688,109.02999877929688,109.02999877929688,109.02999877929688,0
2001-04-11,108.97000122070312,108.97000122070312,108.97000122070312,108.97000122070312,0
2001-04-12,109.19999694824219,109.19999694824219,109.19999694824219,109.19999694824219,0
2001-04-16,110.25,110.25,110.25,110.25,0
2001-04-17,109.37999725341797,109.37999725341797,109.37999725341797,109.37999725341797,0
2001-04-18,109.38999938964844,109.38999938964844,109.38999938964844,109.38999938964844,0
2001-04-19,108.80000305175781,108.80000305175781,108.80000305175781,108.80000305175781,0
2001-04-20,108.26000213623047,108.26000213623047,108.26000213623047,108.26000213623047,0
2001-04-23,107.93000030517578,107.93000030517578,107.93000030517578,107.93000030517578,0
2001-04-24,107.20999908447266,107.20999908447266,107.20999908447266,107.20999908447266,0
2001-04-25,107.43000030517578,107.43000030517578,107.43000030517578,107.43000030517578,0
2001-04-26,108.66000366210938,108.66000366210938,108.66000366210938,108.66000366210938,0
2001-04-27,108.31999969482422,108.31999969482422,108.31999969482422,108.31999969482422,0
2001-04-30,108.70999908447266,108.70999908447266,108.70999908447266,108.70999908447266,0
2001-05-01,109.37999725341797,109.37999725341797,109.37999725341797,109.37999725341797,0
2001-05-02,108.45999908447266,108.45999908447266,108.45999908447266,108.45999908447266,0
2001-05-03,109.12000274658203,109.12000274658203,109.12000274658203,109.12000274658203,0
2001-05-04,109.0199966430664,109.0199966430664,109.0199966430664,109.0199966430664,0
2001-05-07,108.19000244140625,108.19000244140625,108.19000244140625,108.19000244140625,0
2001-05-08,107.91999816894531,107.91999816894531,107.91999816894531,107.91999816894531,0
2001-05-09,108.2699966430664,108.2699966430664,108.2699966430664,108.2699966430664,0
2001-05-10,108.30000305175781,108.30000305175781,108.30000305175781,108.30000305175781,0
2001-05-11,108.02999877929688,108.02999877929688,108.02999877929688,108.02999877929688,0
2001-05-14,108.0999984741211,108.0999984741211,108.0999984741211,108.0999984741211,0
2001-05-15,108.58999633789062,108.58999633789062,108.58999633789062,108.58999633789062,0
2001-05-16,108.58000183105469,108.58000183105469,108.58000183105469,108.58000183105469,0
2001-05-17,109.04000091552734,109.04000091552734,109.04000091552734,109.04000091552734,0
2001-05-18,110.83000183105469,110.83000183105469,110.83000183105469,110.83000183105469,0
2001-05-21,110.30999755859375,110.30999755859375,110.30999755859375,110.30999755859375,0
2001-05-22,109.69999694824219,109.69999694824219,109.69999694824219,109.69999694824219,0
2001-05-23,109.41999816894531,109.41999816894531,109.41999816894531,109.41999816894531,0
2001-05-24,108.37999725341797,108.37999725341797,108.37999725341797,108.37999725341797,0
2001-05-25,107.44000244140625,107.44000244140625,107.44000244140625,107.44000244140625,0
2001-05-29,106.7300033569336,106.7300033569336,106.7300033569336,106.7300033569336,0
2001-05-30,106.19999694824219,106.19999694824219,106.19999694824219,106.19999694824219,0
2001-05-31,106.08999633789062,106.08999633789062,106.08999633789062,106.08999633789062,0
2001-06-01,106.18000030517578,106.18000030517578,106.18000030517578,106.18000030517578,0
2001-06-04,105.79000091552734,105.79000091552734,105.79000091552734,105.79000091552734,0
2001-06-05,105.94000244140625,105.94000244140625,105.94000244140625,105.94000244140625,0
2001-06-06,105.48999786376953,105.48999786376953,105.48999786376953,105.48999786376953,0
2001-06-07,105.31999969482422,105.31999969482422,105.31999969482422,105.31999969482422,0
2001-06-08,106.19000244140625,106.19000244140625,106.19000244140625,106.19000244140625,0
2001-06-11,106.68000030517578,106.68000030517578,106.68000030517578,106.68000030517578,0
2001-06-12,107.19999694824219,107.19999694824219,107.19999694824219,107.19999694824219,0
2001-06-13,106.73999786376953,106.73999786376953,106.73999786376953,106.73999786376953,0
2001-06-14,106.83999633789062,106.83999633789062,106.83999633789062,106.83999633789062,0
2001-06-15,105.43000030517578,105.43000030517578,105.43000030517578,105.43000030517578,0
2001-06-18,104.88999938964844,104.88999938964844,104.88999938964844,104.88999938964844,0
2001-06-19,104.98999786376953,104.98999786376953,104.98999786376953,104.98999786376953,0
2001-06-20,102.73999786376953,102.73999786376953,102.73999786376953,102.73999786376953,0
2001-06-21,102.77999877929688,102.77999877929688,102.77999877929688,102.77999877929688,0
2001-06-22,102.51000213623047,102.51000213623047,102.51000213623047,102.51000213623047,0
2001-06-25,102.41000366210938,102.41000366210938,102.41000366210938,102.41000366210938,0
2001-06-26,102.66999816894531,102.66999816894531,102.66999816894531,102.66999816894531,0
2001-06-27,101.22000122070312,101.22000122070312,101.22000122070312,101.22000122070312,0
2001-06-28,100.69000244140625,100.69000244140625,100.69000244140625,100.69000244140625,0
2001-06-29,101.56999969482422,101.56999969482422,101.56999969482422,101.56999969482422,0
2001-07-02,101.54000091552734,101.54000091552734,101.54000091552734,101.54000091552734,0
2001-07-03,101.63999938964844,101.63999938964844,101.63999938964844,101.63999938964844,0
2001-07-05,102.08000183105469,102.08000183105469,102.08000183105469,102.08000183105469,0
2001-07-06,103.2699966430664,103.2699966430664,103.2699966430664,103.2699966430664,0
2001-07-09,103.02999877929688,103.02999877929688,103.02999877929688,103.02999877929688,0
2001-07-10,103.16999816894531,103.16999816894531,103.16999816894531,103.16999816894531,0
2001-07-11,103.56999969482422,103.56999969482422,103.56999969482422,103.56999969482422,0
2001-07-12,104.61000061035156,104.61000061035156,104.61000061035156,104.61000061035156,0
2001-07-13,103.63999938964844,103.63999938964844,103.63999938964844,103.63999938964844,0
2001-07-16,102.56999969482422,102.56999969482422,102.56999969482422,102.56999969482422,0
2001-07-17,103.5199966430664,103.5199966430664,103.5199966430664,103.5199966430664,0
2001-07-18,102.18000030517578,102.18000030517578,102.18000030517578,102.18000030517578,0
2001-07-19,101.5999984741211,101.5999984741211,101.5999984741211,101.5999984741211,0
2001-07-20,101.62999725341797,101.62999725341797,101.62999725341797,101.62999725341797,0
2001-07-23,101.75,101.75,101.75,101.75,0
2001-07-24,101.95999908447266,101.95999908447266,101.95999908447266,101.95999908447266,0
2001-07-25,102.94000244140625,102.94000244140625,102.94000244140625,102.94000244140625,0
2001-07-26,102.81999969482422,102.81999969482422,102.81999969482422,102.81999969482422,0
2001-07-27,103.19000244140625,103.19000244140625,103.19000244140625,103.19000244140625,0
2001-07-30,102.48999786376953,102.48999786376953,102.48999786376953,102.48999786376953,0
2001-07-31,102.56999969482422,102.56999969482422,102.56999969482422,102.56999969482422,0
2001-08-01,102.29000091552734,102.29000091552734,102.29000091552734,102.29000091552734,0
2001-08-02,102.72000122070312,102.72000122070312,102.72000122070312,102.72000122070312,0
2001-08-03,102.12999725341797,102.12999725341797,102.12999725341797,102.12999725341797,0
2001-08-06,102.33999633789062,102.33999633789062,102.33999633789062,102.33999633789062,0
2001-08-07,102.73999786376953,102.73999786376953,102.73999786376953,102.73999786376953,0
2001-08-08,102.47000122070312,102.47000122070312,102.47000122070312,102.47000122070312,0
2001-08-09,102.9800033569336,102.9800033569336,102.9800033569336,102.9800033569336,0
2001-08-10,103.51000213623047,103.51000213623047,103.51000213623047,103.51000213623047,0
2001-08-13,103.80000305175781,103.80000305175781,103.80000305175781,103.80000305175781,0
2001-08-14,103.8499984741211,103.8499984741211,103.8499984741211,103.8499984741211,0
2001-08-15,103.79000091552734,103.79000091552734,103.79000091552734,103.79000091552734,0
2001-08-16,103.19000244140625,103.19000244140625,103.19000244140625,103.19000244140625,0
2001-08-17,102.87000274658203,102.87000274658203,102.87000274658203,102.87000274658203,0
2001-08-20,101.94000244140625,101.94000244140625,101.94000244140625,101.94000244140625,0
2001-08-21,102.3499984741211,102.3499984741211,102.3499984741211,102.3499984741211,0
2001-08-22,102.01000213623047,102.01000213623047,102.01000213623047,102.01000213623047,0
2001-08-23,102.33000183105469,102.33000183105469,102.33000183105469,102.33000183105469,0
2001-08-24,102.30999755859375,102.30999755859375,102.30999755859375,102.30999755859375,0
2001-08-27,102.2300033569336,102.2300033569336,102.2300033569336,102.2300033569336,0
2001-08-28,102.19999694824219,102.19999694824219,102.19999694824219,102.19999694824219,0
2001-08-29,102.51000213623047,102.51000213623047,102.51000213623047,102.51000213623047,0
2001-08-30,101.33000183105469,101.33000183105469,101.33000183105469,101.33000183105469,0
2001-08-31,102.2300033569336,102.2300033569336,102.2300033569336,102.2300033569336,0
2001-09-04,101.3499984741211,101.3499984741211,101.3499984741211,101.3499984741211,0
2001-09-05,101.3499984741211,101.3499984741211,101.3499984741211,101.3499984741211,0
2001-09-06,101.18000030517578,101.18000030517578,101.18000030517578,101.18000030517578,0
2001-09-07,101.62000274658203,101.62000274658203,101.62000274658203,101.62000274658203,0
2001-09-10,101.16000366210938,101.16000366210938,101.16000366210938,101.16000366210938,0
2001-09-17,102.94999694824219,102.94999694824219,102.94999694824219,102.94999694824219,0
2001-09-18,101.12999725341797,101.12999725341797,101.12999725341797,101.12999725341797,0
2001-09-19,99.5,99.5,99.5,99.5,0
2001-09-20,99.11000061035156,99.11000061035156,99.11000061035156,99.11000061035156,0
2001-09-21,98.44999694824219,98.44999694824219,98.44999694824219,98.44999694824219,0
2001-09-24,94.33999633789062,94.33999633789062,94.33999633789062,94.33999633789062,0
2001-09-25,93.88999938964844,93.88999938964844,93.88999938964844,93.88999938964844,0
2001-09-26,94.95999908447266,94.95999908447266,94.95999908447266,94.95999908447266,0
2001-09-27,95.06999969482422,95.06999969482422,95.06999969482422,95.06999969482422,0
2001-09-28,95.11000061035156,95.11000061035156,95.11000061035156,95.11000061035156,0
2001-10-01,94.87999725341797,94.87999725341797,94.87999725341797,94.87999725341797,0
2001-10-02,94.20999908447266,94.20999908447266,94.20999908447266,94.20999908447266,0
2001-10-03,93.68000030517578,93.68000030517578,93.68000030517578,93.68000030517578,0
2001-10-04,94.52999877929688,94.52999877929688,94.52999877929688,94.52999877929688,0
2001-10-05,94.0,94.0,94.0,94.0,0
2001-10-08,93.97000122070312,93.97000122070312,93.97000122070312,93.97000122070312,0
2001-10-09,93.47000122070312,93.47000122070312,93.47000122070312,93.47000122070312,0
2001-10-10,93.29000091552734,93.29000091552734,93.29000091552734,93.29000091552734,0
2001-10-11,93.83000183105469,93.83000183105469,93.83000183105469,93.83000183105469,0
2001-10-12,92.37999725341797,92.37999725341797,92.37999725341797,92.37999725341797,0
2001-10-15,91.19000244140625,91.19000244140625,91.19000244140625,91.19000244140625,0
2001-10-16,91.47000122070312,91.47000122070312,91.47000122070312,91.47000122070312,0
2001-10-17,91.56999969482422,91.56999969482422,91.56999969482422,91.56999969482422,0
2001-10-18,90.48999786376953,90.48999786376953,90.48999786376953,90.48999786376953,0
2001-10-19,90.91000366210938,90.91000366210938,90.91000366210938,90.91000366210938,0
2001-10-22,90.4000015258789,90.4000015258789,90.4000015258789,90.4000015258789,0
2001-10-23,90.23999786376953,90.23999786376953,90.23999786376953,90.23999786376953,0
2001-10-24,90.70999908447266,90.70999908447266,90.70999908447266,90.70999908447266,0
2001-10-25,90.58000183105469,90.58000183105469,90.58000183105469,90.58000183105469,0
2001-10-26,90.76000213623047,90.76000213623047,90.76000213623047,90.76000213623047,0
2001-10-29,91.05000305175781,91.05000305175781,91.05000305175781,91.05000305175781,0
2001-10-30,91.02999877929688,91.02999877929688,91.02999877929688,91.02999877929688,0
2001-10-31,90.41000366210938,90.41000366210938,90.41000366210938,90.41000366210938,0
2001-11-01,89.77999877929688,89.77999877929688,89.77999877929688,89.77999877929688,0
2001-11-02,89.13999938964844,89.13999938964844,89.13999938964844,89.13999938964844,0
2001-11-05,88.83999633789062,88.83999633789062,88.83999633789062,88.83999633789062,0
2001-11-06,88.45999908447266,88.45999908447266,88.45999908447266,88.45999908447266,0
2001-11-07,88.88999938964844,88.88999938964844,88.88999938964844,88.88999938964844,0
2001-11-08,89.97000122070312,89.97000122070312,89.97000122070312,89.97000122070312,0
2001-11-09,91.68000030517578,91.68000030517578,91.68000030517578,91.68000030517578,0
2001-11-12,90.95999908447266,90.95999908447266,90.95999908447266,90.95999908447266,0
2001-11-13,92.1500015258789,92.1500015258789,92.1500015258789,92.1500015258789,0
2001-11-14,90.58000183105469,90.58000183105469,90.58000183105469,90.58000183105469,0
2001-11-15,88.27999877929688,90.05999755859375,88.1500015258789,90.05999755859375,0
2001-11-16,89.47000122070312,89.66999816894531,88.16999816894531,89.1500015258789,0
2001-11-19,89.55999755859375,89.66000366210938,85.66999816894531,88.95999908447266,0
2001-11-20,89.93000030517578,90.55999755859375,89.6500015258789,89.72000122070312,0
2001-11-21,89.86000061035156,90.52999877929688,89.62000274658203,89.93000030517578,0
2001-11-23,89.86000061035156,90.52999877929688,89.62000274658203,89.86000061035156,0
2001-11-26,89.33000183105469,90.25,88.76000213623047,90.18000030517578,0
2001-11-27,90.23999786376953,90.31999969482422,87.91000366210938,90.16000366210938,0
2001-11-28,89.51000213623047,90.29000091552734,89.37000274658203,89.77999877929688,0
2001-11-29,89.3499984741211,89.95999908447266,89.20999908447266,89.61000061035156,0
2001-11-30,90.95999908447266,91.0999984741211,89.4000015258789,89.5,0
2001-12-03,91.08999633789062,91.7300033569336,90.38999938964844,90.55000305175781,0
2001-12-04,90.02999877929688,91.1500015258789,89.91999816894531,90.94000244140625,0
2001-12-05,89.62000274658203,90.41999816894531,89.47000122070312,90.3499984741211,0
2001-12-06,88.54000091552734,89.9000015258789,88.25,89.8499984741211,0
2001-12-07,88.7300033569336,88.87000274658203,87.5199966430664,88.5999984741211,0
2001-12-10,87.77999877929688,88.26000213623047,87.61000061035156,88.26000213623047,0
2001-12-11,87.88999938964844,88.0,87.4800033569336,87.8499984741211,0
2001-12-12,87.55999755859375,88.08999633789062,87.54000091552734,87.75,0
2001-12-13,87.41000366210938,87.68000030517578,87.1500015258789,87.5199966430664,0
2001-12-14,88.97000122070312,88.98999786376953,85.58000183105469,87.66000366210938,0
2001-12-17,88.87000274658203,89.20999908447266,88.6500015258789,88.68000030517578,0
2001-12-18,89.08000183105469,89.47000122070312,88.91000366210938,89.26000213623047,0
2001-12-19,89.01000213623047,89.5,88.87999725341797,89.19999694824219,0
2001-12-20,88.5999984741211,89.43000030517578,85.37999725341797,89.1500015258789,0
2001-12-21,89.26000213623047,89.44999694824219,86.05999755859375,88.80000305175781,0
2001-12-24,89.26000213623047,89.44999694824219,86.05999755859375,89.26000213623047,0
2001-12-26,90.83999633789062,91.08999633789062,89.62000274658203,89.63999938964844,0
2001-12-27,90.23999786376953,90.45999908447266,89.98999786376953,90.23999786376953,0
2001-12-28,89.79000091552734,90.22000122070312,86.73999786376953,90.22000122070312,0
2001-12-31,89.02999877929688,89.72000122070312,88.93000030517578,89.6500015258789,0
2002-01-02,89.87999725341797,91.44000244140625,89.01000213623047,89.02999877929688,0
2002-01-03,89.62999725341797,90.23999786376953,89.55999755859375,89.9000015258789,0
2002-01-04,91.44999694824219,91.87999725341797,90.27999877929688,90.3499984741211,0
2002-01-07,92.36000061035156,92.69999694824219,91.75,91.76000213623047,0
2002-01-08,92.06999969482422,92.19000244140625,91.76000213623047,91.9800033569336,0
2002-01-09,91.52999877929688,92.4000015258789,88.70999908447266,91.70999908447266,0
2002-01-10,91.37000274658203,91.69999694824219,90.94000244140625,91.62000274658203,0
2002-01-11,91.05999755859375,92.05999755859375,90.98999786376953,91.30000305175781,0
2002-01-14,90.13999938964844,91.04000091552734,89.9800033569336,90.8499984741211,0
2002-01-15,90.26000213623047,90.76000213623047,89.93000030517578,89.97000122070312,0
2002-01-16,91.12000274658203,91.30000305175781,89.7300033569336,89.7300033569336,0
2002-01-17,89.37999725341797,91.2300033569336,88.80000305175781,91.2300033569336,0
2002-01-18,88.73999786376953,89.5999984741211,88.68000030517578,89.45999908447266,0
2002-01-22,88.1500015258789,89.0,87.2699966430664,88.9000015258789,0
2002-01-23,88.56999969482422,88.91999816894531,88.23999786376953,88.44000244140625,0
2002-01-24,88.91999816894531,89.3499984741211,86.66000366210938,88.54000091552734,0
2002-01-25,89.02999877929688,89.16000366210938,88.16000366210938,89.06999969482422,0
2002-01-28,88.08999633789062,89.01000213623047,87.81999969482422,88.77999877929688,0
2002-01-29,87.87000274658203,88.11000061035156,86.69000244140625,87.76000213623047,0
2002-01-30,87.37000274658203,87.86000061035156,86.66999816894531,87.44000244140625,0
2002-01-31,88.30999755859375,88.37000274658203,87.4000015258789,87.69000244140625,0
2002-02-01,89.5999984741211,89.69999694824219,88.06999969482422,88.08999633789062,0
2002-02-04,89.29000091552734,89.6500015258789,89.05999755859375,89.38999938964844,0
2002-02-05,89.4800033569336,89.66999816894531,89.04000091552734,89.11000061035156,0
2002-02-06,88.87999725341797,89.75,88.80999755859375,89.55999755859375,0
2002-02-07,89.0999984741211,89.16000366210938,88.05999755859375,88.95999908447266,0
2002-02-08,90.0199966430664,90.05000305175781,88.77999877929688,89.5,0
2002-02-11,90.93000030517578,91.1500015258789,89.16999816894531,89.52999877929688,0
2002-02-12,90.69999694824219,91.3499984741211,90.52999877929688,90.58999633789062,0
2002-02-13,91.1500015258789,92.06999969482422,90.51000213623047,90.5999984741211,0
2002-02-14,90.62000274658203,91.5,90.61000061035156,91.4800033569336,0
2002-02-15,90.48999786376953,90.68000030517578,90.33000183105469,90.54000091552734,0
2002-02-19,89.97000122070312,90.3499984741211,89.93000030517578,90.22000122070312,0
2002-02-20,89.69000244140625,90.16999816894531,89.19000244140625,90.0,0
2002-02-21,90.30999755859375,90.61000061035156,89.6500015258789,89.94999694824219,0
2002-02-22,90.12999725341797,90.55999755859375,89.80999755859375,90.0999984741211,0
2002-02-25,88.83999633789062,89.86000061035156,88.7699966430664,89.77999877929688,0
2002-02-26,89.81999969482422,89.91000366210938,89.08999633789062,89.16000366210938,0
2002-02-27,90.29000091552734,90.55999755859375,88.12999725341797,89.79000091552734,0
2002-02-28,90.4800033569336,91.0,90.16999816894531,90.4000015258789,0
2002-03-01,91.94000244140625,92.22000122070312,90.56999969482422,90.58000183105469,0
2002-03-04,92.4800033569336,92.7699966430664,92.16000366210938,92.19999694824219,0
2002-03-05,93.20999908447266,93.51000213623047,92.54000091552734,92.62999725341797,0
2002-03-06,93.7300033569336,93.81999969482422,92.93000030517578,93.08000183105469,0
2002-03-07,95.31999969482422,96.66000366210938,94.5999984741211,94.66999816894531,0
2002-03-08,95.83000183105469,95.94000244140625,94.91999816894531,94.93000030517578,0
2002-03-11,97.3499984741211,97.52999877929688,96.23999786376953,96.47000122070312,0
2002-03-12,97.30999755859375,97.38999938964844,96.25,96.69000244140625,0
2002-03-13,96.70999908447266,97.69000244140625,96.51000213623047,97.66000366210938,0
2002-03-14,97.37999725341797,97.55000305175781,96.08999633789062,96.33999633789062,0
2002-03-15,97.94999694824219,98.1500015258789,97.30999755859375,97.47000122070312,0
2002-03-18,98.94000244140625,99.0199966430664,97.63999938964844,98.2300033569336,0
2002-03-19,98.83000183105469,101.19000244140625,98.61000061035156,98.83999633789062,0
2002-03-20,97.94000244140625,99.55000305175781,97.80999755859375,98.83999633789062,0
2002-03-21,99.37999725341797,99.45999908447266,97.43000030517578,97.70999908447266,0
2002-03-22,98.4800033569336,99.8499984741211,98.22000122070312,99.37999725341797,0
2002-03-25,98.27999877929688,98.48999786376953,97.25,98.19000244140625,0
2002-03-26,98.58999633789062,99.04000091552734,98.05999755859375,98.4800033569336,0
2002-03-27,99.3499984741211,99.5199966430664,98.62999725341797,99.05999755859375,0
2002-03-28,99.58999633789062,99.7300033569336,98.55000305175781,98.5999984741211,0
2002-04-01,101.27999877929688,101.37000274658203,99.97000122070312,100.2300033569336,0
2002-04-02,102.62000274658203,103.0,101.62999725341797,101.69999694824219,0
2002-04-03,101.0,102.2699966430664,100.91999816894531,102.2300033569336,0
2002-04-04,98.87999725341797,101.9800033569336,98.72000122070312,101.04000091552734,0
2002-04-05,98.13999938964844,99.13999938964844,96.45999908447266,98.93000030517578,0
2002-04-08,98.19000244140625,99.4000015258789,98.06999969482422,98.95999908447266,0
2002-04-09,97.37000274658203,97.86000061035156,97.05999755859375,97.77999877929688,0
2002-04-10,97.31999969482422,97.93000030517578,96.88999938964844,97.41000366210938,0
2002-04-11,95.5999984741211,96.94999694824219,95.47000122070312,96.94000244140625,0
2002-04-12,94.11000061035156,95.58999633789062,93.98999786376953,95.13999938964844,0
2002-04-15,96.1500015258789,96.26000213623047,94.55999755859375,95.05000305175781,0
2002-04-16,96.37999725341797,96.77999877929688,95.9000015258789,96.48999786376953,0
2002-04-17,98.4800033569336,98.5199966430664,96.73999786376953,96.9800033569336,0
2002-04-18,98.38999938964844,99.3499984741211,98.30000305175781,98.63999938964844,0
2002-04-19,98.55000305175781,98.66999816894531,97.43000030517578,98.08999633789062,0
2002-04-22,98.87000274658203,99.27999877929688,98.12000274658203,99.1500015258789,0
2002-04-23,98.93000030517578,99.43000030517578,98.4800033569336,98.94000244140625,0
2002-04-24,98.04000091552734,98.5,97.66999816894531,98.41000366210938,0
2002-04-25,97.55000305175781,98.79000091552734,97.41000366210938,98.16000366210938,0
2002-04-26,98.04000091552734,98.37000274658203,97.30000305175781,97.62000274658203,0
2002-04-29,98.62000274658203,98.7699966430664,95.16000366210938,98.16000366210938,0
2002-04-30,99.43000030517578,99.76000213623047,98.38999938964844,98.79000091552734,0
2002-05-01,98.37000274658203,98.88999938964844,96.56999969482422,98.87999725341797,0
2002-05-02,97.61000061035156,97.91000366210938,96.83999633789062,97.77999877929688,0
2002-05-03,98.05999755859375,98.12000274658203,97.11000061035156,98.01000213623047,0
2002-05-06,97.0999984741211,97.16000366210938,96.44999694824219,97.16000366210938,0
2002-05-07,98.04000091552734,98.12999725341797,96.51000213623047,96.91000366210938,0
2002-05-08,99.08000183105469,99.55000305175781,98.4000015258789,98.44000244140625,0
2002-05-09,99.02999877929688,99.4000015258789,98.22000122070312,99.05999755859375,0
2002-05-10,99.66000366210938,100.3499984741211,99.23999786376953,99.29000091552734,0
2002-05-13,100.55999755859375,100.69000244140625,98.94000244140625,99.23999786376953,0
2002-05-14,101.58000183105469,101.76000213623047,99.62999725341797,100.87000274658203,0
2002-05-15,99.91999816894531,101.58000183105469,99.80000305175781,100.87000274658203,0
2002-05-16,99.73999786376953,100.12999725341797,99.04000091552734,99.98999786376953,0
2002-05-17,99.55000305175781,99.63999938964844,98.72000122070312,99.38999938964844,0
2002-05-20,99.29000091552734,100.11000061035156,98.63999938964844,99.27999877929688,0
2002-05-21,98.0199966430664,98.98999786376953,97.72000122070312,98.91000366210938,0
2002-05-22,98.27999877929688,98.7699966430664,97.7699966430664,98.44000244140625,0
2002-05-23,98.33000183105469,98.7699966430664,97.83999633789062,98.43000030517578,0
2002-05-24,97.69999694824219,98.30000305175781,97.26000213623047,98.08000183105469,0
2002-05-28,97.36000061035156,98.08000183105469,94.5999984741211,97.27999877929688,0
2002-05-29,98.55000305175781,99.01000213623047,97.22000122070312,97.33999633789062,0
2002-05-30,96.44000244140625,98.0199966430664,96.16000366210938,98.0,0
2002-05-31,97.76000213623047,98.0999984741211,96.79000091552734,96.81999969482422,0
2002-06-03,97.6500015258789,98.16999816894531,97.20999908447266,97.44000244140625,0
2002-06-04,98.25,98.58999633789062,97.7699966430664,98.05999755859375,0
2002-06-05,97.52999877929688,97.72000122070312,96.98999786376953,97.69000244140625,0
2002-06-06,97.30999755859375,98.0999984741211,96.7300033569336,98.0199966430664,0
2002-06-07,96.81999969482422,97.16999816894531,96.41999816894531,97.08000183105469,0
2002-06-10,95.70999908447266,96.44000244140625,95.66000366210938,96.2699966430664,0
2002-06-11,95.38999938964844,96.48999786376953,94.12999725341797,95.31999969482422,0
2002-06-12,95.66000366210938,96.30999755859375,95.54000091552734,95.66999816894531,0
2002-06-13,97.29000091552734,97.45999908447266,95.63999938964844,95.7699966430664,0
2002-06-14,97.8499984741211,97.93000030517578,96.7699966430664,97.31999969482422,0
2002-06-17,98.0199966430664,98.69999694824219,97.81999969482422,97.9000015258789,0
2002-06-18,97.33999633789062,98.08999633789062,97.11000061035156,97.81999969482422,0
2002-06-19,97.26000213623047,98.16999816894531,96.36000061035156,97.2300033569336,0
2002-06-20,97.4800033569336,98.0199966430664,96.73999786376953,97.63999938964844,0
2002-06-21,97.25,97.8499984741211,96.5999984741211,97.4800033569336,0
2002-06-24,98.9800033569336,99.18000030517578,97.55999755859375,97.69000244140625,0
2002-06-25,98.98999786376953,99.83000183105469,98.91000366210938,99.44999694824219,0
2002-06-26,98.7699966430664,98.86000061035156,98.16999816894531,98.72000122070312,0
2002-06-27,98.91999816894531,99.12999725341797,98.37999725341797,98.9000015258789,0
2002-06-28,99.5199966430664,99.66999816894531,98.47000122070312,99.02999877929688,0
2002-07-01,100.20999908447266,100.55999755859375,99.55999755859375,99.72000122070312,0
2002-07-02,99.79000091552734,100.69999694824219,94.77999877929688,100.13999938964844,0
2002-07-03,99.58999633789062,99.66999816894531,98.87999725341797,99.66999816894531,0
2002-07-05,99.93000030517578,99.93000030517578,99.47000122070312,99.47000122070312,0
2002-07-08,98.27999877929688,99.33000183105469,98.19000244140625,99.26000213623047,0
2002-07-09,99.05000305175781,99.38999938964844,97.83000183105469,98.4800033569336,0
2002-07-10,99.37999725341797,101.06999969482422,99.11000061035156,99.22000122070312,0
2002-07-11,99.5199966430664,99.77999877929688,99.12000274658203,99.30999755859375,0
2002-07-12,99.62000274658203,100.11000061035156,98.8499984741211,100.05000305175781,0
2002-07-15,99.62999725341797,100.5999984741211,99.52999877929688,100.06999969482422,0
2002-07-16,100.83000183105469,100.88999938964844,99.8499984741211,100.0999984741211,0
2002-07-17,100.54000091552734,100.91999816894531,99.94000244140625,100.66000366210938,0
2002-07-18,100.73999786376953,101.04000091552734,99.81999969482422,100.16999816894531,0
2002-07-19,100.98999786376953,104.58000183105469,99.6500015258789,100.37999725341797,0
2002-07-22,100.4000015258789,101.19000244140625,99.88999938964844,100.79000091552734,0
2002-07-23,98.3499984741211,100.6500015258789,97.6500015258789,100.25,0
2002-07-24,99.44999694824219,99.7300033569336,96.12000274658203,98.45999908447266,0
2002-07-25,98.55999755859375,99.31999969482422,98.11000061035156,99.23999786376953,0
2002-07-26,97.80999755859375,98.66999816894531,97.45999908447266,98.62999725341797,0
2002-07-29,97.04000091552734,98.69999694824219,96.06999969482422,97.37999725341797,0
2002-07-30,98.3499984741211,100.26000213623047,96.69000244140625,97.43000030517578,0
2002-07-31,98.83000183105469,99.7300033569336,98.41999816894531,99.22000122070312,0
2002-08-01,97.91999816894531,99.94999694824219,97.76000213623047,99.33999633789062,0
2002-08-02,98.30999755859375,98.47000122070312,97.38999938964844,97.81999969482422,0
2002-08-05,96.86000061035156,97.25,96.22000122070312,97.0,0
2002-08-06,97.62000274658203,97.87000274658203,96.98999786376953,97.0199966430664,0
2002-08-07,97.02999877929688,97.81999969482422,96.04000091552734,97.22000122070312,0
2002-08-08,97.16000366210938,97.79000091552734,95.91000366210938,97.12999725341797,0
2002-08-09,97.75,98.05000305175781,97.22000122070312,97.2699966430664,0
2002-08-12,99.93000030517578,100.08999633789062,97.48999786376953,98.12999725341797,0
2002-08-13,100.38999938964844,100.69000244140625,99.62999725341797,99.9000015258789,0
2002-08-14,100.48999786376953,101.16000366210938,100.41999816894531,100.7300033569336,0
2002-08-15,102.19999694824219,102.3499984741211,100.58999633789062,100.62000274658203,0
2002-08-16,101.91999816894531,102.22000122070312,101.7699966430664,101.9800033569336,0
2002-08-19,101.91000366210938,101.95999908447266,100.76000213623047,101.58000183105469,0
2002-08-20,100.9800033569336,102.05000305175781,100.87999725341797,101.8499984741211,0
2002-08-21,101.72000122070312,102.06999969482422,99.68000030517578,100.83999633789062,0
2002-08-22,102.62999725341797,102.69999694824219,101.45999908447266,101.6500015258789,0
2002-08-23,102.41999816894531,102.76000213623047,101.94999694824219,102.22000122070312,0
2002-08-26,103.44000244140625,103.52999877929688,102.5999984741211,102.68000030517578,0
2002-08-27,102.9800033569336,103.58999633789062,102.91999816894531,103.55999755859375,0
2002-08-28,102.20999908447266,102.75,102.12000274658203,102.66000366210938,0
2002-08-29,102.05999755859375,102.38999938964844,100.76000213623047,102.0999984741211,0
2002-08-30,102.61000061035156,102.62999725341797,101.83999633789062,102.13999938964844,0
2002-09-03,101.23999786376953,102.43000030517578,101.02999877929688,102.4000015258789,0
2002-09-04,102.55000305175781,102.9800033569336,101.4000015258789,101.4000015258789,0
2002-09-05,103.95999908447266,104.05000305175781,102.62000274658203,102.62999725341797,0
2002-09-06,104.91999816894531,105.6500015258789,104.83999633789062,104.88999938964844,0
2002-09-09,106.58000183105469,107.06999969482422,104.9800033569336,105.20999908447266,0
2002-09-10,106.80999755859375,107.27999877929688,106.58999633789062,106.86000061035156,0
2002-09-11,106.8499984741211,107.18000030517578,106.58000183105469,106.68000030517578,0
2002-09-12,105.80999755859375,107.05999755859375,105.5,106.8499984741211,0
2002-09-13,106.38999938964844,107.30999755859375,105.4800033569336,105.58999633789062,0
2002-09-16,106.4000015258789,107.72000122070312,105.61000061035156,106.30000305175781,0
2002-09-17,106.31999969482422,106.3499984741211,104.98999786376953,105.58000183105469,0
2002-09-18,106.98999786376953,107.44000244140625,106.70999908447266,106.80999755859375,0
2002-09-19,106.66000366210938,107.58999633789062,106.41000366210938,107.1500015258789,0
2002-09-20,106.13999938964844,107.69999694824219,105.68000030517578,106.83999633789062,0
2002-09-23,106.66000366210938,107.05999755859375,106.12999725341797,106.77999877929688,0
2002-09-24,106.37000274658203,107.30999755859375,105.91999816894531,107.27999877929688,0
2002-09-25,105.68000030517578,106.12000274658203,105.51000213623047,105.91999816894531,0
2002-09-26,106.08999633789062,106.33999633789062,105.25,106.0199966430664,0
2002-09-27,106.47000122070312,106.8499984741211,105.94000244140625,106.19999694824219,0
2002-09-30,106.29000091552734,107.5199966430664,106.19999694824219,106.94999694824219,0
2002-10-01,106.58000183105469,107.41000366210938,106.0,106.9000015258789,0
2002-10-02,106.72000122070312,107.12999725341797,106.05999755859375,107.08999633789062,0
2002-10-03,104.20999908447266,106.12000274658203,104.12000274658203,105.94999694824219,0
2002-10-04,103.9000015258789,105.26000213623047,103.36000061035156,104.45999908447266,0
2002-10-07,104.18000030517578,104.5199966430664,103.51000213623047,103.95999908447266,0
2002-10-08,104.62999725341797,104.94000244140625,103.8499984741211,103.86000061035156,0
2002-10-09,104.43000030517578,105.05000305175781,104.30000305175781,104.69999694824219,0
2002-10-10,103.5,104.31999969482422,102.80999755859375,104.23999786376953,0
2002-10-11,104.70999908447266,104.76000213623047,103.55000305175781,103.62000274658203,0
2002-10-14,105.9000015258789,106.05999755859375,104.08000183105469,104.69999694824219,0
2002-10-15,107.02999877929688,107.36000061035156,105.95999908447266,106.08999633789062,0
2002-10-16,106.77999877929688,107.33999633789062,106.41999816894531,107.16000366210938,0
2002-10-17,107.36000061035156,107.58000183105469,105.79000091552734,106.62999725341797,0
2002-10-18,106.6500015258789,107.2699966430664,104.29000091552734,107.26000213623047,0
2002-10-21,105.4800033569336,106.91999816894531,105.41999816894531,106.48999786376953,0
2002-10-22,104.91000366210938,105.62000274658203,104.63999938964844,105.04000091552734,0
2002-10-23,105.52999877929688,105.76000213623047,103.8499984741211,105.37999725341797,0
2002-10-24,105.62000274658203,105.91999816894531,102.5,105.72000122070312,0
2002-10-25,104.62000274658203,106.0199966430664,104.23999786376953,105.58999633789062,0
2002-10-28,104.75,105.01000213623047,104.16000366210938,104.86000061035156,0
2002-10-29,104.25,104.7300033569336,103.79000091552734,104.7300033569336,0
2002-10-30,104.6500015258789,105.37000274658203,97.93000030517578,104.76000213623047,0
2002-10-31,105.05000305175781,105.41000366210938,104.69000244140625,105.01000213623047,0
2002-11-01,104.83000183105469,105.23999786376953,103.13999938964844,105.0999984741211,0
2002-11-04,103.9800033569336,105.56999969482422,103.91999816894531,104.3499984741211,0
2002-11-05,103.12000274658203,104.12000274658203,103.0199966430664,103.77999877929688,0
2002-11-06,102.95999908447266,103.45999908447266,101.44000244140625,103.08999633789062,0
2002-11-07,102.44999694824219,103.97000122070312,102.08000183105469,103.4800033569336,0
2002-11-08,102.33000183105469,102.93000030517578,102.19999694824219,102.44000244140625,0
2002-11-11,102.33999633789062,102.8499984741211,101.80999755859375,102.63999938964844,0
2002-11-12,102.01000213623047,102.79000091552734,101.83000183105469,102.48999786376953,0
2002-11-13,101.13999938964844,101.66000366210938,100.3499984741211,101.66000366210938,0
2002-11-14,101.29000091552734,101.68000030517578,100.69000244140625,101.33000183105469,0
2002-11-15,102.22000122070312,102.37999725341797,101.44999694824219,101.66999816894531,0
2002-11-18,104.0199966430664,104.08999633789062,102.51000213623047,103.02999877929688,0
2002-11-19,104.12000274658203,104.79000091552734,103.86000061035156,104.4000015258789,0
2002-11-20,105.05000305175781,105.13999938964844,104.48999786376953,104.79000091552734,0
2002-11-21,105.37999725341797,105.80000305175781,104.69999694824219,105.20999908447266,0
2002-11-22,105.75,105.91000366210938,104.95999908447266,105.20999908447266,0
2002-11-25,104.7699966430664,105.70999908447266,104.6500015258789,105.55000305175781,0
2002-11-26,104.51000213623047,104.8499984741211,104.0199966430664,104.75,0
2002-11-27,105.25,105.44999694824219,104.75,104.9800033569336,0
2002-11-29,105.25,105.44999694824219,104.75,105.25,0
2002-12-02,106.29000091552734,106.76000213623047,105.3499984741211,105.37999725341797,0
2002-12-03,105.43000030517578,106.66000366210938,105.30999755859375,106.58000183105469,0
2002-12-04,105.12999725341797,105.97000122070312,104.55999755859375,104.98999786376953,0
2002-12-05,105.81999969482422,105.91999816894531,104.37000274658203,105.45999908447266,0
2002-12-06,105.30999755859375,106.31999969482422,105.19999694824219,106.05000305175781,0
2002-12-09,105.2300033569336,105.44999694824219,104.66000366210938,105.33000183105469,0
2002-12-10,106.87000274658203,106.97000122070312,104.88999938964844,105.33999633789062,0
2002-12-11,106.83999633789062,107.55000305175781,106.5,106.7300033569336,0
2002-12-12,108.56999969482422,108.75,104.72000122070312,107.04000091552734,0
2002-12-13,109.30000305175781,110.0,108.61000061035156,108.7699966430664,0
2002-12-16,110.66999816894531,110.83000183105469,108.25,109.83999633789062,0
2002-12-17,110.27999877929688,110.81999969482422,109.94000244140625,110.47000122070312,0
2002-12-18,110.97000122070312,111.36000061035156,109.05999755859375,109.72000122070312,0
2002-12-19,110.7699966430664,112.41999816894531,110.62999725341797,111.33999633789062,0
2002-12-20,111.20999908447266,111.25,110.61000061035156,110.77999877929688,0
2002-12-23,112.68000030517578,112.87000274658203,109.19999694824219,111.72000122070312,0
2002-12-24,112.93000030517578,112.95999908447266,112.4800033569336,112.48999786376953,0
2002-12-26,112.55000305175781,112.88999938964844,112.25,112.76000213623047,0
2002-12-27,112.66000366210938,112.76000213623047,111.80000305175781,112.56999969482422,0
2002-12-30,110.36000061035156,112.98999786376953,110.16000366210938,112.80999755859375,0
2002-12-31,110.27999877929688,110.41000366210938,107.98999786376953,110.20999908447266,0
2003-01-02,113.12999725341797,113.41000366210938,111.12999725341797,111.12999725341797,0
2003-01-03,114.7300033569336,114.9000015258789,111.19999694824219,113.69000244140625,0
2003-01-06,112.9000015258789,114.20999908447266,112.66999816894531,113.66999816894531,0
2003-01-07,112.58999633789062,112.94999694824219,111.70999908447266,112.52999877929688,0
2003-01-08,113.05999755859375,113.13999938964844,111.72000122070312,112.91000366210938,0
2003-01-09,114.63999938964844,114.75,112.73999786376953,113.29000091552734,0
2003-01-10,113.02999877929688,115.0199966430664,112.77999877929688,114.98999786376953,0
2003-01-13,113.44999694824219,113.69999694824219,112.55999755859375,113.27999877929688,0
2003-01-14,113.38999938964844,114.05999755859375,112.97000122070312,113.69999694824219,0
2003-01-15,114.48999786376953,114.7699966430664,113.5,113.88999938964844,0
2003-01-16,115.47000122070312,116.9800033569336,114.69999694824219,114.94999694824219,0
2003-01-17,115.37999725341797,115.51000213623047,114.51000213623047,115.05000305175781,0
2003-01-21,115.58999633789062,116.02999877929688,114.83000183105469,115.69000244140625,0
2003-01-22,116.25,116.9000015258789,115.44000244140625,115.62000274658203,0
2003-01-23,115.69999694824219,116.9000015258789,115.43000030517578,116.55999755859375,0
2003-01-24,117.0199966430664,117.12000274658203,115.66999816894531,115.77999877929688,0
2003-01-27,115.5,117.37999725341797,115.44999694824219,117.37999725341797,0
2003-01-28,116.27999877929688,116.36000061035156,115.7300033569336,115.87999725341797,0
2003-01-29,117.87000274658203,120.16999816894531,116.29000091552734,116.30999755859375,0
2003-01-30,118.69000244140625,118.80999755859375,117.63999938964844,118.13999938964844,0
2003-01-31,118.63999938964844,119.05000305175781,117.95999908447266,118.41999816894531,0
2003-02-03,118.54000091552734,118.8499984741211,117.1500015258789,118.3499984741211,0
2003-02-04,119.2699966430664,119.38999938964844,118.54000091552734,118.61000061035156,0
2003-02-05,119.2300033569336,119.98999786376953,118.38999938964844,119.61000061035156,0
2003-02-06,119.62000274658203,120.12000274658203,118.79000091552734,119.36000061035156,0
2003-02-07,121.05999755859375,121.48999786376953,120.12999725341797,120.12999725341797,0
2003-02-10,120.58000183105469,121.52999877929688,120.12999725341797,121.37000274658203,0
2003-02-11,121.44999694824219,121.55999755859375,119.30999755859375,120.70999908447266,0
2003-02-12,119.98999786376953,121.58999633789062,119.68000030517578,121.58999633789062,0
2003-02-13,119.95999908447266,120.19999694824219,119.38999938964844,120.16999816894531,0
2003-02-14,120.56999969482422,120.5999984741211,119.55999755859375,119.94999694824219,0
2003-02-18,120.31999969482422,120.56999969482422,119.94999694824219,120.05999755859375,0
2003-02-19,120.86000061035156,121.02999877929688,120.05000305175781,120.16999816894531,0
2003-02-20,120.4800033569336,121.08000183105469,120.4800033569336,120.93000030517578,0
2003-02-21,122.22000122070312,122.29000091552734,120.91000366210938,121.0199966430664,0
2003-02-24,125.05000305175781,125.23999786376953,123.2699966430664,123.30000305175781,0
2003-02-25,121.68000030517578,126.2699966430664,120.70999908447266,125.5999984741211,0
2003-02-26,123.87999725341797,124.01000213623047,121.61000061035156,121.75,0
2003-02-27,122.41999816894531,124.12999725341797,122.0999984741211,123.94999694824219,0
2003-02-28,122.52999877929688,123.76000213623047,121.69000244140625,122.8499984741211,0
2003-03-03,121.93000030517578,122.18000030517578,121.44999694824219,121.79000091552734,0
2003-03-04,122.29000091552734,123.01000213623047,121.61000061035156,122.5999984741211,0
2003-03-05,121.7699966430664,122.48999786376953,120.9800033569336,122.26000213623047,0
2003-03-06,122.41999816894531,122.52999877929688,121.69999694824219,122.05000305175781,0
2003-03-07,124.01000213623047,124.18000030517578,122.36000061035156,122.48999786376953,0
2003-03-10,122.95999908447266,123.80000305175781,122.80999755859375,123.72000122070312,0
2003-03-11,121.61000061035156,122.69000244140625,121.0,122.58999633789062,0
2003-03-12,121.55999755859375,121.7300033569336,120.4800033569336,120.93000030517578,0
2003-03-13,118.8499984741211,121.45999908447266,118.5,121.45999908447266,0
2003-03-14,117.91999816894531,118.45999908447266,116.73999786376953,117.38999938964844,0
2003-03-17,116.66999816894531,118.41000366210938,116.22000122070312,118.13999938964844,0
2003-03-18,114.55000305175781,115.58999633789062,114.05999755859375,114.98999786376953,0
2003-03-19,114.08999633789062,115.4800033569336,113.94000244140625,115.04000091552734,0
2003-03-20,113.05000305175781,115.26000213623047,112.4000015258789,113.66000366210938,0
2003-03-21,111.37999725341797,112.79000091552734,111.01000213623047,112.7699966430664,0
2003-03-24,112.30999755859375,112.6500015258789,111.5999984741211,112.48999786376953,0
2003-03-25,111.19999694824219,113.01000213623047,111.0,112.9000015258789,0
2003-03-26,111.25,111.86000061035156,110.93000030517578,111.7300033569336,0
2003-03-27,112.63999938964844,112.88999938964844,111.56999969482422,112.2300033569336,0
2003-03-28,112.36000061035156,113.01000213623047,112.0,112.6500015258789,0
2003-03-31,113.16999816894531,113.33999633789062,112.11000061035156,112.93000030517578,0
2003-04-01,112.08000183105469,113.37999725341797,111.91999816894531,112.80999755859375,0
2003-04-02,111.3499984741211,111.4000015258789,110.5199966430664,110.87000274658203,0
2003-04-03,111.0,111.55999755859375,109.23999786376953,111.0,0
2003-04-04,111.23999786376953,111.33000183105469,107.19000244140625,110.20999908447266,0
2003-04-07,111.62999725341797,112.6500015258789,109.81999969482422,110.77999877929688,0
2003-04-08,111.30000305175781,111.91999816894531,110.44000244140625,111.37000274658203,0
2003-04-09,112.3499984741211,112.38999938964844,110.44999694824219,111.1500015258789,0
2003-04-10,111.58000183105469,112.1500015258789,111.37000274658203,112.05999755859375,0
2003-04-11,112.29000091552734,112.36000061035156,110.4800033569336,111.26000213623047,0
2003-04-14,112.1500015258789,112.30000305175781,111.43000030517578,111.87999725341797,0
2003-04-15,113.47000122070312,113.62000274658203,112.20999908447266,112.22000122070312,0
2003-04-16,113.44000244140625,113.73999786376953,112.7300033569336,113.47000122070312,0
2003-04-17,114.9800033569336,114.9800033569336,113.19000244140625,113.47000122070312,0
2003-04-21,115.41999816894531,115.70999908447266,114.58999633789062,114.76000213623047,0
2003-04-22,114.5199966430664,115.20999908447266,114.44999694824219,114.80000305175781,0
2003-04-23,113.33000183105469,114.83999633789062,113.11000061035156,114.29000091552734,0
2003-04-24,112.87000274658203,113.87999725341797,112.04000091552734,113.33000183105469,0
2003-04-25,112.62000274658203,113.0199966430664,111.91999816894531,112.63999938964844,0
2003-04-28,110.97000122070312,112.38999938964844,110.86000061035156,112.38999938964844,0
2003-04-29,111.2300033569336,111.45999908447266,109.61000061035156,110.69000244140625,0
2003-04-30,112.36000061035156,112.97000122070312,111.33000183105469,111.9000015258789,0
2003-05-01,112.6500015258789,113.29000091552734,112.51000213623047,112.58000183105469,0
2003-05-02,112.02999877929688,112.91000366210938,111.7300033569336,112.77999877929688,0
2003-05-05,113.62000274658203,113.69999694824219,112.11000061035156,112.18000030517578,0
2003-05-06,112.98999786376953,113.6500015258789,112.80999755859375,113.18000030517578,0
2003-05-07,113.7699966430664,113.81999969482422,112.7300033569336,113.26000213623047,0
2003-05-08,114.8499984741211,115.26000213623047,113.55000305175781,113.5999984741211,0
2003-05-09,116.62000274658203,116.70999908447266,114.55000305175781,114.9800033569336,0
2003-05-12,117.38999938964844,117.87000274658203,116.7300033569336,116.73999786376953,0
2003-05-13,119.02999877929688,119.12999725341797,117.36000061035156,117.83999633789062,0
2003-05-14,119.72000122070312,120.02999877929688,118.19999694824219,119.11000061035156,0
2003-05-15,119.20999908447266,120.12999725341797,119.06999969482422,119.5199966430664,0
2003-05-16,119.48999786376953,119.73999786376953,118.66000366210938,118.87000274658203,0
2003-05-19,118.4800033569336,120.31999969482422,118.23999786376953,119.58000183105469,0
2003-05-20,118.79000091552734,118.98999786376953,118.12999725341797,118.2699966430664,0
2003-05-21,119.66000366210938,120.44000244140625,118.87000274658203,118.94999694824219,0
2003-05-22,118.7300033569336,119.70999908447266,118.61000061035156,119.51000213623047,0
2003-05-23,118.8499984741211,119.19000244140625,118.72000122070312,119.02999877929688,0
2003-05-27,118.23999786376953,118.98999786376953,117.33000183105469,118.9800033569336,0
2003-05-28,117.29000091552734,118.06999969482422,117.0199966430664,117.80000305175781,0
2003-05-29,118.12000274658203,118.38999938964844,116.56999969482422,117.0,0
2003-05-30,118.81999969482422,118.97000122070312,118.19999694824219,118.19999694824219,0
2003-06-02,120.2699966430664,121.69000244140625,119.0,119.05000305175781,0
2003-06-03,119.69999694824219,120.12000274658203,119.25,119.80999755859375,0
2003-06-04,119.04000091552734,120.54000091552734,118.30999755859375,119.87999725341797,0
2003-06-05,120.12000274658203,120.23999786376953,118.76000213623047,118.98999786376953,0
2003-06-06,120.83000183105469,120.91999816894531,119.86000061035156,120.62000274658203,0
2003-06-09,120.01000213623047,120.91999816894531,119.94000244140625,120.05000305175781,0
2003-06-10,120.52999877929688,120.56999969482422,119.55000305175781,119.97000122070312,0
2003-06-11,120.56999969482422,120.7300033569336,119.61000061035156,120.38999938964844,0
2003-06-12,118.54000091552734,120.05999755859375,118.18000030517578,120.05999755859375,0
2003-06-13,116.9800033569336,118.05999755859375,116.66000366210938,117.97000122070312,0
2003-06-16,117.01000213623047,117.54000091552734,116.3499984741211,116.98999786376953,0
2003-06-17,117.80000305175781,117.87000274658203,117.05999755859375,117.2300033569336,0
2003-06-18,117.27999877929688,117.56999969482422,116.2300033569336,117.33000183105469,0
2003-06-19,117.61000061035156,117.69000244140625,116.80000305175781,117.12999725341797,0
2003-06-20,117.54000091552734,118.18000030517578,117.25,117.41000366210938,0
2003-06-23,116.80000305175781,117.55999755859375,116.62999725341797,117.19000244140625,0
2003-06-24,115.9000015258789,116.72000122070312,115.79000091552734,116.58999633789062,0
2003-06-25,117.25,117.26000213623047,115.72000122070312,115.8499984741211,0
2003-06-26,114.70999908447266,116.83000183105469,114.55000305175781,116.81999969482422,0
2003-06-27,115.29000091552734,115.62000274658203,114.91999816894531,115.04000091552734,0
2003-06-30,115.79000091552734,115.91000366210938,115.19000244140625,115.22000122070312,0
2003-07-01,116.4000015258789,116.41999816894531,115.11000061035156,115.4800033569336,0
2003-07-02,116.44999694824219,116.75,115.2699966430664,116.16999816894531,0
2003-07-03,116.13999938964844,117.16999816894531,116.05999755859375,116.48999786376953,0
2003-07-07,116.68000030517578,116.87000274658203,115.58000183105469,115.6500015258789,0
2003-07-08,117.2300033569336,117.25,116.19000244140625,116.26000213623047,0
2003-07-09,118.2699966430664,118.27999877929688,117.08999633789062,117.91999816894531,0
2003-07-10,117.05999755859375,118.47000122070312,117.0199966430664,117.94999694824219,0
2003-07-11,117.0199966430664,117.7300033569336,116.87000274658203,116.94000244140625,0
2003-07-14,117.16999816894531,117.20999908447266,114.55999755859375,117.0999984741211,0
2003-07-15,116.11000061035156,117.38999938964844,115.87999725341797,117.19000244140625,0
2003-07-16,115.41000366210938,116.51000213623047,115.02999877929688,116.08000183105469,0
2003-07-17,115.70999908447266,116.43000030517578,114.66999816894531,115.5,0
2003-07-18,116.16999816894531,116.37999725341797,115.47000122070312,115.5199966430664,0
2003-07-21,116.06999969482422,116.37999725341797,115.5,116.37999725341797,0
2003-07-22,114.0199966430664,116.0,113.43000030517578,115.7300033569336,0
2003-07-23,114.75,115.19000244140625,113.97000122070312,114.3499984741211,0
2003-07-24,115.37000274658203,115.44999694824219,113.04000091552734,115.02999877929688,0
2003-07-25,115.76000213623047,115.98999786376953,114.87999725341797,115.2300033569336,0
2003-07-28,116.2300033569336,116.4800033569336,115.5999984741211,115.69999694824219,0
2003-07-29,116.18000030517578,116.73999786376953,115.8499984741211,116.18000030517578,0
2003-07-30,116.04000091552734,116.29000091552734,115.66999816894531,115.87999725341797,0
2003-07-31,116.4000015258789,116.94999694824219,115.93000030517578,116.08000183105469,0
2003-08-01,118.36000061035156,118.47000122070312,116.66999816894531,116.87000274658203,0
2003-08-04,117.25,118.37999725341797,117.19000244140625,117.61000061035156,0
2003-08-05,117.44999694824219,118.13999938964844,117.3499984741211,117.63999938964844,0
2003-08-06,117.69000244140625,118.2300033569336,116.9000015258789,118.11000061035156,0
2003-08-07,119.13999938964844,119.31999969482422,117.69999694824219,118.0999984741211,0
2003-08-08,118.61000061035156,119.20999908447266,117.83999633789062,119.11000061035156,0
2003-08-11,118.66999816894531,119.20999908447266,118.2300033569336,118.55000305175781,0
2003-08-12,119.0,119.30999755859375,118.0,118.54000091552734,0
2003-08-13,118.52999877929688,119.41000366210938,118.44999694824219,118.9800033569336,0
2003-08-14,118.29000091552734,119.41000366210938,117.37999725341797,118.72000122070312,0
2003-08-15,117.95999908447266,118.48999786376953,117.5,118.4800033569336,0
2003-08-18,118.94000244140625,119.23999786376953,118.52999877929688,118.58000183105469,0
2003-08-19,118.87000274658203,119.30999755859375,118.47000122070312,118.88999938964844,0
2003-08-20,120.0999984741211,120.37000274658203,118.94000244140625,119.05999755859375,0
2003-08-21,120.83999633789062,121.44999694824219,119.56999969482422,120.36000061035156,0
2003-08-22,121.31999969482422,121.48999786376953,120.93000030517578,121.05000305175781,0
2003-08-25,120.55999755859375,121.87000274658203,120.45999908447266,121.19000244140625,0
2003-08-26,120.55000305175781,121.20999908447266,120.45999908447266,121.05000305175781,0
2003-08-27,119.98999786376953,120.77999877929688,119.88999938964844,120.30999755859375,0
2003-08-28,120.4000015258789,120.66000366210938,119.8499984741211,120.0999984741211,0
2003-08-29,120.9000015258789,120.9800033569336,120.66000366210938,120.69999694824219,0
2003-09-02,118.77999877929688,120.87999725341797,118.41000366210938,120.87000274658203,0
2003-09-03,119.55000305175781,119.72000122070312,118.6500015258789,119.25,0
2003-09-04,119.30999755859375,119.76000213623047,117.55999755859375,119.33999633789062,0
2003-09-05,119.62999725341797,119.88999938964844,119.11000061035156,119.22000122070312,0
2003-09-08,119.5999984741211,120.55999755859375,119.31999969482422,119.83999633789062,0
2003-09-09,119.9800033569336,125.30999755859375,118.41999816894531,119.91999816894531,0
2003-09-10,120.6500015258789,120.73999786376953,119.43000030517578,119.80999755859375,0
2003-09-11,120.5999984741211,121.33000183105469,120.31999969482422,120.66000366210938,0
2003-09-12,119.68000030517578,120.47000122070312,119.06999969482422,120.44999694824219,0
2003-09-15,119.2300033569336,119.69999694824219,118.83999633789062,119.5199966430664,0
2003-09-16,117.80999755859375,119.5199966430664,117.75,119.08000183105469,0
2003-09-17,117.69000244140625,118.02999877929688,117.16000366210938,117.95999908447266,0
2003-09-18,117.44999694824219,117.70999908447266,116.79000091552734,117.41000366210938,0
2003-09-19,117.9000015258789,117.9800033569336,117.2300033569336,117.69000244140625,0
2003-09-22,118.62000274658203,118.69999694824219,118.02999877929688,118.52999877929688,0
2003-09-23,118.51000213623047,119.19999694824219,118.45999908447266,118.86000061035156,0
2003-09-24,120.06999969482422,120.58000183105469,119.26000213623047,119.52999877929688,0
2003-09-25,120.04000091552734,120.66000366210938,119.98999786376953,120.61000061035156,0
2003-09-26,119.01000213623047,119.76000213623047,118.9000015258789,119.72000122070312,0
2003-09-29,120.43000030517578,120.5999984741211,119.45999908447266,119.62000274658203,0
2003-09-30,120.9000015258789,121.47000122070312,120.26000213623047,120.72000122070312,0
2003-10-01,121.13999938964844,121.22000122070312,119.95999908447266,120.8499984741211,0
2003-10-02,121.93000030517578,122.20999908447266,121.25,122.0,0
2003-10-03,121.94000244140625,122.93000030517578,121.52999877929688,121.69000244140625,0
2003-10-06,122.26000213623047,122.37000274658203,121.11000061035156,121.72000122070312,0
2003-10-07,123.4000015258789,123.66999816894531,122.37999725341797,122.41000366210938,0
2003-10-08,123.06999969482422,123.55000305175781,122.62999725341797,123.30999755859375,0
2003-10-09,125.2300033569336,125.36000061035156,123.11000061035156,123.2300033569336,0
2003-10-10,127.18000030517578,127.80999755859375,125.06999969482422,125.20999908447266,0
2003-10-13,128.4199981689453,128.47000122070312,127.16999816894531,127.3499984741211,0
2003-10-14,127.4000015258789,128.5800018310547,126.93000030517578,128.1199951171875,0
2003-10-15,127.5999984741211,127.7699966430664,126.87999725341797,127.1500015258789,0
2003-10-16,126.95999908447266,127.97000122070312,126.80999755859375,127.5199966430664,0
2003-10-17,125.5199966430664,126.58999633789062,124.88999938964844,126.55999755859375,0
2003-10-20,124.88999938964844,125.48999786376953,124.76000213623047,125.0199966430664,0
2003-10-21,125.06999969482422,125.3499984741211,124.62000274658203,125.12000274658203,0
2003-10-22,125.62000274658203,126.01000213623047,124.91000366210938,125.69999694824219,0
2003-10-23,126.81999969482422,126.86000061035156,125.29000091552734,125.73999786376953,0
2003-10-24,126.62999725341797,127.47000122070312,126.41999816894531,126.94000244140625,0
2003-10-27,126.33999633789062,127.4000015258789,126.27999877929688,126.66999816894531,0
2003-10-28,126.36000061035156,126.58000183105469,125.51000213623047,126.05999755859375,0
2003-10-29,127.04000091552734,127.58000183105469,126.37999725341797,127.16999816894531,0
2003-10-30,125.83000183105469,127.31999969482422,125.58000183105469,127.18000030517578,0
2003-10-31,126.56999969482422,126.63999938964844,125.41999816894531,126.08000183105469,0
2003-11-03,125.16000366210938,127.04000091552734,125.12999725341797,126.95999908447266,0
2003-11-04,125.16000366210938,125.58000183105469,124.91999816894531,124.94999694824219,0
2003-11-05,127.30000305175781,127.37999725341797,124.58999633789062,124.7300033569336,0
2003-11-06,126.1500015258789,128.05999755859375,126.04000091552734,127.68000030517578,0
2003-11-07,127.0999984741211,127.91000366210938,126.19000244140625,126.19999694824219,0
2003-11-10,127.06999969482422,127.26000213623047,126.47000122070312,127.18000030517578,0
2003-11-11,128.11000061035156,128.1699981689453,127.1500015258789,127.33000183105469,0
2003-11-12,128.47999572753906,129.36000061035156,127.12000274658203,128.1999969482422,0
2003-11-13,129.22999572753906,129.27999877929688,128.11000061035156,128.64999389648438,0
2003-11-14,130.85000610351562,131.05999755859375,129.77000427246094,129.8300018310547,0
2003-11-17,128.5,129.9600067138672,127.98999786376953,129.94000244140625,0
2003-11-18,129.99000549316406,130.08999633789062,128.1199951171875,128.4499969482422,0
2003-11-19,127.76000213623047,129.6199951171875,127.69000244140625,129.4600067138672,0
2003-11-20,127.01000213623047,128.22999572753906,126.7300033569336,127.69999694824219,0
2003-11-21,126.9000015258789,127.4000015258789,126.55000305175781,127.27999877929688,0
2003-11-24,124.81999969482422,126.63999938964844,124.4000015258789,126.2300033569336,0
2003-11-25,125.05000305175781,125.16000366210938,124.1500015258789,124.91000366210938,0
2003-11-26,126.08999633789062,126.45999908447266,125.30000305175781,125.33000183105469,0
2003-11-28,126.08999633789062,126.08999633789062,126.08999633789062,126.08999633789062,0
2003-12-01,129.0399932861328,129.07000732421875,127.0,127.04000091552734,0
2003-12-02,131.13999938964844,131.25999450683594,129.52999877929688,129.64999389648438,0
2003-12-03,132.10000610351562,132.2100067138672,130.58999633789062,130.83999633789062,0
2003-12-04,132.77999877929688,133.77999877929688,130.9499969482422,132.3000030517578,0
2003-12-05,131.8000030517578,133.4499969482422,131.6999969482422,133.3300018310547,0
2003-12-08,135.00999450683594,135.30999755859375,132.36000061035156,132.6999969482422,0
2003-12-09,134.8000030517578,135.38999938964844,134.1699981689453,135.14999389648438,0
2003-12-10,134.75,137.1199951171875,134.3000030517578,135.14999389648438,0
2003-12-11,133.9199981689453,134.83999633789062,132.82000732421875,134.32000732421875,0
2003-12-12,136.6300048828125,136.6300048828125,132.57000732421875,134.69000244140625,0
2003-12-15,136.3300018310547,136.3300018310547,134.74000549316406,135.1199951171875,0
2003-12-16,135.77000427246094,136.30999755859375,135.36000061035156,136.25999450683594,0
2003-12-17,136.7899932861328,137.7899932861328,135.57000732421875,135.61000061035156,0
2003-12-18,137.32000732421875,137.5800018310547,136.05999755859375,137.32000732421875,0
2003-12-19,136.77000427246094,137.57000732421875,136.72000122070312,137.44000244140625,0
2003-12-22,133.88999938964844,136.4199981689453,133.8800048828125,136.0,0
2003-12-23,133.67999267578125,134.02000427246094,132.83999633789062,133.89999389648438,0
2003-12-24,134.6699981689453,134.77000427246094,132.85000610351562,134.02999877929688,0
2003-12-26,134.6699981689453,134.6699981689453,134.6699981689453,134.6699981689453,0
2003-12-29,135.10000610351562,135.1999969482422,134.1999969482422,135.0399932861328,0
2003-12-30,135.88999938964844,136.5,135.4499969482422,135.8000030517578,0
2003-12-31,135.27000427246094,136.38999938964844,134.4499969482422,136.3800048828125,0
2004-01-02,135.27000427246094,135.27000427246094,135.27000427246094,135.27000427246094,0
2004-01-05,140.4199981689453,140.61000061035156,136.14999389648438,138.41000366210938,0
2004-01-06,140.0800018310547,142.69000244140625,139.92999267578125,141.47000122070312,0
2004-01-07,139.22000122070312,139.5800018310547,138.47999572753906,139.2100067138672,0
2004-01-08,141.19000244140625,141.5,138.7899932861328,139.00999450683594,0
2004-01-09,142.22000122070312,142.8800048828125,141.69000244140625,142.5399932861328,0
2004-01-12,142.30999755859375,142.77999877929688,139.75,140.72000122070312,0
2004-01-13,140.66000366210938,142.77000427246094,140.55999755859375,142.58999633789062,0
2004-01-14,140.61000061035156,140.9600067138672,139.7899932861328,140.49000549316406,0
2004-01-15,137.41000366210938,141.5399932861328,137.25,141.2899932861328,0
2004-01-16,139.9499969482422,140.00999450683594,137.5800018310547,137.72999572753906,0
2004-01-20,142.1699981689453,142.3699951171875,140.91000366210938,141.32000732421875,0
2004-01-21,141.91000366210938,142.3800048828125,141.14999389648438,141.8699951171875,0
2004-01-22,141.3000030517578,142.69000244140625,139.86000061035156,142.57000732421875,0
2004-01-23,141.2100067138672,142.0500030517578,140.6699981689453,141.74000549316406,0
2004-01-26,139.8699951171875,140.7100067138672,139.3699951171875,140.0500030517578,0
2004-01-27,139.25,140.57000732421875,139.14999389648438,139.8699951171875,0
2004-01-28,138.55999755859375,140.13999938964844,138.11000061035156,139.2100067138672,0
2004-01-29,136.82000732421875,138.22000122070312,136.11000061035156,138.2100067138672,0
2004-01-30,137.6199951171875,138.10000610351562,136.8300018310547,137.6699981689453,0
2004-02-02,138.47000122070312,138.52000427246094,136.6300048828125,137.3000030517578,0
2004-02-03,138.52000427246094,139.86000061035156,138.38999938964844,138.72999572753906,0
2004-02-04,137.35000610351562,139.16000366210938,137.16000366210938,138.86000061035156,0
2004-02-05,137.72000122070312,137.80999755859375,136.10000610351562,136.69000244140625,0
2004-02-06,137.3000030517578,138.5500030517578,136.92999267578125,137.7899932861328,0
2004-02-09,138.0500030517578,138.1300048828125,136.82000732421875,137.1699981689453,0
2004-02-10,138.41000366210938,138.97000122070312,137.75999450683594,138.39999389648438,0
2004-02-11,139.3699951171875,139.6699981689453,137.5500030517578,138.00999450683594,0
2004-02-12,140.02000427246094,140.2899932861328,139.5399932861328,139.5399932861328,0
2004-02-13,140.5,140.8699951171875,140.02999877929688,140.1199951171875,0
2004-02-17,142.02999877929688,142.38999938964844,140.49000549316406,141.1199951171875,0
2004-02-18,140.97999572753906,142.74000549316406,140.7899932861328,142.7100067138672,0
2004-02-19,141.8800048828125,141.9499969482422,140.5399932861328,141.10000610351562,0
2004-02-20,140.9499969482422,141.8000030517578,140.35000610351562,141.8000030517578,0
2004-02-23,141.5800018310547,141.85000610351562,140.7899932861328,141.07000732421875,0
2004-02-24,143.13999938964844,143.17999267578125,141.82000732421875,141.91000366210938,0
2004-02-25,143.83999633789062,144.42999267578125,143.3699951171875,143.6199951171875,0
2004-02-26,145.6199951171875,145.6199951171875,143.6999969482422,143.85000610351562,0
2004-02-27,146.4499969482422,146.6699981689453,144.91000366210938,145.0500030517578,0
2004-03-01,148.6999969482422,148.82000732421875,146.7899932861328,147.17999267578125,0
2004-03-02,146.77999877929688,148.27000427246094,146.6199951171875,147.99000549316406,0
2004-03-03,144.0800018310547,146.08999633789062,143.5,145.92999267578125,0
2004-03-04,144.8300018310547,144.86000061035156,143.1999969482422,144.35000610351562,0
2004-03-05,146.05999755859375,146.16000366210938,144.75,144.82000732421875,0
2004-03-08,143.9600067138672,145.97000122070312,143.64999389648438,145.24000549316406,0
2004-03-09,144.3000030517578,144.3699951171875,143.47000122070312,143.72999572753906,0
2004-03-10,143.88999938964844,144.61000061035156,143.19000244140625,144.61000061035156,0
2004-03-11,146.72999572753906,146.8300018310547,144.3800048828125,144.41000366210938,0
2004-03-12,145.64999389648438,146.88999938964844,144.6300048828125,146.75999450683594,0
2004-03-15,148.2899932861328,148.41000366210938,146.27000427246094,146.3800048828125,0
2004-03-16,149.27000427246094,149.49000549316406,147.99000549316406,148.00999450683594,0
2004-03-17,150.22000122070312,150.3300018310547,148.72000122070312,149.22999572753906,0
2004-03-18,151.16000366210938,151.27000427246094,150.07000732421875,150.14999389648438,0
2004-03-19,151.25999450683594,151.52000427246094,150.7100067138672,151.00999450683594,0
2004-03-22,151.69000244140625,152.05999755859375,151.1300048828125,151.64999389648438,0
2004-03-23,151.44000244140625,151.61000061035156,150.25999450683594,150.94000244140625,0
2004-03-24,150.07000732421875,151.8300018310547,149.8300018310547,151.67999267578125,0
2004-03-25,147.6699981689453,149.3300018310547,147.5399932861328,149.14999389648438,0
2004-03-26,148.07000732421875,148.5,147.00999450683594,147.82000732421875,0
2004-03-29,148.0,148.25999450683594,147.1199951171875,147.7100067138672,0
2004-03-30,150.4199981689453,150.6699981689453,148.5800018310547,148.64999389648438,0
2004-03-31,150.83999633789062,151.1199951171875,148.00999450683594,150.9600067138672,0
2004-04-01,149.97000122070312,151.6199951171875,149.6199951171875,150.9199981689453,0
2004-04-02,150.0800018310547,150.47000122070312,148.85000610351562,150.2899932861328,0
2004-04-05,148.6699981689453,150.58999633789062,148.36000061035156,150.52999877929688,0
2004-04-06,149.7100067138672,149.7899932861328,148.3000030517578,148.55999755859375,0
2004-04-07,150.8699951171875,151.75,148.9600067138672,149.80999755859375,0
2004-04-08,151.57000732421875,151.94000244140625,150.7100067138672,151.0399932861328,0
2004-04-12,151.47999572753906,151.94000244140625,150.6699981689453,151.14999389648438,0
2004-04-13,148.6199951171875,150.69000244140625,148.2899932861328,150.6300048828125,0
2004-04-14,149.8300018310547,149.8300018310547,147.22999572753906,148.3300018310547,0
2004-04-15,148.49000549316406,150.47000122070312,147.42999267578125,149.35000610351562,0
2004-04-16,148.85000610351562,149.19000244140625,147.0,147.00999450683594,0
2004-04-19,148.47999572753906,149.72000122070312,148.32000732421875,148.9600067138672,0
2004-04-20,147.6300048828125,148.24000549316406,147.24000549316406,147.63999938964844,0
2004-04-21,144.1999969482422,145.72000122070312,144.02999877929688,145.72000122070312,0
2004-04-22,145.14999389648438,145.58999633789062,144.44000244140625,144.8800048828125,0
2004-04-23,145.49000549316406,145.64999389648438,144.9600067138672,145.5500030517578,0
2004-04-26,146.63999938964844,146.80999755859375,145.6699981689453,145.77999877929688,0
2004-04-27,148.60000610351562,148.88999938964844,146.8699951171875,146.9199981689453,0
2004-04-28,146.67999267578125,147.80999755859375,146.4499969482422,147.2100067138672,0
2004-04-29,147.72000122070312,147.94000244140625,146.30999755859375,146.44000244140625,0
2004-04-30,148.0500030517578,149.3000030517578,147.89999389648438,148.3300018310547,0
2004-05-03,150.4199981689453,150.52000427246094,148.2100067138672,148.4199981689453,0
2004-05-04,151.92999267578125,152.0800018310547,150.5500030517578,150.61000061035156,0
2004-05-05,152.3699951171875,152.52000427246094,151.14999389648438,151.72999572753906,0
2004-05-06,150.99000549316406,152.60000610351562,150.83999633789062,152.47999572753906,0
2004-05-07,151.2100067138672,151.3800048828125,149.8800048828125,151.0,0
2004-05-10,148.25,149.39999389648438,148.16000366210938,148.4499969482422,0
2004-05-11,150.10000610351562,150.16000366210938,148.3000030517578,148.32000732421875,0
2004-05-12,149.80999755859375,151.19000244140625,149.47000122070312,150.4600067138672,0
2004-05-13,150.0500030517578,150.33999633789062,148.44000244140625,149.6699981689453,0
2004-05-14,149.0800018310547,150.6300048828125,148.91000366210938,150.1699981689453,0
2004-05-17,148.22999572753906,148.9499969482422,147.1699981689453,148.88999938964844,0
2004-05-18,146.89999389648438,147.9499969482422,146.5,147.49000549316406,0
2004-05-19,150.61000061035156,150.75999450683594,146.8300018310547,146.89999389648438,0
2004-05-20,148.3699951171875,150.32000732421875,148.25999450683594,149.97000122070312,0
2004-05-21,148.3300018310547,149.35000610351562,147.67999267578125,148.77000427246094,0
2004-05-24,151.6300048828125,151.74000549316406,148.50999450683594,148.55999755859375,0
2004-05-25,151.41000366210938,152.22999572753906,150.83999633789062,151.64999389648438,0
2004-05-26,151.11000061035156,152.47999572753906,150.7100067138672,151.75,0
2004-05-27,149.60000610351562,150.9199981689453,149.25,150.5399932861328,0
2004-05-28,150.44000244140625,150.89999389648438,149.4499969482422,149.5800018310547,0
2004-06-01,155.0,155.19000244140625,152.9199981689453,153.42999267578125,0
2004-06-02,151.1199951171875,154.64999389648438,151.00999450683594,154.5399932861328,0
2004-06-03,148.9600067138672,151.8000030517578,148.0500030517578,151.0500030517578,0
2004-06-04,148.1699981689453,149.0800018310547,147.82000732421875,148.25,0
2004-06-07,148.57000732421875,148.94000244140625,146.77999877929688,147.0800018310547,0
2004-06-08,146.22999572753906,148.89999389648438,146.10000610351562,148.72000122070312,0
2004-06-09,145.5500030517578,145.77999877929688,144.88999938964844,145.6300048828125,0
2004-06-10,145.77999877929688,146.02999877929688,144.60000610351562,145.8699951171875,0
2004-06-14,144.8800048828125,145.83999633789062,144.75,144.8800048828125,0
2004-06-15,144.13999938964844,145.5399932861328,143.99000549316406,144.41000366210938,0
2004-06-16,145.17999267578125,145.24000549316406,144.1199951171875,144.1300048828125,0
2004-06-17,147.22000122070312,147.39999389648438,143.2899932861328,146.16000366210938,0
2004-06-18,147.22000122070312,147.4199981689453,146.74000549316406,147.38999938964844,0
2004-06-21,146.02999877929688,147.08999633789062,145.9199981689453,146.8800048828125,0
2004-06-22,145.47999572753906,146.0399932861328,144.75999450683594,145.50999450683594,0
2004-06-23,146.3800048828125,146.58999633789062,145.1699981689453,145.27999877929688,0
2004-06-24,147.67999267578125,147.75999450683594,146.66000366210938,146.80999755859375,0
2004-06-25,147.02999877929688,147.4199981689453,146.52999877929688,146.92999267578125,0
2004-06-28,144.25,146.3000030517578,143.97000122070312,146.02000427246094,0
2004-06-29,143.2899932861328,144.3300018310547,143.16000366210938,143.9499969482422,0
2004-06-30,144.0399932861328,144.08999633789062,142.74000549316406,143.6699981689453,0
2004-07-01,145.75,146.11000061035156,143.44000244140625,143.8000030517578,0
2004-07-02,145.17999267578125,146.0,145.00999450683594,145.14999389648438,0
2004-07-06,146.9600067138672,147.0500030517578,145.75999450683594,146.19000244140625,0
2004-07-07,147.32000732421875,148.14999389648438,146.60000610351562,146.6199951171875,0
2004-07-08,147.47999572753906,147.9199981689453,145.91000366210938,147.33999633789062,0
2004-07-09,147.10000610351562,147.67999267578125,147.02999877929688,147.41000366210938,0
2004-07-12,145.92999267578125,147.74000549316406,145.80999755859375,146.49000549316406,0
2004-07-13,145.13999938964844,145.64999389648438,144.52999877929688,145.5,0
2004-07-14,147.8000030517578,147.8699951171875,145.19000244140625,145.30999755859375,0
2004-07-15,146.47000122070312,147.77999877929688,146.30999755859375,147.49000549316406,0
2004-07-16,146.64999389648438,147.64999389648438,146.14999389648438,146.91000366210938,0
2004-07-19,146.72999572753906,147.08999633789062,145.9499969482422,146.05999755859375,0
2004-07-20,145.4199981689453,146.60000610351562,145.27000427246094,146.41000366210938,0
2004-07-21,144.22999572753906,145.27000427246094,143.82000732421875,145.22999572753906,0
2004-07-22,145.33999633789062,145.77000427246094,144.00999450683594,144.3800048828125,0
2004-07-23,145.24000549316406,145.4499969482422,144.4499969482422,144.8800048828125,0
2004-07-26,144.36000061035156,144.8000030517578,143.60000610351562,144.77000427246094,0
2004-07-27,144.33999633789062,144.74000549316406,144.02999877929688,144.4199981689453,0
2004-07-28,145.75,147.0500030517578,144.1199951171875,144.8300018310547,0
2004-07-29,145.97999572753906,146.32000732421875,145.02000427246094,145.52999877929688,0
2004-07-30,146.4199981689453,146.83999633789062,146.05999755859375,146.41000366210938,0
2004-08-02,146.00999450683594,146.42999267578125,145.11000061035156,145.7899932861328,0
2004-08-03,146.17999267578125,146.52000427246094,145.22000122070312,145.82000732421875,0
2004-08-04,144.1300048828125,145.88999938964844,143.94000244140625,145.86000061035156,0
2004-08-05,145.75999450683594,145.97999572753906,143.8800048828125,144.6999969482422,0
2004-08-06,144.80999755859375,145.97999572753906,144.4600067138672,145.52000427246094,0
2004-08-09,145.42999267578125,145.67999267578125,144.5399932861328,144.6999969482422,0
2004-08-10,145.13999938964844,145.8000030517578,144.99000549316406,145.67999267578125,0
2004-08-11,144.1300048828125,144.94000244140625,143.1699981689453,144.91000366210938,0
2004-08-12,144.9600067138672,145.05999755859375,144.16000366210938,144.16000366210938,0
2004-08-13,146.8699951171875,146.88999938964844,141.67999267578125,144.72999572753906,0
2004-08-16,146.14999389648438,146.8699951171875,145.86000061035156,146.85000610351562,0
2004-08-17,147.02000427246094,147.2899932861328,145.89999389648438,146.17999267578125,0
2004-08-18,146.86000061035156,147.27000427246094,146.3000030517578,147.0,0
2004-08-19,149.11000061035156,149.2100067138672,147.11000061035156,147.41000366210938,0
2004-08-20,148.49000549316406,149.69000244140625,148.42999267578125,149.3699951171875,0
2004-08-23,147.80999755859375,148.44000244140625,147.72999572753906,148.27999877929688,0
2004-08-24,146.0800018310547,147.69000244140625,145.60000610351562,147.5800018310547,0
2004-08-25,143.92999267578125,146.58999633789062,143.6699981689453,146.1199951171875,0
2004-08-26,143.07000732421875,143.72999572753906,142.67999267578125,143.63999938964844,0
2004-08-27,142.63999938964844,143.69000244140625,142.41000366210938,143.50999450683594,0
2004-08-30,143.0399932861328,143.17999267578125,142.10000610351562,143.0,0
2004-08-31,143.55999755859375,143.6699981689453,142.02000427246094,142.7899932861328,0
2004-09-01,145.3800048828125,145.6999969482422,143.69000244140625,144.07000732421875,0
2004-09-02,144.1699981689453,145.6199951171875,141.9600067138672,145.33999633789062,0
2004-09-03,142.80999755859375,143.97999572753906,142.5399932861328,143.9499969482422,0
2004-09-07,141.61000061035156,141.8000030517578,141.02000427246094,141.6999969482422,0
2004-09-08,140.99000549316406,141.99000549316406,140.5399932861328,141.2100067138672,0
2004-09-09,142.94000244140625,143.0500030517578,140.86000061035156,140.89999389648438,0
2004-09-10,141.66000366210938,143.77999877929688,141.38999938964844,143.3800048828125,0
2004-09-13,143.4499969482422,143.80999755859375,142.30999755859375,142.41000366210938,0
2004-09-14,143.9199981689453,144.4199981689453,143.60000610351562,144.0800018310547,0
2004-09-15,143.00999450683594,144.52000427246094,142.77999877929688,143.94000244140625,0
2004-09-16,143.11000061035156,143.72999572753906,141.88999938964844,143.72999572753906,0
2004-09-17,144.9199981689453,145.25999450683594,143.60000610351562,143.7899932861328,0
2004-09-20,145.61000061035156,145.69000244140625,143.22999572753906,145.05999755859375,0
2004-09-21,148.1999969482422,148.39999389648438,146.25,146.32000732421875,0
2004-09-22,150.10000610351562,150.5500030517578,148.07000732421875,148.25999450683594,0
2004-09-23,150.35000610351562,150.72999572753906,149.02999877929688,149.94000244140625,0
2004-09-24,149.33999633789062,150.11000061035156,148.8800048828125,149.91000366210938,0
2004-09-27,150.33999633789062,151.42999267578125,149.67999267578125,149.72999572753906,0
2004-09-28,150.89999389648438,151.10000610351562,149.89999389648438,150.8699951171875,0
2004-09-29,152.75999450683594,154.00999450683594,151.35000610351562,151.35000610351562,0
2004-09-30,153.17999267578125,153.80999755859375,152.4199981689453,153.32000732421875,0
2004-10-01,153.32000732421875,153.44000244140625,151.7899932861328,152.22000122070312,0
2004-10-04,152.00999450683594,152.52000427246094,151.75999450683594,152.11000061035156,0
2004-10-05,154.5800018310547,154.92999267578125,153.24000549316406,153.25999450683594,0
2004-10-06,155.7100067138672,155.8800048828125,154.16000366210938,154.6999969482422,0
2004-10-07,156.39999389648438,157.24000549316406,155.80999755859375,156.63999938964844,0
2004-10-08,157.74000549316406,157.83999633789062,156.1199951171875,156.22000122070312,0
2004-10-11,157.6699981689453,158.00999450683594,156.63999938964844,157.44000244140625,0
2004-10-12,154.72999572753906,157.02000427246094,150.25999450683594,156.91000366210938,0
2004-10-13,153.10000610351562,153.47000122070312,150.5800018310547,151.50999450683594,0
2004-10-14,154.11000061035156,154.24000549316406,153.0500030517578,153.55999755859375,0
2004-10-15,154.97999572753906,155.11000061035156,154.00999450683594,154.32000732421875,0
2004-10-18,153.1199951171875,154.9499969482422,152.72999572753906,154.1699981689453,0
2004-10-19,154.49000549316406,154.52000427246094,152.41000366210938,152.5399932861328,0
2004-10-20,156.35000610351562,156.55999755859375,154.33999633789062,155.17999267578125,0
2004-10-21,157.14999389648438,157.22000122070312,155.9499969482422,156.9600067138672,0
2004-10-22,158.1300048828125,158.82000732421875,157.0500030517578,157.0500030517578,0
2004-10-25,157.25999450683594,158.60000610351562,157.02000427246094,158.22999572753906,0
2004-10-26,159.3000030517578,159.42999267578125,156.85000610351562,156.97000122070312,0
2004-10-27,155.99000549316406,160.17999267578125,155.77999877929688,159.4600067138672,0
2004-10-28,154.02999877929688,156.7899932861328,153.88999938964844,155.1199951171875,0
2004-10-29,155.5500030517578,155.72999572753906,153.99000549316406,154.6999969482422,0
2004-11-01,153.25999450683594,156.8800048828125,152.5500030517578,156.13999938964844,0
2004-11-02,152.4600067138672,153.4600067138672,152.02000427246094,152.9199981689453,0
2004-11-03,154.22000122070312,154.42999267578125,152.10000610351562,153.17999267578125,0
2004-11-04,152.17999267578125,155.2100067138672,152.02999877929688,154.7100067138672,0
2004-11-05,152.27000427246094,152.91000366210938,151.1300048828125,152.07000732421875,0
2004-11-08,151.1300048828125,152.27999877929688,150.57000732421875,151.11000061035156,0
2004-11-09,149.58999633789062,150.92999267578125,149.22999572753906,150.5399932861328,0
2004-11-10,151.97000122070312,152.16000366210938,149.50999450683594,149.5800018310547,0
2004-11-11,150.3699951171875,151.22999572753906,149.91000366210938,151.0399932861328,0
2004-11-12,150.61000061035156,151.4600067138672,150.5,151.0800018310547,0
2004-11-15,151.5800018310547,151.91000366210938,149.1999969482422,149.6699981689453,0
2004-11-16,149.9199981689453,152.07000732421875,149.7899932861328,151.5800018310547,0
2004-11-17,152.5,152.66000366210938,149.8699951171875,150.27000427246094,0
2004-11-18,151.24000549316406,152.39999389648438,150.52999877929688,152.22000122070312,0
2004-11-19,153.0500030517578,153.30999755859375,150.9600067138672,151.22999572753906,0
2004-11-22,152.00999450683594,153.3300018310547,151.5800018310547,153.24000549316406,0
2004-11-23,152.94000244140625,154.3300018310547,152.30999755859375,152.3300018310547,0
2004-11-24,156.22999572753906,156.3800048828125,151.89999389648438,152.80999755859375,0
2004-11-26,156.22999572753906,156.22999572753906,156.22999572753906,156.22999572753906,0
2004-11-29,154.74000549316406,155.8000030517578,153.97000122070312,154.99000549316406,0
2004-11-30,153.41000366210938,155.14999389648438,152.8000030517578,154.4199981689453,0
2004-12-01,149.8800048828125,153.80999755859375,149.8800048828125,153.32000732421875,0
2004-12-02,145.27999877929688,151.27999877929688,144.6300048828125,151.27999877929688,0
2004-12-03,145.22000122070312,145.97000122070312,144.0,145.1999969482422,0
2004-12-06,145.67999267578125,146.1199951171875,145.14999389648438,145.88999938964844,0
2004-12-07,142.8300018310547,145.69000244140625,142.64999389648438,145.69000244140625,0
2004-12-08,142.38999938964844,142.85000610351562,140.50999450683594,141.22999572753906,0
2004-12-09,142.92999267578125,143.64999389648438,142.3800048828125,142.5500030517578,0
2004-12-10,141.27000427246094,143.7899932861328,140.83999633789062,143.52000427246094,0
2004-12-13,143.5,143.6999969482422,141.94000244140625,142.36000061035156,0
2004-12-14,143.94000244140625,144.1300048828125,143.0,143.92999267578125,0
2004-12-15,146.88999938964844,147.1300048828125,144.32000732421875,144.32000732421875,0
2004-12-16,145.9499969482422,146.8800048828125,145.22999572753906,146.86000061035156,0
2004-12-17,149.50999450683594,149.64999389648438,146.33999633789062,146.47999572753906,0
2004-12-20,148.64999389648438,149.41000366210938,148.14999389648438,148.8300018310547,0
2004-12-21,148.6199951171875,148.88999938964844,147.61000061035156,148.1300048828125,0
2004-12-22,146.91000366210938,148.91000366210938,146.2100067138672,148.5399932861328,0
2004-12-23,147.13999938964844,147.72000122070312,146.6199951171875,146.82000732421875,0
2004-12-27,144.10000610351562,146.19000244140625,143.88999938964844,146.1199951171875,0
2004-12-28,144.57000732421875,145.22999572753906,144.22999572753906,144.2899932861328,0
2004-12-29,146.1999969482422,146.2899932861328,144.2899932861328,144.6999969482422,0
2004-12-30,145.61000061035156,145.6199951171875,144.66000366210938,145.35000610351562,0
2004-12-31,145.61000061035156,145.61000061035156,145.61000061035156,145.61000061035156,0
2005-01-03,143.3000030517578,144.0,142.5800018310547,143.99000549316406,0
2005-01-04,142.39999389648438,142.6699981689453,139.99000549316406,141.50999450683594,0
2005-01-05,142.17999267578125,142.91000366210938,141.6699981689453,142.44000244140625,0
2005-01-06,144.49000549316406,144.61000061035156,141.57000732421875,141.72999572753906,0
2005-01-07,144.2100067138672,145.10000610351562,143.60000610351562,144.67999267578125,0
2005-01-10,144.57000732421875,146.6699981689453,144.38999938964844,145.19000244140625,0
2005-01-11,145.27999877929688,145.6199951171875,144.02999877929688,144.38999938964844,0
2005-01-12,145.16000366210938,145.77999877929688,144.08999633789062,144.8300018310547,0
2005-01-13,147.57000732421875,147.75,145.2100067138672,145.5,0
2005-01-14,146.8000030517578,147.67999267578125,146.60000610351562,147.32000732421875,0
2005-01-18,146.0800018310547,148.3300018310547,145.49000549316406,148.07000732421875,0
2005-01-19,146.55999755859375,147.05999755859375,146.22000122070312,146.32000732421875,0
2005-01-20,146.07000732421875,146.3699951171875,145.4199981689453,145.50999450683594,0
2005-01-21,147.0,148.19000244140625,146.57000732421875,146.6699981689453,0
2005-01-24,147.8699951171875,148.3300018310547,147.16000366210938,147.97999572753906,0
2005-01-25,148.30999755859375,148.57000732421875,146.38999938964844,147.33999633789062,0
2005-01-26,148.17999267578125,149.25,147.50999450683594,148.13999938964844,0
2005-01-27,147.02000427246094,148.50999450683594,146.91000366210938,148.3300018310547,0
2005-01-28,145.77000427246094,146.72000122070312,145.2899932861328,146.5500030517578,0
2005-01-31,146.82000732421875,146.88999938964844,144.35000610351562,144.82000732421875,0
2005-02-01,145.5399932861328,146.4199981689453,145.47999572753906,146.25999450683594,0
2005-02-02,144.61000061035156,145.9199981689453,144.50999450683594,145.72999572753906,0
2005-02-03,143.5500030517578,144.3800048828125,142.6300048828125,144.33999633789062,0
2005-02-04,143.22999572753906,144.05999755859375,142.92999267578125,143.7899932861328,0
2005-02-07,142.41000366210938,143.39999389648438,142.2100067138672,143.3000030517578,0
2005-02-08,143.08999633789062,143.2100067138672,141.99000549316406,141.99000549316406,0
2005-02-09,143.36000061035156,143.91000366210938,141.1199951171875,143.07000732421875,0
2005-02-10,145.63999938964844,145.75,144.05999755859375,144.17999267578125,0
2005-02-11,145.9499969482422,146.0399932861328,145.22999572753906,145.55999755859375,0
2005-02-14,146.8000030517578,147.02999877929688,145.75,146.49000549316406,0
2005-02-15,147.3699951171875,147.64999389648438,146.6199951171875,147.08999633789062,0
2005-02-16,147.49000549316406,147.74000549316406,146.3000030517578,147.08999633789062,0
2005-02-17,147.6999969482422,148.35000610351562,147.52999877929688,148.08999633789062,0
2005-02-18,148.3699951171875,148.6300048828125,147.66000366210938,147.72000122070312,0
2005-02-22,152.89999389648438,153.0399932861328,149.69000244140625,150.44000244140625,0
2005-02-23,154.02000427246094,154.1999969482422,151.92999267578125,152.24000549316406,0
2005-02-24,153.19000244140625,154.47000122070312,152.77000427246094,154.3000030517578,0
2005-02-25,155.14999389648438,155.2100067138672,152.77999877929688,153.1199951171875,0
2005-02-28,156.85000610351562,158.32000732421875,155.77999877929688,156.3000030517578,0
2005-03-01,155.77999877929688,156.33999633789062,154.99000549316406,156.14999389648438,0
2005-03-02,157.27000427246094,157.4600067138672,155.57000732421875,155.60000610351562,0
2005-03-03,157.97000122070312,158.67999267578125,156.99000549316406,157.08999633789062,0
2005-03-04,158.72000122070312,158.91000366210938,157.7899932861328,157.94000244140625,0
2005-03-07,158.4499969482422,158.5399932861328,157.72999572753906,158.22000122070312,0
2005-03-08,160.60000610351562,161.22000122070312,158.33999633789062,158.36000061035156,0
2005-03-09,161.33999633789062,161.97000122070312,160.17999267578125,161.16000366210938,0
2005-03-10,160.72000122070312,161.38999938964844,159.97999572753906,160.77000427246094,0
2005-03-11,162.39999389648438,162.52000427246094,160.05999755859375,160.17999267578125,0
2005-03-14,162.4199981689453,162.67999267578125,161.19000244140625,161.77000427246094,0
2005-03-15,164.3000030517578,164.6199951171875,162.6999969482422,163.2899932861328,0
2005-03-16,165.25,165.69000244140625,163.92999267578125,164.11000061035156,0
2005-03-17,164.5,166.19000244140625,163.82000732421875,166.1199951171875,0
2005-03-18,163.74000549316406,164.41000366210938,163.1300048828125,163.7100067138672,0
2005-03-21,162.08999633789062,163.3300018310547,160.9199981689453,163.25999450683594,0
2005-03-22,161.32000732421875,162.5,160.99000549316406,162.10000610351562,0
2005-03-23,158.16000366210938,159.66000366210938,157.3800048828125,159.58999633789062,0
2005-03-24,158.64999389648438,158.97999572753906,157.47999572753906,158.82000732421875,0
2005-03-28,158.25999450683594,158.57000732421875,157.2899932861328,158.11000061035156,0
2005-03-29,159.24000549316406,159.72999572753906,158.24000549316406,158.57000732421875,0
2005-03-30,160.47999572753906,160.66000366210938,158.74000549316406,159.32000732421875,0
2005-03-31,162.10000610351562,163.99000549316406,161.0399932861328,161.0399932861328,0
2005-04-01,162.38999938964844,162.80999755859375,161.0,162.00999450683594,0
2005-04-04,161.2899932861328,163.27999877929688,160.97999572753906,162.99000549316406,0
2005-04-05,160.3300018310547,161.38999938964844,160.27000427246094,160.49000549316406,0
2005-04-06,160.44000244140625,161.6699981689453,159.83999633789062,160.2100067138672,0
2005-04-07,158.2899932861328,161.1999969482422,157.99000549316406,161.1199951171875,0
2005-04-08,156.72999572753906,158.30999755859375,156.41000366210938,158.30999755859375,0
2005-04-11,157.5399932861328,157.61000061035156,155.9600067138672,156.38999938964844,0
2005-04-12,155.6999969482422,158.17999267578125,155.64999389648438,158.02000427246094,0
2005-04-13,153.5800018310547,154.61000061035156,153.33999633789062,154.61000061035156,0
2005-04-14,153.35000610351562,153.57000732421875,151.99000549316406,152.86000061035156,0
2005-04-15,152.88999938964844,153.22000122070312,152.49000549316406,152.8300018310547,0
2005-04-18,151.9600067138672,152.7100067138672,151.7100067138672,151.88999938964844,0
2005-04-19,155.72999572753906,155.75,152.88999938964844,152.9199981689453,0
2005-04-20,156.9600067138672,157.32000732421875,156.25,156.52999877929688,0
2005-04-21,156.74000549316406,156.80999755859375,155.57000732421875,155.8300018310547,0
2005-04-22,157.67999267578125,158.2100067138672,157.0399932861328,157.0500030517578,0
2005-04-25,157.67999267578125,159.0500030517578,157.60000610351562,158.17999267578125,0
2005-04-26,157.7100067138672,157.74000549316406,156.64999389648438,157.42999267578125,0
2005-04-27,154.1199951171875,157.7100067138672,154.0500030517578,157.6300048828125,0
2005-04-28,153.49000549316406,153.89999389648438,152.16000366210938,153.89999389648438,0
2005-04-29,152.3000030517578,154.0399932861328,151.8800048828125,153.41000366210938,0
2005-05-02,152.57000732421875,152.94000244140625,151.22000122070312,151.58999633789062,0
2005-05-03,150.0399932861328,152.02999877929688,149.9199981689453,151.92999267578125,0
2005-05-04,150.6199951171875,151.1999969482422,149.1300048828125,149.74000549316406,0
2005-05-05,151.14999389648438,151.22000122070312,149.83999633789062,151.07000732421875,0
2005-05-06,151.32000732421875,151.86000061035156,150.58999633789062,151.63999938964844,0
2005-05-09,152.0800018310547,152.19000244140625,151.42999267578125,151.89999389648438,0
2005-05-10,152.61000061035156,153.74000549316406,152.25999450683594,152.25999450683594,0
2005-05-11,151.44000244140625,152.3000030517578,151.1300048828125,151.83999633789062,0
2005-05-12,148.50999450683594,150.74000549316406,148.2899932861328,150.67999267578125,0
2005-05-13,147.3300018310547,148.72999572753906,146.42999267578125,148.7100067138672,0
2005-05-16,146.7100067138672,146.92999267578125,145.72999572753906,146.92999267578125,0
2005-05-17,147.42999267578125,147.5,146.50999450683594,146.8699951171875,0
2005-05-18,147.1199951171875,148.3800048828125,146.6199951171875,147.89999389648438,0
2005-05-19,146.2100067138672,147.5,146.0,147.14999389648438,0
2005-05-20,146.0800018310547,146.99000549316406,145.82000732421875,146.88999938964844,0
2005-05-23,147.6300048828125,148.36000061035156,146.0,146.02999877929688,0
2005-05-24,148.0800018310547,148.3000030517578,147.27000427246094,147.92999267578125,0
2005-05-25,149.88999938964844,150.5,148.1199951171875,148.30999755859375,0
2005-05-26,150.36000061035156,150.8800048828125,149.50999450683594,149.67999267578125,0
2005-05-27,150.72999572753906,150.97999572753906,150.35000610351562,150.3699951171875,0
2005-05-31,150.72999572753906,150.83999633789062,149.89999389648438,150.55999755859375,0
2005-06-01,153.82000732421875,153.8800048828125,150.64999389648438,150.82000732421875,0
2005-06-02,153.19000244140625,154.91000366210938,153.10000610351562,153.25,0
2005-06-03,155.0800018310547,155.19000244140625,153.7100067138672,153.9499969482422,0
2005-06-06,155.4600067138672,156.86000061035156,155.1300048828125,156.27999877929688,0
2005-06-07,154.35000610351562,155.77000427246094,154.25,155.36000061035156,0
2005-06-08,152.50999450683594,155.27000427246094,152.4199981689453,154.00999450683594,0
2005-06-09,153.6999969482422,153.7899932861328,152.08999633789062,152.5,0
2005-06-10,152.38999938964844,153.6999969482422,152.30999755859375,153.47000122070312,0
2005-06-13,154.5399932861328,154.6699981689453,152.60000610351562,152.6199951171875,0
2005-06-14,154.13999938964844,154.7100067138672,153.97000122070312,154.02000427246094,0
2005-06-15,156.0500030517578,156.61000061035156,155.2100067138672,155.30999755859375,0
2005-06-16,157.47000122070312,157.6199951171875,156.69000244140625,156.7100067138672,0
2005-06-17,159.85000610351562,159.8800048828125,158.66000366210938,158.7100067138672,0
2005-06-20,161.39999389648438,161.61000061035156,160.05999755859375,161.61000061035156,0
2005-06-21,159.6300048828125,160.9499969482422,159.58999633789062,159.89999389648438,0
2005-06-22,158.8800048828125,160.58999633789062,158.7100067138672,159.7899932861328,0
2005-06-23,159.07000732421875,159.88999938964844,158.57000732421875,158.57000732421875,0
2005-06-24,159.83999633789062,160.11000061035156,159.0800018310547,160.00999450683594,0
2005-06-27,158.0500030517578,159.4499969482422,157.6300048828125,159.42999267578125,0
2005-06-28,154.85000610351562,157.16000366210938,154.35000610351562,156.97999572753906,0
2005-06-29,154.6300048828125,155.47999572753906,154.33999633789062,154.7899932861328,0
2005-06-30,152.88999938964844,154.7100067138672,152.3000030517578,153.86000061035156,0
2005-07-01,154.66000366210938,154.83999633789062,153.25999450683594,153.41000366210938,0
2005-07-05,158.4499969482422,159.10000610351562,156.0800018310547,156.1300048828125,0
2005-07-06,160.17999267578125,160.47000122070312,159.3699951171875,159.42999267578125,0
2005-07-07,159.16000366210938,159.3699951171875,157.5399932861328,157.5800018310547,0
2005-07-08,158.13999938964844,160.6199951171875,157.97999572753906,159.75999450683594,0
2005-07-11,157.89999389648438,157.97999572753906,156.72000122070312,156.72000122070312,0
2005-07-12,159.66000366210938,160.17999267578125,158.66000366210938,158.66000366210938,0
2005-07-13,160.07000732421875,161.05999755859375,159.13999938964844,159.35000610351562,0
2005-07-14,159.32000732421875,161.08999633789062,158.3699951171875,160.7899932861328,0
2005-07-15,159.55999755859375,160.77000427246094,159.3300018310547,160.57000732421875,0
2005-07-18,158.10000610351562,159.32000732421875,157.1999969482422,158.97999572753906,0
2005-07-19,156.5399932861328,158.02999877929688,155.7899932861328,157.7100067138672,0
2005-07-20,156.14999389648438,157.02999877929688,154.97999572753906,156.4499969482422,0
2005-07-21,154.11000061035156,155.69000244140625,153.3800048828125,155.69000244140625,0
2005-07-22,155.67999267578125,155.77000427246094,154.77999877929688,154.97000122070312,0
2005-07-25,155.66000366210938,155.75999450683594,153.9499969482422,154.52000427246094,0
2005-07-26,156.10000610351562,157.3300018310547,155.6699981689453,155.75,0
2005-07-27,156.85000610351562,157.14999389648438,155.60000610351562,156.3000030517578,0
2005-07-28,158.77999877929688,158.89999389648438,157.02000427246094,157.4600067138672,0
2005-07-29,159.3300018310547,159.9199981689453,158.82000732421875,159.3300018310547,0
2005-08-01,161.0800018310547,162.00999450683594,159.3800048828125,159.55999755859375,0
2005-08-02,162.8800048828125,163.0,160.3699951171875,161.1699981689453,0
2005-08-03,161.5800018310547,164.1699981689453,161.50999450683594,163.64999389648438,0
2005-08-04,161.8300018310547,162.9499969482422,161.14999389648438,161.74000549316406,0
2005-08-05,162.24000549316406,162.77000427246094,160.7899932861328,162.69000244140625,0
2005-08-08,162.77000427246094,163.9600067138672,162.16000366210938,163.27999877929688,0
2005-08-09,161.02999877929688,161.82000732421875,160.8800048828125,161.80999755859375,0
2005-08-10,164.0399932861328,164.8000030517578,161.50999450683594,161.60000610351562,0
2005-08-11,165.80999755859375,165.86000061035156,164.11000061035156,164.11000061035156,0
2005-08-12,166.11000061035156,167.64999389648438,165.60000610351562,166.1300048828125,0
2005-08-15,164.52999877929688,165.19000244140625,163.02000427246094,165.11000061035156,0
2005-08-16,165.24000549316406,166.4199981689453,164.32000732421875,164.4199981689453,0
2005-08-17,162.30999755859375,164.82000732421875,162.16000366210938,164.6300048828125,0
2005-08-18,160.8300018310547,162.4600067138672,160.27999877929688,162.2100067138672,0
2005-08-19,162.5800018310547,162.64999389648438,160.9600067138672,161.5500030517578,0
2005-08-22,164.47000122070312,166.1300048828125,163.07000732421875,163.07000732421875,0
2005-08-23,164.58999633789062,165.85000610351562,163.8699951171875,165.1999969482422,0
2005-08-24,165.75999450683594,165.97000122070312,163.8300018310547,165.97000122070312,0
2005-08-25,164.82000732421875,165.16000366210938,163.5,164.8300018310547,0
2005-08-26,164.39999389648438,165.74000549316406,164.25999450683594,165.49000549316406,0
2005-08-29,168.6199951171875,171.42999267578125,166.6999969482422,171.39999389648438,0
2005-08-30,172.16000366210938,175.27000427246094,170.3300018310547,170.9499969482422,0
2005-08-31,170.82000732421875,174.16000366210938,169.39999389648438,171.97999572753906,0
2005-09-01,174.0500030517578,174.1199951171875,170.77999877929688,171.91000366210938,0
2005-09-02,171.97999572753906,174.16000366210938,171.49000549316406,174.0399932861328,0
2005-09-06,171.5399932861328,172.94000244140625,171.16000366210938,172.4600067138672,0
2005-09-07,168.66000366210938,171.11000061035156,168.02000427246094,171.07000732421875,0
2005-09-08,169.17999267578125,169.58999633789062,167.08999633789062,169.11000061035156,0
2005-09-09,168.80999755859375,170.02000427246094,168.47000122070312,169.64999389648438,0
2005-09-12,167.41000366210938,168.27000427246094,166.19000244140625,168.24000549316406,0
2005-09-13,166.25999450683594,167.4499969482422,165.67999267578125,166.91000366210938,0
2005-09-14,168.2899932861328,168.38999938964844,165.99000549316406,166.24000549316406,0
2005-09-15,167.69000244140625,168.75999450683594,166.33999633789062,168.1699981689453,0
2005-09-16,165.89999389648438,167.67999267578125,165.75,167.27000427246094,0
2005-09-19,174.10000610351562,174.10000610351562,168.6300048828125,168.75999450683594,0
2005-09-20,172.6699981689453,173.19000244140625,170.6300048828125,171.24000549316406,0
2005-09-21,173.8000030517578,175.9199981689453,170.89999389648438,175.02999877929688,0
2005-09-22,174.6699981689453,176.66000366210938,173.9199981689453,176.5800018310547,0
2005-09-23,171.7899932861328,174.36000061035156,171.02000427246094,173.57000732421875,0
2005-09-26,174.49000549316406,174.6699981689453,169.66000366210938,171.57000732421875,0
2005-09-27,173.92999267578125,174.5399932861328,172.9499969482422,173.1699981689453,0
2005-09-28,178.41000366210938,179.00999450683594,173.8000030517578,173.85000610351562,0
2005-09-29,179.07000732421875,180.32000732421875,177.44000244140625,178.99000549316406,0
2005-09-30,178.25,179.41000366210938,177.17999267578125,178.55999755859375,0
2005-10-03,178.82000732421875,179.2100067138672,178.11000061035156,178.60000610351562,0
2005-10-04,177.75,178.0800018310547,176.0500030517578,177.8699951171875,0
2005-10-05,177.05999755859375,179.6199951171875,176.89999389648438,178.0399932861328,0
2005-10-06,173.6999969482422,177.08999633789062,173.52000427246094,177.07000732421875,0
2005-10-07,173.77000427246094,174.5800018310547,173.1199951171875,174.4499969482422,0
2005-10-10,173.17999267578125,173.4199981689453,171.7100067138672,173.27000427246094,0
2005-10-11,176.2899932861328,176.42999267578125,173.14999389648438,174.10000610351562,0
2005-10-12,177.00999450683594,177.3000030517578,175.82000732421875,176.63999938964844,0
2005-10-13,174.80999755859375,176.88999938964844,174.22999572753906,176.88999938964844,0
2005-10-14,174.08999633789062,174.24000549316406,172.10000610351562,173.3300018310547,0
2005-10-17,177.30999755859375,177.4600067138672,176.14999389648438,177.13999938964844,0
2005-10-18,174.7899932861328,175.52000427246094,174.5500030517578,175.47000122070312,0
2005-10-19,173.5399932861328,174.91000366210938,172.72999572753906,174.52999877929688,0
2005-10-20,170.88999938964844,173.58999633789062,170.47000122070312,173.49000549316406,0
2005-10-21,170.36000061035156,170.36000061035156,168.27999877929688,169.52000427246094,0
2005-10-24,169.67999267578125,169.88999938964844,168.47000122070312,168.55999755859375,0
2005-10-25,175.49000549316406,175.72999572753906,170.07000732421875,170.16000366210938,0
2005-10-26,172.6699981689453,175.69000244140625,171.6199951171875,175.57000732421875,0
2005-10-27,171.64999389648438,174.3800048828125,170.58999633789062,172.72999572753906,0
2005-10-28,169.9499969482422,170.52999877929688,169.0,170.50999450683594,0
2005-10-31,166.52000427246094,168.83999633789062,166.30999755859375,168.82000732421875,0
2005-11-01,165.69000244140625,166.52999877929688,164.4600067138672,166.52999877929688,0
2005-11-02,165.41000366210938,166.64999389648438,164.5500030517578,165.14999389648438,0
2005-11-03,167.61000061035156,167.74000549316406,165.91000366210938,166.42999267578125,0
2005-11-04,166.27000427246094,166.7899932861328,165.9199981689453,166.6699981689453,0
2005-11-07,167.0800018310547,167.24000549316406,164.36000061035156,165.05999755859375,0
2005-11-08,167.24000549316406,167.80999755859375,166.05999755859375,166.80999755859375,0
2005-11-09,166.32000732421875,167.77999877929688,165.36000061035156,166.72000122070312,0
2005-11-10,164.7100067138672,165.99000549316406,163.8800048828125,165.99000549316406,0
2005-11-11,166.1300048828125,166.1999969482422,164.97000122070312,165.1199951171875,0
2005-11-14,166.00999450683594,167.17999267578125,165.10000610351562,166.7899932861328,0
2005-11-15,165.13999938964844,167.11000061035156,165.0,166.2100067138672,0
2005-11-16,167.52000427246094,167.91000366210938,164.9499969482422,165.02999877929688,0
2005-11-17,166.05999755859375,168.97000122070312,165.92999267578125,168.52999877929688,0
2005-11-18,164.4199981689453,165.9600067138672,164.07000732421875,165.83999633789062,0
2005-11-21,164.27000427246094,165.4499969482422,163.8699951171875,165.1300048828125,0
2005-11-22,165.07000732421875,165.3300018310547,164.52999877929688,164.91000366210938,0
2005-11-23,164.60000610351562,165.1199951171875,163.7100067138672,164.05999755859375,0
2005-11-28,163.7100067138672,164.6999969482422,162.0500030517578,164.08999633789062,0
2005-11-29,163.36000061035156,165.35000610351562,162.69000244140625,164.3000030517578,0
2005-11-30,166.39999389648438,166.67999267578125,163.3300018310547,163.88999938964844,0
2005-12-01,169.94000244140625,170.27000427246094,166.7899932861328,166.7899932861328,0
2005-12-02,172.6999969482422,172.8300018310547,170.07000732421875,170.8699951171875,0
2005-12-05,173.41000366210938,176.4199981689453,172.86000061035156,174.5800018310547,0
2005-12-06,172.27000427246094,173.30999755859375,171.74000549316406,172.1699981689453,0
2005-12-07,172.77999877929688,174.19000244140625,172.2100067138672,174.02000427246094,0
2005-12-08,177.64999389648438,178.3000030517578,173.94000244140625,174.02000427246094,0
2005-12-09,175.2899932861328,179.35000610351562,174.61000061035156,178.92999267578125,0
2005-12-12,178.11000061035156,178.1699981689453,176.74000549316406,177.58999633789062,0
2005-12-13,180.24000549316406,180.94000244140625,179.58999633789062,179.75999450683594,0
2005-12-14,177.0500030517578,180.1300048828125,176.97000122070312,180.10000610351562,0
2005-12-15,174.1300048828125,177.5800018310547,173.94000244140625,175.19000244140625,0
2005-12-16,173.42999267578125,174.3800048828125,173.1300048828125,173.2100067138672,0
2005-12-19,174.2899932861328,175.25999450683594,172.7899932861328,175.25,0
2005-12-20,174.17999267578125,176.52000427246094,173.83999633789062,173.94000244140625,0
2005-12-21,174.9199981689453,175.27000427246094,172.8300018310547,173.89999389648438,0
2005-12-22,172.55999755859375,174.9600067138672,171.94000244140625,174.94000244140625,0
2005-12-23,171.32000732421875,171.57000732421875,170.07000732421875,171.08999633789062,0
2005-12-27,168.3800048828125,171.27000427246094,167.7899932861328,169.05999755859375,0
2005-12-28,171.02000427246094,171.88999938964844,168.1199951171875,169.07000732421875,0
2005-12-29,169.8699951171875,171.6699981689453,169.5,170.7100067138672,0
2005-12-30,171.14999389648438,171.27999877929688,168.66000366210938,168.8300018310547,0
2006-01-03,171.8300018310547,172.9199981689453,170.42999267578125,170.88999938964844,0
2006-01-04,171.8300018310547,171.9600067138672,170.1999969482422,170.75,0
2006-01-05,169.02999877929688,170.75999450683594,168.5399932861328,170.58999633789062,0
2006-01-06,170.35000610351562,171.3699951171875,169.77999877929688,170.3300018310547,0
2006-01-09,169.13999938964844,170.11000061035156,168.24000549316406,170.02000427246094,0
2006-01-10,168.5800018310547,169.77999877929688,168.19000244140625,169.47999572753906,0
2006-01-11,167.97000122070312,168.7899932861328,167.27999877929688,168.32000732421875,0
2006-01-12,167.00999450683594,168.47999572753906,166.91000366210938,168.25999450683594,0
2006-01-13,167.8699951171875,168.02000427246094,166.66000366210938,166.82000732421875,0
2006-01-17,169.58999633789062,169.7100067138672,168.60000610351562,168.6999969482422,0
2006-01-18,167.33999633789062,169.67999267578125,166.7100067138672,169.64999389648438,0
2006-01-19,168.8699951171875,168.9499969482422,167.05999755859375,167.60000610351562,0
2006-01-20,170.42999267578125,171.22000122070312,170.0500030517578,170.0500030517578,0
2006-01-23,169.89999389648438,170.33999633789062,169.14999389648438,169.4499969482422,0
2006-01-24,170.13999938964844,171.3300018310547,168.72999572753906,169.24000549316406,0
2006-01-25,170.1199951171875,170.9499969482422,169.8699951171875,170.9499969482422,0
2006-01-26,169.92999267578125,170.42999267578125,168.57000732421875,169.38999938964844,0
2006-01-27,171.58999633789062,172.52999877929688,170.94000244140625,171.58999633789062,0
2006-01-30,174.22999572753906,174.35000610351562,172.3800048828125,172.61000061035156,0
2006-01-31,173.6699981689453,174.52000427246094,172.60000610351562,173.7899932861328,0
2006-02-01,171.41000366210938,175.33999633789062,170.94000244140625,174.1999969482422,0
2006-02-02,170.8300018310547,171.4600067138672,169.08999633789062,171.3300018310547,0
2006-02-03,172.55999755859375,172.60000610351562,170.6999969482422,171.0800018310547,0
2006-02-06,170.61000061035156,172.5,170.49000549316406,172.30999755859375,0
2006-02-07,167.0399932861328,169.8300018310547,166.97000122070312,169.7899932861328,0
2006-02-08,166.83999633789062,168.64999389648438,166.44000244140625,166.63999938964844,0
2006-02-09,167.72999572753906,168.14999389648438,167.07000732421875,167.9499969482422,0
2006-02-10,164.2899932861328,167.36000061035156,164.1699981689453,166.67999267578125,0
2006-02-13,162.38999938964844,164.1999969482422,162.2100067138672,164.19000244140625,0
2006-02-14,161.83999633789062,162.44000244140625,161.3800048828125,162.39999389648438,0
2006-02-15,159.72999572753906,162.05999755859375,159.0399932861328,161.77000427246094,0
2006-02-16,160.75999450683594,160.80999755859375,158.85000610351562,160.3000030517578,0
2006-02-17,162.52000427246094,162.55999755859375,161.39999389648438,161.74000549316406,0
2006-02-21,165.47999572753906,165.49000549316406,163.85000610351562,164.32000732421875,0
2006-02-22,163.02999877929688,164.5399932861328,162.57000732421875,163.9600067138672,0
2006-02-23,162.25,162.94000244140625,161.2100067138672,162.41000366210938,0
2006-02-24,163.89999389648438,164.61000061035156,163.0800018310547,163.3000030517578,0
2006-02-27,160.64999389648438,162.91000366210938,160.02000427246094,162.4600067138672,0
2006-02-28,162.24000549316406,162.36000061035156,160.16000366210938,161.02999877929688,0
2006-03-01,162.33999633789062,162.8800048828125,161.8699951171875,161.9600067138672,0
2006-03-02,164.67999267578125,164.7899932861328,162.7899932861328,162.97999572753906,0
2006-03-03,165.5,165.60000610351562,164.0399932861328,165.25,0
2006-03-06,162.42999267578125,164.05999755859375,161.75999450683594,164.05999755859375,0
2006-03-07,160.49000549316406,162.63999938964844,160.13999938964844,162.25,0
2006-03-08,158.77999877929688,159.3699951171875,157.8699951171875,159.36000061035156,0
2006-03-09,159.6300048828125,159.91000366210938,158.74000549316406,159.44000244140625,0
2006-03-10,159.85000610351562,160.44000244140625,158.6199951171875,159.17999267578125,0
2006-03-13,161.16000366210938,161.47999572753906,159.60000610351562,159.82000732421875,0
2006-03-14,162.6300048828125,162.75,160.77999877929688,161.2899932861328,0
2006-03-15,161.97999572753906,163.3000030517578,161.83999633789062,162.27000427246094,0
2006-03-16,162.3800048828125,163.0800018310547,161.1300048828125,161.75999450683594,0
2006-03-17,162.19000244140625,163.13999938964844,162.07000732421875,162.60000610351562,0
2006-03-20,159.92999267578125,161.6699981689453,159.69000244140625,161.4600067138672,0
2006-03-21,160.77000427246094,161.02999877929688,159.42999267578125,159.91000366210938,0
2006-03-22,159.8800048828125,161.49000549316406,159.77999877929688,160.80999755859375,0
2006-03-23,162.64999389648438,162.72000122070312,159.99000549316406,160.00999450683594,0
2006-03-24,162.97000122070312,164.02000427246094,162.2100067138672,162.27000427246094,0
2006-03-27,163.24000549316406,163.66000366210938,162.6300048828125,162.77999877929688,0
2006-03-28,164.5800018310547,164.75,163.25999450683594,163.25999450683594,0
2006-03-29,165.1300048828125,165.3000030517578,163.97000122070312,164.0399932861328,0
2006-03-30,167.35000610351562,167.47000122070312,165.44000244140625,165.58999633789062,0
2006-03-31,165.1999969482422,166.72000122070312,164.4199981689453,166.66000366210938,0
2006-04-03,166.5800018310547,168.5399932861328,166.4600067138672,166.7100067138672,0
2006-04-04,164.72999572753906,166.13999938964844,164.38999938964844,165.57000732421875,0
2006-04-05,166.75,166.9499969482422,165.00999450683594,165.42999267578125,0
2006-04-06,168.5500030517578,168.8000030517578,167.8800048828125,168.41000366210938,0
2006-04-07,167.1999969482422,167.50999450683594,165.86000061035156,167.30999755859375,0
2006-04-10,169.25999450683594,169.6300048828125,168.4499969482422,168.4600067138672,0
2006-04-11,170.02000427246094,170.05999755859375,168.74000549316406,169.77000427246094,0
2006-04-12,170.2899932861328,170.9600067138672,169.9600067138672,170.22999572753906,0
2006-04-13,171.24000549316406,171.41000366210938,169.47999572753906,169.77000427246094,0
2006-04-17,173.9499969482422,174.00999450683594,172.27999877929688,172.38999938964844,0
2006-04-18,177.57000732421875,177.64999389648438,174.88999938964844,175.36000061035156,0
2006-04-19,178.92999267578125,179.0500030517578,177.22999572753906,177.58999633789062,0
2006-04-20,176.80999755859375,179.11000061035156,175.0500030517578,178.9600067138672,0
2006-04-21,180.02000427246094,180.02000427246094,176.5800018310547,177.36000061035156,0
2006-04-24,176.85000610351562,179.61000061035156,176.69000244140625,179.25999450683594,0
2006-04-25,177.8699951171875,178.77000427246094,176.86000061035156,177.60000610351562,0
2006-04-26,177.72999572753906,178.50999450683594,177.27999877929688,177.66000366210938,0
2006-04-27,173.64999389648438,176.38999938964844,173.58999633789062,175.24000549316406,0
2006-04-28,175.77000427246094,176.64999389648438,174.30999755859375,174.41000366210938,0
2006-05-01,178.17999267578125,178.38999938964844,176.4600067138672,176.4600067138672,0
2006-05-02,178.8000030517578,179.6699981689453,177.6999969482422,179.27000427246094,0
2006-05-03,177.02000427246094,178.97000122070312,176.89999389648438,178.86000061035156,0
2006-05-04,177.63999938964844,179.50999450683594,176.7899932861328,176.94000244140625,0
2006-05-05,178.91000366210938,179.61000061035156,177.64999389648438,177.64999389648438,0
2006-05-08,178.13999938964844,178.25,176.1199951171875,176.8699951171875,0
2006-05-09,180.89999389648438,181.35000610351562,178.89999389648438,178.97000122070312,0
2006-05-10,184.0,184.0,181.1300048828125,181.69000244140625,0
2006-05-11,187.5399932861328,188.11000061035156,185.80999755859375,185.80999755859375,0
2006-05-12,185.2899932861328,187.10000610351562,185.1199951171875,186.72999572753906,0
2006-05-15,179.80999755859375,182.44000244140625,179.5800018310547,182.2100067138672,0
2006-05-16,180.9600067138672,181.77999877929688,179.67999267578125,181.33999633789062,0
2006-05-17,179.55999755859375,182.41000366210938,177.75999450683594,182.16000366210938,0
2006-05-18,178.6300048828125,179.77999877929688,178.02999877929688,179.2899932861328,0
2006-05-19,174.57000732421875,177.1699981689453,174.0,177.13999938964844,0
2006-05-22,176.10000610351562,176.19000244140625,173.8000030517578,174.9499969482422,0
2006-05-23,181.0,181.0,172.00999450683594,178.10000610351562,0
2006-05-24,175.5399932861328,178.16000366210938,175.4499969482422,177.97000122070312,0
2006-05-25,177.2100067138672,177.55999755859375,175.3000030517578,175.75,0
2006-05-26,179.3000030517578,180.24000549316406,177.52000427246094,178.1999969482422,0
2006-05-30,178.64999389648438,181.0,178.55999755859375,180.27000427246094,0
2006-05-31,176.67999267578125,178.8800048828125,175.8300018310547,178.22000122070312,0
2006-06-01,174.9600067138672,176.6999969482422,172.52000427246094,174.75999450683594,0
2006-06-02,178.91000366210938,179.24000549316406,176.11000061035156,176.17999267578125,0
2006-06-05,178.08999633789062,180.0399932861328,177.8800048828125,179.86000061035156,0
2006-06-06,175.27000427246094,177.6999969482422,174.32000732421875,176.8800048828125,0
2006-06-07,174.91000366210938,175.3300018310547,172.8800048828125,173.55999755859375,0
2006-06-08,171.60000610351562,173.11000061035156,170.8300018310547,172.2899932861328,0
2006-06-09,171.22000122070312,173.66000366210938,170.86000061035156,172.35000610351562,0
2006-06-12,170.41000366210938,172.47999572753906,170.41000366210938,171.92999267578125,0
2006-06-13,165.35000610351562,168.2100067138672,165.10000610351562,167.55999755859375,0
2006-06-14,165.91000366210938,167.24000549316406,165.72000122070312,166.22000122070312,0
2006-06-15,169.35000610351562,170.0500030517578,166.72999572753906,167.0500030517578,0
2006-06-16,170.52000427246094,170.61000061035156,168.77000427246094,169.4199981689453,0
2006-06-19,167.30999755859375,168.50999450683594,167.07000732421875,168.05999755859375,0
2006-06-20,166.75,167.41000366210938,166.36000061035156,167.10000610351562,0
2006-06-21,168.2899932861328,168.57000732421875,166.17999267578125,166.75999450683594,0
2006-06-22,167.49000549316406,169.10000610351562,167.30999755859375,169.02000427246094,0
2006-06-23,166.77000427246094,167.39999389648438,166.05999755859375,166.42999267578125,0
2006-06-26,168.08999633789062,168.24000549316406,166.0500030517578,166.32000732421875,0
2006-06-27,167.75999450683594,169.13999938964844,167.4499969482422,167.91000366210938,0
2006-06-28,168.13999938964844,168.80999755859375,167.80999755859375,168.61000061035156,0
2006-06-29,170.58999633789062,171.4499969482422,169.33999633789062,169.35000610351562,0
2006-06-30,173.24000549316406,173.69000244140625,172.58999633789062,172.8699951171875,0
2006-07-03,174.02999877929688,174.22999572753906,173.6199951171875,173.6199951171875,0
2006-07-05,174.5399932861328,175.1199951171875,173.25999450683594,175.11000061035156,0
2006-07-06,177.14999389648438,177.5,174.27999877929688,174.5500030517578,0
2006-07-07,174.97000122070312,176.8699951171875,174.16000366210938,176.3000030517578,0
2006-07-10,174.94000244140625,179.33999633789062,174.3300018310547,174.47000122070312,0
2006-07-11,177.22000122070312,177.7100067138672,176.3300018310547,176.67999267578125,0
2006-07-12,178.2100067138672,179.10000610351562,176.77000427246094,178.5399932861328,0
2006-07-13,178.88999938964844,179.14999389648438,177.52000427246094,177.97999572753906,0
2006-07-14,179.9600067138672,180.57000732421875,179.2100067138672,180.32000732421875,0
2006-07-17,175.3800048828125,178.9199981689453,175.3300018310547,178.22999572753906,0
2006-07-18,172.44000244140625,176.3800048828125,172.44000244140625,176.2899932861328,0
2006-07-19,173.27999877929688,173.4199981689453,171.24000549316406,171.3300018310547,0
2006-07-20,171.7899932861328,174.22000122070312,171.66000366210938,173.30999755859375,0
2006-07-21,170.88999938964844,172.24000549316406,168.97999572753906,171.77000427246094,0
2006-07-24,172.5800018310547,172.97999572753906,170.0500030517578,171.27000427246094,0
2006-07-25,172.25999450683594,174.6300048828125,172.00999450683594,174.41000366210938,0
2006-07-26,172.36000061035156,173.0399932861328,171.92999267578125,172.41000366210938,0
2006-07-27,173.66000366210938,174.7100067138672,173.2899932861328,173.74000549316406,0
2006-07-28,174.3300018310547,175.91000366210938,172.0,173.8300018310547,0
2006-07-31,178.02999877929688,178.24000549316406,176.1199951171875,176.16000366210938,0
2006-08-01,177.4199981689453,179.25999450683594,176.02999877929688,178.75,0
2006-08-02,179.5399932861328,181.3800048828125,179.0500030517578,179.3699951171875,0
2006-08-03,176.2899932861328,177.7899932861328,176.0399932861328,177.72999572753906,0
2006-08-04,177.49000549316406,178.67999267578125,176.94000244140625,177.67999267578125,0
2006-08-07,177.22999572753906,178.05999755859375,176.27000427246094,176.38999938964844,0
2006-08-08,176.57000732421875,177.6300048828125,176.1999969482422,176.52999877929688,0
2006-08-09,178.83999633789062,179.7899932861328,177.4499969482422,177.4600067138672,0
2006-08-10,176.11000061035156,178.47999572753906,175.9600067138672,178.3800048828125,0
2006-08-11,173.55999755859375,177.3300018310547,173.10000610351562,177.17999267578125,0
2006-08-14,171.83999633789062,172.0399932861328,170.6699981689453,171.72999572753906,0
2006-08-15,172.08999633789062,172.24000549316406,170.97000122070312,171.83999633789062,0
2006-08-16,172.02999877929688,173.35000610351562,171.72000122070312,172.0399932861328,0
2006-08-17,169.02000427246094,171.5800018310547,169.02000427246094,171.5800018310547,0
2006-08-18,169.86000061035156,170.5500030517578,169.1999969482422,170.2899932861328,0
2006-08-21,171.5800018310547,171.6999969482422,170.82000732421875,171.00999450683594,0
2006-08-22,172.5,172.60000610351562,170.69000244140625,171.16000366210938,0
2006-08-23,171.7100067138672,172.9199981689453,171.33999633789062,172.05999755859375,0
2006-08-24,172.38999938964844,173.1999969482422,171.75999450683594,173.0800018310547,0
2006-08-25,172.63999938964844,174.1199951171875,172.6300048828125,173.5,0
2006-08-28,170.5800018310547,171.86000061035156,170.44000244140625,171.80999755859375,0
2006-08-29,168.94000244140625,170.1999969482422,168.27999877929688,170.17999267578125,0
2006-08-30,168.8699951171875,170.2100067138672,167.5800018310547,168.66000366210938,0
2006-08-31,170.8800048828125,171.1199951171875,169.25,170.0500030517578,0
2006-09-01,169.30999755859375,170.4499969482422,169.27000427246094,170.44000244140625,0
2006-09-05,170.64999389648438,172.13999938964844,170.13999938964844,170.1699981689453,0
2006-09-06,170.47000122070312,171.75,170.27999877929688,170.30999755859375,0
2006-09-07,169.0399932861328,170.19000244140625,168.72000122070312,170.10000610351562,0
2006-09-08,166.97000122070312,168.3300018310547,166.91000366210938,168.24000549316406,0
2006-09-11,162.66000366210938,164.25999450683594,161.9499969482422,164.1699981689453,0
2006-09-12,161.67999267578125,163.75,161.5399932861328,163.14999389648438,0
2006-09-13,161.35000610351562,162.5399932861328,161.07000732421875,161.5800018310547,0
2006-09-14,158.75,161.69000244140625,157.9600067138672,161.66000366210938,0
2006-09-15,157.4600067138672,158.52999877929688,156.77999877929688,158.52999877929688,0
2006-09-18,159.3000030517578,159.91000366210938,157.3300018310547,157.72999572753906,0
2006-09-19,157.6199951171875,159.6999969482422,157.5399932861328,159.27999877929688,0
2006-09-20,156.58999633789062,157.6199951171875,156.0800018310547,156.16000366210938,0
2006-09-21,158.82000732421875,158.89999389648438,156.6199951171875,157.10000610351562,0
2006-09-22,157.5800018310547,159.72000122070312,157.4499969482422,159.36000061035156,0
2006-09-25,157.22000122070312,157.89999389648438,155.35000610351562,155.77999877929688,0
2006-09-26,157.99000549316406,158.74000549316406,156.94000244140625,157.0800018310547,0
2006-09-27,158.74000549316406,159.25999450683594,157.0800018310547,159.02000427246094,0
2006-09-28,159.7100067138672,160.2100067138672,158.8000030517578,159.52000427246094,0
2006-09-29,159.9600067138672,160.7100067138672,158.6300048828125,159.61000061035156,0
2006-10-02,158.74000549316406,161.32000732421875,158.7100067138672,160.85000610351562,0
2006-10-03,156.0800018310547,157.8800048828125,155.7100067138672,157.6300048828125,0
2006-10-04,156.8800048828125,157.4499969482422,154.63999938964844,157.0500030517578,0
2006-10-05,159.49000549316406,159.94000244140625,158.5800018310547,159.11000061035156,0
2006-10-06,160.3800048828125,160.77000427246094,159.13999938964844,160.0399932861328,0
2006-10-09,162.83999633789062,164.1300048828125,162.24000549316406,162.3000030517578,0
2006-10-10,161.11000061035156,162.97000122070312,160.97999572753906,162.3800048828125,0
2006-10-11,161.72000122070312,163.11000061035156,160.8800048828125,161.2899932861328,0
2006-10-12,162.13999938964844,162.97000122070312,160.63999938964844,161.02999877929688,0
2006-10-13,164.2899932861328,164.97999572753906,163.24000549316406,163.25999450683594,0
2006-10-16,167.85000610351562,167.97999572753906,165.02999877929688,165.17999267578125,0
2006-10-17,166.85000610351562,169.02999877929688,166.3699951171875,168.97000122070312,0
2006-10-18,165.52999877929688,166.6300048828125,165.30999755859375,165.8800048828125,0
2006-10-19,167.22999572753906,167.4600067138672,165.9499969482422,166.3300018310547,0
2006-10-20,166.33999633789062,167.6300048828125,165.9199981689453,167.13999938964844,0
2006-10-23,166.50999450683594,166.67999267578125,164.6999969482422,165.4499969482422,0
2006-10-24,167.25,167.52999877929688,165.5500030517578,166.19000244140625,0
2006-10-25,169.47000122070312,170.35000610351562,167.69000244140625,167.82000732421875,0
2006-10-26,169.14999389648438,169.99000549316406,168.75,168.80999755859375,0
2006-10-27,169.7899932861328,170.7100067138672,169.2100067138672,170.3699951171875,0
2006-10-30,167.25,168.8000030517578,167.22000122070312,168.6699981689453,0
2006-10-31,166.82000732421875,167.17999267578125,165.75999450683594,166.36000061035156,0
2006-11-01,167.52000427246094,167.8800048828125,166.14999389648438,167.05999755859375,0
2006-11-02,168.86000061035156,171.02000427246094,167.9199981689453,168.0500030517578,0
2006-11-03,169.72999572753906,170.17999267578125,168.5800018310547,169.16000366210938,0
2006-11-06,170.17999267578125,170.60000610351562,168.08999633789062,169.3300018310547,0
2006-11-07,170.60000610351562,171.47000122070312,169.9199981689453,170.0800018310547,0
2006-11-08,170.5500030517578,171.3000030517578,169.67999267578125,170.13999938964844,0
2006-11-09,172.38999938964844,173.39999389648438,171.63999938964844,171.63999938964844,0
2006-11-10,168.2100067138672,170.97999572753906,168.0800018310547,170.75999450683594,0
2006-11-13,167.25,167.75999450683594,166.83999633789062,167.11000061035156,0
2006-11-14,167.80999755859375,168.52000427246094,166.83999633789062,167.72999572753906,0
2006-11-15,168.7100067138672,169.3699951171875,167.27999877929688,167.49000549316406,0
2006-11-16,166.16000366210938,169.91000366210938,166.0800018310547,169.6699981689453,0
2006-11-17,166.67999267578125,166.77999877929688,163.42999267578125,165.25999450683594,0
2006-11-20,167.4600067138672,168.49000549316406,166.7899932861328,167.97000122070312,0
2006-11-21,169.7899932861328,169.8800048828125,168.22999572753906,168.3300018310547,0
2006-11-22,168.80999755859375,172.9499969482422,168.02000427246094,170.27000427246094,0
2006-11-24,168.80999755859375,172.9499969482422,168.02000427246094,168.80999755859375,0
2006-11-27,172.3800048828125,172.88999938964844,171.63999938964844,172.1999969482422,0
2006-11-28,172.1999969482422,173.2100067138672,171.6199951171875,172.25999450683594,0
2006-11-29,173.2100067138672,173.3300018310547,170.99000549316406,171.30999755859375,0
2006-11-30,175.22000122070312,175.5800018310547,173.6699981689453,173.69000244140625,0
2006-12-01,174.58999633789062,175.52999877929688,173.80999755859375,174.25999450683594,0
2006-12-04,171.50999450683594,173.36000061035156,171.4499969482422,173.35000610351562,0
2006-12-05,172.2899932861328,173.5399932861328,171.07000732421875,172.02000427246094,0
2006-12-06,169.8000030517578,171.05999755859375,169.10000610351562,170.8300018310547,0
2006-12-07,169.64999389648438,169.7100067138672,168.3800048828125,169.3300018310547,0
2006-12-08,169.08999633789062,171.0399932861328,169.0500030517578,169.8800048828125,0
2006-12-11,169.05999755859375,169.24000549316406,167.86000061035156,168.38999938964844,0
2006-12-12,168.22999572753906,169.6999969482422,167.9499969482422,169.30999755859375,0
2006-12-13,168.36000061035156,168.5399932861328,167.67999267578125,168.08999633789062,0
2006-12-14,169.6699981689453,170.57000732421875,169.3800048828125,169.49000549316406,0
2006-12-15,168.32000732421875,169.35000610351562,167.49000549316406,169.27999877929688,0
2006-12-18,166.5800018310547,167.58999633789062,166.24000549316406,167.42999267578125,0
2006-12-19,167.52999877929688,167.74000549316406,165.91000366210938,166.16000366210938,0
2006-12-20,166.5500030517578,167.72000122070312,166.4499969482422,167.52999877929688,0
2006-12-21,165.83999633789062,166.27000427246094,165.49000549316406,166.27000427246094,0
2006-12-22,166.47999572753906,166.47999572753906,165.77999877929688,166.3800048828125,0
2006-12-26,165.75999450683594,166.77000427246094,165.42999267578125,166.39999389648438,0
2006-12-27,165.75999450683594,166.27999877929688,164.97000122070312,166.0500030517578,0
2006-12-28,166.27000427246094,166.92999267578125,165.9199981689453,166.39999389648438,0
2006-12-29,166.50999450683594,166.52000427246094,165.14999389648438,166.2100067138672,0
2007-01-03,161.1699981689453,163.91000366210938,160.9199981689453,163.1999969482422,0
2007-01-04,159.2100067138672,161.36000061035156,159.17999267578125,160.5,0
2007-01-05,157.9600067138672,159.02999877929688,156.72000122070312,159.00999450683594,0
2007-01-08,157.07000732421875,158.97000122070312,156.80999755859375,158.16000366210938,0
2007-01-09,155.8800048828125,156.72000122070312,154.7100067138672,155.97999572753906,0
2007-01-10,157.30999755859375,157.7899932861328,155.39999389648438,156.25,0
2007-01-11,156.8000030517578,159.24000549316406,156.5800018310547,157.58999633789062,0
2007-01-12,159.55999755859375,159.69000244140625,156.6699981689453,157.19000244140625,0
2007-01-16,158.2899932861328,160.1699981689453,157.55999755859375,159.27999877929688,0
2007-01-17,158.6199951171875,159.02000427246094,157.24000549316406,157.6999969482422,0
2007-01-18,157.3699951171875,159.6999969482422,156.6699981689453,159.24000549316406,0
2007-01-19,160.41000366210938,160.5,157.72000122070312,157.88999938964844,0
2007-01-22,161.3000030517578,162.86000061035156,160.27999877929688,160.94000244140625,0
2007-01-23,164.8800048828125,164.94000244140625,163.02999877929688,163.07000732421875,0
2007-01-24,163.97000122070312,164.25,162.47999572753906,163.92999267578125,0
2007-01-25,162.3800048828125,164.82000732421875,162.17999267578125,164.35000610351562,0
2007-01-26,163.5500030517578,163.7100067138672,161.85000610351562,162.10000610351562,0
2007-01-29,160.60000610351562,162.91000366210938,160.41000366210938,162.44000244140625,0
2007-01-30,164.6999969482422,164.75,158.75999450683594,161.19000244140625,0
2007-01-31,166.10000610351562,167.2100067138672,163.36000061035156,164.6999969482422,0
2007-02-01,164.82000732421875,167.41000366210938,164.61000061035156,166.7899932861328,0
2007-02-02,165.11000061035156,165.2899932861328,163.02000427246094,164.67999267578125,0
2007-02-05,165.3699951171875,167.74000549316406,165.07000732421875,166.72000122070312,0
2007-02-06,165.47999572753906,167.1300048828125,165.1699981689453,166.97000122070312,0
2007-02-07,164.50999450683594,166.85000610351562,164.1300048828125,165.50999450683594,0
2007-02-08,166.3699951171875,166.63999938964844,163.75999450683594,163.85000610351562,0
2007-02-09,167.38999938964844,168.1999969482422,166.52999877929688,166.5800018310547,0
2007-02-12,163.8699951171875,166.0500030517578,163.5800018310547,165.67999267578125,0
2007-02-13,166.69000244140625,167.0,164.4600067138672,164.5800018310547,0
2007-02-14,165.69000244140625,167.25,165.19000244140625,166.9600067138672,0
2007-02-15,166.75,166.8800048828125,165.16000366210938,166.63999938964844,0
2007-02-16,168.27000427246094,168.58999633789062,166.44000244140625,166.5500030517578,0
2007-02-20,167.1199951171875,170.1199951171875,165.47000122070312,167.30999755859375,0
2007-02-21,169.83999633789062,170.47999572753906,166.3699951171875,166.3699951171875,0
2007-02-22,172.19000244140625,172.52999877929688,170.0800018310547,170.08999633789062,0
2007-02-23,173.38999938964844,173.72999572753906,172.3000030517578,172.3800048828125,0
2007-02-26,173.50999450683594,174.6199951171875,172.97999572753906,174.2100067138672,0
2007-02-27,171.97999572753906,173.44000244140625,171.00999450683594,171.69000244140625,0
2007-02-28,171.02000427246094,171.25,169.58999633789062,170.4499969482422,0
2007-03-01,169.75999450683594,171.19000244140625,168.8300018310547,171.19000244140625,0
2007-03-02,168.0800018310547,169.6300048828125,167.91000366210938,168.8699951171875,0
2007-03-05,165.94000244140625,166.5800018310547,165.0500030517578,165.75999450683594,0
2007-03-06,167.47000122070312,167.57000732421875,166.30999755859375,167.32000732421875,0
2007-03-07,169.1999969482422,169.4600067138672,167.7899932861328,168.0399932861328,0
2007-03-08,169.6699981689453,170.32000732421875,169.2100067138672,169.72000122070312,0
2007-03-09,167.85000610351562,169.89999389648438,167.74000549316406,169.5399932861328,0
2007-03-12,167.24000549316406,167.9600067138672,166.6199951171875,167.4199981689453,0
2007-03-13,166.1199951171875,168.44000244140625,165.91000366210938,167.35000610351562,0
2007-03-14,166.2100067138672,166.36000061035156,164.80999755859375,165.50999450683594,0
2007-03-15,166.57000732421875,167.94000244140625,166.42999267578125,167.69000244140625,0
2007-03-16,166.72999572753906,167.75,166.08999633789062,166.52999877929688,0
2007-03-19,166.55999755859375,166.97999572753906,166.1999969482422,166.3800048828125,0
2007-03-20,166.6199951171875,170.58999633789062,165.52000427246094,166.60000610351562,0
2007-03-21,167.17999267578125,167.60000610351562,166.50999450683594,166.94000244140625,0
2007-03-22,169.7100067138672,169.8300018310547,168.10000610351562,168.38999938964844,0
2007-03-23,168.97999572753906,170.4199981689453,168.9600067138672,169.7100067138672,0
2007-03-26,169.4600067138672,170.1699981689453,168.89999389648438,169.2899932861328,0
2007-03-27,169.6199951171875,169.77000427246094,168.91000366210938,169.1300048828125,0
2007-03-28,170.85000610351562,171.97999572753906,170.5500030517578,171.5399932861328,0
2007-03-29,172.3300018310547,172.67999267578125,170.52000427246094,170.7899932861328,0
2007-03-30,171.9600067138672,173.4499969482422,171.1699981689453,173.42999267578125,0
2007-04-02,171.47000122070312,172.3300018310547,169.77000427246094,171.2899932861328,0
2007-04-03,170.8300018310547,172.02000427246094,170.5500030517578,171.67999267578125,0
2007-04-04,172.89999389648438,173.24000549316406,170.50999450683594,171.27999877929688,0
2007-04-05,173.47999572753906,173.8300018310547,172.6199951171875,172.72999572753906,0
2007-04-09,172.22999572753906,175.1199951171875,172.22999572753906,174.41000366210938,0
2007-04-10,173.86000061035156,174.38999938964844,172.74000549316406,173.19000244140625,0
2007-04-11,173.86000061035156,174.97999572753906,173.50999450683594,174.88999938964844,0
2007-04-12,173.9199981689453,174.2899932861328,172.86000061035156,174.02000427246094,0
2007-04-13,174.35000610351562,175.19000244140625,174.02999877929688,174.5399932861328,0
2007-04-16,172.5399932861328,174.63999938964844,172.5,174.57000732421875,0
2007-04-17,172.1199951171875,174.0,172.07000732421875,172.8300018310547,0
2007-04-18,171.8800048828125,172.24000549316406,170.97000122070312,171.55999755859375,0
2007-04-19,171.6199951171875,172.19000244140625,170.50999450683594,172.05999755859375,0
2007-04-20,172.3000030517578,172.35000610351562,171.47999572753906,172.3000030517578,0
2007-04-23,173.49000549316406,173.55999755859375,171.77000427246094,171.77999877929688,0
2007-04-24,171.69000244140625,173.77000427246094,171.13999938964844,173.5500030517578,0
2007-04-25,173.85000610351562,174.1300048828125,172.05999755859375,172.35000610351562,0
2007-04-26,171.72000122070312,174.19000244140625,171.4499969482422,173.30999755859375,0
2007-04-27,173.55999755859375,173.8000030517578,171.22000122070312,171.5500030517578,0
2007-04-30,173.22000122070312,174.4499969482422,172.75999450683594,173.33999633789062,0
2007-05-01,173.11000061035156,173.80999755859375,172.5,172.89999389648438,0
2007-05-02,172.41000366210938,173.3000030517578,171.8800048828125,172.91000366210938,0
2007-05-03,173.75,174.08999633789062,171.89999389648438,172.6199951171875,0
2007-05-04,174.17999267578125,175.3000030517578,173.6300048828125,174.11000061035156,0
2007-05-07,172.86000061035156,174.02999877929688,172.47999572753906,174.02000427246094,0
2007-05-08,172.00999450683594,172.44000244140625,171.32000732421875,171.88999938964844,0
2007-05-09,171.77000427246094,172.41000366210938,171.00999450683594,172.3800048828125,0
2007-05-10,171.11000061035156,172.07000732421875,170.74000549316406,171.97000122070312,0
2007-05-11,173.44000244140625,173.5500030517578,171.17999267578125,171.22999572753906,0
2007-05-14,172.2899932861328,173.8300018310547,172.2100067138672,173.6199951171875,0
2007-05-15,173.22999572753906,173.47000122070312,171.3699951171875,171.52000427246094,0
2007-05-16,172.80999755859375,172.92999267578125,171.80999755859375,172.50999450683594,0
2007-05-17,173.47000122070312,173.52999877929688,171.3800048828125,172.0,0
2007-05-18,173.27000427246094,174.44000244140625,173.05999755859375,173.74000549316406,0
2007-05-21,174.82000732421875,175.02000427246094,172.9199981689453,173.7100067138672,0
2007-05-22,171.8800048828125,174.6699981689453,171.74000549316406,174.52000427246094,0
2007-05-23,171.5800018310547,172.3000030517578,171.1999969482422,171.97999572753906,0
2007-05-24,170.47999572753906,172.41000366210938,170.24000549316406,171.77000427246094,0
2007-05-25,172.3699951171875,172.58999633789062,170.97000122070312,171.80999755859375,0
2007-05-29,170.0800018310547,171.58999633789062,169.61000061035156,171.47000122070312,0
2007-05-30,171.44000244140625,171.58999633789062,169.89999389648438,169.91000366210938,0
2007-05-31,172.72999572753906,172.91000366210938,171.5,172.17999267578125,0
2007-06-01,174.02999877929688,174.3300018310547,172.63999938964844,172.8300018310547,0
2007-06-04,175.57000732421875,176.1699981689453,174.02999877929688,174.0399932861328,0
2007-06-05,174.82000732421875,176.3699951171875,174.16000366210938,175.39999389648438,0
2007-06-06,173.74000549316406,174.67999267578125,172.9600067138672,174.3000030517578,0
2007-06-07,173.07000732421875,177.11000061035156,173.02999877929688,173.4199981689453,0
2007-06-08,169.82000732421875,171.58999633789062,169.6699981689453,171.55999755859375,0
2007-06-11,172.27000427246094,172.6699981689453,170.5500030517578,171.1699981689453,0
2007-06-12,171.2899932861328,171.4499969482422,169.4199981689453,171.3300018310547,0
2007-06-13,172.17999267578125,172.39999389648438,170.2100067138672,170.44000244140625,0
2007-06-14,174.8000030517578,175.02000427246094,172.69000244140625,172.72999572753906,0
2007-06-15,176.49000549316406,176.7100067138672,174.30999755859375,174.41000366210938,0
2007-06-18,176.10000610351562,177.00999450683594,175.69000244140625,176.5800018310547,0
2007-06-19,173.57000732421875,175.16000366210938,173.57000732421875,175.13999938964844,0
2007-06-20,173.57000732421875,176.3800048828125,172.9499969482422,173.82000732421875,0
2007-06-21,172.39999389648438,174.3699951171875,172.0,173.92999267578125,0
2007-06-22,170.88999938964844,172.44000244140625,170.39999389648438,172.0500030517578,0
2007-06-25,170.25999450683594,170.64999389648438,168.91000366210938,169.1999969482422,0
2007-06-26,168.52000427246094,169.82000732421875,168.4600067138672,169.77999877929688,0
2007-06-27,168.9499969482422,169.1699981689453,167.42999267578125,167.72999572753906,0
2007-06-28,168.6199951171875,170.17999267578125,168.32000732421875,169.63999938964844,0
2007-06-29,169.6699981689453,171.14999389648438,169.19000244140625,169.52000427246094,0
2007-07-02,170.47999572753906,170.50999450683594,168.74000549316406,170.25,0
2007-07-03,170.11000061035156,170.5,169.52999877929688,170.42999267578125,0
2007-07-05,170.83999633789062,171.39999389648438,169.8699951171875,170.9600067138672,0
2007-07-06,171.63999938964844,171.6999969482422,170.86000061035156,171.1300048828125,0
2007-07-09,171.75,172.47999572753906,171.52999877929688,171.57000732421875,0
2007-07-10,173.30999755859375,173.3800048828125,171.5399932861328,171.75,0
2007-07-11,173.2899932861328,174.08999633789062,173.25999450683594,173.8699951171875,0
2007-07-12,173.50999450683594,174.32000732421875,172.6199951171875,173.8800048828125,0
2007-07-13,174.5399932861328,174.69000244140625,173.42999267578125,173.94000244140625,0
2007-07-16,171.10000610351562,172.94000244140625,171.02999877929688,172.9199981689453,0
2007-07-17,169.8000030517578,171.88999938964844,169.67999267578125,171.3800048828125,0
2007-07-18,172.80999755859375,172.8800048828125,169.9600067138672,170.10000610351562,0
2007-07-19,174.25999450683594,174.30999755859375,173.25999450683594,173.4499969482422,0
2007-07-20,173.47999572753906,175.17999267578125,173.0800018310547,174.6300048828125,0
2007-07-23,170.1999969482422,172.22000122070312,169.97000122070312,172.0800018310547,0
2007-07-24,169.4600067138672,170.22999572753906,168.9600067138672,170.16000366210938,0
2007-07-25,169.5800018310547,169.72000122070312,168.1199951171875,169.07000732421875,0
2007-07-26,168.74000549316406,171.22000122070312,168.35000610351562,170.49000549316406,0
2007-07-27,170.3000030517578,170.58999633789062,168.07000732421875,168.5399932861328,0
2007-07-30,171.4600067138672,171.66000366210938,170.47000122070312,170.6199951171875,0
2007-07-31,172.4499969482422,173.0500030517578,171.49000549316406,172.75,0
2007-08-01,170.82000732421875,172.8800048828125,170.41000366210938,171.9499969482422,0
2007-08-02,170.38999938964844,171.64999389648438,170.13999938964844,171.24000549316406,0
2007-08-03,169.60000610351562,172.07000732421875,169.3800048828125,170.77000427246094,0
2007-08-06,167.52000427246094,168.5399932861328,167.0500030517578,168.22999572753906,0
2007-08-07,167.83999633789062,168.2899932861328,167.3800048828125,168.1199951171875,0
2007-08-08,168.27000427246094,168.94000244140625,167.2899932861328,167.47000122070312,0
2007-08-09,167.52000427246094,168.2100067138672,166.69000244140625,167.55999755859375,0
2007-08-10,167.60000610351562,168.0800018310547,165.82000732421875,166.14999389648438,0
2007-08-13,168.13999938964844,169.83999633789062,167.83999633789062,168.92999267578125,0
2007-08-14,167.8000030517578,168.57000732421875,166.8699951171875,168.38999938964844,0
2007-08-15,167.3300018310547,168.8000030517578,166.72000122070312,167.9499969482422,0
2007-08-16,161.67999267578125,164.97000122070312,160.16000366210938,164.36000061035156,0
2007-08-17,164.2100067138672,164.3699951171875,162.60000610351562,162.60000610351562,0
2007-08-20,161.6999969482422,164.00999450683594,161.1999969482422,162.85000610351562,0
2007-08-21,161.05999755859375,162.3000030517578,160.6699981689453,161.66000366210938,0
2007-08-22,161.9499969482422,162.33999633789062,161.25,162.14999389648438,0
2007-08-23,163.13999938964844,163.99000549316406,162.49000549316406,163.27999877929688,0
2007-08-24,164.41000366210938,164.83999633789062,162.74000549316406,162.8699951171875,0
2007-08-27,163.99000549316406,164.1699981689453,162.6699981689453,163.6300048828125,0
2007-08-28,163.5399932861328,164.17999267578125,162.86000061035156,164.0800018310547,0
2007-08-29,164.42999267578125,164.6199951171875,163.22000122070312,163.6199951171875,0
2007-08-30,165.10000610351562,165.7899932861328,164.52000427246094,164.77000427246094,0
2007-08-31,165.57000732421875,167.3300018310547,165.39999389648438,166.67999267578125,0
2007-09-04,167.0399932861328,167.1199951171875,164.6699981689453,165.11000061035156,0
2007-09-05,166.9199981689453,167.61000061035156,166.2100067138672,167.4499969482422,0
2007-09-06,166.85000610351562,167.91000366210938,166.35000610351562,166.8000030517578,0
2007-09-07,167.1199951171875,167.44000244140625,165.75999450683594,166.77999877929688,0
2007-09-10,168.60000610351562,168.7899932861328,166.8300018310547,166.88999938964844,0
2007-09-11,170.25,170.36000061035156,168.50999450683594,168.83999633789062,0
2007-09-12,172.47999572753906,172.61000061035156,170.55999755859375,170.66000366210938,0
2007-09-13,171.74000549316406,172.52999877929688,170.97000122070312,171.9199981689453,0
2007-09-14,172.32000732421875,173.52000427246094,171.8300018310547,171.94000244140625,0
2007-09-17,174.5399932861328,174.58999633789062,172.89999389648438,172.9600067138672,0
2007-09-18,175.11000061035156,175.3800048828125,172.97999572753906,174.6300048828125,0
2007-09-19,175.80999755859375,176.22999572753906,174.77000427246094,175.32000732421875,0
2007-09-20,177.17999267578125,177.74000549316406,175.41000366210938,175.5,0
2007-09-21,177.22000122070312,178.30999755859375,176.36000061035156,177.08999633789062,0
2007-09-24,177.83999633789062,178.2100067138672,177.1699981689453,177.5800018310547,0
2007-09-25,176.7100067138672,177.49000549316406,176.36000061035156,176.9600067138672,0
2007-09-26,177.39999389648438,179.6699981689453,175.89999389648438,177.4199981689453,0
2007-09-27,179.72000122070312,179.88999938964844,178.08999633789062,178.77000427246094,0
2007-09-28,178.25,180.3800048828125,178.14999389648438,179.91000366210938,0
2007-10-01,178.08999633789062,179.19000244140625,177.6699981689453,178.22000122070312,0
2007-10-02,176.49000549316406,178.07000732421875,175.7899932861328,176.80999755859375,0
2007-10-03,176.60000610351562,177.55999755859375,175.63999938964844,176.4600067138672,0
2007-10-04,177.22000122070312,177.66000366210938,175.2899932861328,176.13999938964844,0
2007-10-05,175.72999572753906,176.9499969482422,175.5,176.77999877929688,0
2007-10-08,172.1300048828125,174.07000732421875,171.88999938964844,173.72000122070312,0
2007-10-09,173.3300018310547,174.42999267578125,171.92999267578125,172.07000732421875,0
2007-10-10,175.42999267578125,175.4499969482422,174.22000122070312,174.57000732421875,0
2007-10-11,177.22000122070312,177.52000427246094,176.3800048828125,176.49000549316406,0
2007-10-12,176.94000244140625,177.5500030517578,176.55999755859375,176.64999389648438,0
2007-10-15,178.97000122070312,179.38999938964844,177.8699951171875,178.7100067138672,0
2007-10-16,178.77999877929688,179.2899932861328,177.88999938964844,179.00999450683594,0
2007-10-17,178.50999450683594,179.58999633789062,178.25999450683594,178.36000061035156,0
2007-10-18,180.1300048828125,180.22000122070312,178.6699981689453,178.88999938964844,0
2007-10-19,179.0500030517578,180.74000549316406,178.5399932861328,180.42999267578125,0
2007-10-22,177.33999633789062,178.0,176.0,176.10000610351562,0
2007-10-23,176.61000061035156,178.42999267578125,176.32000732421875,178.3300018310547,0
2007-10-24,176.47999572753906,177.1199951171875,175.74000549316406,175.9499969482422,0
2007-10-25,179.22000122070312,179.24000549316406,177.17999267578125,177.6999969482422,0
2007-10-26,180.61000061035156,180.7100067138672,179.9199981689453,180.2100067138672,0
2007-10-29,182.7899932861328,182.88999938964844,181.41000366210938,182.0800018310547,0
2007-10-30,180.42999267578125,181.86000061035156,180.30999755859375,181.27999877929688,0
2007-10-31,183.52999877929688,183.8800048828125,180.74000549316406,180.74000549316406,0
2007-11-01,182.52999877929688,184.69000244140625,181.0500030517578,184.66000366210938,0
2007-11-02,184.19000244140625,184.42999267578125,182.4600067138672,183.52999877929688,0
2007-11-05,182.27000427246094,183.72999572753906,181.9499969482422,182.4199981689453,0
2007-11-06,184.9199981689453,185.72000122070312,184.1999969482422,184.30999755859375,0
2007-11-07,183.6699981689453,186.41000366210938,182.57000732421875,186.35000610351562,0
2007-11-08,183.55999755859375,184.80999755859375,182.83999633789062,184.2100067138672,0
2007-11-09,184.52999877929688,184.6199951171875,182.6199951171875,182.72000122070312,0
2007-11-12,182.00999450683594,182.74000549316406,181.11000061035156,182.17999267578125,0
2007-11-13,180.22000122070312,182.5800018310547,179.74000549316406,182.1999969482422,0
2007-11-14,183.10000610351562,183.6999969482422,181.0500030517578,181.1699981689453,0
2007-11-15,180.39999389648438,182.0500030517578,179.74000549316406,182.0399932861328,0
2007-11-16,181.77000427246094,182.17999267578125,180.61000061035156,180.9499969482422,0
2007-11-19,179.97999572753906,182.50999450683594,179.39999389648438,182.14999389648438,0
2007-11-20,182.35000610351562,182.4600067138672,179.9199981689453,179.9600067138672,0
2007-11-21,181.86000061035156,182.4199981689453,180.97999572753906,181.82000732421875,0
2007-11-23,184.24000549316406,184.35000610351562,182.14999389648438,182.3300018310547,0
2007-11-26,184.02000427246094,185.89999389648438,183.6300048828125,185.82000732421875,0
2007-11-27,181.27000427246094,182.6199951171875,180.77999877929688,182.16000366210938,0
2007-11-28,179.3800048828125,181.25999450683594,179.2100067138672,180.17999267578125,0
2007-11-29,179.2100067138672,181.69000244140625,178.9199981689453,181.2100067138672,0
2007-11-30,177.25,179.11000061035156,176.97000122070312,178.39999389648438,0
2007-12-03,176.52000427246094,176.74000549316406,175.2899932861328,175.60000610351562,0
2007-12-04,176.57000732421875,176.74000549316406,175.4199981689453,176.08999633789062,0
2007-12-05,176.22000122070312,177.63999938964844,176.0399932861328,176.9499969482422,0
2007-12-06,178.11000061035156,178.3800048828125,175.14999389648438,175.39999389648438,0
2007-12-07,178.33999633789062,179.02000427246094,177.30999755859375,178.5500030517578,0
2007-12-10,178.22999572753906,179.75,177.7899932861328,177.82000732421875,0
2007-12-11,179.5500030517578,179.88999938964844,178.4199981689453,178.49000549316406,0
2007-12-12,183.2899932861328,183.42999267578125,179.41000366210938,179.52000427246094,0
2007-12-13,180.97000122070312,183.1999969482422,180.7899932861328,183.1300048828125,0
2007-12-14,180.66000366210938,181.25999450683594,179.64999389648438,181.08999633789062,0
2007-12-17,180.11000061035156,180.75999450683594,179.25,180.1699981689453,0
2007-12-18,179.72999572753906,181.63999938964844,178.89999389648438,180.6199951171875,0
2007-12-19,181.3800048828125,181.8699951171875,180.10000610351562,180.25999450683594,0
2007-12-20,180.8000030517578,181.8800048828125,180.3699951171875,181.27000427246094,0
2007-12-21,183.02999877929688,183.4600067138672,181.16000366210938,181.25999450683594,0
2007-12-24,182.97999572753906,183.39999389648438,182.22000122070312,182.83999633789062,0
2007-12-26,185.3800048828125,185.6999969482422,183.1699981689453,183.27000427246094,0
2007-12-27,185.57000732421875,186.92999267578125,184.74000549316406,184.99000549316406,0
2007-12-28,184.77000427246094,186.5800018310547,184.63999938964844,185.4199981689453,0
2007-12-31,184.97000122070312,185.10000610351562,183.8000030517578,183.92999267578125,0
2008-01-02,189.5800018310547,189.6199951171875,187.08999633789062,187.10000610351562,0
2008-01-03,190.92999267578125,191.91000366210938,189.77000427246094,190.25,0
2008-01-04,189.83999633789062,190.8000030517578,188.2899932861328,190.47999572753906,0
2008-01-07,187.6999969482422,190.00999450683594,187.02999877929688,189.3300018310547,0
2008-01-08,190.8000030517578,191.94000244140625,189.57000732421875,189.74000549316406,0
2008-01-09,190.0399932861328,191.8800048828125,189.89999389648438,191.8800048828125,0
2008-01-10,189.08999633789062,189.8699951171875,187.7899932861328,188.7899932861328,0
2008-01-11,190.22000122070312,190.57000732421875,188.64999389648438,189.0399932861328,0
2008-01-14,192.49000549316406,193.6300048828125,191.63999938964844,192.1199951171875,0
2008-01-15,190.0399932861328,191.5500030517578,189.2100067138672,191.1199951171875,0
2008-01-16,187.63999938964844,189.13999938964844,186.30999755859375,188.16000366210938,0
2008-01-17,187.6999969482422,189.24000549316406,187.47000122070312,188.55999755859375,0
2008-01-18,188.17999267578125,188.88999938964844,187.41000366210938,188.25,0
2008-01-22,185.32000732421875,186.57000732421875,182.4499969482422,182.69000244140625,0
2008-01-23,181.16000366210938,184.55999755859375,181.02999877929688,183.9499969482422,0
2008-01-24,185.36000061035156,185.50999450683594,183.77000427246094,183.85000610351562,0
2008-01-25,187.67999267578125,188.0800018310547,186.67999267578125,186.8699951171875,0
2008-01-28,189.36000061035156,189.36000061035156,186.42999267578125,186.47000122070312,0
2008-01-29,191.07000732421875,191.16000366210938,190.25999450683594,190.72000122070312,0
2008-01-30,191.1300048828125,191.6699981689453,190.3300018310547,191.3000030517578,0
2008-01-31,192.2899932861328,192.77999877929688,189.8300018310547,191.52999877929688,0
2008-02-01,189.85000610351562,197.94000244140625,189.60000610351562,193.10000610351562,0
2008-02-04,191.8000030517578,192.25,189.30999755859375,189.7899932861328,0
2008-02-05,189.99000549316406,190.83999633789062,189.22000122070312,190.6300048828125,0
2008-02-06,190.6999969482422,192.50999450683594,190.52000427246094,191.0399932861328,0
2008-02-07,192.86000061035156,192.9199981689453,190.27999877929688,190.7899932861328,0
2008-02-08,197.07000732421875,197.89999389648438,194.02999877929688,194.02999877929688,0
2008-02-11,197.8800048828125,198.80999755859375,197.02000427246094,197.63999938964844,0
2008-02-12,196.10000610351562,197.9199981689453,195.75,196.97999572753906,0
2008-02-13,196.1300048828125,196.75,194.69000244140625,195.0800018310547,0
2008-02-14,199.8800048828125,199.9499969482422,197.50999450683594,197.6699981689453,0
2008-02-15,199.57000732421875,201.5500030517578,198.72000122070312,200.64999389648438,0
2008-02-19,205.25999450683594,205.25999450683594,202.91000366210938,202.9600067138672,0
2008-02-20,205.41000366210938,205.8300018310547,203.6999969482422,204.42999267578125,0
2008-02-21,206.69000244140625,207.72000122070312,205.69000244140625,206.4600067138672,0
2008-02-22,207.72000122070312,207.82000732421875,205.0399932861328,206.25999450683594,0
2008-02-25,209.0,210.22999572753906,207.75999450683594,208.9199981689453,0
2008-02-26,211.75,211.75,208.17999267578125,208.47000122070312,0
2008-02-27,212.69000244140625,213.77999877929688,210.64999389648438,211.69000244140625,0
2008-02-28,216.4600067138672,216.8000030517578,213.17999267578125,213.2100067138672,0
2008-02-29,215.52000427246094,217.35000610351562,215.11000061035156,216.88999938964844,0
2008-03-03,217.9600067138672,220.02000427246094,217.1699981689453,217.4199981689453,0
2008-03-04,213.86000061035156,218.44000244140625,213.24000549316406,218.39999389648438,0
2008-03-05,219.10000610351562,220.5500030517578,214.3800048828125,214.44000244140625,0
2008-03-06,216.75,220.13999938964844,214.7899932861328,220.08999633789062,0
2008-03-07,215.02000427246094,216.72000122070312,214.0800018310547,216.25999450683594,0
2008-03-10,215.2100067138672,215.44000244140625,210.4600067138672,212.99000549316406,0
2008-03-11,216.33999633789062,218.5,214.94000244140625,218.0800018310547,0
2008-03-12,217.8800048828125,218.0500030517578,215.25999450683594,215.91000366210938,0
2008-03-13,218.97000122070312,225.97000122070312,218.27999877929688,219.17999267578125,0
2008-03-14,215.8300018310547,220.19000244140625,215.1999969482422,219.33999633789062,0
2008-03-17,206.1199951171875,215.07000732421875,205.1999969482422,215.0399932861328,0
2008-03-18,210.1999969482422,210.3300018310547,207.10000610351562,208.19000244140625,0
2008-03-19,201.38999938964844,208.14999389648438,201.22999572753906,208.00999450683594,0
2008-03-20,197.33999633789062,198.94000244140625,195.27000427246094,197.9199981689453,0
2008-03-24,199.52000427246094,200.7100067138672,197.22000122070312,197.60000610351562,0
2008-03-25,203.3000030517578,203.50999450683594,201.58999633789062,202.9499969482422,0
2008-03-26,206.42999267578125,207.3300018310547,204.22000122070312,205.4600067138672,0
2008-03-27,207.9199981689453,208.5399932861328,205.72000122070312,207.14999389648438,0
2008-03-28,205.08999633789062,207.22999572753906,203.64999389648438,207.2100067138672,0
2008-03-31,201.60000610351562,206.75,200.82000732421875,204.89999389648438,0
2008-04-01,199.57000732421875,201.41000366210938,197.02999877929688,199.47000122070312,0
2008-04-02,203.1300048828125,203.5399932861328,198.30999755859375,199.6300048828125,0
2008-04-03,202.5500030517578,204.55999755859375,201.85000610351562,202.5500030517578,0
2008-04-04,204.6999969482422,205.0399932861328,202.38999938964844,202.92999267578125,0
2008-04-07,207.3300018310547,208.27999877929688,205.9499969482422,206.11000061035156,0
2008-04-08,205.85000610351562,207.19000244140625,205.35000610351562,206.49000549316406,0
2008-04-09,210.97000122070312,212.2100067138672,206.52999877929688,206.5500030517578,0
2008-04-10,210.67999267578125,212.69000244140625,209.60000610351562,212.50999450683594,0
2008-04-11,209.22000122070312,211.0800018310547,208.64999389648438,210.47999572753906,0
2008-04-14,210.5399932861328,210.64999389648438,208.9499969482422,209.9199981689453,0
2008-04-15,212.74000549316406,213.3800048828125,212.3300018310547,212.3699951171875,0
2008-04-16,215.0,215.7100067138672,212.9600067138672,214.5,0
2008-04-17,214.39999389648438,216.05999755859375,213.75999450683594,215.38999938964844,0
2008-04-18,214.30999755859375,214.41000366210938,210.99000549316406,212.25,0
2008-04-21,212.25,214.4600067138672,210.63999938964844,213.9600067138672,0
2008-04-22,215.2100067138672,215.91000366210938,212.5800018310547,213.4600067138672,0
2008-04-23,214.77999877929688,215.05999755859375,212.6999969482422,213.8300018310547,0
2008-04-24,211.57000732421875,214.4199981689453,210.32000732421875,214.22000122070312,0
2008-04-25,212.94000244140625,214.25999450683594,211.02999877929688,211.10000610351562,0
2008-04-28,213.9499969482422,214.83999633789062,212.8000030517578,214.3800048828125,0
2008-04-29,209.25999450683594,212.5,209.02000427246094,212.32000732421875,0
2008-04-30,208.5500030517578,210.25,207.6199951171875,209.24000549316406,0
2008-05-01,204.00999450683594,208.9600067138672,202.30999755859375,208.92999267578125,0
2008-05-02,208.1300048828125,208.35000610351562,203.89999389648438,204.41000366210938,0
2008-05-05,211.00999450683594,211.8699951171875,208.7899932861328,208.85000610351562,0
2008-05-06,212.72999572753906,214.66000366210938,210.52999877929688,211.3300018310547,0
2008-05-07,213.64999389648438,213.72999572753906,210.7899932861328,212.47999572753906,0
2008-05-08,214.14999389648438,214.8000030517578,213.0399932861328,213.1199951171875,0
2008-05-09,216.50999450683594,216.64999389648438,214.42999267578125,216.1699981689453,0
2008-05-12,215.08999633789062,217.16000366210938,214.89999389648438,216.75,0
2008-05-13,216.24000549316406,217.49000549316406,214.2100067138672,215.85000610351562,0
2008-05-14,214.9499969482422,216.5399932861328,214.8699951171875,216.13999938964844,0
2008-05-15,214.67999267578125,217.0,211.99000549316406,215.47000122070312,0
2008-05-16,216.30999755859375,218.5500030517578,215.82000732421875,217.25999450683594,0
2008-05-19,214.49000549316406,216.75999450683594,213.6999969482422,216.61000061035156,0
2008-05-20,217.10000610351562,218.11000061035156,214.25,214.32000732421875,0
2008-05-21,220.41000366210938,220.77000427246094,217.3300018310547,218.3699951171875,0
2008-05-22,217.61000061035156,221.6699981689453,217.3699951171875,221.11000061035156,0
2008-05-23,219.55999755859375,219.9600067138672,217.86000061035156,218.6300048828125,0
2008-05-27,216.8000030517578,221.0399932861328,216.61000061035156,220.97999572753906,0
2008-05-28,217.5500030517578,218.10000610351562,213.72999572753906,213.91000366210938,0
2008-05-29,211.02000427246094,217.02000427246094,210.55999755859375,215.97000122070312,0
2008-05-30,213.9499969482422,214.27999877929688,210.97000122070312,212.4499969482422,0
2008-06-02,215.67999267578125,217.4199981689453,213.05999755859375,213.1999969482422,0
2008-06-03,213.60000610351562,216.3000030517578,213.25999450683594,215.77000427246094,0
2008-06-04,212.9600067138672,213.77999877929688,211.77999877929688,212.85000610351562,0
2008-06-05,217.5500030517578,217.63999938964844,213.0500030517578,213.8000030517578,0
2008-06-06,223.72999572753906,224.6199951171875,219.72999572753906,219.72999572753906,0
2008-06-09,221.08999633789062,224.22999572753906,220.69000244140625,224.14999389648438,0
2008-06-10,219.4600067138672,222.7899932861328,218.8000030517578,221.49000549316406,0
2008-06-11,225.3000030517578,226.24000549316406,220.8300018310547,220.8300018310547,0
2008-06-12,225.6999969482422,226.47000122070312,222.32000732421875,222.97999572753906,0
2008-06-13,226.02999877929688,226.36000061035156,223.7100067138672,224.6699981689453,0
2008-06-16,227.99000549316406,230.88999938964844,227.17999267578125,227.77999877929688,0
2008-06-17,228.99000549316406,229.0800018310547,226.97000122070312,227.82000732421875,0
2008-06-18,231.72000122070312,231.83999633789062,228.60000610351562,230.02000427246094,0
2008-06-19,227.75999450683594,232.60000610351562,227.16000366210938,230.9199981689453,0
2008-06-20,230.13999938964844,232.1199951171875,229.36000061035156,229.67999267578125,0
2008-06-23,230.22000122070312,230.8800048828125,228.14999389648438,230.72000122070312,0
2008-06-24,229.02000427246094,230.8699951171875,228.1300048828125,230.85000610351562,0
2008-06-25,227.92999267578125,228.94000244140625,225.19000244140625,228.80999755859375,0
2008-06-26,233.75,233.99000549316406,229.33999633789062,229.36000061035156,0
2008-06-27,234.1199951171875,235.8800048828125,233.92999267578125,235.49000549316406,0
2008-06-30,233.0399932861328,236.07000732421875,231.3800048828125,235.85000610351562,0
2008-07-01,235.1699981689453,235.97999572753906,234.00999450683594,234.02999877929688,0
2008-07-02,237.9600067138672,238.24000549316406,233.47000122070312,235.02000427246094,0
2008-07-03,237.8000030517578,238.52000427246094,236.0399932861328,238.2100067138672,0
2008-07-07,231.72000122070312,234.32000732421875,230.5399932861328,234.00999450683594,0
2008-07-08,225.2899932861328,229.0800018310547,223.5500030517578,229.00999450683594,0
2008-07-09,225.6699981689453,226.85000610351562,224.52000427246094,225.85000610351562,0
2008-07-10,229.9199981689453,230.3000030517578,226.22999572753906,226.50999450683594,0
2008-07-11,231.0500030517578,234.6199951171875,229.3000030517578,232.97000122070312,0
2008-07-14,229.6199951171875,231.1300048828125,228.3699951171875,228.69000244140625,0
2008-07-15,224.2100067138672,230.92999267578125,222.39999389648438,230.8800048828125,0
2008-07-16,222.1999969482422,223.6300048828125,218.9199981689453,222.2100067138672,0
2008-07-17,216.1300048828125,223.27999877929688,215.94000244140625,221.47000122070312,0
2008-07-18,213.4499969482422,216.97999572753906,213.17999267578125,216.2899932861328,0
2008-07-21,213.32000732421875,215.32000732421875,212.14999389648438,215.0,0
2008-07-22,209.8800048828125,213.9600067138672,208.5500030517578,213.9199981689453,0
2008-07-23,206.1300048828125,209.97999572753906,205.80999755859375,207.3800048828125,0
2008-07-24,204.38999938964844,207.10000610351562,202.14999389648438,206.0399932861328,0
2008-07-25,203.75,205.41000366210938,202.75999450683594,205.2100067138672,0
2008-07-28,204.8800048828125,205.5399932861328,203.72000122070312,204.97000122070312,0
2008-07-29,203.17999267578125,204.0500030517578,200.4199981689453,203.85000610351562,0
2008-07-30,205.97000122070312,206.3000030517578,201.3300018310547,202.57000732421875,0
2008-07-31,205.10000610351562,207.24000549316406,204.4600067138672,205.92999267578125,0
2008-08-01,204.35000610351562,207.30999755859375,202.3800048828125,203.4600067138672,0
2008-08-04,197.17999267578125,202.69000244140625,196.11000061035156,202.49000549316406,0
2008-08-05,195.55999755859375,198.3800048828125,193.67999267578125,193.6999969482422,0
2008-08-06,194.72000122070312,197.1699981689453,192.97999572753906,196.0500030517578,0
2008-08-07,195.64999389648438,197.91000366210938,194.35000610351562,197.13999938964844,0
2008-08-08,189.3000030517578,193.0,189.14999389648438,192.88999938964844,0
2008-08-11,188.47000122070312,190.3800048828125,187.47999572753906,190.1699981689453,0
2008-08-12,187.4499969482422,189.3800048828125,186.5399932861328,187.50999450683594,0
2008-08-13,192.60000610351562,193.8300018310547,187.5800018310547,188.1300048828125,0
2008-08-14,190.67999267578125,193.39999389648438,188.27000427246094,193.08999633789062,0
2008-08-15,187.14999389648438,188.6300048828125,185.4600067138672,187.6199951171875,0
2008-08-18,188.32000732421875,189.33999633789062,186.99000549316406,187.42999267578125,0
2008-08-19,190.1699981689453,192.88999938964844,186.8800048828125,187.27999877929688,0
2008-08-20,191.72000122070312,192.74000549316406,188.99000549316406,191.2899932861328,0
2008-08-21,198.44000244140625,199.60000610351562,194.77999877929688,194.85000610351562,0
2008-08-22,192.9199981689453,196.61000061035156,192.72000122070312,196.49000549316406,0
2008-08-25,192.72999572753906,194.1699981689453,191.82000732421875,193.66000366210938,0
2008-08-26,193.75,194.72999572753906,190.74000549316406,190.7899932861328,0
2008-08-27,194.72000122070312,197.19000244140625,193.39999389648438,196.17999267578125,0
2008-08-28,190.8800048828125,195.80999755859375,189.17999267578125,195.2100067138672,0
2008-08-29,189.88999938964844,192.6699981689453,189.6999969482422,190.94000244140625,0
2008-09-02,183.77000427246094,184.0800018310547,180.57000732421875,182.1999969482422,0
2008-09-03,182.66000366210938,183.05999755859375,180.66000366210938,181.94000244140625,0
2008-09-04,181.88999938964844,183.52000427246094,180.33999633789062,183.33999633789062,0
2008-09-05,178.5800018310547,180.91000366210938,177.5399932861328,179.67999267578125,0
2008-09-08,178.72999572753906,181.6300048828125,177.57000732421875,180.49000549316406,0
2008-09-09,175.99000549316406,176.6999969482422,174.16000366210938,176.0500030517578,0
2008-09-10,174.30999755859375,176.5,173.05999755859375,175.61000061035156,0
2008-09-11,173.0399932861328,174.7899932861328,171.9499969482422,173.5,0
2008-09-12,175.77000427246094,177.44000244140625,174.80999755859375,174.97999572753906,0
2008-09-15,172.5,175.10000610351562,170.02000427246094,170.35000610351562,0
2008-09-16,167.38999938964844,169.92999267578125,166.77999877929688,169.14999389648438,0
2008-09-17,173.17999267578125,173.24000549316406,168.74000549316406,169.99000549316406,0
2008-09-18,171.85000610351562,178.1199951171875,170.35000610351562,176.97999572753906,0
2008-09-19,175.3800048828125,175.9600067138672,172.27999877929688,172.27999877929688,0
2008-09-22,181.7100067138672,182.2899932861328,177.69000244140625,178.5399932861328,0
2008-09-23,179.35000610351562,181.2100067138672,177.52000427246094,180.02999877929688,0
2008-09-24,178.44000244140625,182.14999389648438,177.8300018310547,181.41000366210938,0
2008-09-25,179.30999755859375,180.49000549316406,176.82000732421875,177.11000061035156,0
2008-09-26,176.7899932861328,178.33999633789062,175.49000549316406,178.27000427246094,0
2008-09-29,167.5500030517578,172.80999755859375,167.05999755859375,172.75,0
2008-09-30,167.77999877929688,169.49000549316406,166.8800048828125,169.07000732421875,0
2008-10-01,167.49000549316406,169.61000061035156,165.74000549316406,167.69000244140625,0
2008-10-02,159.8699951171875,166.82000732421875,159.6699981689453,166.22999572753906,0
2008-10-03,159.02000427246094,161.89999389648438,157.3699951171875,160.1699981689453,0
2008-10-06,150.8699951171875,154.86000061035156,150.8000030517578,154.08999633789062,0
2008-10-07,152.10000610351562,155.0,151.11000061035156,153.3000030517578,0
2008-10-08,151.50999450683594,152.35000610351562,149.47999572753906,151.5800018310547,0
2008-10-09,151.57000732421875,153.11000061035156,150.72999572753906,152.61000061035156,0
2008-10-10,142.1699981689453,146.52000427246094,141.86000061035156,146.42999267578125,0
2008-10-13,146.08999633789062,146.8000030517578,144.58999633789062,145.3000030517578,0
2008-10-14,144.8699951171875,150.39999389648438,144.82000732421875,149.6699981689453,0
2008-10-15,138.63999938964844,142.1999969482422,138.6199951171875,142.1699981689453,0
2008-10-16,135.47000122070312,138.24000549316406,133.3800048828125,137.19000244140625,0
2008-10-17,138.0500030517578,139.86000061035156,135.66000366210938,136.0500030517578,0
2008-10-20,138.5500030517578,140.30999755859375,137.6199951171875,140.0399932861328,0
2008-10-21,136.57000732421875,137.2899932861328,135.3800048828125,137.10000610351562,0
2008-10-22,130.64999389648438,134.1300048828125,130.30999755859375,134.10000610351562,0
2008-10-23,129.57000732421875,132.07000732421875,128.6199951171875,129.27999877929688,0
2008-10-24,126.19999694824219,127.9800033569336,123.91000366210938,123.94000244140625,0
2008-10-27,127.63999938964844,129.00999450683594,123.58999633789062,123.6500015258789,0
2008-10-28,128.0500030517578,131.0800018310547,127.19000244140625,130.8800048828125,0
2008-10-29,135.49000549316406,136.83999633789062,132.05999755859375,132.13999938964844,0
2008-10-30,131.25999450683594,135.8000030517578,130.1199951171875,135.50999450683594,0
2008-10-31,131.97000122070312,132.36000061035156,128.47999572753906,128.5500030517578,0
2008-11-03,131.32000732421875,132.67999267578125,130.44000244140625,131.7100067138672,0
2008-11-04,137.6300048828125,139.47999572753906,132.6699981689453,133.1699981689453,0
2008-11-05,133.27000427246094,137.49000549316406,132.7899932861328,136.25,0
2008-11-06,128.5800018310547,132.97999572753906,127.5,131.9499969482422,0
2008-11-07,127.70999908447266,129.74000549316406,127.5,129.6699981689453,0
2008-11-10,130.57000732421875,133.44000244140625,128.3800048828125,132.3000030517578,0
2008-11-11,125.93000030517578,128.42999267578125,124.88999938964844,128.19000244140625,0
2008-11-12,123.0999984741211,125.4000015258789,122.76000213623047,125.0199966430664,0
2008-11-13,123.54000091552734,124.9000015258789,120.68000030517578,122.80000305175781,0
2008-11-14,124.0999984741211,125.13999938964844,122.58999633789062,125.13999938964844,0
2008-11-17,122.98999786376953,124.3499984741211,121.26000213623047,121.30000305175781,0
2008-11-18,122.3499984741211,124.31999969482422,121.70999908447266,121.70999908447266,0
2008-11-19,121.73999786376953,124.04000091552734,121.44999694824219,121.69999694824219,0
2008-11-20,117.45999908447266,120.4000015258789,117.20999908447266,120.4000015258789,0
2008-11-21,117.70999908447266,119.19999694824219,117.48999786376953,118.16000366210938,0
2008-11-24,123.63999938964844,124.2300033569336,120.52999877929688,121.06999969482422,0
2008-11-25,120.9800033569336,123.55999755859375,120.22000122070312,121.7300033569336,0
2008-11-26,124.06999969482422,124.33000183105469,120.94000244140625,121.66999816894531,0
2008-11-28,122.75,123.0,120.51000213623047,122.77999877929688,0
2008-12-01,118.19999694824219,120.43000030517578,117.4000015258789,120.36000061035156,0
2008-12-02,116.3499984741211,118.80999755859375,116.3499984741211,118.20999908447266,0
2008-12-03,114.70999908447266,116.25,114.13999938964844,115.4800033569336,0
2008-12-04,110.58000183105469,114.13999938964844,110.4800033569336,113.93000030517578,0
2008-12-05,106.08999633789062,108.98999786376953,105.87999725341797,108.73999786376953,0
2008-12-08,109.73999786376953,111.16999816894531,108.37000274658203,108.37000274658203,0
2008-12-09,108.77999877929688,110.19000244140625,108.48999786376953,109.52999877929688,0
2008-12-10,111.45999908447266,112.93000030517578,109.41000366210938,110.56999969482422,0
2008-12-11,114.30999755859375,115.30000305175781,112.75,113.27999877929688,0
2008-12-12,112.6500015258789,113.8499984741211,110.18000030517578,110.95999908447266,0
2008-12-15,112.63999938964844,116.06999969482422,112.3499984741211,114.52999877929688,0
2008-12-16,113.69000244140625,114.19999694824219,112.66999816894531,112.83000183105469,0
2008-12-17,113.94000244140625,115.5999984741211,113.12999725341797,114.48999786376953,0
2008-12-18,112.27999877929688,114.19000244140625,111.93000030517578,114.16000366210938,0
2008-12-19,111.27999877929688,112.37999725341797,110.8499984741211,110.93000030517578,0
2008-12-22,110.7699966430664,112.18000030517578,110.68000030517578,111.91000366210938,0
2008-12-23,111.44999694824219,111.87999725341797,109.55000305175781,110.79000091552734,0
2008-12-24,110.94000244140625,111.66000366210938,110.12999725341797,110.37000274658203,0
2008-12-26,112.56999969482422,112.62000274658203,110.69999694824219,110.79000091552734,0
2008-12-29,113.44000244140625,115.37000274658203,112.5999984741211,114.9800033569336,0
2008-12-30,113.47000122070312,113.66000366210938,112.31999969482422,113.2300033569336,0
2008-12-31,117.25,117.43000030517578,112.5,112.58000183105469,0
2009-01-02,119.80999755859375,120.01000213623047,116.12000274658203,116.38999938964844,0
2009-01-05,120.55999755859375,120.9000015258789,117.66999816894531,118.56999969482422,0
2009-01-06,123.45999908447266,123.79000091552734,121.69000244140625,122.62999725341797,0
2009-01-07,118.93000030517578,123.18000030517578,118.81999969482422,123.1500015258789,0
2009-01-08,117.0,118.77999877929688,116.54000091552734,118.36000061035156,0
2009-01-09,118.2699966430664,118.62999725341797,116.55000305175781,117.79000091552734,0
2009-01-12,113.33000183105469,116.33999633789062,113.27999877929688,116.33999633789062,0
2009-01-13,113.45999908447266,114.62000274658203,112.13999938964844,112.1500015258789,0
2009-01-14,111.7699966430664,113.3499984741211,110.12999725341797,113.33000183105469,0
2009-01-15,111.4000015258789,112.33000183105469,109.4800033569336,111.91999816894531,0
2009-01-16,112.83000183105469,113.97000122070312,112.0,112.56999969482422,0
2009-01-20,110.38999938964844,112.94000244140625,109.68000030517578,110.58000183105469,0
2009-01-21,111.18000030517578,111.23999786376953,108.95999908447266,110.08999633789062,0
2009-01-22,110.29000091552734,111.45999908447266,108.22000122070312,111.44000244140625,0
2009-01-23,113.23999786376953,113.93000030517578,109.37999725341797,109.88999938964844,0
2009-01-26,114.25,116.68000030517578,113.16999816894531,113.62999725341797,0
2009-01-27,110.30999755859375,113.44000244140625,110.23999786376953,112.79000091552734,0
2009-01-28,111.26000213623047,112.01000213623047,109.9800033569336,110.08999633789062,0
2009-01-29,110.8499984741211,111.0999984741211,109.13999938964844,109.66000366210938,0
2009-01-30,110.93000030517578,112.06999969482422,110.22000122070312,110.44999694824219,0
2009-02-02,109.44000244140625,110.56999969482422,108.77999877929688,109.29000091552734,0
2009-02-03,109.77999877929688,110.12000274658203,108.9800033569336,109.66999816894531,0
2009-02-04,110.25,111.93000030517578,109.87999725341797,110.62000274658203,0
2009-02-05,111.75,111.81999969482422,109.56999969482422,110.73999786376953,0
2009-02-06,113.13999938964844,114.38999938964844,110.97000122070312,111.98999786376953,0
2009-02-09,112.81999969482422,114.62999725341797,112.76000213623047,113.16999816894531,0
2009-02-10,110.55999755859375,114.1500015258789,110.45999908447266,113.26000213623047,0
2009-02-11,109.83000183105469,111.48999786376953,109.55999755859375,110.33000183105469,0
2009-02-12,109.05999755859375,109.9000015258789,108.54000091552734,109.7300033569336,0
2009-02-13,108.16000366210938,109.11000061035156,107.83999633789062,108.9000015258789,0
2009-02-17,103.5199966430664,106.30999755859375,103.44000244140625,106.27999877929688,0
2009-02-18,102.55000305175781,103.38999938964844,102.29000091552734,103.11000061035156,0
2009-02-19,104.05999755859375,104.12999725341797,102.3499984741211,103.97000122070312,0
2009-02-20,102.88999938964844,102.9800033569336,101.4800033569336,102.16000366210938,0
2009-02-23,102.58999633789062,104.61000061035156,102.11000061035156,103.77999877929688,0
2009-02-24,103.93000030517578,103.94000244140625,102.29000091552734,102.30000305175781,0
2009-02-25,105.30000305175781,105.66999816894531,103.4000015258789,104.12000274658203,0
2009-02-26,106.69000244140625,107.22000122070312,105.22000122070312,105.55999755859375,0
2009-02-27,105.98999786376953,106.18000030517578,104.13999938964844,105.08999633789062,0
2009-03-02,102.0,104.73999786376953,101.68000030517578,104.52999877929688,0
2009-03-03,103.27999877929688,103.75,101.87000274658203,102.9800033569336,0
2009-03-04,106.80999755859375,106.9000015258789,104.33999633789062,104.33999633789062,0
2009-03-05,104.7300033569336,106.25,104.30000305175781,105.54000091552734,0
2009-03-06,105.83999633789062,106.27999877929688,104.9000015258789,105.61000061035156,0
2009-03-09,104.83999633789062,106.58999633789062,104.52999877929688,105.30999755859375,0
2009-03-10,104.76000213623047,106.62999725341797,104.55999755859375,105.41000366210938,0
2009-03-11,102.69000244140625,105.08000183105469,102.55000305175781,104.66000366210938,0
2009-03-12,106.12000274658203,106.2699966430664,102.48999786376953,102.83000183105469,0
2009-03-13,105.94000244140625,107.66999816894531,105.56999969482422,107.1500015258789,0
2009-03-16,107.4000015258789,107.83000183105469,105.0999984741211,105.5199966430664,0
2009-03-17,108.2699966430664,108.4800033569336,106.87000274658203,107.41000366210938,0
2009-03-18,106.45999908447266,108.22000122070312,105.75,108.1500015258789,0
2009-03-19,112.4800033569336,113.55000305175781,110.58999633789062,110.87000274658203,0
2009-03-20,112.80999755859375,113.43000030517578,111.9800033569336,112.58000183105469,0
2009-03-23,114.20999908447266,114.73999786376953,113.33999633789062,114.02999877929688,0
2009-03-24,113.44999694824219,113.56999969482422,112.38999938964844,113.20999908447266,0
2009-03-25,112.43000030517578,113.29000091552734,111.55999755859375,111.95999908447266,0
2009-03-26,112.91000366210938,114.55999755859375,112.38999938964844,113.76000213623047,0
2009-03-27,110.18000030517578,111.45999908447266,109.98999786376953,111.20999908447266,0
2009-03-30,107.16000366210938,108.97000122070312,106.87999725341797,108.52999877929688,0
2009-03-31,109.77999877929688,109.93000030517578,107.12999725341797,108.66999816894531,0
2009-04-01,108.69000244140625,108.76000213623047,107.58999633789062,108.61000061035156,0
2009-04-02,112.30000305175781,112.45999908447266,110.79000091552734,110.79000091552734,0
2009-04-03,113.68000030517578,113.72000122070312,111.51000213623047,112.11000061035156,0
2009-04-06,111.80999755859375,113.56999969482422,110.91000366210938,113.51000213623047,0
2009-04-07,110.69999694824219,111.87000274658203,110.56999969482422,111.38999938964844,0
2009-04-08,111.37000274658203,112.52999877929688,109.69000244140625,109.69999694824219,0
2009-04-09,113.12000274658203,113.61000061035156,112.5,112.58999633789062,0
2009-04-13,113.16000366210938,113.9000015258789,111.87000274658203,113.1500015258789,0
2009-04-14,113.3499984741211,114.19999694824219,112.52999877929688,113.62000274658203,0
2009-04-15,113.7699966430664,114.16999816894531,112.93000030517578,113.76000213623047,0
2009-04-16,113.2699966430664,114.05999755859375,112.87999725341797,113.37000274658203,0
2009-04-17,113.58000183105469,113.87000274658203,113.01000213623047,113.01000213623047,0
2009-04-20,109.62999725341797,111.61000061035156,109.45999908447266,111.31999969482422,0
2009-04-21,109.77999877929688,110.37000274658203,107.83999633789062,109.19999694824219,0
2009-04-22,110.0,110.16000366210938,109.05000305175781,109.51000213623047,0
2009-04-23,109.7300033569336,110.48999786376953,109.16000366210938,110.43000030517578,0
2009-04-24,111.02999877929688,111.27999877929688,109.97000122070312,110.0199966430664,0
2009-04-27,108.5999984741211,109.68000030517578,107.08000183105469,108.02999877929688,0
2009-04-28,107.5,107.91999816894531,106.83000183105469,107.2699966430664,0
2009-04-29,109.87000274658203,110.11000061035156,108.48999786376953,108.70999908447266,0
2009-04-30,110.56999969482422,110.62000274658203,109.33000183105469,110.58000183105469,0
2009-05-01,114.12999725341797,114.31999969482422,110.91000366210938,110.95999908447266,0
2009-05-04,115.73999786376953,115.77999877929688,114.1500015258789,114.44000244140625,0
2009-05-05,115.26000213623047,116.16999816894531,114.61000061035156,115.5999984741211,0
2009-05-06,118.4800033569336,118.48999786376953,115.81999969482422,115.81999969482422,0
2009-05-07,119.33999633789062,120.62000274658203,118.30000305175781,120.05999755859375,0
2009-05-08,120.83999633789062,120.87999725341797,119.23999786376953,120.30000305175781,0
2009-05-11,120.3499984741211,120.44000244140625,118.73999786376953,119.0199966430664,0
2009-05-12,121.20999908447266,122.63999938964844,120.19999694824219,122.12000274658203,0
2009-05-13,119.70999908447266,121.30999755859375,119.30999755859375,120.94000244140625,0
2009-05-14,120.19999694824219,120.38999938964844,117.86000061035156,118.22000122070312,0
2009-05-15,117.69999694824219,119.95999908447266,117.45999908447266,119.05000305175781,0
2009-05-18,119.8499984741211,120.05000305175781,117.83000183105469,117.94999694824219,0
2009-05-19,119.87000274658203,121.13999938964844,119.23999786376953,120.83000183105469,0
2009-05-20,121.31999969482422,122.0999984741211,119.95999908447266,120.27999877929688,0
2009-05-21,119.5,119.87000274658203,118.25,119.63999938964844,0
2009-05-22,120.6500015258789,121.04000091552734,119.83000183105469,120.79000091552734,0
2009-05-26,121.3499984741211,121.44999694824219,118.4000015258789,118.87999725341797,0
2009-05-27,121.44999694824219,121.87999725341797,120.73999786376953,121.51000213623047,0
2009-05-28,123.12000274658203,123.51000213623047,120.94999694824219,121.11000061035156,0
2009-05-29,124.93000030517578,125.27999877929688,124.20999908447266,124.83000183105469,0
2009-06-01,129.14999389648438,129.2100067138672,126.87000274658203,127.02999877929688,0
2009-06-02,128.49000549316406,128.9199981689453,127.80000305175781,128.72999572753906,0
2009-06-03,124.19999694824219,127.43000030517578,123.38999938964844,127.30000305175781,0
2009-06-04,128.00999450683594,128.41000366210938,124.5199966430664,124.62999725341797,0
2009-06-05,127.05999755859375,129.25,125.97000122070312,128.14999389648438,0
2009-06-08,125.79000091552734,126.75,125.37000274658203,125.6500015258789,0
2009-06-09,128.24000549316406,128.3800048828125,126.94000244140625,127.37000274658203,0
2009-06-10,128.3000030517578,129.4499969482422,127.80000305175781,129.42999267578125,0
2009-06-11,131.1199951171875,131.58999633789062,128.82000732421875,129.38999938964844,0
2009-06-12,128.88999938964844,129.77999877929688,128.3800048828125,129.36000061035156,0
2009-06-15,126.02999877929688,127.6500015258789,125.44999694824219,126.7699966430664,0
2009-06-16,125.69000244140625,128.3300018310547,125.2699966430664,128.0,0
2009-06-17,126.45999908447266,126.62000274658203,124.38999938964844,124.6500015258789,0
2009-06-18,126.26000213623047,126.83999633789062,125.56999969482422,125.97000122070312,0
2009-06-19,124.7300033569336,127.2300033569336,124.4800033569336,127.0199966430664,0
2009-06-22,120.97000122070312,122.81999969482422,120.41999816894531,122.81999969482422,0
2009-06-23,122.80999755859375,123.05000305175781,120.91999816894531,121.79000091552734,0
2009-06-24,123.33999633789062,124.30000305175781,122.9000015258789,123.02999877929688,0
2009-06-25,124.83999633789062,125.22000122070312,116.77999877929688,123.73999786376953,0
2009-06-26,123.91999816894531,125.4000015258789,123.30000305175781,125.19000244140625,0
2009-06-29,124.83000183105469,125.2300033569336,124.30999755859375,124.51000213623047,0
2009-06-30,122.54000091552734,125.54000091552734,121.01000213623047,125.27999877929688,0
2009-07-01,123.5999984741211,125.16000366210938,123.0,123.77999877929688,0
2009-07-02,121.0199966430664,122.19000244140625,120.61000061035156,122.06999969482422,0
2009-07-06,118.11000061035156,118.87000274658203,117.06999969482422,117.23999786376953,0
2009-07-07,116.25,119.23999786376953,115.98999786376953,119.23999786376953,0
2009-07-08,113.23999786376953,115.48999786376953,113.05000305175781,115.44999694824219,0
2009-07-09,114.80999755859375,115.20999908447266,113.4000015258789,114.5999984741211,0
2009-07-10,113.98999786376953,114.16000366210938,112.88999938964844,113.38999938964844,0
2009-07-13,114.08000183105469,114.27999877929688,112.5999984741211,113.47000122070312,0
2009-07-14,115.5999984741211,116.25,115.06999969482422,115.87999725341797,0
2009-07-15,117.48999786376953,118.19999694824219,117.12000274658203,117.43000030517578,0
2009-07-16,118.36000061035156,118.41999816894531,116.6500015258789,116.87000274658203,0
2009-07-17,120.29000091552734,120.62999725341797,117.80000305175781,118.0999984741211,0
2009-07-20,121.62999725341797,122.01000213623047,120.0999984741211,121.94000244140625,0
2009-07-21,120.87999725341797,122.80999755859375,120.08000183105469,121.33000183105469,0
2009-07-22,121.62000274658203,122.08000183105469,119.80999755859375,120.5199966430664,0
2009-07-23,123.12000274658203,123.55000305175781,121.19999694824219,121.58999633789062,0
2009-07-24,123.31999969482422,123.80999755859375,122.80999755859375,123.36000061035156,0
2009-07-27,123.70999908447266,124.19000244140625,123.05000305175781,124.05999755859375,0
2009-07-28,122.51000213623047,123.95999908447266,121.66999816894531,123.63999938964844,0
2009-07-29,119.4800033569336,121.5,118.87999725341797,120.97000122070312,0
2009-07-30,124.16000366210938,124.25,121.06999969482422,121.13999938964844,0
2009-07-31,126.4800033569336,126.55999755859375,122.81999969482422,124.86000061035156,0
2009-08-03,131.25,131.8000030517578,129.4600067138672,129.83999633789062,0
2009-08-04,131.77000427246094,132.5,129.60000610351562,129.7899932861328,0
2009-08-05,132.9199981689453,133.02000427246094,131.1999969482422,132.49000549316406,0
2009-08-06,130.39999389648438,132.6300048828125,129.6199951171875,132.2899932861328,0
2009-08-07,130.24000549316406,132.0399932861328,129.9600067138672,130.22999572753906,0
2009-08-10,129.7899932861328,131.17999267578125,129.44000244140625,130.88999938964844,0
2009-08-11,128.83999633789062,130.7899932861328,128.27999877929688,130.6999969482422,0
2009-08-12,130.27999877929688,130.7899932861328,128.17999267578125,128.41000366210938,0
2009-08-13,130.9600067138672,133.11000061035156,130.94000244140625,132.77999877929688,0
2009-08-14,127.51000213623047,131.02000427246094,127.33000183105469,130.9499969482422,0
2009-08-17,125.16999816894531,125.33000183105469,123.83000183105469,124.69999694824219,0
2009-08-18,126.08999633789062,126.30999755859375,124.2699966430664,125.7300033569336,0
2009-08-19,127.26000213623047,127.5,124.0,124.9000015258789,0
2009-08-20,125.95999908447266,127.54000091552734,125.73999786376953,127.37000274658203,0
2009-08-21,127.58999633789062,128.47000122070312,127.2699966430664,127.48999786376953,0
2009-08-24,128.75,129.1199951171875,127.94000244140625,128.3300018310547,0
2009-08-25,126.91999816894531,128.83999633789062,126.33999633789062,128.35000610351562,0
2009-08-26,126.5199966430664,126.98999786376953,125.6500015258789,126.94999694824219,0
2009-08-27,126.7300033569336,126.86000061035156,124.94000244140625,126.36000061035156,0
2009-08-28,127.8499984741211,128.67999267578125,127.08999633789062,128.36000061035156,0
2009-08-31,125.72000122070312,126.41000366210938,124.72000122070312,126.4000015258789,0
2009-09-01,123.48999786376953,126.73999786376953,123.41999816894531,125.3499984741211,0
2009-09-02,123.58999633789062,124.04000091552734,122.33000183105469,123.0199966430664,0
2009-09-03,123.5999984741211,124.95999908447266,123.04000091552734,124.95999908447266,0
2009-09-04,122.93000030517578,123.66000366210938,121.95999908447266,123.36000061035156,0
2009-09-08,125.44999694824219,126.66999816894531,125.18000030517578,125.30999755859375,0
2009-09-09,125.36000061035156,126.52999877929688,125.30999755859375,125.83000183105469,0
2009-09-10,125.87000274658203,125.97000122070312,123.83000183105469,124.88999938964844,0
2009-09-11,123.79000091552734,127.38999938964844,123.45999908447266,126.36000061035156,0
2009-09-14,124.11000061035156,124.23999786376953,122.62000274658203,122.91999816894531,0
2009-09-15,126.58000183105469,127.08000183105469,124.29000091552734,125.01000213623047,0
2009-09-16,129.5399932861328,129.6199951171875,127.2300033569336,127.27999877929688,0
2009-09-17,128.9499969482422,130.07000732421875,128.5399932861328,129.4199981689453,0
2009-09-18,127.51000213623047,128.75,127.3499984741211,128.3000030517578,0
2009-09-21,125.19999694824219,126.1500015258789,124.8499984741211,126.13999938964844,0
2009-09-22,127.36000061035156,127.6500015258789,126.30999755859375,126.9800033569336,0
2009-09-23,126.12999725341797,126.75,125.19000244140625,126.58000183105469,0
2009-09-24,123.68000030517578,125.77999877929688,122.77999877929688,125.44000244140625,0
2009-09-25,123.37000274658203,124.20999908447266,122.68000030517578,123.94999694824219,0
2009-09-28,123.80000305175781,124.41000366210938,122.68000030517578,122.9000015258789,0
2009-09-29,124.12000274658203,124.62000274658203,122.9800033569336,123.56999969482422,0
2009-09-30,127.68000030517578,127.69999694824219,123.91000366210938,125.23999786376953,0
2009-10-01,125.44999694824219,127.58000183105469,124.6500015258789,126.48999786376953,0
2009-10-02,124.18000030517578,125.18000030517578,122.77999877929688,123.94999694824219,0
2009-10-05,125.55000305175781,126.20999908447266,123.30000305175781,123.98999786376953,0
2009-10-06,127.51000213623047,128.9199981689453,127.04000091552734,127.29000091552734,0
2009-10-07,127.16999816894531,128.67999267578125,126.5999984741211,127.77999877929688,0
2009-10-08,130.47000122070312,131.13999938964844,127.80000305175781,128.7100067138672,0
2009-10-09,129.17999267578125,130.49000549316406,128.7899932861328,129.8800048828125,0
2009-10-12,131.8300018310547,132.24000549316406,130.80999755859375,131.17999267578125,0
2009-10-13,131.39999389648438,132.97000122070312,130.16000366210938,132.9600067138672,0
2009-10-14,132.0800018310547,132.4499969482422,131.6199951171875,131.88999938964844,0
2009-10-15,133.32000732421875,133.61000061035156,130.49000549316406,130.77999877929688,0
2009-10-16,134.32000732421875,134.3800048828125,132.52000427246094,132.82000732421875,0
2009-10-19,136.57000732421875,136.77000427246094,134.66000366210938,134.82000732421875,0
2009-10-20,135.85000610351562,137.14999389648438,135.07000732421875,136.5,0
2009-10-21,138.91000366210938,139.55999755859375,134.6999969482422,134.72999572753906,0
2009-10-22,137.94000244140625,138.4499969482422,136.8699951171875,138.16000366210938,0
2009-10-23,137.32000732421875,139.3800048828125,137.0,138.9199981689453,0
2009-10-26,135.13999938964844,138.5500030517578,134.6300048828125,137.75,0
2009-10-27,134.8699951171875,135.97999572753906,134.1699981689453,135.4499969482422,0
2009-10-28,131.69000244140625,133.9199981689453,131.52000427246094,133.30999755859375,0
2009-10-29,134.77000427246094,135.19000244140625,131.6999969482422,132.13999938964844,0
2009-10-30,131.86000061035156,134.39999389648438,131.47999572753906,133.77999877929688,0
2009-11-02,133.16000366210938,133.52000427246094,131.9499969482422,132.6699981689453,0
2009-11-03,134.60000610351562,134.9600067138672,131.50999450683594,132.1999969482422,0
2009-11-04,134.8800048828125,136.2100067138672,134.36000061035156,135.64999389648438,0
2009-11-05,133.72000122070312,134.99000549316406,133.6699981689453,134.67999267578125,0
2009-11-06,131.4199981689453,133.72999572753906,131.11000061035156,133.47000122070312,0
2009-11-09,133.5399932861328,133.8300018310547,132.27000427246094,132.91000366210938,0
2009-11-10,132.6699981689453,133.66000366210938,131.69000244140625,132.88999938964844,0
2009-11-11,133.41000366210938,134.6300048828125,133.10000610351562,133.91000366210938,0
2009-11-12,131.47000122070312,132.52999877929688,131.27999877929688,132.22000122070312,0
2009-11-13,131.67999267578125,132.1300048828125,130.58999633789062,131.52000427246094,0
2009-11-16,136.08999633789062,136.35000610351562,133.0800018310547,133.44000244140625,0
2009-11-17,136.4199981689453,136.66000366210938,135.30999755859375,135.30999755859375,0
2009-11-18,136.1199951171875,137.85000610351562,135.77000427246094,137.72000122070312,0
2009-11-19,134.72000122070312,135.6199951171875,133.75999450683594,135.05999755859375,0
2009-11-20,134.91000366210938,135.1300048828125,133.47999572753906,133.77999877929688,0
2009-11-23,135.27000427246094,137.72999572753906,134.9600067138672,136.86000061035156,0
2009-11-24,133.9600067138672,135.25,133.38999938964844,135.17999267578125,0
2009-11-25,137.25,137.27999877929688,134.77999877929688,135.22999572753906,0
2009-11-27,135.3300018310547,136.16000366210938,131.92999267578125,133.75999450683594,0
2009-11-30,136.5,136.97999572753906,134.55999755859375,135.36000061035156,0
2009-12-01,137.5800018310547,138.42999267578125,137.00999450683594,137.11000061035156,0
2009-12-02,136.63999938964844,138.1699981689453,136.27999877929688,137.5500030517578,0
2009-12-03,136.1300048828125,137.4499969482422,135.85000610351562,137.25999450683594,0
2009-12-04,134.7899932861328,137.11000061035156,134.2899932861328,135.8300018310547,0
2009-12-07,134.75,135.49000549316406,133.72000122070312,134.07000732421875,0
2009-12-08,133.72999572753906,134.52000427246094,133.50999450683594,134.42999267578125,0
2009-12-09,131.58999633789062,134.80999755859375,131.36000061035156,134.33999633789062,0
2009-12-10,132.41000366210938,133.0399932861328,131.39999389648438,131.64999389648438,0
2009-12-11,133.16000366210938,133.8000030517578,132.25,133.72000122070312,0
2009-12-14,134.4499969482422,134.72999572753906,133.57000732421875,133.6300048828125,0
2009-12-15,134.72000122070312,135.14999389648438,133.99000549316406,134.1300048828125,0
2009-12-16,136.72999572753906,137.05999755859375,135.5,135.72999572753906,0
2009-12-17,135.07000732421875,135.97999572753906,134.35000610351562,135.66000366210938,0
2009-12-18,135.49000549316406,136.35000610351562,134.5800018310547,136.10000610351562,0
2009-12-21,134.94000244140625,136.5800018310547,134.72000122070312,136.52999877929688,0
2009-12-22,134.86000061035156,135.77000427246094,133.35000610351562,134.11000061035156,0
2009-12-23,137.3000030517578,137.39999389648438,135.13999938964844,135.3699951171875,0
2009-12-24,138.02999877929688,138.47000122070312,137.32000732421875,137.67999267578125,0
2009-12-28,140.0500030517578,141.19000244140625,139.3000030517578,139.42999267578125,0
2009-12-29,139.63999938964844,140.50999450683594,139.3800048828125,140.24000549316406,0
2009-12-30,139.47000122070312,140.07000732421875,139.25999450683594,139.77999877929688,0
2009-12-31,139.19000244140625,140.44000244140625,139.14999389648438,140.22000122070312,0
2010-01-04,142.3000030517578,142.72000122070312,141.63999938964844,141.9499969482422,0
2010-01-05,142.11000061035156,142.86000061035156,138.16000366210938,142.5,0
2010-01-06,145.02999877929688,145.1199951171875,142.88999938964844,142.89999389648438,0
2010-01-07,142.85000610351562,144.5,142.77000427246094,143.75999450683594,0
2010-01-08,142.41000366210938,142.7899932861328,141.7899932861328,141.9199981689453,0
2010-01-11,142.00999450683594,143.9199981689453,141.66000366210938,143.9199981689453,0
2010-01-12,139.1699981689453,140.99000549316406,138.3699951171875,140.49000549316406,0
2010-01-13,140.0,140.1999969482422,137.38999938964844,138.5500030517578,0
2010-01-14,139.4600067138672,140.6999969482422,138.92999267578125,140.14999389648438,0
2010-01-15,138.08999633789062,139.3000030517578,137.97000122070312,138.8800048828125,0
2010-01-19,138.49000549316406,138.97999572753906,136.97999572753906,137.35000610351562,0
2010-01-20,136.32000732421875,137.52999877929688,135.49000549316406,137.47000122070312,0
2010-01-21,135.6199951171875,137.11000061035156,135.0399932861328,136.6300048828125,0
2010-01-22,134.89999389648438,135.8300018310547,134.1699981689453,135.22000122070312,0
2010-01-25,135.11000061035156,135.57000732421875,134.7100067138672,135.10000610351562,0
2010-01-26,133.61000061035156,134.27999877929688,132.9199981689453,133.82000732421875,0
2010-01-27,130.92999267578125,133.10000610351562,130.38999938964844,133.08999633789062,0
2010-01-28,130.0500030517578,131.35000610351562,129.1999969482422,131.1699981689453,0
2010-01-29,129.0500030517578,131.30999755859375,128.82000732421875,130.4600067138672,0
2010-02-01,130.66000366210938,130.9600067138672,129.38999938964844,129.7100067138672,0
2010-02-02,133.0,133.22999572753906,131.05999755859375,131.8699951171875,0
2010-02-03,131.17999267578125,133.41000366210938,130.97999572753906,133.39999389648438,0
2010-02-04,128.33999633789062,131.07000732421875,127.36000061035156,131.0399932861328,0
2010-02-05,126.55999755859375,128.80999755859375,125.56999969482422,127.77999877929688,0
2010-02-08,127.9800033569336,129.11000061035156,127.29000091552734,128.05999755859375,0
2010-02-09,129.3300018310547,130.0800018310547,128.11000061035156,129.32000732421875,0
2010-02-10,129.88999938964844,130.3000030517578,128.14999389648438,129.5399932861328,0
2010-02-11,131.69000244140625,131.8000030517578,129.6699981689453,130.89999389648438,0
2010-02-12,131.0,131.27999877929688,129.47000122070312,130.2100067138672,0
2010-02-16,134.3300018310547,134.8800048828125,132.77000427246094,132.86000061035156,0
2010-02-17,133.92999267578125,134.55999755859375,133.3800048828125,134.41000366210938,0
2010-02-18,134.1999969482422,134.75,132.99000549316406,133.25999450683594,0
2010-02-19,134.83999633789062,134.91000366210938,133.05999755859375,133.38999938964844,0
2010-02-22,134.3699951171875,134.97000122070312,133.50999450683594,134.8300018310547,0
2010-02-23,132.25999450683594,133.6699981689453,132.22999572753906,133.5,0
2010-02-24,133.35000610351562,133.3699951171875,132.0,132.02000427246094,0
2010-02-25,131.63999938964844,132.2899932861328,130.6699981689453,132.1699981689453,0
2010-02-26,133.8300018310547,133.97000122070312,131.8699951171875,132.00999450683594,0
2010-03-01,132.97000122070312,134.77999877929688,132.6699981689453,133.8000030517578,0
2010-03-02,134.38999938964844,134.8800048828125,133.11000061035156,133.3800048828125,0
2010-03-03,135.86000061035156,136.16000366210938,134.74000549316406,134.75,0
2010-03-04,133.9499969482422,135.61000061035156,133.5500030517578,135.5800018310547,0
2010-03-05,134.67999267578125,135.5800018310547,134.39999389648438,134.52999877929688,0
2010-03-08,134.52999877929688,135.25,133.77999877929688,134.82000732421875,0
2010-03-09,133.92999267578125,134.3300018310547,133.0500030517578,133.33999633789062,0
2010-03-10,133.61000061035156,134.97999572753906,132.5800018310547,134.05999755859375,0
2010-03-11,132.69000244140625,133.36000061035156,132.4600067138672,133.35000610351562,0
2010-03-12,132.4499969482422,133.7100067138672,132.02000427246094,133.5500030517578,0
2010-03-15,131.36000061035156,132.0500030517578,130.91000366210938,131.86000061035156,0
2010-03-16,132.89999389648438,133.17999267578125,131.89999389648438,131.9199981689453,0
2010-03-17,134.1999969482422,134.2899932861328,133.07000732421875,133.49000549316406,0
2010-03-18,133.55999755859375,133.92999267578125,132.92999267578125,133.52999877929688,0
2010-03-19,132.3800048828125,133.4199981689453,131.6300048828125,133.41000366210938,0
2010-03-22,132.07000732421875,132.55999755859375,130.3300018310547,131.02000427246094,0
2010-03-23,131.8000030517578,132.52000427246094,131.60000610351562,131.67999267578125,0
2010-03-24,130.58999633789062,130.80999755859375,129.83999633789062,129.8800048828125,0
2010-03-25,129.8000030517578,131.41000366210938,129.64999389648438,130.97999572753906,0
2010-03-26,129.6999969482422,130.7100067138672,129.5800018310547,130.60000610351562,0
2010-03-29,132.07000732421875,132.7100067138672,130.72000122070312,130.8000030517578,0
2010-03-30,132.67999267578125,132.7100067138672,131.91000366210938,132.6199951171875,0
2010-03-31,132.14999389648438,132.42999267578125,131.72000122070312,131.8699951171875,0
2010-04-01,133.86000061035156,134.02999877929688,132.75999450683594,133.22000122070312,0
2010-04-05,135.44000244140625,135.5500030517578,134.1300048828125,134.3300018310547,0
2010-04-06,135.10000610351562,136.00999450683594,134.77999877929688,135.33999633789062,0
2010-04-07,135.08999633789062,135.8300018310547,134.27000427246094,134.7899932861328,0
2010-04-08,133.9499969482422,134.50999450683594,133.58999633789062,133.9199981689453,0
2010-04-09,134.72999572753906,135.30999755859375,134.4199981689453,134.92999267578125,0
2010-04-12,134.64999389648438,135.8699951171875,134.4499969482422,135.2100067138672,0
2010-04-13,135.3300018310547,135.5,133.57000732421875,134.1999969482422,0
2010-04-14,136.57000732421875,137.02999877929688,135.80999755859375,135.9600067138672,0
2010-04-15,136.75999450683594,137.3699951171875,136.10000610351562,136.19000244140625,0
2010-04-16,135.1300048828125,136.8000030517578,134.50999450683594,136.60000610351562,0
2010-04-19,133.24000549316406,134.24000549316406,132.8800048828125,133.49000549316406,0
2010-04-20,134.49000549316406,134.80999755859375,134.10000610351562,134.38999938964844,0
2010-04-21,135.0,135.75,134.05999755859375,134.2899932861328,0
2010-04-22,135.3800048828125,135.41000366210938,133.5399932861328,134.4600067138672,0
2010-04-23,136.0500030517578,136.3699951171875,134.7100067138672,135.1999969482422,0
2010-04-26,135.75999450683594,136.92999267578125,135.4499969482422,136.74000549316406,0
2010-04-27,133.3699951171875,135.66000366210938,133.24000549316406,134.74000549316406,0
2010-04-28,133.89999389648438,134.27000427246094,133.24000549316406,133.27000427246094,0
2010-04-29,133.50999450683594,134.72999572753906,133.1199951171875,134.52000427246094,0
2010-04-30,134.7100067138672,134.77999877929688,133.7100067138672,134.22999572753906,0
2010-05-03,135.05999755859375,135.3699951171875,134.39999389648438,134.9199981689453,0
2010-05-04,132.08999633789062,134.07000732421875,131.85000610351562,133.8300018310547,0
2010-05-05,130.17999267578125,130.8300018310547,128.8000030517578,130.5399932861328,0
2010-05-06,128.30999755859375,130.25999450683594,127.98999786376953,129.7899932861328,0
2010-05-07,128.66000366210938,129.00999450683594,126.94999694824219,128.3800048828125,0
2010-05-10,130.24000549316406,131.17999267578125,129.27999877929688,130.8800048828125,0
2010-05-11,130.30999755859375,130.8000030517578,128.77000427246094,128.77000427246094,0
2010-05-12,131.2899932861328,132.1699981689453,130.72000122070312,131.36000061035156,0
2010-05-13,130.97000122070312,131.9600067138672,130.6699981689453,131.17999267578125,0
2010-05-14,127.83999633789062,130.10000610351562,127.63999938964844,129.5800018310547,0
2010-05-17,125.0999984741211,127.54000091552734,124.63999938964844,127.29000091552734,0
2010-05-18,125.7699966430664,127.20999908447266,125.29000091552734,126.61000061035156,0
2010-05-19,124.06999969482422,125.19000244140625,123.13999938964844,124.18000030517578,0
2010-05-20,123.01000213623047,123.45999908447266,121.5199966430664,122.80000305175781,0
2010-05-21,123.3499984741211,124.58999633789062,122.55999755859375,123.06999969482422,0
2010-05-24,124.11000061035156,124.5199966430664,123.31999969482422,123.41999816894531,0
2010-05-25,122.4000015258789,122.72000122070312,121.38999938964844,121.76000213623047,0
2010-05-26,124.33999633789062,125.13999938964844,123.77999877929688,124.44000244140625,0
2010-05-27,126.6500015258789,126.69999694824219,125.12000274658203,125.41999816894531,0
2010-05-28,125.36000061035156,127.13999938964844,124.93000030517578,126.9000015258789,0
2010-06-01,123.95999908447266,125.86000061035156,123.8499984741211,123.86000061035156,0
2010-06-02,123.94999694824219,124.66999816894531,122.94000244140625,123.68000030517578,0
2010-06-03,124.6500015258789,124.8499984741211,123.2699966430664,124.0,0
2010-06-04,122.02999877929688,124.23999786376953,121.94000244140625,123.94999694824219,0
2010-06-07,122.30000305175781,122.73999786376953,121.19999694824219,121.41000366210938,0
2010-06-08,122.83000183105469,123.19000244140625,122.01000213623047,122.5,0
2010-06-09,123.63999938964844,124.41999816894531,123.33999633789062,123.43000030517578,0
2010-06-10,124.18000030517578,125.19000244140625,123.69000244140625,123.73999786376953,0
2010-06-11,125.05999755859375,125.31999969482422,124.33000183105469,124.9000015258789,0
2010-06-14,127.16000366210938,127.5199966430664,126.4000015258789,126.62000274658203,0
2010-06-15,128.7899932861328,128.80999755859375,127.06999969482422,127.54000091552734,0
2010-06-16,128.77999877929688,129.10000610351562,127.94000244140625,128.39999389648438,0
2010-06-17,128.82000732421875,129.42999267578125,128.2100067138672,128.8300018310547,0
2010-06-18,128.4499969482422,129.3000030517578,127.94000244140625,128.2899932861328,0
2010-06-21,128.39999389648438,130.7899932861328,127.66000366210938,130.4499969482422,0
2010-06-22,127.81999969482422,128.5500030517578,127.20999908447266,127.29000091552734,0
2010-06-23,126.58000183105469,128.0,126.25,127.93000030517578,0
2010-06-24,127.11000061035156,127.41000366210938,126.61000061035156,126.81999969482422,0
2010-06-25,128.75,128.91000366210938,127.33999633789062,127.37999725341797,0
2010-06-28,127.61000061035156,128.6300048828125,127.27999877929688,128.6300048828125,0
2010-06-29,124.2300033569336,125.9000015258789,124.04000091552734,125.80999755859375,0
2010-06-30,125.75,125.86000061035156,123.94999694824219,124.72000122070312,0
2010-07-01,124.70999908447266,125.0199966430664,123.41000366210938,124.77999877929688,0
2010-07-02,123.98999786376953,125.31999969482422,123.81999969482422,125.08999633789062,0
2010-07-06,123.9800033569336,126.18000030517578,123.94000244140625,125.2300033569336,0
2010-07-07,125.86000061035156,126.29000091552734,124.13999938964844,124.18000030517578,0
2010-07-08,126.3499984741211,126.93000030517578,125.41999816894531,126.16999816894531,0
2010-07-09,126.94999694824219,127.3499984741211,126.16000366210938,126.48999786376953,0
2010-07-12,125.7699966430664,126.66999816894531,125.51000213623047,126.44000244140625,0
2010-07-13,127.12999725341797,127.52999877929688,126.06999969482422,126.19999694824219,0
2010-07-14,127.2699966430664,128.14999389648438,126.56999969482422,126.93000030517578,0
2010-07-15,128.9199981689453,129.00999450683594,126.87999725341797,128.07000732421875,0
2010-07-16,127.55999755859375,129.11000061035156,126.91999816894531,129.10000610351562,0
2010-07-19,127.04000091552734,128.02999877929688,126.44999694824219,127.5999984741211,0
2010-07-20,127.5199966430664,127.83000183105469,126.2699966430664,126.66999816894531,0
2010-07-21,127.94999694824219,128.97999572753906,127.77999877929688,128.4199981689453,0
2010-07-22,130.3000030517578,130.55999755859375,128.77000427246094,128.80999755859375,0
2010-07-23,129.89999389648438,130.47999572753906,129.72999572753906,130.1699981689453,0
2010-07-26,129.77000427246094,130.07000732421875,129.25999450683594,129.50999450683594,0
2010-07-27,128.7899932861328,130.5800018310547,128.39999389648438,130.41000366210938,0
2010-07-28,129.92999267578125,130.4499969482422,129.0800018310547,129.6999969482422,0
2010-07-29,131.82000732421875,132.08999633789062,130.50999450683594,130.61000061035156,0
2010-07-30,134.25,134.2899932861328,131.5800018310547,132.24000549316406,0
2010-08-02,135.60000610351562,136.69000244140625,135.07000732421875,135.6300048828125,0
2010-08-03,135.3300018310547,135.86000061035156,135.00999450683594,135.25,0
2010-08-04,137.00999450683594,137.1300048828125,135.9199981689453,136.2100067138672,0
2010-08-05,136.85000610351562,138.4600067138672,136.38999938964844,138.14999389648438,0
2010-08-06,135.32000732421875,137.47999572753906,134.9499969482422,136.91000366210938,0
2010-08-09,134.99000549316406,136.11000061035156,134.7899932861328,135.97000122070312,0
2010-08-10,133.63999938964844,134.47000122070312,132.97000122070312,133.47999572753906,0
2010-08-11,132.3000030517578,133.24000549316406,131.86000061035156,133.07000732421875,0
2010-08-12,132.7899932861328,133.6699981689453,132.22000122070312,132.3300018310547,0
2010-08-13,132.75999450683594,133.30999755859375,132.47000122070312,133.1199951171875,0
2010-08-16,132.0399932861328,133.42999267578125,131.97000122070312,132.97000122070312,0
2010-08-17,133.0,133.64999389648438,132.63999938964844,133.05999755859375,0
2010-08-18,132.9199981689453,133.14999389648438,131.57000732421875,132.47999572753906,0
2010-08-19,132.1199951171875,133.7100067138672,131.83999633789062,133.5,0
2010-08-20,131.38999938964844,131.63999938964844,130.89999389648438,131.17999267578125,0
2010-08-23,130.99000549316406,131.92999267578125,130.7100067138672,131.8300018310547,0
2010-08-24,129.33999633789062,129.74000549316406,128.80999755859375,129.41000366210938,0
2010-08-25,128.77999877929688,129.17999267578125,128.2899932861328,129.14999389648438,0
2010-08-26,130.16000366210938,130.58999633789062,129.69000244140625,129.83999633789062,0
2010-08-27,131.58999633789062,131.9199981689453,129.9600067138672,130.41000366210938,0
2010-08-30,132.16000366210938,132.57000732421875,131.77000427246094,131.82000732421875,0
2010-08-31,130.82000732421875,132.42999267578125,130.77000427246094,131.44000244140625,0
2010-09-01,132.4600067138672,132.9499969482422,131.58999633789062,131.82000732421875,0
2010-09-02,133.55999755859375,133.61000061035156,132.47000122070312,132.52999877929688,0
2010-09-03,134.99000549316406,135.0399932861328,133.3000030517578,133.75,0
2010-09-07,135.41000366210938,135.60000610351562,133.64999389648438,133.86000061035156,0
2010-09-08,135.42999267578125,136.07000732421875,135.14999389648438,135.4499969482422,0
2010-09-09,135.05999755859375,135.50999450683594,134.6199951171875,134.75,0
2010-09-10,135.6199951171875,136.2899932861328,135.05999755859375,135.57000732421875,0
2010-09-13,136.85000610351562,137.6199951171875,136.35000610351562,136.49000549316406,0
2010-09-14,137.9600067138672,138.1699981689453,136.7100067138672,136.8699951171875,0
2010-09-15,137.61000061035156,137.80999755859375,137.14999389648438,137.77000427246094,0
2010-09-16,137.4499969482422,138.0399932861328,136.6199951171875,137.8000030517578,0
2010-09-17,138.4199981689453,139.0500030517578,137.60000610351562,139.0399932861328,0
2010-09-20,138.1999969482422,139.4600067138672,138.1199951171875,139.35000610351562,0
2010-09-21,137.25999450683594,138.52999877929688,137.1300048828125,138.1300048828125,0
2010-09-22,138.02999877929688,139.10000610351562,137.52999877929688,138.3699951171875,0
2010-09-23,138.5500030517578,138.88999938964844,137.50999450683594,137.7899932861328,0
2010-09-24,140.22999572753906,140.52000427246094,139.02999877929688,139.16000366210938,0
2010-09-27,139.82000732421875,140.6199951171875,139.13999938964844,140.52000427246094,0
2010-09-28,139.67999267578125,140.5399932861328,138.99000549316406,139.08999633789062,0
2010-09-29,140.1999969482422,140.27000427246094,138.2899932861328,138.83999633789062,0
2010-09-30,140.3000030517578,140.6999969482422,138.38999938964844,140.61000061035156,0
2010-10-01,139.13999938964844,140.85000610351562,138.8800048828125,140.49000549316406,0
2010-10-04,138.47999572753906,138.89999389648438,138.0,138.22999572753906,0
2010-10-05,140.97999572753906,141.14999389648438,139.13999938964844,139.42999267578125,0
2010-10-06,141.42999267578125,141.97999572753906,140.99000549316406,141.24000549316406,0
2010-10-07,139.88999938964844,142.6300048828125,139.75,142.33999633789062,0
2010-10-08,144.39999389648438,144.4499969482422,139.7100067138672,139.72000122070312,0
2010-10-11,145.11000061035156,146.41000366210938,144.0800018310547,145.35000610351562,0
2010-10-12,146.0399932861328,146.49000549316406,144.60000610351562,145.0,0
2010-10-13,146.83999633789062,147.63999938964844,146.52999877929688,147.35000610351562,0
2010-10-14,146.9199981689453,147.9499969482422,146.74000549316406,147.5500030517578,0
2010-10-15,145.67999267578125,147.8000030517578,145.49000549316406,147.17999267578125,0
2010-10-18,146.2100067138672,146.47999572753906,144.8800048828125,144.99000549316406,0
2010-10-19,143.47000122070312,144.99000549316406,143.33999633789062,144.97000122070312,0
2010-10-20,146.3000030517578,146.4199981689453,143.91000366210938,144.61000061035156,0
2010-10-21,144.47000122070312,147.0500030517578,144.1300048828125,146.97999572753906,0
2010-10-22,144.83999633789062,145.33999633789062,144.38999938964844,145.0399932861328,0
2010-10-25,146.25999450683594,147.22999572753906,145.57000732421875,146.88999938964844,0
2010-10-26,147.0800018310547,147.25,145.64999389648438,145.91000366210938,0
2010-10-27,146.02000427246094,146.10000610351562,144.8699951171875,145.7899932861328,0
2010-10-28,146.86000061035156,147.25,146.2899932861328,146.89999389648438,0
2010-10-29,147.27000427246094,147.41000366210938,146.19000244140625,146.3800048828125,0
2010-11-01,147.27999877929688,149.14999389648438,147.00999450683594,148.61000061035156,0
2010-11-02,148.39999389648438,148.86000061035156,148.0500030517578,148.49000549316406,0
2010-11-03,148.1699981689453,149.44000244140625,146.83999633789062,149.3800048828125,0
2010-11-04,152.16000366210938,152.24000549316406,150.33999633789062,150.3699951171875,0
2010-11-05,153.2100067138672,153.24000549316406,152.1300048828125,152.58999633789062,0
2010-11-08,153.8000030517578,154.1199951171875,152.8699951171875,153.00999450683594,0
2010-11-09,155.8800048828125,157.83999633789062,155.24000549316406,155.86000061035156,0
2010-11-10,154.19000244140625,155.42999267578125,153.52999877929688,154.82000732421875,0
2010-11-11,153.74000549316406,155.11000061035156,153.4499969482422,154.8699951171875,0
2010-11-12,147.8000030517578,151.38999938964844,147.50999450683594,151.1699981689453,0
2010-11-15,148.8699951171875,149.3800048828125,147.74000549316406,148.10000610351562,0
2010-11-16,143.14999389648438,146.97000122070312,142.88999938964844,146.88999938964844,0
2010-11-17,143.1199951171875,144.60000610351562,142.57000732421875,142.75999450683594,0
2010-11-18,146.55999755859375,146.72000122070312,145.17999267578125,145.75,0
2010-11-19,145.10000610351562,146.11000061035156,144.6999969482422,145.75,0
2010-11-22,145.0,145.3699951171875,143.6699981689453,145.3699951171875,0
2010-11-23,145.13999938964844,145.42999267578125,143.1199951171875,143.39999389648438,0
2010-11-24,147.10000610351562,147.22000122070312,145.55999755859375,145.8800048828125,0
2010-11-26,146.33999633789062,146.69000244140625,145.5800018310547,146.02999877929688,0
2010-11-29,146.72000122070312,147.36000061035156,146.22000122070312,146.97999572753906,0
2010-11-30,146.72999572753906,147.4600067138672,146.22999572753906,146.6199951171875,0
2010-12-01,150.72000122070312,150.88999938964844,148.6999969482422,149.0,0
2010-12-02,151.82000732421875,152.16000366210938,150.7100067138672,151.27999877929688,0
2010-12-03,153.80999755859375,153.85000610351562,152.02999877929688,152.52000427246094,0
2010-12-06,154.2100067138672,154.6999969482422,153.60000610351562,153.9600067138672,0
2010-12-07,153.57000732421875,156.72999572753906,153.22000122070312,156.1699981689453,0
2010-12-08,154.2100067138672,154.36000061035156,152.1300048828125,152.39999389648438,0
2010-12-09,153.86000061035156,154.60000610351562,153.5800018310547,154.13999938964844,0
2010-12-10,153.4199981689453,154.77000427246094,152.74000549316406,154.52000427246094,0
2010-12-13,155.99000549316406,156.02000427246094,155.17999267578125,155.27999877929688,0
2010-12-14,155.47000122070312,156.4199981689453,155.27000427246094,156.38999938964844,0
2010-12-15,154.61000061035156,155.75999450683594,154.1300048828125,154.6199951171875,0
2010-12-16,153.50999450683594,154.47999572753906,153.16000366210938,154.33999633789062,0
2010-12-17,155.19000244140625,155.36000061035156,153.3000030517578,153.3800048828125,0
2010-12-20,156.97000122070312,156.97000122070312,155.33999633789062,156.27000427246094,0
2010-12-21,157.85000610351562,158.24000549316406,157.1999969482422,157.3300018310547,0
2010-12-22,158.67999267578125,158.72000122070312,157.63999938964844,157.91000366210938,0
2010-12-23,158.88999938964844,158.99000549316406,157.66000366210938,157.92999267578125,0
2010-12-27,159.05999755859375,159.19000244140625,158.0399932861328,158.4600067138672,0
2010-12-28,160.58999633789062,160.80999755859375,159.6699981689453,159.72999572753906,0
2010-12-29,160.66000366210938,161.05999755859375,160.39999389648438,160.52999877929688,0
2010-12-30,159.69000244140625,160.94000244140625,158.9199981689453,160.9199981689453,0
2010-12-31,162.38999938964844,162.57000732421875,160.60000610351562,160.8000030517578,0
2011-01-03,162.4499969482422,163.69000244140625,162.3800048828125,163.47999572753906,0
2011-01-04,160.00999450683594,162.75999450683594,159.17999267578125,162.64999389648438,0
2011-01-05,160.72999572753906,161.02999877929688,158.24000549316406,158.33999633789062,0
2011-01-06,158.91000366210938,161.1199951171875,158.8300018310547,160.8000030517578,0
2011-01-07,157.86000061035156,159.3800048828125,157.36000061035156,157.7899932861328,0
2011-01-10,158.7100067138672,159.16000366210938,157.6999969482422,158.02000427246094,0
2011-01-11,160.3699951171875,160.75,159.47000122070312,160.0,0
2011-01-12,162.61000061035156,163.47000122070312,160.97000122070312,161.16000366210938,0
2011-01-13,161.8800048828125,162.77000427246094,161.74000549316406,162.57000732421875,0
2011-01-14,161.6699981689453,161.7899932861328,160.4499969482422,160.77000427246094,0
2011-01-18,162.0800018310547,162.77999877929688,161.58999633789062,162.42999267578125,0
2011-01-19,161.8300018310547,163.52999877929688,161.57000732421875,163.39999389648438,0
2011-01-20,160.97000122070312,161.1699981689453,158.86000061035156,160.5399932861328,0
2011-01-21,161.91000366210938,162.36000061035156,161.16000366210938,161.4600067138672,0
2011-01-24,160.8800048828125,162.69000244140625,160.61000061035156,162.5399932861328,0
2011-01-25,158.1199951171875,159.0,157.89999389648438,158.6699981689453,0
2011-01-26,160.49000549316406,160.69000244140625,158.47999572753906,158.9499969482422,0
2011-01-27,159.4600067138672,161.02000427246094,159.22999572753906,160.77000427246094,0
2011-01-28,161.2899932861328,161.8800048828125,159.52999877929688,159.5500030517578,0
2011-01-31,164.0,164.08999633789062,161.80999755859375,162.16000366210938,0
2011-02-01,164.58999633789062,164.92999267578125,163.64999389648438,163.72999572753906,0
2011-02-02,165.33999633789062,165.74000549316406,164.39999389648438,164.9499969482422,0
2011-02-03,164.25999450683594,165.80999755859375,163.8300018310547,165.52000427246094,0
2011-02-04,163.97999572753906,165.2100067138672,163.30999755859375,164.47000122070312,0
2011-02-07,162.75999450683594,164.6300048828125,162.6999969482422,164.57000732421875,0
2011-02-08,162.8800048828125,163.5500030517578,161.85000610351562,161.9199981689453,0
2011-02-09,163.80999755859375,164.82000732421875,162.8699951171875,162.9499969482422,0
2011-02-10,163.25999450683594,164.33999633789062,163.17999267578125,163.27999877929688,0
2011-02-11,162.4600067138672,163.3000030517578,161.97999572753906,163.16000366210938,0
2011-02-14,162.97999572753906,164.02999877929688,162.67999267578125,162.7899932861328,0
2011-02-15,161.64999389648438,163.4499969482422,161.00999450683594,162.99000549316406,0
2011-02-16,161.72000122070312,162.19000244140625,161.3000030517578,161.83999633789062,0
2011-02-17,163.0500030517578,163.32000732421875,161.75999450683594,162.36000061035156,0
2011-02-18,162.97999572753906,164.1699981689453,162.3300018310547,162.52000427246094,0
2011-02-22,161.8699951171875,164.80999755859375,160.7100067138672,164.2100067138672,0
2011-02-23,163.47000122070312,163.6999969482422,161.11000061035156,161.19000244140625,0
2011-02-24,162.35000610351562,164.07000732421875,162.1699981689453,163.94000244140625,0
2011-02-25,165.33999633789062,165.6199951171875,162.02999877929688,162.72000122070312,0
2011-02-28,166.13999938964844,166.5500030517578,165.4499969482422,165.75,0
2011-03-01,166.97999572753906,167.6199951171875,165.92999267578125,166.92999267578125,0
2011-03-02,167.8800048828125,168.1699981689453,166.97000122070312,166.97000122070312,0
2011-03-03,168.25999450683594,168.69000244140625,167.3699951171875,167.58999633789062,0
2011-03-04,169.27999877929688,169.63999938964844,168.50999450683594,169.08999633789062,0
2011-03-07,168.4499969482422,170.5399932861328,168.11000061035156,170.52999877929688,0
2011-03-08,167.41000366210938,168.3300018310547,166.97999572753906,167.74000549316406,0
2011-03-09,166.72000122070312,168.42999267578125,166.02999877929688,167.92999267578125,0
2011-03-10,164.39999389648438,165.25,163.22999572753906,165.07000732421875,0
2011-03-11,163.35000610351562,163.88999938964844,161.4199981689453,161.6999969482422,0
2011-03-14,163.13999938964844,163.55999755859375,162.35000610351562,162.4199981689453,0
2011-03-15,157.5800018310547,159.33999633789062,157.55999755859375,159.1199951171875,0
2011-03-16,157.77999877929688,160.69000244140625,157.55999755859375,160.08999633789062,0
2011-03-17,162.8800048828125,163.02999877929688,160.00999450683594,160.0399932861328,0
2011-03-18,164.80999755859375,165.75999450683594,163.8800048828125,165.3300018310547,0
2011-03-21,165.52999877929688,166.6300048828125,164.94000244140625,166.61000061035156,0
2011-03-22,166.8000030517578,166.80999755859375,164.63999938964844,165.1699981689453,0
2011-03-23,167.5800018310547,167.97000122070312,167.1300048828125,167.6999969482422,0
2011-03-24,168.33999633789062,168.67999267578125,167.5399932861328,168.08999633789062,0
2011-03-25,168.74000549316406,169.25,167.7899932861328,169.05999755859375,0
2011-03-28,166.6199951171875,167.8699951171875,166.52000427246094,167.72000122070312,0
2011-03-29,166.5500030517578,167.47999572753906,165.86000061035156,166.1199951171875,0
2011-03-30,166.5800018310547,166.97999572753906,165.57000732421875,166.67999267578125,0
2011-03-31,169.55999755859375,169.77999877929688,166.97999572753906,167.16000366210938,0
2011-04-01,170.02000427246094,170.3300018310547,168.94000244140625,169.80999755859375,0
2011-04-04,170.85000610351562,171.1699981689453,170.27999877929688,170.75999450683594,0
2011-04-05,171.25,171.33999633789062,170.0800018310547,170.1199951171875,0
2011-04-06,171.44000244140625,172.4499969482422,171.1199951171875,171.83999633789062,0
2011-04-07,171.39999389648438,172.72000122070312,170.58999633789062,171.92999267578125,0
2011-04-08,173.8800048828125,174.5399932861328,172.30999755859375,173.16000366210938,0
2011-04-11,172.86000061035156,174.14999389648438,172.6199951171875,173.05999755859375,0
2011-04-12,169.24000549316406,172.2899932861328,168.24000549316406,171.9199981689453,0
2011-04-13,169.39999389648438,170.8000030517578,168.61000061035156,169.88999938964844,0
2011-04-14,169.89999389648438,170.25999450683594,168.0500030517578,168.39999389648438,0
2011-04-15,170.6699981689453,171.17999267578125,169.32000732421875,169.89999389648438,0
2011-04-18,169.82000732421875,170.52999877929688,168.80999755859375,170.07000732421875,0
2011-04-19,170.8000030517578,171.27999877929688,169.4499969482422,170.0800018310547,0
2011-04-20,172.7100067138672,173.89999389648438,171.91000366210938,172.7899932861328,0
2011-04-21,174.22000122070312,174.27999877929688,172.88999938964844,173.82000732421875,0
2011-04-25,174.52000427246094,175.67999267578125,173.3300018310547,175.44000244140625,0
2011-04-26,173.6999969482422,174.11000061035156,173.3000030517578,173.64999389648438,0
2011-04-27,173.10000610351562,173.8300018310547,172.2100067138672,173.0800018310547,0
2011-04-28,173.02000427246094,174.6199951171875,172.3800048828125,173.61000061035156,0
2011-04-29,175.4199981689453,175.52000427246094,173.19000244140625,173.60000610351562,0
2011-05-02,174.19000244140625,175.66000366210938,173.52999877929688,173.8699951171875,0
2011-05-03,172.19000244140625,173.7100067138672,171.63999938964844,172.77999877929688,0
2011-05-04,168.91000366210938,171.35000610351562,168.75,170.85000610351562,0
2011-05-05,161.02000427246094,166.4199981689453,160.91000366210938,166.39999389648438,0
2011-05-06,159.5,163.49000549316406,159.44000244140625,159.57000732421875,0
2011-05-09,162.57000732421875,162.9199981689453,161.0,162.00999450683594,0
2011-05-10,164.60000610351562,164.9199981689453,162.88999938964844,163.86000061035156,0
2011-05-11,159.66000366210938,164.88999938964844,159.4499969482422,163.69000244140625,0
2011-05-12,159.8699951171875,160.86000061035156,156.7100067138672,157.1300048828125,0
2011-05-13,159.83999633789062,161.3699951171875,158.24000549316406,161.10000610351562,0
2011-05-16,159.22000122070312,160.92999267578125,158.97999572753906,159.55999755859375,0
2011-05-17,158.91000366210938,159.57000732421875,156.9499969482422,159.5500030517578,0
2011-05-18,162.8800048828125,163.39999389648438,160.33999633789062,160.72999572753906,0
2011-05-19,160.86000061035156,163.02000427246094,160.80999755859375,162.75,0
2011-05-20,162.35000610351562,162.67999267578125,159.6699981689453,160.8699951171875,0
2011-05-23,160.75999450683594,161.3300018310547,160.00999450683594,160.82000732421875,0
2011-05-24,161.49000549316406,162.77999877929688,160.6199951171875,161.8800048828125,0
2011-05-25,163.80999755859375,164.16000366210938,162.17999267578125,162.64999389648438,0
2011-05-26,163.49000549316406,164.22999572753906,162.7899932861328,163.92999267578125,0
2011-05-27,165.35000610351562,165.41000366210938,164.27000427246094,164.27999877929688,0
2011-05-31,166.5399932861328,167.27000427246094,165.99000549316406,166.4600067138672,9329500
2011-06-01,164.97999572753906,166.36000061035156,164.44000244140625,166.3300018310547,9488600
2011-06-02,165.67999267578125,166.19000244140625,164.2899932861328,165.14999389648438,11427300
2011-06-03,165.88999938964844,166.4499969482422,164.61000061035156,165.3699951171875,9292900
2011-06-06,164.69000244140625,166.39999389648438,164.58999633789062,165.33999633789062,0
2011-06-07,165.25999450683594,165.30999755859375,163.41000366210938,163.66000366210938,8957500
2011-06-08,166.22999572753906,166.9600067138672,163.91000366210938,164.3000030517578,10257300
2011-06-09,166.74000549316406,168.8699951171875,166.32000732421875,166.52999877929688,11241700
2011-06-10,165.60000610351562,166.2899932861328,164.6999969482422,166.24000549316406,9925600
2011-06-13,163.67999267578125,165.1999969482422,162.91000366210938,165.07000732421875,8560200
2011-06-14,164.25,164.35000610351562,163.25,163.39999389648438,11634800
2011-06-15,161.32000732421875,164.3000030517578,160.72000122070312,163.6699981689453,10354300
2011-06-16,159.88999938964844,160.94000244140625,159.7899932861328,160.55999755859375,9700000
2011-06-17,159.0,160.35000610351562,158.41000366210938,160.1300048828125,8761600
2011-06-20,158.9199981689453,159.3300018310547,157.97000122070312,158.02000427246094,8252000
2011-06-21,160.11000061035156,160.58999633789062,159.36000061035156,160.3000030517578,9092300
2011-06-22,159.57000732421875,160.47999572753906,159.00999450683594,159.69000244140625,8201500
2011-06-23,155.97000122070312,157.8699951171875,154.22000122070312,157.85000610351562,10481700
2011-06-24,155.50999450683594,156.74000549316406,155.16000366210938,156.42999267578125,17510800
2011-06-27,154.66000366210938,154.99000549316406,153.85000610351562,154.7100067138672,0
2011-06-28,157.2100067138672,157.24000549316406,155.80999755859375,155.80999755859375,0
2011-06-29,159.02999877929688,159.58999633789062,158.17999267578125,158.82000732421875,0
2011-06-30,158.1300048828125,159.9499969482422,156.80999755859375,159.0500030517578,0
2011-07-01,156.8699951171875,157.5,155.8000030517578,156.2100067138672,0
2011-07-05,159.42999267578125,159.82000732421875,158.2899932861328,158.4600067138672,0
2011-07-06,158.72999572753906,159.4199981689453,158.3000030517578,158.36000061035156,0
2011-07-07,161.08999633789062,161.38999938964844,159.0500030517578,159.05999755859375,0
2011-07-08,160.8300018310547,161.47000122070312,159.75,161.02000427246094,0
2011-07-11,160.0,160.4600067138672,159.0399932861328,159.47000122070312,0
2011-07-12,161.97000122070312,161.99000549316406,158.5399932861328,159.02999877929688,0
2011-07-13,164.66000366210938,165.25,162.5500030517578,162.9199981689453,0
2011-07-14,163.3699951171875,164.82000732421875,162.60000610351562,164.74000549316406,0
2011-07-15,164.5399932861328,165.1300048828125,163.4600067138672,163.4600067138672,0
2011-07-18,164.0399932861328,164.1699981689453,163.0,164.0399932861328,0
2011-07-19,165.02000427246094,166.52000427246094,165.02000427246094,165.5800018310547,0
2011-07-20,164.52999877929688,165.42999267578125,164.16000366210938,165.27999877929688,0
2011-07-21,163.55999755859375,165.4199981689453,163.39999389648438,164.1199951171875,0
2011-07-22,165.27999877929688,165.36000061035156,164.25999450683594,164.47999572753906,0
2011-07-25,164.60000610351562,165.22000122070312,164.0399932861328,164.7899932861328,0
2011-07-26,165.8300018310547,165.97999572753906,164.27999877929688,165.3699951171875,0
2011-07-27,165.02999877929688,165.8300018310547,164.77999877929688,165.47999572753906,0
2011-07-28,164.0500030517578,165.14999389648438,163.7899932861328,165.02999877929688,0
2011-07-29,162.80999755859375,163.1999969482422,162.41000366210938,163.13999938964844,0
2011-08-01,162.47999572753906,164.52000427246094,161.8699951171875,163.83999633789062,0
2011-08-02,163.4499969482422,163.60000610351562,162.10000610351562,162.4600067138672,0
2011-08-03,161.8000030517578,163.33999633789062,161.33999633789062,163.10000610351562,0
2011-08-04,157.2899932861328,160.9600067138672,157.1699981689453,160.80999755859375,0
2011-08-05,156.14999389648438,157.61000061035156,154.5800018310547,156.6300048828125,0
2011-08-08,153.05999755859375,155.1699981689453,152.97999572753906,154.6300048828125,0
2011-08-09,152.8300018310547,154.99000549316406,152.61000061035156,153.75,0
2011-08-10,154.77999877929688,155.75,153.77999877929688,155.55999755859375,0
2011-08-11,157.2899932861328,157.41000366210938,154.60000610351562,154.61000061035156,0
2011-08-12,157.02999877929688,157.91000366210938,156.9199981689453,157.49000549316406,0
2011-08-15,158.38999938964844,158.41000366210938,157.0800018310547,157.0800018310547,0
2011-08-16,158.3800048828125,158.97000122070312,157.36000061035156,157.47999572753906,0
2011-08-17,159.6999969482422,160.55999755859375,159.08999633789062,159.08999633789062,0
2011-08-18,157.08999633789062,158.6999969482422,156.89999389648438,158.52999877929688,0
2011-08-19,159.0,159.5,157.77000427246094,157.80999755859375,0
2011-08-22,159.8800048828125,160.02000427246094,159.07000732421875,160.00999450683594,0
2011-08-23,160.69000244140625,161.0500030517578,159.77999877929688,160.64999389648438,0
2011-08-24,158.3699951171875,160.99000549316406,158.2100067138672,160.35000610351562,0
2011-08-25,159.27999877929688,159.6300048828125,157.67999267578125,158.30999755859375,0
2011-08-26,161.13999938964844,161.22999572753906,158.38999938964844,159.44000244140625,0
2011-08-29,161.41000366210938,162.0800018310547,161.3300018310547,161.7100067138672,0
2011-08-30,163.42999267578125,163.4499969482422,161.36000061035156,161.38999938964844,0
2011-08-31,164.42999267578125,164.67999267578125,160.07000732421875,163.0500030517578,0
2011-09-01,162.91000366210938,164.17999267578125,160.3000030517578,163.44000244140625,0
2011-09-02,162.50999450683594,163.4199981689453,158.3300018310547,163.02999877929688,0
2011-09-06,161.22000122070312,161.6300048828125,160.14999389648438,161.0,0
2011-09-07,162.27000427246094,162.86000061035156,161.39999389648438,161.72000122070312,0
2011-09-08,162.75,163.4199981689453,162.32000732421875,162.63999938964844,0
2011-09-09,160.60000610351562,161.6999969482422,160.1199951171875,161.4199981689453,0
2011-09-12,159.72999572753906,160.6199951171875,158.9199981689453,159.3699951171875,0
2011-09-13,160.19000244140625,160.8300018310547,159.52999877929688,160.0500030517578,0
2011-09-14,159.67999267578125,159.94000244140625,159.11000061035156,159.8300018310547,0
2011-09-15,158.27999877929688,160.2100067138672,158.1199951171875,160.05999755859375,0
2011-09-16,157.47999572753906,158.8000030517578,157.27999877929688,158.77000427246094,0
2011-09-19,154.7100067138672,156.42999267578125,154.13999938964844,156.42999267578125,0
2011-09-20,155.25,156.39999389648438,154.83999633789062,156.10000610351562,0
2011-09-21,154.0,155.3000030517578,153.94000244140625,154.91000366210938,0
2011-09-22,147.2100067138672,149.3300018310547,146.97999572753906,149.2100067138672,0
2011-09-23,143.08999633789062,145.72000122070312,142.97999572753906,144.24000549316406,0
2011-09-26,143.25999450683594,144.00999450683594,141.60000610351562,143.2100067138672,0
2011-09-27,147.0800018310547,148.08999633789062,146.57000732421875,147.19000244140625,0
2011-09-28,143.22999572753906,146.5500030517578,143.16000366210938,146.3000030517578,0
2011-09-29,143.9600067138672,144.83999633789062,142.8300018310547,142.94000244140625,0
2011-09-30,140.1999969482422,145.35000610351562,140.1199951171875,143.24000549316406,0
2011-10-03,140.3000030517578,141.38999938964844,138.9600067138672,140.0800018310547,0
2011-10-04,138.35000610351562,139.74000549316406,138.07000732421875,138.47999572753906,0
2011-10-05,140.39999389648438,140.5500030517578,138.7899932861328,139.72999572753906,0
2011-10-06,142.7899932861328,142.97999572753906,141.0800018310547,141.6300048828125,0
2011-10-07,141.80999755859375,143.47000122070312,141.0800018310547,142.07000732421875,0
2011-10-10,144.32000732421875,145.14999389648438,143.6699981689453,143.6699981689453,0
2011-10-11,145.89999389648438,146.17999267578125,142.94000244140625,143.49000549316406,0
2011-10-12,146.07000732421875,147.14999389648438,145.08999633789062,146.85000610351562,0
2011-10-13,145.57000732421875,145.85000610351562,144.0399932861328,144.91000366210938,0
2011-10-14,148.2100067138672,148.2899932861328,146.77999877929688,146.77999877929688,0
2011-10-17,147.16000366210938,148.3699951171875,146.7899932861328,148.13999938964844,0
2011-10-18,146.88999938964844,147.25999450683594,144.8000030517578,145.1699981689453,0
2011-10-19,144.92999267578125,147.6699981689453,144.85000610351562,146.8300018310547,0
2011-10-20,143.4499969482422,144.25,141.8699951171875,144.02999877929688,0
2011-10-21,144.9499969482422,146.3699951171875,144.8800048828125,145.4499969482422,0
2011-10-24,147.80999755859375,148.02999877929688,146.33999633789062,146.6999969482422,0
2011-10-25,148.72000122070312,149.42999267578125,147.82000732421875,148.88999938964844,0
2011-10-26,147.22999572753906,149.66000366210938,147.1699981689453,149.3300018310547,0
2011-10-27,150.86000061035156,151.33999633789062,149.47999572753906,149.5399932861328,0
2011-10-28,150.8699951171875,151.2899932861328,149.91000366210938,150.0800018310547,0
2011-10-31,149.47999572753906,149.66000366210938,148.17999267578125,149.6300048828125,0
2011-11-01,147.22999572753906,147.5500030517578,144.92999267578125,146.44000244140625,0
2011-11-02,147.55999755859375,149.13999938964844,147.22999572753906,148.47000122070312,0
2011-11-03,149.52000427246094,149.85000610351562,147.97000122070312,148.82000732421875,0
2011-11-04,149.47999572753906,150.1699981689453,148.6300048828125,150.11000061035156,0
2011-11-07,149.67999267578125,150.22999572753906,149.19000244140625,149.8800048828125,0
2011-11-08,150.7100067138672,150.7899932861328,149.69000244140625,150.11000061035156,0
2011-11-09,148.67999267578125,150.1699981689453,148.4199981689453,149.80999755859375,0
2011-11-10,148.14999389648438,149.32000732421875,147.49000549316406,149.11000061035156,0
2011-11-11,148.92999267578125,149.16000366210938,147.99000549316406,148.10000610351562,0
2011-11-14,147.88999938964844,148.85000610351562,147.5800018310547,148.6300048828125,0
2011-11-15,148.94000244140625,149.14999389648438,147.69000244140625,147.77999877929688,0
2011-11-16,149.19000244140625,149.63999938964844,148.19000244140625,148.4199981689453,0
2011-11-17,145.47000122070312,148.1300048828125,144.97999572753906,147.64999389648438,0
2011-11-18,144.89999389648438,146.3699951171875,143.91000366210938,146.35000610351562,0
2011-11-21,143.0800018310547,143.94000244140625,142.00999450683594,143.58999633789062,0
2011-11-22,144.33999633789062,144.5399932861328,143.14999389648438,144.25999450683594,0
2011-11-23,142.42999267578125,143.0,141.5399932861328,141.99000549316406,0
2011-11-25,141.74000549316406,142.9600067138672,141.2100067138672,141.52999877929688,0
2011-11-28,143.02000427246094,144.4600067138672,142.57000732421875,144.4600067138672,0
2011-11-29,144.41000366210938,144.72000122070312,142.88999938964844,143.13999938964844,0
2011-11-30,146.16000366210938,147.30999755859375,143.8000030517578,143.80999755859375,0
2011-12-01,145.89999389648438,147.10000610351562,145.1199951171875,146.27999877929688,0
2011-12-02,146.2899932861328,147.44000244140625,145.8300018310547,147.14999389648438,0
2011-12-05,145.50999450683594,147.11000061035156,145.22999572753906,146.42999267578125,0
2011-12-06,145.83999633789062,145.8800048828125,144.1699981689453,144.4600067138672,0
2011-12-07,144.61000061035156,145.80999755859375,144.1199951171875,145.50999450683594,0
2011-12-08,143.47999572753906,145.63999938964844,142.77999877929688,144.88999938964844,0
2011-12-09,142.97999572753906,143.8800048828125,141.99000549316406,143.69000244140625,0
2011-12-12,140.77000427246094,141.5399932861328,140.02999877929688,141.19000244140625,0
2011-12-13,141.63999938964844,142.55999755859375,141.1199951171875,141.4600067138672,0
2011-12-14,136.52999877929688,139.91000366210938,136.32000732421875,139.6199951171875,0
2011-12-15,136.25999450683594,137.69000244140625,136.1699981689453,137.35000610351562,0
2011-12-16,137.00999450683594,137.44000244140625,136.4499969482422,137.3300018310547,0
2011-12-19,137.25999450683594,137.72000122070312,136.58999633789062,137.16000366210938,0
2011-12-20,139.57000732421875,139.8000030517578,138.2100067138672,138.33999633789062,0
2011-12-21,140.3800048828125,140.64999389648438,138.72999572753906,139.08999633789062,0
2011-12-22,141.08999633789062,141.35000610351562,140.27999877929688,140.80999755859375,0
2011-12-23,141.1999969482422,141.5,141.16000366210938,141.36000061035156,0
2011-12-27,142.1300048828125,142.38999938964844,140.9499969482422,140.99000549316406,0
2011-12-28,140.69000244140625,142.36000061035156,140.3699951171875,141.6999969482422,0
2011-12-29,139.97999572753906,140.42999267578125,139.3000030517578,140.14999389648438,0
2011-12-30,140.67999267578125,141.4199981689453,140.3300018310547,140.44000244140625,0
2012-01-03,144.16000366210938,144.27999877929688,142.08999633789062,142.47000122070312,0
2012-01-04,144.49000549316406,144.77000427246094,143.57000732421875,143.77999877929688,0
2012-01-05,142.33999633789062,143.75999450683594,142.27000427246094,143.5,0
2012-01-06,142.5500030517578,143.3300018310547,142.0500030517578,142.8800048828125,0
2012-01-09,143.0800018310547,143.27000427246094,142.27999877929688,142.67999267578125,0
2012-01-10,144.2100067138672,145.02000427246094,143.91000366210938,144.42999267578125,0
2012-01-11,143.1699981689453,143.94000244140625,142.58999633789062,143.4199981689453,0
2012-01-12,141.61000061035156,144.3800048828125,141.58999633789062,144.00999450683594,0
2012-01-13,140.50999450683594,141.42999267578125,140.0399932861328,141.42999267578125,0
2012-01-17,141.47999572753906,142.4499969482422,140.9499969482422,142.2100067138672,0
2012-01-18,141.14999389648438,141.91000366210938,140.7100067138672,141.47999572753906,0
2012-01-19,141.58999633789062,142.3300018310547,141.13999938964844,141.91000366210938,0
2012-01-20,141.24000549316406,141.4199981689453,140.5500030517578,141.35000610351562,0
2012-01-23,143.52999877929688,143.6699981689453,141.9600067138672,142.02999877929688,0
2012-01-24,143.99000549316406,144.3699951171875,142.9600067138672,143.44000244140625,0
2012-01-25,145.60000610351562,145.86000061035156,143.74000549316406,143.97000122070312,0
2012-01-26,146.25,147.4499969482422,145.89999389648438,147.17999267578125,0
2012-01-27,146.6199951171875,146.69000244140625,145.30999755859375,146.50999450683594,0
2012-01-30,145.0500030517578,145.9600067138672,145.02999877929688,145.9600067138672,0
2012-01-31,144.16000366210938,146.02999877929688,143.52000427246094,145.99000549316406,0
2012-02-01,144.32000732421875,144.77000427246094,144.17999267578125,144.67999267578125,0
2012-02-02,144.4499969482422,144.7100067138672,143.27999877929688,144.02999877929688,0
2012-02-03,145.5399932861328,145.6300048828125,144.2899932861328,144.75999450683594,0
2012-02-06,145.83999633789062,145.86000061035156,144.42999267578125,145.38999938964844,0
2012-02-07,146.0399932861328,146.30999755859375,144.8300018310547,145.1699981689453,0
2012-02-08,145.88999938964844,147.1999969482422,145.61000061035156,146.57000732421875,0
2012-02-09,146.5500030517578,147.85000610351562,145.89999389648438,146.1300048828125,0
2012-02-10,144.88999938964844,145.5500030517578,144.47000122070312,145.52000427246094,0
2012-02-13,145.27999877929688,145.6999969482422,144.75999450683594,145.47000122070312,0
2012-02-14,144.9199981689453,145.57000732421875,144.5800018310547,145.4499969482422,0
2012-02-15,144.6999969482422,146.0399932861328,144.38999938964844,145.7100067138672,0
2012-02-16,145.2100067138672,145.38999938964844,143.77000427246094,144.05999755859375,0
2012-02-17,145.75999450683594,146.24000549316406,145.1300048828125,145.66000366210938,0
2012-02-21,147.72000122070312,147.75999450683594,146.27000427246094,146.42999267578125,0
2012-02-22,148.2899932861328,148.39999389648438,146.94000244140625,146.9600067138672,0
2012-02-23,148.58999633789062,149.00999450683594,147.83999633789062,148.6300048828125,0
2012-02-24,149.35000610351562,149.58999633789062,148.38999938964844,148.8800048828125,0
2012-02-27,149.0500030517578,149.66000366210938,148.38999938964844,148.57000732421875,0
2012-02-28,148.72000122070312,149.5399932861328,148.60000610351562,149.13999938964844,0
2012-02-29,148.0399932861328,149.3000030517578,146.5399932861328,149.19000244140625,0
2012-03-01,148.55999755859375,148.6300048828125,147.24000549316406,147.77999877929688,0
2012-03-02,147.69000244140625,147.91000366210938,146.4499969482422,146.80999755859375,0
2012-03-05,146.38999938964844,147.22000122070312,146.1999969482422,146.22999572753906,0
2012-03-06,143.9600067138672,145.35000610351562,143.8800048828125,145.14999389648438,0
2012-03-07,143.6999969482422,144.3800048828125,143.22999572753906,144.3699951171875,0
2012-03-08,144.22000122070312,144.9499969482422,143.86000061035156,144.77999877929688,0
2012-03-09,145.39999389648438,145.60000610351562,143.8300018310547,144.77000427246094,0
2012-03-12,144.8800048828125,145.1300048828125,143.9600067138672,144.6300048828125,0
2012-03-13,145.97999572753906,146.13999938964844,144.6300048828125,145.5399932861328,0
2012-03-14,144.6300048828125,145.5500030517578,144.6300048828125,145.1999969482422,0
2012-03-15,145.5800018310547,145.9199981689453,144.75999450683594,144.80999755859375,0
2012-03-16,146.22999572753906,146.2899932861328,145.22000122070312,145.22000122070312,0
2012-03-19,146.47999572753906,146.72999572753906,145.58999633789062,145.6199951171875,0
2012-03-20,144.3300018310547,145.35000610351562,144.14999389648438,145.1199951171875,0
2012-03-21,144.36000061035156,144.7899932861328,144.14999389648438,144.4600067138672,0
2012-03-22,142.94000244140625,143.63999938964844,142.4600067138672,143.25,0
2012-03-23,144.05999755859375,144.5,143.4199981689453,143.7899932861328,0
2012-03-26,144.47000122070312,145.13999938964844,144.17999267578125,144.22999572753906,0
2012-03-27,144.0,144.86000061035156,143.86000061035156,144.8300018310547,0
2012-03-28,142.22999572753906,143.61000061035156,142.11000061035156,143.38999938964844,0
2012-03-29,139.94000244140625,142.14999389648438,139.77000427246094,141.77000427246094,0
2012-03-30,141.89999389648438,142.8800048828125,140.60000610351562,140.63999938964844,0
2012-04-02,143.77000427246094,143.8300018310547,141.5,141.97000122070312,0
2012-04-03,143.60000610351562,144.07000732421875,143.10000610351562,143.1699981689453,0
2012-04-04,140.85000610351562,142.41000366210938,140.85000610351562,142.38999938964844,0
2012-04-05,141.66000366210938,141.77999877929688,140.8800048828125,141.0500030517578,0
2012-04-09,141.16000366210938,141.16000366210938,140.25999450683594,140.88999938964844,0
2012-04-10,139.3800048828125,141.25999450683594,139.36000061035156,141.1999969482422,0
2012-04-11,139.6300048828125,140.02999877929688,139.3800048828125,139.6999969482422,0
2012-04-12,141.35000610351562,141.4199981689453,139.9199981689453,140.1300048828125,0
2012-04-13,139.4600067138672,140.99000549316406,139.3300018310547,140.72000122070312,0
2012-04-16,138.24000549316406,139.27000427246094,138.0500030517578,138.75,0
2012-04-17,138.4600067138672,139.0,138.4499969482422,138.92999267578125,0
2012-04-18,137.1699981689453,138.30999755859375,137.10000610351562,138.2899932861328,0
2012-04-19,137.52000427246094,138.1199951171875,137.27999877929688,138.00999450683594,0
2012-04-20,138.1999969482422,138.6300048828125,137.9600067138672,138.08999633789062,0
2012-04-23,137.91000366210938,137.91000366210938,136.9600067138672,137.5500030517578,0
2012-04-24,138.13999938964844,138.89999389648438,138.00999450683594,138.24000549316406,0
2012-04-25,138.8000030517578,139.25,137.92999267578125,138.99000549316406,0
2012-04-26,139.55999755859375,140.08999633789062,139.0399932861328,139.05999755859375,0
2012-04-27,140.6300048828125,140.67999267578125,139.63999938964844,139.67999267578125,0
2012-04-30,141.2899932861328,141.3699951171875,139.85000610351562,140.13999938964844,0
2012-05-01,141.52999877929688,141.72000122070312,140.67999267578125,140.69000244140625,0
2012-05-02,139.2100067138672,140.8699951171875,139.1199951171875,140.75999450683594,0
2012-05-03,138.3800048828125,139.41000366210938,138.3000030517578,139.08999633789062,0
2012-05-04,137.13999938964844,138.52999877929688,136.25999450683594,138.42999267578125,0
2012-05-07,137.30999755859375,137.49000549316406,136.5500030517578,137.2100067138672,0
2012-05-08,136.27000427246094,136.99000549316406,135.22999572753906,136.75999450683594,0
2012-05-09,135.91000366210938,136.2100067138672,135.11000061035156,135.64999389648438,0
2012-05-10,136.00999450683594,136.6699981689453,135.60000610351562,136.05999755859375,0
2012-05-11,134.75,135.52000427246094,134.58999633789062,134.74000549316406,0
2012-05-14,133.1199951171875,133.42999267578125,132.72000122070312,133.1300048828125,0
2012-05-15,133.8800048828125,133.9199981689453,133.00999450683594,133.52000427246094,0
2012-05-16,134.32000732421875,134.44000244140625,132.55999755859375,132.58999633789062,0
2012-05-17,135.0500030517578,135.10000610351562,134.27000427246094,134.47999572753906,0
2012-05-18,136.0,136.41000366210938,135.4600067138672,135.5,0
2012-05-21,135.72000122070312,136.27999877929688,135.52999877929688,136.16000366210938,0
2012-05-22,134.4499969482422,136.11000061035156,134.42999267578125,135.0500030517578,0
2012-05-23,132.36000061035156,133.19000244140625,131.82000732421875,133.02999877929688,0
2012-05-24,132.38999938964844,133.75,132.1699981689453,133.32000732421875,0
2012-05-25,132.61000061035156,132.94000244140625,132.22999572753906,132.9199981689453,0
2012-05-29,131.1300048828125,133.41000366210938,131.0399932861328,132.3300018310547,0
2012-05-30,129.4199981689453,130.22000122070312,128.97000122070312,129.80999755859375,0
2012-05-31,128.3800048828125,129.47999572753906,128.3699951171875,129.32000732421875,0
2012-06-01,126.80999755859375,127.8499984741211,126.22000122070312,127.11000061035156,0
2012-06-04,127.55000305175781,127.61000061035156,126.80000305175781,126.87999725341797,0
2012-06-05,127.66999816894531,128.25999450683594,127.27999877929688,127.62000274658203,0
2012-06-06,129.44000244140625,129.97999572753906,128.8800048828125,129.0800018310547,0
2012-06-07,129.24000549316406,130.92999267578125,128.9600067138672,129.24000549316406,0
2012-06-08,128.8000030517578,128.97000122070312,127.30999755859375,127.56999969482422,0
2012-06-11,128.33999633789062,129.5500030517578,128.27999877929688,129.49000549316406,0
2012-06-12,128.19000244140625,128.67999267578125,127.83999633789062,128.02000427246094,0
2012-06-13,127.3499984741211,128.22999572753906,127.27999877929688,128.16000366210938,0
2012-06-14,128.8300018310547,128.92999267578125,127.23999786376953,127.47000122070312,0
2012-06-15,128.7899932861328,129.6300048828125,128.72000122070312,129.24000549316406,0
2012-06-18,130.1300048828125,130.25999450683594,128.4600067138672,129.0800018310547,0
2012-06-19,131.4499969482422,131.72000122070312,130.5,130.5399932861328,0
2012-06-20,130.41000366210938,131.85000610351562,129.75999450683594,131.5399932861328,0
2012-06-21,127.83000183105469,129.72999572753906,127.62000274658203,129.36000061035156,0
2012-06-22,128.27000427246094,128.8300018310547,127.87000274658203,128.35000610351562,0
2012-06-25,130.55999755859375,130.57000732421875,129.25,129.35000610351562,0
2012-06-26,131.24000549316406,131.25,130.1199951171875,130.47999572753906,0
2012-06-27,131.97999572753906,133.1699981689453,131.3000030517578,131.3000030517578,0
2012-06-28,130.5,132.4600067138672,130.1199951171875,132.2100067138672,0
2012-06-29,135.4199981689453,135.58999633789062,132.5500030517578,132.57000732421875,0
2012-07-02,135.6699981689453,135.6999969482422,134.67999267578125,135.16000366210938,0
2012-07-03,139.30999755859375,139.3300018310547,137.14999389648438,137.36000061035156,0
2012-07-05,140.08999633789062,140.19000244140625,138.55999755859375,139.1199951171875,0
2012-07-06,136.88999938964844,139.0500030517578,136.8699951171875,138.77000427246094,0
2012-07-09,139.63999938964844,139.89999389648438,138.08999633789062,138.69000244140625,0
2012-07-10,137.5,139.44000244140625,137.47000122070312,139.24000549316406,0
2012-07-11,138.3800048828125,139.30999755859375,137.55999755859375,138.1199951171875,0
2012-07-12,138.8000030517578,139.17999267578125,137.02999877929688,137.3300018310547,0
2012-07-13,140.33999633789062,140.74000549316406,139.75,140.27999877929688,0
2012-07-16,141.7100067138672,141.8699951171875,140.80999755859375,141.07000732421875,0
2012-07-17,141.4499969482422,142.05999755859375,140.67999267578125,141.4199981689453,0
2012-07-18,143.35000610351562,143.39999389648438,140.57000732421875,140.64999389648438,0
2012-07-19,145.83999633789062,145.89999389648438,144.3699951171875,144.7100067138672,0
2012-07-20,146.19000244140625,146.2100067138672,144.86000061035156,145.24000549316406,0
2012-07-23,143.67999267578125,144.30999755859375,142.47999572753906,143.22000122070312,0
2012-07-24,142.11000061035156,143.08999633789062,141.11000061035156,142.4499969482422,0
2012-07-25,142.92999267578125,143.5500030517578,142.02000427246094,142.8800048828125,0
2012-07-26,142.4199981689453,143.9600067138672,142.14999389648438,142.75999450683594,0
2012-07-27,143.47999572753906,143.82000732421875,142.82000732421875,143.32000732421875,0
2012-07-30,145.6199951171875,145.75,144.5399932861328,144.77000427246094,0
2012-07-31,144.1699981689453,146.08999633789062,143.88999938964844,145.99000549316406,0
2012-08-01,143.3800048828125,143.6300048828125,142.49000549316406,143.50999450683594,0
2012-08-02,140.74000549316406,143.49000549316406,140.6999969482422,143.02999877929688,0
2012-08-03,142.9199981689453,143.5500030517578,140.69000244140625,141.0500030517578,0
2012-08-06,143.02000427246094,143.2100067138672,141.85000610351562,142.02999877929688,0
2012-08-07,143.66000366210938,143.99000549316406,143.47999572753906,143.57000732421875,0
2012-08-08,143.99000549316406,144.02999877929688,142.8800048828125,143.1300048828125,0
2012-08-09,144.74000549316406,145.5399932861328,143.9199981689453,144.14999389648438,0
2012-08-10,143.1999969482422,144.1699981689453,143.02999877929688,144.02999877929688,0
2012-08-13,141.64999389648438,143.02000427246094,141.6199951171875,142.7899932861328,0
2012-08-14,141.83999633789062,142.3699951171875,141.36000061035156,142.3300018310547,0
2012-08-15,142.27000427246094,142.42999267578125,141.39999389648438,141.75999450683594,0
2012-08-16,142.72000122070312,143.08999633789062,142.16000366210938,142.38999938964844,0
2012-08-17,143.11000061035156,143.33999633789062,142.4499969482422,142.6999969482422,0
2012-08-20,144.08999633789062,144.10000610351562,142.80999755859375,143.22999572753906,0
2012-08-21,145.8300018310547,146.22999572753906,144.92999267578125,145.02000427246094,0
2012-08-22,146.1199951171875,146.38999938964844,145.2100067138672,145.64999389648438,0
2012-08-23,145.97999572753906,147.05999755859375,145.47999572753906,146.74000549316406,0
2012-08-24,145.36000061035156,146.6300048828125,145.25,146.11000061035156,0
2012-08-27,144.69000244140625,146.1999969482422,144.52000427246094,146.00999450683594,0
2012-08-28,144.41000366210938,144.80999755859375,144.00999450683594,144.39999389648438,0
2012-08-29,145.22999572753906,145.2899932861328,144.1300048828125,144.35000610351562,0
2012-08-30,145.0399932861328,145.55999755859375,144.6999969482422,145.1199951171875,0
2012-08-31,146.02999877929688,146.14999389648438,144.61000061035156,145.17999267578125,0
2012-09-04,146.57000732421875,148.52000427246094,146.27999877929688,148.44000244140625,0
2012-09-05,145.64999389648438,146.57000732421875,145.5500030517578,146.02999877929688,0
2012-09-06,145.99000549316406,146.7100067138672,145.6300048828125,146.27999877929688,0
2012-09-07,147.25999450683594,147.50999450683594,146.02999877929688,146.0800018310547,0
2012-09-10,147.83999633789062,148.13999938964844,147.3699951171875,147.77000427246094,0
2012-09-11,148.6699981689453,148.94000244140625,147.85000610351562,147.88999938964844,0
2012-09-12,149.49000549316406,149.50999450683594,148.38999938964844,149.25,0
2012-09-13,150.50999450683594,150.5500030517578,148.94000244140625,149.5500030517578,0
2012-09-14,152.00999450683594,152.7100067138672,151.77999877929688,152.5399932861328,0
2012-09-17,148.6999969482422,151.30999755859375,148.3800048828125,151.30999755859375,0
2012-09-18,147.4199981689453,148.8000030517578,147.3699951171875,147.94000244140625,0
2012-09-19,147.0399932861328,148.1199951171875,146.66000366210938,147.85000610351562,0
2012-09-20,146.3000030517578,147.02000427246094,145.97000122070312,146.02000427246094,0
2012-09-21,147.64999389648438,147.91000366210938,146.86000061035156,147.10000610351562,0
2012-09-24,146.3300018310547,146.4499969482422,145.77999877929688,146.11000061035156,0
2012-09-25,146.88999938964844,147.75,146.3699951171875,146.9600067138672,0
2012-09-26,145.5500030517578,146.13999938964844,144.8699951171875,146.11000061035156,0
2012-09-27,146.9199981689453,147.05999755859375,145.97999572753906,146.0500030517578,0
2012-09-28,148.50999450683594,148.6699981689453,146.77999877929688,147.00999450683594,0
2012-10-01,149.2899932861328,149.91000366210938,148.13999938964844,148.16000366210938,0
2012-10-02,148.97999572753906,149.3300018310547,148.3000030517578,149.3300018310547,0
2012-10-03,147.27000427246094,148.4499969482422,146.9600067138672,148.30999755859375,0
2012-10-04,148.82000732421875,149.1699981689453,147.88999938964844,148.16000366210938,0
2012-10-05,147.7899932861328,148.94000244140625,147.42999267578125,148.38999938964844,0
2012-10-08,147.00999450683594,147.3800048828125,146.4199981689453,146.5,0
2012-10-09,147.80999755859375,148.19000244140625,147.0399932861328,147.35000610351562,0
2012-10-10,147.10000610351562,147.89999389648438,146.97000122070312,147.47999572753906,0
2012-10-11,148.77000427246094,149.2899932861328,147.4199981689453,147.64999389648438,0
2012-10-12,146.9199981689453,148.16000366210938,146.47999572753906,147.9600067138672,0
2012-10-15,145.3800048828125,146.11000061035156,144.6300048828125,145.86000061035156,0
2012-10-16,145.64999389648438,146.22999572753906,145.35000610351562,146.0,0
2012-10-17,146.77999877929688,146.8000030517578,145.72999572753906,146.05999755859375,0
2012-10-18,147.63999938964844,147.67999267578125,146.16000366210938,147.08999633789062,0
2012-10-19,146.3699951171875,147.8800048828125,146.32000732421875,147.67999267578125,0
2012-10-22,145.1300048828125,146.9600067138672,145.08999633789062,146.72999572753906,0
2012-10-23,144.1699981689453,144.30999755859375,143.16000366210938,144.22000122070312,0
2012-10-24,143.7899932861328,144.5,143.4600067138672,144.27000427246094,0
2012-10-25,143.52000427246094,144.44000244140625,143.0800018310547,144.32000732421875,0
2012-10-26,143.0,143.74000549316406,142.8000030517578,142.8000030517578,0
2012-10-31,142.74000549316406,143.4499969482422,142.7100067138672,143.2100067138672,0
2012-11-01,143.0800018310547,143.7100067138672,142.9499969482422,143.66000366210938,0
2012-11-02,140.3699951171875,142.67999267578125,140.32000732421875,142.55999755859375,0
2012-11-05,140.22999572753906,140.52000427246094,139.89999389648438,140.08999633789062,0
2012-11-06,142.47000122070312,142.52000427246094,140.69000244140625,140.8699951171875,0
2012-11-07,140.99000549316406,142.41000366210938,140.83999633789062,142.3699951171875,0
2012-11-08,141.5500030517578,141.67999267578125,140.7100067138672,141.00999450683594,0
2012-11-09,140.7899932861328,141.3000030517578,140.19000244140625,141.0399932861328,0
2012-11-12,140.42999267578125,140.91000366210938,140.00999450683594,140.67999267578125,0
2012-11-13,140.9600067138672,141.2100067138672,140.22999572753906,140.50999450683594,0
2012-11-14,141.5,142.05999755859375,141.25999450683594,141.6300048828125,0
2012-11-15,140.63999938964844,141.64999389648438,140.5500030517578,141.33999633789062,0
2012-11-16,140.9499969482422,141.07000732421875,139.80999755859375,140.02999877929688,0
2012-11-19,142.6999969482422,143.07000732421875,141.8699951171875,142.0,0
2012-11-20,142.69000244140625,142.88999938964844,142.1699981689453,142.69000244140625,0
2012-11-21,143.11000061035156,143.14999389648438,142.38999938964844,142.6999969482422,0
2012-11-23,144.0800018310547,144.24000549316406,142.83999633789062,143.16000366210938,0
2012-11-26,143.30999755859375,144.17999267578125,143.22999572753906,144.17999267578125,0
2012-11-27,144.02999877929688,144.0399932861328,143.22999572753906,143.72000122070312,0
2012-11-28,143.1999969482422,143.42999267578125,142.10000610351562,143.42999267578125,0
2012-11-29,143.55999755859375,144.27000427246094,143.42999267578125,143.9600067138672,0
2012-11-30,142.8000030517578,143.72999572753906,142.63999938964844,143.6300048828125,0
2012-12-03,143.3800048828125,144.11000061035156,143.16000366210938,143.47000122070312,0
2012-12-04,142.10000610351562,142.99000549316406,141.82000732421875,142.89999389648438,0
2012-12-05,143.2100067138672,143.3000030517578,142.0500030517578,142.64999389648438,0
2012-12-06,142.4600067138672,143.47000122070312,141.99000549316406,143.3300018310547,0
2012-12-07,141.50999450683594,142.41000366210938,141.49000549316406,142.02000427246094,0
2012-12-10,141.1699981689453,141.86000061035156,141.02999877929688,141.69000244140625,0
2012-12-11,140.6199951171875,141.5,140.3699951171875,141.38999938964844,0
2012-12-12,140.89999389648438,141.24000549316406,140.47999572753906,141.0,0
2012-12-13,139.6300048828125,140.4199981689453,139.47000122070312,140.02999877929688,0
2012-12-14,140.5399932861328,140.72999572753906,139.8000030517578,140.22000122070312,0
2012-12-17,140.4600067138672,140.8800048828125,140.25999450683594,140.64999389648438,0
2012-12-18,140.3300018310547,140.86000061035156,140.00999450683594,140.3699951171875,0
2012-12-19,139.5500030517578,140.33999633789062,139.4600067138672,140.2899932861328,0
2012-12-20,138.91000366210938,139.32000732421875,138.22999572753906,139.1999969482422,0
2012-12-21,139.25999450683594,139.4199981689453,138.8800048828125,138.99000549316406,0
2012-12-24,138.66000366210938,139.16000366210938,138.60000610351562,139.0,0
2012-12-26,139.1300048828125,139.97999572753906,138.7899932861328,138.86000061035156,0
2012-12-27,139.1199951171875,139.1699981689453,138.64999389648438,138.92999267578125,0
2012-12-28,139.0800018310547,139.4600067138672,138.75999450683594,138.97999572753906,0
2012-12-31,139.07000732421875,139.60000610351562,138.22000122070312,138.3000030517578,0
2013-01-02,139.69000244140625,140.85000610351562,139.22000122070312,139.85000610351562,0
2013-01-03,138.67999267578125,139.38999938964844,138.5800018310547,139.3800048828125,0
2013-01-04,137.72999572753906,138.17999267578125,137.30999755859375,137.5500030517578,0
2013-01-07,137.9600067138672,138.33999633789062,137.61000061035156,137.77000427246094,0
2013-01-08,137.9199981689453,138.27000427246094,137.67999267578125,138.08999633789062,0
2013-01-09,137.3000030517578,138.13999938964844,137.02000427246094,137.82000732421875,0
2013-01-10,138.4499969482422,138.69000244140625,138.10000610351562,138.44000244140625,0
2013-01-11,138.5500030517578,138.8300018310547,137.42999267578125,138.1199951171875,0
2013-01-14,139.6199951171875,139.86000061035156,139.1999969482422,139.6199951171875,0
2013-01-15,139.9199981689453,140.32000732421875,139.57000732421875,139.6300048828125,0
2013-01-16,140.02000427246094,140.13999938964844,139.49000549316406,139.52000427246094,0
2013-01-17,140.85000610351562,141.10000610351562,139.9199981689453,140.05999755859375,0
2013-01-18,141.47999572753906,141.52999877929688,140.75,141.25,0
2013-01-22,141.88999938964844,142.27999877929688,141.47000122070312,142.11000061035156,0
2013-01-23,141.60000610351562,142.24000549316406,141.42999267578125,141.97000122070312,0
2013-01-24,141.05999755859375,141.38999938964844,140.7899932861328,141.0800018310547,0
2013-01-25,140.64999389648438,141.0800018310547,140.36000061035156,141.02999877929688,0
2013-01-28,140.52999877929688,140.6300048828125,140.07000732421875,140.4499969482422,0
2013-01-29,140.97999572753906,141.14999389648438,140.3300018310547,140.3300018310547,0
2013-01-30,142.9600067138672,143.02000427246094,141.9499969482422,142.0800018310547,0
2013-01-31,142.39999389648438,142.83999633789062,141.8300018310547,142.8300018310547,0
2013-02-01,142.88999938964844,143.67999267578125,142.7899932861328,142.85000610351562,0
2013-02-04,142.42999267578125,143.05999755859375,142.19000244140625,142.63999938964844,0
2013-02-05,142.86000061035156,142.99000549316406,142.4199981689453,142.7899932861328,0
2013-02-06,142.4199981689453,142.69000244140625,142.0399932861328,142.35000610351562,0
2013-02-07,141.17999267578125,142.64999389648438,141.16000366210938,142.57000732421875,0
2013-02-08,141.2100067138672,142.22999572753906,141.17999267578125,141.57000732421875,0
2013-02-11,140.50999450683594,140.6199951171875,139.99000549316406,140.5800018310547,0
2013-02-12,140.25999450683594,140.6999969482422,140.05999755859375,140.6699981689453,0
2013-02-13,140.49000549316406,140.7100067138672,140.1300048828125,140.1699981689453,0
2013-02-14,139.61000061035156,140.49000549316406,139.30999755859375,140.4499969482422,0
2013-02-15,139.1999969482422,139.8000030517578,138.80999755859375,139.5800018310547,0
2013-02-19,139.24000549316406,139.36000061035156,138.66000366210938,139.14999389648438,0
2013-02-20,138.41000366210938,139.2899932861328,137.83999633789062,139.19000244140625,0
2013-02-21,136.8300018310547,137.4199981689453,136.77000427246094,137.3300018310547,0
2013-02-22,136.69000244140625,137.41000366210938,136.6199951171875,137.35000610351562,0
2013-02-25,137.1199951171875,137.91000366210938,136.89999389648438,137.88999938964844,0
2013-02-26,137.0800018310547,137.22000122070312,136.49000549316406,136.6300048828125,0
2013-02-27,136.58999633789062,137.61000061035156,136.5500030517578,137.11000061035156,0
2013-02-28,136.57000732421875,137.07000732421875,136.38999938964844,136.60000610351562,0
2013-03-01,135.77000427246094,136.1199951171875,135.44000244140625,135.52000427246094,0
2013-03-04,135.9499969482422,136.0800018310547,135.47999572753906,135.80999755859375,0
2013-03-05,136.5,136.97000122070312,136.3000030517578,136.63999938964844,0
2013-03-06,135.47000122070312,136.4199981689453,135.3699951171875,136.35000610351562,0
2013-03-07,136.77000427246094,136.77999877929688,135.6199951171875,135.63999938964844,0
2013-03-08,137.25,137.27000427246094,136.3800048828125,136.5800018310547,0
2013-03-11,137.41000366210938,137.55999755859375,136.72000122070312,136.92999267578125,0
2013-03-12,137.75999450683594,138.3699951171875,137.5500030517578,137.57000732421875,0
2013-03-13,137.2899932861328,138.0800018310547,136.99000549316406,137.77000427246094,0
2013-03-14,138.22999572753906,138.3300018310547,137.05999755859375,137.16000366210938,0
2013-03-15,138.3699951171875,139.05999755859375,138.1699981689453,138.8699951171875,0
2013-03-18,137.52000427246094,137.89999389648438,137.24000549316406,137.50999450683594,0
2013-03-19,137.3800048828125,137.97000122070312,137.17999267578125,137.60000610351562,0
2013-03-20,138.13999938964844,138.13999938964844,137.17999267578125,137.82000732421875,0
2013-03-21,138.0,138.5,137.6199951171875,138.19000244140625,0
2013-03-22,138.00999450683594,138.39999389648438,137.58999633789062,138.1699981689453,0
2013-03-25,137.7899932861328,138.4499969482422,137.7100067138672,138.00999450683594,0
2013-03-26,138.5,138.61000061035156,137.85000610351562,138.05999755859375,0
2013-03-27,139.3300018310547,139.5399932861328,138.33999633789062,138.36000061035156,0
2013-03-28,137.47999572753906,139.32000732421875,137.0500030517578,139.0800018310547,0
2013-04-01,136.36000061035156,137.10000610351562,136.02999877929688,136.3800048828125,0
2013-04-02,135.52000427246094,136.6199951171875,135.22999572753906,136.50999450683594,0
2013-04-03,133.92999267578125,135.5,133.52999877929688,135.27999877929688,0
2013-04-04,133.63999938964844,133.97999572753906,133.0500030517578,133.91000366210938,0
2013-04-05,134.0800018310547,134.25,133.19000244140625,133.33999633789062,0
2013-04-08,134.49000549316406,135.11000061035156,134.14999389648438,135.0399932861328,0
2013-04-09,135.3000030517578,135.3800048828125,134.44000244140625,134.72999572753906,0
2013-04-10,135.02999877929688,135.8699951171875,134.92999267578125,135.1699981689453,0
2013-04-11,135.02000427246094,135.47999572753906,134.7899932861328,135.05999755859375,0
2013-04-12,133.85000610351562,134.52000427246094,133.24000549316406,134.39999389648438,0
2013-04-15,129.94000244140625,131.52000427246094,129.8300018310547,131.41000366210938,0
2013-04-16,131.11000061035156,131.1199951171875,129.9600067138672,130.4199981689453,0
2013-04-17,130.32000732421875,130.6199951171875,129.99000549316406,130.38999938964844,0
2013-04-18,131.61000061035156,131.8300018310547,130.2899932861328,130.89999389648438,0
2013-04-19,131.50999450683594,131.77000427246094,131.10000610351562,131.63999938964844,0
2013-04-22,130.9600067138672,131.66000366210938,130.4199981689453,131.4600067138672,0
2013-04-23,130.08999633789062,130.74000549316406,130.02999877929688,130.44000244140625,0
2013-04-24,130.61000061035156,130.9499969482422,130.38999938964844,130.66000366210938,0
2013-04-25,132.6199951171875,132.8300018310547,131.3000030517578,131.3300018310547,0
2013-04-26,131.9199981689453,132.27999877929688,131.27000427246094,132.2100067138672,0
2013-04-29,134.3800048828125,134.47000122070312,132.72000122070312,132.82000732421875,0
2013-04-30,133.6300048828125,134.24000549316406,133.47000122070312,134.1199951171875,0
2013-05-01,131.3300018310547,132.4600067138672,131.27000427246094,132.4600067138672,0
2013-05-02,131.60000610351562,132.47000122070312,130.91000366210938,132.17999267578125,0
2013-05-03,133.1199951171875,133.4600067138672,132.47999572753906,132.52999877929688,0
2013-05-06,132.6999969482422,132.8800048828125,132.3699951171875,132.83999633789062,0
2013-05-07,132.02999877929688,132.3699951171875,131.55999755859375,132.2899932861328,0
2013-05-08,132.94000244140625,133.22000122070312,132.3000030517578,132.64999389648438,0
2013-05-09,133.3800048828125,133.3800048828125,132.27999877929688,132.38999938964844,0
2013-05-10,131.94000244140625,132.4499969482422,131.3000030517578,132.39999389648438,0
2013-05-13,132.1999969482422,132.67999267578125,131.69000244140625,131.7899932861328,0
2013-05-14,131.9199981689453,132.13999938964844,131.60000610351562,131.9199981689453,0
2013-05-15,131.3000030517578,131.57000732421875,130.64999389648438,131.10000610351562,0
2013-05-16,130.89999389648438,131.24000549316406,130.55999755859375,130.91000366210938,0
2013-05-17,131.6999969482422,131.72000122070312,130.8300018310547,131.39999389648438,0
2013-05-20,132.5,132.6199951171875,131.57000732421875,131.85000610351562,0
2013-05-21,132.38999938964844,132.5399932861328,131.7100067138672,132.3000030517578,0
2013-05-22,132.30999755859375,133.13999938964844,132.02999877929688,132.75,0
2013-05-23,132.55999755859375,132.83999633789062,131.32000732421875,131.82000732421875,0
2013-05-24,131.97999572753906,132.35000610351562,131.75999450683594,132.30999755859375,0
2013-05-28,132.4199981689453,132.86000061035156,132.1699981689453,132.39999389648438,0
2013-05-29,131.85000610351562,132.3800048828125,131.39999389648438,132.2899932861328,0
2013-05-30,131.30999755859375,131.83999633789062,131.11000061035156,131.74000549316406,0
2013-05-31,130.6300048828125,131.25999450683594,130.5800018310547,131.1699981689453,0
2013-06-03,131.82000732421875,131.97999572753906,131.2100067138672,131.67999267578125,0
2013-06-04,132.1300048828125,132.4199981689453,131.3800048828125,131.50999450683594,0
2013-06-05,132.17999267578125,132.9499969482422,132.11000061035156,132.41000366210938,0
2013-06-06,131.75,132.00999450683594,131.52999877929688,131.97000122070312,0
2013-06-07,131.3000030517578,132.22000122070312,130.94000244140625,132.1300048828125,0
2013-06-10,130.58999633789062,130.9199981689453,130.52999877929688,130.77000427246094,0
2013-06-11,129.9499969482422,130.02999877929688,129.33999633789062,129.66000366210938,0
2013-06-12,130.11000061035156,130.35000610351562,129.8300018310547,130.24000549316406,0
2013-06-13,130.0800018310547,130.13999938964844,129.41000366210938,129.5800018310547,0
2013-06-14,130.3699951171875,130.8699951171875,130.22000122070312,130.3699951171875,0
2013-06-17,130.75999450683594,130.97999572753906,130.11000061035156,130.35000610351562,0
2013-06-18,130.89999389648438,130.9600067138672,130.50999450683594,130.5399932861328,0
2013-06-19,131.97000122070312,132.16000366210938,131.0,131.22999572753906,0
2013-06-20,128.05999755859375,129.50999450683594,127.94999694824219,129.50999450683594,0
2013-06-21,127.27999877929688,128.3300018310547,127.19999694824219,128.3300018310547,0
2013-06-24,126.41999816894531,126.80000305175781,126.0999984741211,126.58000183105469,0
2013-06-25,126.41000366210938,127.3499984741211,126.22000122070312,127.27999877929688,0
2013-06-26,125.73999786376953,126.12999725341797,125.44999694824219,125.88999938964844,0
2013-06-27,125.33000183105469,126.13999938964844,125.05999755859375,125.81999969482422,0
2013-06-28,124.47000122070312,125.52999877929688,124.44000244140625,125.5199966430664,0
2013-07-01,125.38999938964844,125.58000183105469,125.05000305175781,125.11000061035156,0
2013-07-02,125.9800033569336,126.18000030517578,125.5999984741211,125.83999633789062,0
2013-07-03,126.80000305175781,126.8499984741211,126.31999969482422,126.55999755859375,0
2013-07-05,125.54000091552734,126.37999725341797,125.33000183105469,126.27999877929688,0
2013-07-08,126.93000030517578,127.05000305175781,126.12000274658203,126.18000030517578,0
2013-07-09,127.2699966430664,127.31999969482422,126.58999633789062,127.04000091552734,0
2013-07-10,128.3000030517578,128.4600067138672,127.93000030517578,128.00999450683594,0
2013-07-11,128.61000061035156,129.13999938964844,128.02000427246094,128.85000610351562,0
2013-07-12,128.4499969482422,129.00999450683594,128.36000061035156,128.61000061035156,0
2013-07-15,128.3699951171875,128.41000366210938,127.56999969482422,127.8499984741211,0
2013-07-16,129.05999755859375,129.3699951171875,128.77999877929688,129.19000244140625,0
2013-07-17,128.4199981689453,129.00999450683594,128.2100067138672,128.74000549316406,0
2013-07-18,129.49000549316406,129.67999267578125,128.3699951171875,128.3699951171875,0
2013-07-19,129.66000366210938,129.8699951171875,129.4199981689453,129.64999389648438,0
2013-07-22,129.86000061035156,130.17999267578125,129.58999633789062,129.89999389648438,0
2013-07-23,129.67999267578125,129.92999267578125,129.32000732421875,129.4199981689453,0
2013-07-24,128.5,129.80999755859375,128.2899932861328,129.6199951171875,0
2013-07-25,127.77999877929688,128.32000732421875,127.38999938964844,128.0,0
2013-07-26,126.62000274658203,127.30999755859375,126.5,127.30999755859375,0
2013-07-29,126.16999816894531,126.58999633789062,125.91000366210938,126.52999877929688,0
2013-07-30,125.2699966430664,126.08000183105469,125.06999969482422,125.63999938964844,0
2013-07-31,126.16000366210938,126.19000244140625,125.08000183105469,125.48999786376953,0
2013-08-01,126.26000213623047,127.05999755859375,126.05000305175781,126.88999938964844,0
2013-08-02,125.68000030517578,126.55000305175781,125.5999984741211,126.05999755859375,0
2013-08-05,125.0199966430664,125.18000030517578,124.75,124.91000366210938,0
2013-08-06,124.27999877929688,125.25,124.19000244140625,125.2300033569336,0
2013-08-07,123.7300033569336,124.11000061035156,123.61000061035156,123.9800033569336,0
2013-08-08,125.0199966430664,125.12999725341797,123.98999786376953,124.56999969482422,0
2013-08-09,125.56999969482422,125.88999938964844,125.25,125.55999755859375,0
2013-08-12,127.23999786376953,127.55999755859375,125.76000213623047,125.76000213623047,0
2013-08-13,127.05999755859375,128.08999633789062,126.94000244140625,127.23999786376953,0
2013-08-14,128.0,128.02000427246094,126.80000305175781,127.05999755859375,0
2013-08-15,129.52999877929688,129.58999633789062,127.79000091552734,128.0,0
2013-08-16,129.61000061035156,129.91000366210938,129.25,129.52999877929688,0
2013-08-19,130.1999969482422,130.5399932861328,129.61000061035156,129.61000061035156,0
2013-08-20,129.49000549316406,130.1999969482422,129.13999938964844,130.1999969482422,0
2013-08-21,129.07000732421875,129.77000427246094,128.97000122070312,129.49000549316406,0
2013-08-22,129.0,129.5,128.92999267578125,129.07000732421875,0
2013-08-23,130.17999267578125,130.33999633789062,129.0,129.0,0
2013-08-26,131.4499969482422,131.7899932861328,130.17999267578125,130.17999267578125,0
2013-08-27,132.27000427246094,132.6199951171875,131.35000610351562,131.4499969482422,0
2013-08-28,132.3699951171875,133.6300048828125,131.99000549316406,132.27000427246094,0
2013-08-29,131.6199951171875,132.3699951171875,131.22000122070312,132.3699951171875,0
2013-08-30,130.44000244140625,131.6199951171875,130.27999877929688,131.6199951171875,0
2013-09-03,131.64999389648438,132.00999450683594,130.44000244140625,130.44000244140625,0
2013-09-04,130.2899932861328,131.64999389648438,129.99000549316406,131.64999389648438,0
2013-09-05,129.77000427246094,130.52999877929688,129.36000061035156,130.2899932861328,0
2013-09-06,130.77000427246094,130.83999633789062,129.77000427246094,129.77000427246094,0
2013-09-09,130.33999633789062,130.9499969482422,130.17999267578125,130.77000427246094,0
2013-09-10,129.2899932861328,130.33999633789062,128.89999389648438,130.33999633789062,0
2013-09-11,129.42999267578125,129.77000427246094,129.07000732421875,129.2899932861328,0
2013-09-12,129.91000366210938,129.94000244140625,128.64999389648438,129.42999267578125,0
2013-09-13,129.32000732421875,129.91000366210938,129.02000427246094,129.91000366210938,0
2013-09-16,128.88999938964844,129.57000732421875,128.4600067138672,129.32000732421875,0
2013-09-17,128.02000427246094,129.3000030517578,127.81999969482422,128.88999938964844,0
2013-09-18,128.9199981689453,129.41000366210938,127.7300033569336,128.02000427246094,0
2013-09-19,130.0,130.99000549316406,128.9199981689453,128.9199981689453,0
2013-09-20,128.2899932861328,130.0,128.14999389648438,130.0,0
2013-09-23,127.58999633789062,128.2899932861328,127.48999786376953,128.2899932861328,0
2013-09-24,126.8499984741211,127.66999816894531,126.62999725341797,127.58999633789062,0
2013-09-25,127.44999694824219,127.86000061035156,126.8499984741211,126.8499984741211,0
2013-09-26,127.80999755859375,127.88999938964844,127.16000366210938,127.44999694824219,0
2013-09-27,128.00999450683594,128.32000732421875,127.5999984741211,127.80999755859375,0
2013-09-30,127.11000061035156,128.00999450683594,126.9000015258789,128.00999450683594,0
2013-10-01,126.27999877929688,127.19000244140625,125.83000183105469,127.11000061035156,0
2013-10-02,127.2300033569336,127.44999694824219,125.8499984741211,126.27999877929688,0
2013-10-03,126.91000366210938,127.45999908447266,126.80000305175781,127.2300033569336,0
2013-10-04,127.26000213623047,127.41999816894531,126.75,126.91000366210938,0
2013-10-07,128.11000061035156,128.27999877929688,126.87999725341797,127.26000213623047,0
2013-10-08,128.52000427246094,128.97999572753906,128.11000061035156,128.11000061035156,0
2013-10-09,127.4000015258789,128.52000427246094,127.19000244140625,128.52000427246094,0
2013-10-10,128.1699981689453,128.5500030517578,127.4000015258789,127.4000015258789,0
2013-10-11,127.77999877929688,128.1699981689453,127.23999786376953,128.1699981689453,0
2013-10-14,128.32000732421875,128.44000244140625,127.77999877929688,127.77999877929688,0
2013-10-15,127.76000213623047,128.41000366210938,127.52999877929688,128.32000732421875,0
2013-10-16,128.25999450683594,128.77999877929688,127.76000213623047,127.76000213623047,0
2013-10-17,128.19000244140625,128.85000610351562,127.9800033569336,128.25999450683594,0
2013-10-18,128.69000244140625,128.9199981689453,128.10000610351562,128.19000244140625,0
2013-10-21,128.1199951171875,129.11000061035156,128.05999755859375,128.69000244140625,0
2013-10-22,128.11000061035156,128.77000427246094,127.86000061035156,128.1199951171875,0
2013-10-23,127.11000061035156,128.14999389648438,127.06999969482422,128.11000061035156,0
2013-10-24,127.19000244140625,127.4800033569336,126.55999755859375,127.11000061035156,0
2013-10-25,127.5199966430664,127.58999633789062,126.72000122070312,127.19000244140625,0
2013-10-28,126.91000366210938,127.5199966430664,126.77999877929688,127.5199966430664,0
2013-10-29,126.48999786376953,126.95999908447266,126.2699966430664,126.91000366210938,0
2013-10-30,126.63999938964844,127.01000213623047,126.37000274658203,126.48999786376953,0
2013-10-31,125.2300033569336,126.63999938964844,125.19000244140625,126.63999938964844,0
2013-11-01,123.87000274658203,125.45999908447266,123.80000305175781,125.2300033569336,0
2013-11-04,123.19999694824219,123.87000274658203,123.0999984741211,123.87000274658203,0
2013-11-05,122.79000091552734,123.3499984741211,122.70999908447266,123.19999694824219,0
2013-11-06,123.0,123.5,122.80000305175781,122.80000305175781,0
2013-11-07,122.69000244140625,123.37000274658203,122.63999938964844,123.0,0
2013-11-08,123.26000213623047,123.2699966430664,122.37000274658203,122.69000244140625,0
2013-11-11,123.52999877929688,123.66999816894531,123.18000030517578,123.26000213623047,0
2013-11-12,123.11000061035156,123.9000015258789,123.0,123.52999877929688,0
2013-11-13,122.83000183105469,123.45999908447266,122.7699966430664,123.11000061035156,0
2013-11-14,123.2300033569336,123.41999816894531,122.58999633789062,122.83000183105469,0
2013-11-15,123.20999908447266,123.5199966430664,123.02999877929688,123.2300033569336,0
2013-11-18,122.41999816894531,123.33999633789062,122.38999938964844,123.20999908447266,0
2013-11-19,122.0,122.62000274658203,122.0,122.41999816894531,0
2013-11-20,122.43000030517578,122.51000213623047,122.0,122.0,0
2013-11-21,123.29000091552734,123.56999969482422,122.19999694824219,122.43000030517578,0
2013-11-22,123.80999755859375,123.98999786376953,123.23999786376953,123.29000091552734,0
2013-11-25,123.88999938964844,124.22000122070312,123.19000244140625,123.80999755859375,0
2013-11-26,123.83000183105469,124.27999877929688,123.38999938964844,123.88999938964844,0
2013-11-27,123.55000305175781,124.27999877929688,123.4800033569336,123.79000091552734,0
2013-11-29,124.22000122070312,124.63999938964844,123.55000305175781,123.55000305175781,0
2013-12-02,123.88999938964844,124.33000183105469,123.44999694824219,124.22000122070312,0
2013-12-03,124.20999908447266,124.41000366210938,123.45999908447266,123.88999938964844,0
2013-12-04,125.05000305175781,125.37999725341797,124.20999908447266,124.20999908447266,0
2013-12-05,125.2300033569336,125.41000366210938,124.48999786376953,125.05000305175781,0
2013-12-06,125.37999725341797,125.88999938964844,125.0199966430664,125.2300033569336,0
2013-12-09,125.98999786376953,126.20999908447266,125.37999725341797,125.37999725341797,0
2013-12-10,126.5199966430664,126.98999786376953,125.9800033569336,125.9800033569336,0
2013-12-11,127.05999755859375,127.0999984741211,126.25,126.5199966430664,0
2013-12-12,126.33000183105469,127.23999786376953,125.91000366210938,127.05999755859375,0
2013-12-13,126.11000061035156,126.33000183105469,125.86000061035156,126.33000183105469,0
2013-12-16,126.33999633789062,126.66000366210938,125.58000183105469,126.11000061035156,0
2013-12-17,126.04000091552734,126.44000244140625,125.68000030517578,126.33999633789062,0
2013-12-18,126.02999877929688,126.45999908447266,125.87000274658203,126.04000091552734,0
2013-12-19,126.7300033569336,126.80000305175781,125.7300033569336,126.02999877929688,0
2013-12-20,127.58999633789062,127.73999786376953,126.69000244140625,126.7300033569336,0
2013-12-23,127.33999633789062,127.94999694824219,127.30000305175781,127.58999633789062,0
2013-12-24,127.48999786376953,127.66000366210938,127.19000244140625,127.33999633789062,0
2013-12-26,127.4800033569336,127.80000305175781,127.29000091552734,127.48999786376953,0
2013-12-27,127.61000061035156,127.9800033569336,127.3499984741211,127.4800033569336,0
2013-12-30,127.13999938964844,127.83000183105469,127.06999969482422,127.61000061035156,0
2013-12-31,125.75,127.13999938964844,125.66999816894531,127.13999938964844,0
2014-01-02,125.4000015258789,126.45999908447266,125.36000061035156,125.75,0
2014-01-03,124.91000366210938,125.48999786376953,124.66999816894531,125.4000015258789,0
2014-01-06,125.05999755859375,125.33000183105469,124.87999725341797,124.94999694824219,0
2014-01-07,124.87000274658203,125.55000305175781,124.7699966430664,125.05999755859375,0
2014-01-08,123.68000030517578,125.0999984741211,123.58000183105469,124.87000274658203,0
2014-01-09,122.33000183105469,123.77999877929688,122.22000122070312,123.68000030517578,0
2014-01-10,123.63999938964844,123.8499984741211,122.33000183105469,122.33000183105469,0
2014-01-13,124.5199966430664,124.6500015258789,123.63999938964844,123.63999938964844,0
2014-01-14,124.80000305175781,124.9000015258789,124.22000122070312,124.5199966430664,0
2014-01-15,124.91000366210938,125.31999969482422,124.44000244140625,124.80000305175781,0
2014-01-16,125.1500015258789,125.66999816894531,124.86000061035156,124.91000366210938,0
2014-01-17,125.16000366210938,125.33999633789062,124.80999755859375,125.1500015258789,0
2014-01-21,124.94999694824219,125.2699966430664,124.7300033569336,125.16000366210938,0
2014-01-22,125.7699966430664,125.87000274658203,124.94999694824219,124.94999694824219,0
2014-01-23,125.97000122070312,126.94999694824219,125.63999938964844,125.7699966430664,0
2014-01-24,127.0,127.18000030517578,125.97000122070312,125.97000122070312,0
2014-01-27,125.51000213623047,127.63999938964844,125.30000305175781,127.0,0
2014-01-28,126.37999725341797,126.44999694824219,125.51000213623047,125.51000213623047,0
2014-01-29,127.58999633789062,127.66999816894531,126.18000030517578,126.37999725341797,0
2014-01-30,126.33000183105469,127.58999633789062,126.31999969482422,127.58999633789062,0
2014-01-31,126.12000274658203,126.33000183105469,125.62000274658203,126.33000183105469,0
2014-02-03,126.4000015258789,126.58000183105469,125.6500015258789,126.12000274658203,0
2014-02-04,128.33999633789062,128.3800048828125,126.4000015258789,126.4000015258789,0
2014-02-05,128.07000732421875,129.91000366210938,127.93000030517578,128.33999633789062,0
2014-02-06,128.0800018310547,129.6300048828125,127.94000244140625,128.07000732421875,0
2014-02-07,128.47999572753906,128.77999877929688,127.58000183105469,128.0800018310547,0
2014-02-10,127.91000366210938,128.72999572753906,127.8499984741211,128.47999572753906,0
2014-02-11,128.85000610351562,128.9199981689453,127.88999938964844,127.91000366210938,0
2014-02-12,129.3300018310547,129.8699951171875,128.80999755859375,128.85000610351562,0
2014-02-13,130.08999633789062,130.11000061035156,129.0500030517578,129.3300018310547,0
2014-02-14,130.66000366210938,130.88999938964844,130.08999633789062,130.08999633789062,0
2014-02-18,132.83999633789062,132.8800048828125,130.66000366210938,130.66000366210938,0
2014-02-19,133.7100067138672,133.72000122070312,132.6300048828125,132.83999633789062,0
2014-02-20,133.35000610351562,133.7100067138672,132.67999267578125,133.7100067138672,0
2014-02-21,133.69000244140625,133.75,133.0,133.35000610351562,0
2014-02-24,133.88999938964844,134.4499969482422,133.4600067138672,133.69000244140625,0
2014-02-25,133.9600067138672,134.14999389648438,133.17999267578125,133.88999938964844,0
2014-02-26,133.47999572753906,133.9600067138672,133.3300018310547,133.9600067138672,0
2014-02-27,133.3300018310547,134.02000427246094,133.02000427246094,133.47999572753906,0
2014-02-28,133.97999572753906,134.05999755859375,132.82000732421875,133.3300018310547,0
2014-03-03,135.35000610351562,135.82000732421875,133.97999572753906,133.97999572753906,0
2014-03-04,135.97999572753906,135.99000549316406,134.5399932861328,135.35000610351562,0
2014-03-05,135.64999389648438,136.13999938964844,135.4199981689453,135.97999572753906,0
2014-03-06,136.75999450683594,136.8000030517578,135.41000366210938,135.64999389648438,0
2014-03-07,136.13999938964844,137.1300048828125,135.88999938964844,136.74000549316406,0
2014-03-10,135.3699951171875,136.13999938964844,134.92999267578125,136.13999938964844,0
2014-03-11,135.17999267578125,135.9600067138672,134.9199981689453,135.3699951171875,0
2014-03-12,135.02999877929688,135.22999572753906,134.1199951171875,135.17999267578125,0
2014-03-13,134.5800018310547,135.3300018310547,134.3300018310547,135.02999877929688,0
2014-03-14,134.89999389648438,135.08999633789062,134.22000122070312,134.5800018310547,0
2014-03-17,134.1300048828125,135.17999267578125,133.97000122070312,134.89999389648438,0
2014-03-18,134.75,134.8699951171875,133.8000030517578,134.1300048828125,0
2014-03-19,134.88999938964844,135.02000427246094,133.92999267578125,134.75,0
2014-03-20,133.27000427246094,134.88999938964844,133.02999877929688,134.88999938964844,0
2014-03-21,132.94000244140625,133.5,132.89999389648438,133.27000427246094,0
2014-03-24,133.0800018310547,133.42999267578125,132.67999267578125,133.02999877929688,0
2014-03-25,133.66000366210938,133.97999572753906,133.00999450683594,133.0800018310547,0
2014-03-26,133.44000244140625,133.82000732421875,133.13999938964844,133.66000366210938,0
2014-03-27,134.60000610351562,134.6699981689453,133.1999969482422,133.44000244140625,0
2014-03-28,134.75,135.08999633789062,134.57000732421875,134.60000610351562,0
2014-03-31,134.52000427246094,134.75,133.38999938964844,134.75,0
2014-04-01,133.69000244140625,134.63999938964844,133.61000061035156,134.52000427246094,0
2014-04-02,133.39999389648438,134.08999633789062,133.2100067138672,133.69000244140625,0
2014-04-03,134.27999877929688,134.2899932861328,133.1199951171875,133.39999389648438,0
2014-04-04,134.75,134.86000061035156,134.14999389648438,134.27999877929688,0
2014-04-07,134.61000061035156,135.19000244140625,134.27000427246094,134.75,0
2014-04-08,136.0399932861328,136.0500030517578,134.61000061035156,134.61000061035156,0
2014-04-09,136.47000122070312,136.75999450683594,135.63999938964844,136.0399932861328,0
2014-04-10,136.97999572753906,137.1699981689453,136.32000732421875,136.47000122070312,0
2014-04-11,136.39999389648438,137.05999755859375,136.3699951171875,136.97999572753906,0
2014-04-14,137.3699951171875,137.38999938964844,136.4199981689453,136.4199981689453,0
2014-04-15,136.82000732421875,137.3699951171875,136.14999389648438,137.3699951171875,0
2014-04-16,137.05999755859375,137.83999633789062,136.61000061035156,136.82000732421875,0
2014-04-17,137.67999267578125,137.7100067138672,136.72000122070312,137.05999755859375,0
2014-04-21,136.91000366210938,137.67999267578125,136.7100067138672,137.67999267578125,0
2014-04-22,137.39999389648438,137.55999755859375,136.91000366210938,136.91000366210938,0
2014-04-23,137.6199951171875,137.75999450683594,137.24000549316406,137.39999389648438,0
2014-04-24,138.14999389648438,138.38999938964844,137.55999755859375,137.6199951171875,0
2014-04-25,138.0500030517578,138.44000244140625,137.86000061035156,138.1699981689453,0
2014-04-28,137.82000732421875,138.6199951171875,137.6199951171875,138.0500030517578,0
2014-04-29,138.6699981689453,138.6699981689453,137.5800018310547,137.82000732421875,0
2014-04-30,137.8000030517578,138.6699981689453,137.2899932861328,138.6699981689453,0
2014-05-01,136.27999877929688,137.8000030517578,136.2100067138672,137.8000030517578,0
2014-05-02,136.67999267578125,136.88999938964844,136.08999633789062,136.27999877929688,0
2014-05-05,136.82000732421875,137.1199951171875,136.67999267578125,136.67999267578125,0
2014-05-06,137.1999969482422,137.42999267578125,136.69000244140625,136.82000732421875,0
2014-05-07,136.5800018310547,137.3300018310547,136.36000061035156,137.1999969482422,0
2014-05-08,136.27999877929688,136.88999938964844,136.1199951171875,136.5800018310547,0
2014-05-09,135.75999450683594,136.69000244140625,135.6699981689453,136.27999877929688,0
2014-05-12,136.0500030517578,136.57000732421875,135.66000366210938,135.7100067138672,0
2014-05-13,136.3000030517578,136.50999450683594,135.8699951171875,136.0500030517578,0
2014-05-14,136.61000061035156,136.9199981689453,136.1999969482422,136.3000030517578,0
2014-05-15,135.7899932861328,136.61000061035156,135.58999633789062,136.61000061035156,0
2014-05-16,135.24000549316406,136.0500030517578,135.17999267578125,135.7899932861328,0
2014-05-19,135.72000122070312,136.0500030517578,135.14999389648438,135.24000549316406,0
2014-05-20,135.60000610351562,136.25,135.49000549316406,135.72000122070312,0
2014-05-21,135.63999938964844,135.85000610351562,135.27000427246094,135.60000610351562,0
2014-05-22,135.60000610351562,136.50999450683594,135.52000427246094,135.63999938964844,0
2014-05-23,135.7100067138672,136.07000732421875,135.52000427246094,135.60000610351562,0
2014-05-27,134.7899932861328,135.7100067138672,134.75,135.7100067138672,0
2014-05-28,134.7899932861328,135.07000732421875,134.24000549316406,134.7899932861328,0
2014-05-29,134.74000549316406,134.97000122070312,134.52999877929688,134.7899932861328,0
2014-05-30,133.8300018310547,135.0,133.7899932861328,134.74000549316406,0
2014-06-02,133.97999572753906,134.22999572753906,133.64999389648438,133.64999389648438,0
2014-06-03,133.58999633789062,134.0399932861328,133.32000732421875,133.97999572753906,0
2014-06-04,133.2899932861328,133.72999572753906,133.22999572753906,133.61000061035156,0
2014-06-05,133.2899932861328,133.44000244140625,132.92999267578125,133.2899932861328,0
2014-06-06,133.7100067138672,133.7899932861328,133.1199951171875,133.2899932861328,0
2014-06-09,133.8000030517578,134.0,133.67999267578125,133.7100067138672,0
2014-06-10,133.2899932861328,133.89999389648438,133.2100067138672,133.8000030517578,0
2014-06-11,132.83999633789062,133.50999450683594,132.80999755859375,133.2899932861328,0
2014-06-12,134.27999877929688,134.30999755859375,132.83999633789062,132.83999633789062,0
2014-06-13,134.77000427246094,134.94000244140625,134.27000427246094,134.27000427246094,0
2014-06-16,134.7100067138672,135.3699951171875,134.60000610351562,134.77000427246094,0
2014-06-17,134.66000366210938,134.80999755859375,134.17999267578125,134.7100067138672,0
2014-06-18,134.8699951171875,135.1199951171875,134.5399932861328,134.66000366210938,0
2014-06-19,136.27000427246094,136.41000366210938,134.8300018310547,134.8699951171875,0
2014-06-20,136.5500030517578,136.60000610351562,136.08999633789062,136.27000427246094,0
2014-06-23,136.14999389648438,137.17999267578125,135.97000122070312,136.5500030517578,0
2014-06-24,136.33999633789062,136.42999267578125,135.75,136.14999389648438,0
2014-06-25,136.6300048828125,136.66000366210938,135.94000244140625,136.33999633789062,0
2014-06-26,136.36000061035156,136.80999755859375,136.0,136.6300048828125,0
2014-06-27,135.88999938964844,136.42999267578125,135.72000122070312,136.36000061035156,0
2014-06-30,134.6300048828125,135.88999938964844,134.60000610351562,135.88999938964844,0
2014-07-01,134.22999572753906,134.50999450683594,133.9199981689453,134.4199981689453,0
2014-07-02,134.2899932861328,134.3699951171875,133.89999389648438,134.1300048828125,0
2014-07-03,134.22000122070312,134.32000732421875,133.91000366210938,134.24000549316406,0
2014-07-07,132.66000366210938,133.67999267578125,132.42999267578125,133.64999389648438,0
2014-07-08,132.36000061035156,132.61000061035156,132.36000061035156,132.61000061035156,0
2014-07-09,131.5500030517578,132.49000549316406,131.4199981689453,132.27000427246094,0
2014-07-10,131.13999938964844,131.4600067138672,131.13999938964844,131.42999267578125,0
2014-07-11,130.19000244140625,131.17999267578125,129.9199981689453,131.08999633789062,0
2014-07-14,130.1699981689453,130.2100067138672,129.60000610351562,130.1300048828125,0
2014-07-15,129.47999572753906,130.08999633789062,129.00999450683594,130.08999633789062,0
2014-07-16,129.77000427246094,130.22999572753906,129.5800018310547,129.60000610351562,0
2014-07-17,129.97999572753906,130.61000061035156,129.41000366210938,129.72999572753906,0
2014-07-18,129.2899932861328,130.10000610351562,129.17999267578125,130.02000427246094,0
2014-07-21,129.3699951171875,129.4199981689453,128.75,128.83999633789062,0
2014-07-22,128.80999755859375,129.72999572753906,128.75999450683594,129.47999572753906,0
2014-07-23,129.16000366210938,129.17999267578125,128.66000366210938,128.74000549316406,0
2014-07-24,129.0500030517578,129.94000244140625,128.97999572753906,129.1999969482422,0
2014-07-25,129.3000030517578,129.3699951171875,128.6199951171875,129.1199951171875,0
2014-07-28,129.33999633789062,129.67999267578125,129.11000061035156,129.3699951171875,0
2014-07-29,128.6300048828125,129.47999572753906,128.1199951171875,129.27000427246094,0
2014-07-30,128.4499969482422,128.7899932861328,128.1699981689453,128.5,0
2014-07-31,127.91000366210938,128.58999633789062,127.87999725341797,128.2100067138672,0
2014-08-01,127.08999633789062,128.0,127.05999755859375,127.83000183105469,0
2014-08-04,127.91000366210938,128.16000366210938,127.27999877929688,127.30999755859375,0
2014-08-05,127.2300033569336,127.9000015258789,127.0199966430664,127.76000213623047,0
2014-08-06,128.22000122070312,128.25999450683594,127.05000305175781,127.38999938964844,0
2014-08-07,127.7300033569336,128.30999755859375,127.56999969482422,128.13999938964844,0
2014-08-08,127.33000183105469,127.9800033569336,127.08999633789062,127.69000244140625,0
2014-08-11,127.68000030517578,127.80999755859375,127.26000213623047,127.51000213623047,0
2014-08-12,126.87000274658203,127.72000122070312,126.73999786376953,127.5,0
2014-08-13,126.2699966430664,126.94000244140625,126.08999633789062,126.81999969482422,0
2014-08-14,125.6500015258789,126.13999938964844,125.56999969482422,125.9800033569336,0
2014-08-15,125.70999908447266,125.83999633789062,125.13999938964844,125.61000061035156,0
2014-08-18,125.12999725341797,125.44999694824219,125.01000213623047,125.31999969482422,0
2014-08-19,124.9800033569336,125.48999786376953,124.86000061035156,125.13999938964844,0
2014-08-20,125.2699966430664,125.47000122070312,124.80000305175781,124.9800033569336,0
2014-08-21,125.48999786376953,125.62999725341797,124.9000015258789,125.13999938964844,0
2014-08-22,125.41999816894531,125.62000274658203,125.41999816894531,125.62000274658203,0
2014-08-25,125.4000015258789,125.68000030517578,125.16000366210938,125.37999725341797,0
2014-08-26,125.88999938964844,126.08999633789062,125.38999938964844,125.41000366210938,0
2014-08-27,126.01000213623047,126.30999755859375,125.62000274658203,125.9800033569336,0
2014-08-28,126.33000183105469,126.55000305175781,125.91999816894531,126.0,0
2014-08-29,126.56999969482422,126.69999694824219,126.2300033569336,126.44999694824219,0
2014-09-02,125.30000305175781,126.45999908447266,125.27999877929688,126.18000030517578,0
2014-09-03,125.16999816894531,125.5999984741211,124.7699966430664,125.43000030517578,0
2014-09-04,124.66999816894531,125.62000274658203,124.58999633789062,125.31999969482422,0
2014-09-05,124.8499984741211,125.05000305175781,124.4800033569336,124.87000274658203,0
2014-09-09,123.4800033569336,124.2300033569336,123.43000030517578,124.20999908447266,0
2014-09-10,122.63999938964844,123.75,122.5199966430664,123.75,0
2014-09-11,121.62999725341797,122.69999694824219,121.12999725341797,122.68000030517578,0
2014-09-12,121.30000305175781,122.05000305175781,121.0199966430664,121.79000091552734,0
2014-09-15,121.36000061035156,121.4800033569336,120.76000213623047,120.86000061035156,0
2014-09-16,122.26000213623047,122.33999633789062,121.11000061035156,121.68000030517578,0
2014-09-17,122.04000091552734,122.4000015258789,121.80000305175781,122.30999755859375,0
2014-09-18,120.4800033569336,121.63999938964844,120.45999908447266,121.5199966430664,0
2014-09-19,119.48999786376953,120.5,119.4000015258789,120.36000061035156,0
2014-09-22,118.62999725341797,118.95999908447266,118.19999694824219,118.88999938964844,0
2014-09-23,118.5999984741211,119.38999938964844,118.58000183105469,118.7699966430664,0
2014-09-24,119.52999877929688,119.58000183105469,118.43000030517578,118.61000061035156,0
2014-09-25,119.08000183105469,119.41000366210938,118.55000305175781,119.41000366210938,0
2014-09-26,119.18000030517578,119.45999908447266,118.80000305175781,119.0999984741211,0
2014-09-29,120.41999816894531,120.44999694824219,118.87999725341797,118.97000122070312,0
2014-09-30,118.69000244140625,120.52999877929688,118.61000061035156,120.27999877929688,0
2014-10-01,118.55999755859375,119.41999816894531,118.37999725341797,118.51000213623047,0
2014-10-02,118.22000122070312,118.86000061035156,117.7300033569336,118.69000244140625,0
2014-10-03,118.0199966430664,118.62999725341797,117.69000244140625,118.43000030517578,0
2014-10-06,119.58000183105469,119.5999984741211,117.9000015258789,118.0199966430664,0
2014-10-07,119.86000061035156,120.16999816894531,119.22000122070312,119.58000183105469,0
2014-10-08,118.80000305175781,119.5199966430664,118.69000244140625,119.4800033569336,0
2014-10-09,118.83000183105469,119.79000091552734,118.77999877929688,119.38999938964844,0
2014-10-10,118.19999694824219,118.86000061035156,117.81999969482422,118.33999633789062,0
2014-10-13,119.04000091552734,119.0999984741211,117.8499984741211,118.18000030517578,0
2014-10-14,118.41000366210938,119.27999877929688,118.36000061035156,118.91000366210938,0
2014-10-15,117.0,118.44000244140625,116.87999725341797,118.20999908447266,0
2014-10-16,117.55000305175781,117.87000274658203,116.19999694824219,116.81999969482422,0
2014-10-17,117.44999694824219,117.83000183105469,117.25,117.80000305175781,0
2014-10-20,116.61000061035156,117.44999694824219,116.20999908447266,117.19999694824219,0
2014-10-21,117.47000122070312,117.5,116.55999755859375,116.6500015258789,0
2014-10-22,116.6500015258789,118.02999877929688,116.61000061035156,117.37999725341797,0
2014-10-23,117.23999786376953,117.2699966430664,116.36000061035156,116.4000015258789,0
2014-10-24,116.58000183105469,117.33000183105469,116.43000030517578,117.1500015258789,0
2014-10-27,116.83000183105469,116.8499984741211,115.69999694824219,116.23999786376953,0
2014-10-28,117.76000213623047,117.77999877929688,116.6500015258789,116.72000122070312,0
2014-10-29,119.08000183105469,119.22000122070312,117.8499984741211,117.94999694824219,0
2014-10-30,117.94999694824219,118.86000061035156,117.69999694824219,118.77999877929688,0
2014-10-31,117.73999786376953,118.11000061035156,116.75,117.95999908447266,0
2014-11-03,117.72000122070312,118.3499984741211,117.58999633789062,117.79000091552734,0
2014-11-04,116.4800033569336,117.55000305175781,116.23999786376953,117.44999694824219,0
2014-11-05,116.30000305175781,116.4800033569336,115.41000366210938,116.47000122070312,0
2014-11-06,116.98999786376953,117.0,115.83999633789062,116.36000061035156,0
2014-11-07,117.68000030517578,117.97000122070312,116.72000122070312,116.9000015258789,0
2014-11-10,116.54000091552734,118.41000366210938,116.51000213623047,118.18000030517578,0
2014-11-11,117.55999755859375,117.62999725341797,115.68000030517578,116.56999969482422,0
2014-11-12,117.31999969482422,118.22000122070312,117.19999694824219,117.33999633789062,0
2014-11-13,115.94000244140625,117.38999938964844,115.88999938964844,117.19000244140625,0
2014-11-14,116.87999725341797,117.08999633789062,115.36000061035156,115.94000244140625,0
2014-11-17,117.4800033569336,117.48999786376953,116.62000274658203,117.1500015258789,0
2014-11-18,116.77999877929688,117.7300033569336,116.33000183105469,117.1500015258789,0
2014-11-19,117.0999984741211,117.70999908447266,116.44999694824219,116.66000366210938,0
2014-11-20,117.91999816894531,117.94999694824219,116.86000061035156,116.9000015258789,0
2014-11-21,118.11000061035156,118.73999786376953,117.5199966430664,117.83999633789062,0
2014-11-24,117.22000122070312,117.86000061035156,117.06999969482422,117.5199966430664,0
2014-11-25,117.69000244140625,117.9800033569336,117.0999984741211,117.16999816894531,0
2014-11-26,117.48999786376953,118.02999877929688,117.41000366210938,117.81999969482422,0
2014-11-28,112.94999694824219,115.41999816894531,112.86000061035156,115.37999725341797,0
2014-12-01,114.80000305175781,114.83999633789062,111.05999755859375,111.4800033569336,0
2014-12-02,112.51000213623047,114.37999725341797,112.44999694824219,114.33999633789062,0
2014-12-03,112.16000366210938,112.70999908447266,111.88999938964844,112.56999969482422,0
2014-12-04,112.19999694824219,112.4000015258789,111.83999633789062,112.30000305175781,0
2014-12-05,112.19999694824219,112.36000061035156,111.5999984741211,112.06999969482422,0
2014-12-08,110.66999816894531,111.98999786376953,110.63999938964844,111.9000015258789,0
2014-12-09,111.98999786376953,112.12999725341797,110.45999908447266,110.58000183105469,0
2014-12-10,110.87999725341797,111.93000030517578,110.63999938964844,111.63999938964844,0
2014-12-11,110.68000030517578,111.44999694824219,110.5,111.19000244140625,0
2014-12-12,110.7699966430664,111.11000061035156,110.48999786376953,110.62999725341797,0
2014-12-15,109.77999877929688,111.4800033569336,109.72000122070312,111.0999984741211,0
2014-12-16,108.58000183105469,109.58000183105469,108.06999969482422,109.52999877929688,0
2014-12-17,108.8499984741211,109.44000244140625,107.7300033569336,108.19000244140625,0
2014-12-18,108.5199966430664,110.08000183105469,108.5,108.94999694824219,0
2014-12-19,108.66000366210938,108.9000015258789,108.22000122070312,108.5199966430664,0
2014-12-22,107.0199966430664,108.76000213623047,106.94000244140625,107.23999786376953,0
2014-12-23,107.5999984741211,107.62999725341797,106.79000091552734,107.55999755859375,0
2014-12-24,106.16000366210938,107.58000183105469,106.0,106.16000366210938,0
2014-12-26,106.48999786376953,106.77999877929688,106.2300033569336,106.52999877929688,0
2014-12-29,106.11000061035156,107.05999755859375,105.80999755859375,106.91000366210938,0
2014-12-30,106.0999984741211,106.62000274658203,105.76000213623047,106.25,0
2014-12-31,104.33000183105469,106.0999984741211,104.1500015258789,106.05999755859375,0
2015-01-02,103.86000061035156,104.68000030517578,103.76000213623047,104.5199966430664,0
2015-01-05,103.87000274658203,104.4000015258789,103.73999786376953,104.20999908447266,0
2015-01-06,104.08000183105469,104.44000244140625,103.38999938964844,104.05999755859375,0
2015-01-07,103.52999877929688,104.4000015258789,103.19000244140625,104.05999755859375,0
2015-01-08,103.63999938964844,103.98999786376953,103.3499984741211,103.69000244140625,0
2015-01-09,103.62000274658203,104.0,103.27999877929688,103.83999633789062,0
2015-01-12,101.9000015258789,103.51000213623047,101.87000274658203,103.4800033569336,0
2015-01-13,101.29000091552734,101.95999908447266,100.83000183105469,101.93000030517578,0
2015-01-14,102.3499984741211,102.44999694824219,99.94999694824219,100.44999694824219,0
2015-01-15,101.72000122070312,104.5999984741211,101.41000366210938,102.66999816894531,0
2015-01-16,103.30999755859375,103.33000183105469,101.58999633789062,101.83000183105469,0
2015-01-20,101.5,102.52999877929688,101.36000061035156,102.04000091552734,0
2015-01-21,102.55000305175781,102.5999984741211,101.94000244140625,102.02999877929688,0
2015-01-22,101.58999633789062,102.98999786376953,101.37000274658203,102.61000061035156,0
2015-01-23,101.12999725341797,102.12000274658203,100.94999694824219,101.83000183105469,0
2015-01-26,100.75,101.30000305175781,99.91000366210938,100.6500015258789,0
2015-01-27,101.31999969482422,101.47000122070312,100.5,100.69000244140625,0
2015-01-28,100.25,101.0199966430664,100.11000061035156,100.8499984741211,0
2015-01-29,98.76000213623047,100.16999816894531,98.27999877929688,100.13999938964844,0
2015-01-30,100.83999633789062,100.8499984741211,98.55000305175781,98.69000244140625,0
2015-02-02,100.83999633789062,100.8499984741211,98.55000305175781,98.69000244140625,0
2015-02-03,104.0199966430664,104.58000183105469,101.68000030517578,101.70999908447266,0
2015-02-04,101.61000061035156,104.05000305175781,101.37000274658203,104.0199966430664,0
2015-02-05,102.4800033569336,103.12000274658203,101.13999938964844,101.88999938964844,0
2015-02-06,102.6500015258789,103.73999786376953,102.31999969482422,103.02999877929688,0
2015-02-09,103.56999969482422,104.0,102.88999938964844,103.18000030517578,0
2015-02-10,102.12000274658203,103.45999908447266,102.02999877929688,103.30999755859375,0
2015-02-11,101.62000274658203,102.5999984741211,101.13999938964844,102.33000183105469,0
2015-02-12,103.01000213623047,103.08000183105469,101.69999694824219,101.79000091552734,0
2015-02-13,104.47000122070312,104.5199966430664,103.16000366210938,103.16000366210938,0
2015-02-17,103.9800033569336,104.76000213623047,102.7699966430664,104.68000030517578,0
2015-02-18,103.20999908447266,104.06999969482422,102.94000244140625,103.98999786376953,0
2015-02-19,103.22000122070312,103.5,102.0,102.95999908447266,0
2015-02-20,102.7300033569336,103.72000122070312,102.69000244140625,103.2300033569336,0
2015-02-23,101.7300033569336,103.08999633789062,101.6500015258789,102.97000122070312,0
2015-02-24,101.97000122070312,103.0199966430664,101.37000274658203,101.86000061035156,0
2015-02-25,102.79000091552734,102.83000183105469,101.88999938964844,102.13999938964844,0
2015-02-26,102.0999984741211,103.80999755859375,101.95999908447266,102.91000366210938,0
2015-02-27,103.44000244140625,103.45999908447266,102.23999786376953,102.25,0
2015-03-02,101.88999938964844,103.51000213623047,101.8499984741211,103.41000366210938,0
2015-03-03,102.0999984741211,102.51000213623047,101.68000030517578,101.86000061035156,0
2015-03-04,102.05000305175781,102.19000244140625,101.12999725341797,102.08999633789062,0
2015-03-05,101.69999694824219,102.45999908447266,101.52999877929688,102.18000030517578,0
2015-03-06,100.7699966430664,101.91999816894531,100.33999633789062,101.87000274658203,0
2015-03-09,100.33999633789062,101.0199966430664,100.30000305175781,100.44999694824219,0
2015-03-10,99.13999938964844,100.43000030517578,98.91999816894531,100.37999725341797,0
2015-03-11,99.37999725341797,99.62999725341797,98.88999938964844,99.61000061035156,0
2015-03-12,99.0,100.25,98.81999969482422,99.47000122070312,0
2015-03-13,97.58000183105469,99.41000366210938,97.55000305175781,99.37000274658203,0
2015-03-16,97.33000183105469,97.80000305175781,96.47000122070312,97.4800033569336,0
2015-03-17,96.95999908447266,97.61000061035156,96.44000244140625,97.4800033569336,0
2015-03-18,98.19000244140625,98.23999786376953,96.20999908447266,96.94000244140625,0
2015-03-19,97.98999786376953,98.80000305175781,97.52999877929688,98.73999786376953,0
2015-03-20,99.55000305175781,99.72000122070312,97.88999938964844,98.19999694824219,0
2015-03-23,100.12999725341797,100.18000030517578,98.98999786376953,99.13999938964844,0
2015-03-24,100.0,100.5999984741211,99.72000122070312,100.0199966430664,0
2015-03-25,100.30999755859375,100.56999969482422,99.45999908447266,99.9000015258789,0
2015-03-26,101.05000305175781,102.31999969482422,100.44000244140625,100.56999969482422,0
2015-03-27,99.37000274658203,100.69999694824219,99.33999633789062,100.55999755859375,0
2015-03-30,99.29000091552734,99.55000305175781,98.69000244140625,99.16999816894531,0
2015-03-31,98.12000274658203,99.36000061035156,98.08000183105469,98.91000366210938,0
2015-04-01,99.9000015258789,100.12000274658203,98.04000091552734,98.3499984741211,0
2015-04-02,99.69000244140625,99.9000015258789,98.86000061035156,99.45999908447266,0
2015-04-06,100.94999694824219,101.16999816894531,100.08000183105469,100.38999938964844,0
2015-04-07,101.37999725341797,101.45999908447266,100.36000061035156,100.83000183105469,0
2015-04-08,99.22000122070312,100.9800033569336,99.19999694824219,100.91999816894531,0
2015-04-09,98.80000305175781,99.87999725341797,98.72000122070312,99.29000091552734,0
2015-04-10,99.47000122070312,99.83999633789062,98.80000305175781,98.91999816894531,0
2015-04-13,99.05999755859375,100.0,99.02999877929688,99.47000122070312,0
2015-04-14,99.66999816894531,99.9000015258789,98.88999938964844,99.27999877929688,0
2015-04-15,101.44000244140625,101.48999786376953,99.69000244140625,99.79000091552734,0
2015-04-16,102.30999755859375,102.55000305175781,101.19000244140625,101.41999816894531,0
2015-04-17,101.81999969482422,102.5199966430664,101.6500015258789,101.94999694824219,0
2015-04-20,101.16999816894531,102.27999877929688,100.8499984741211,102.12999725341797,0
2015-04-21,100.73999786376953,101.2300033569336,100.58000183105469,101.06999969482422,0
2015-04-22,100.63999938964844,100.98999786376953,100.26000213623047,100.44999694824219,0
2015-04-23,101.61000061035156,102.02999877929688,100.37999725341797,100.80999755859375,0
2015-04-24,101.58999633789062,102.08999633789062,101.30000305175781,101.55999755859375,0
2015-04-27,101.7699966430664,102.04000091552734,101.36000061035156,101.56999969482422,0
2015-04-28,102.05999755859375,102.37000274658203,101.19999694824219,101.27999877929688,0
2015-04-29,103.05999755859375,103.27999877929688,101.52999877929688,101.80999755859375,0
2015-04-30,103.75,103.80000305175781,102.6500015258789,102.88999938964844,0
2015-05-01,103.4000015258789,103.76000213623047,102.83999633789062,103.63999938964844,0
2015-05-04,103.69999694824219,103.77999877929688,103.27999877929688,103.31999969482422,0
2015-05-05,104.7300033569336,104.94999694824219,103.43000030517578,103.5999984741211,0
2015-05-06,104.55999755859375,105.70999908447266,104.38999938964844,104.9000015258789,0
2015-05-07,103.0999984741211,104.6500015258789,102.94999694824219,104.1500015258789,0
2015-05-08,104.0999984741211,104.12000274658203,102.83999633789062,103.05999755859375,0
2015-05-11,103.4000015258789,104.27999877929688,103.19999694824219,104.06999969482422,0
2015-05-12,104.6500015258789,105.0,103.16999816894531,103.25,0
2015-05-13,104.9800033569336,105.41999816894531,104.62999725341797,104.7699966430664,0
2015-05-14,105.48999786376953,105.51000213623047,104.70999908447266,104.80000305175781,0
2015-05-15,105.3499984741211,105.52999877929688,104.55999755859375,105.44999694824219,0
2015-05-18,105.08999633789062,105.94000244140625,104.91999816894531,105.33000183105469,0
2015-05-19,102.80000305175781,105.04000091552734,102.79000091552734,104.93000030517578,0
2015-05-20,102.94000244140625,103.26000213623047,102.6500015258789,103.02999877929688,0
2015-05-21,103.75,104.12000274658203,103.08999633789062,103.08999633789062,0
2015-05-22,102.5,103.95999908447266,102.47000122070312,103.79000091552734,0
2015-05-26,100.7699966430664,102.79000091552734,100.55999755859375,102.62000274658203,0
2015-05-27,100.0,101.2699966430664,99.93000030517578,100.94999694824219,0
2015-05-28,100.16000366210938,100.58999633789062,99.5199966430664,100.33000183105469,0
2015-05-29,100.94999694824219,101.06999969482422,100.06999969482422,100.4800033569336,0
2015-06-01,101.05999755859375,101.37999725341797,100.41000366210938,100.62000274658203,0
2015-06-02,102.06999969482422,102.08999633789062,101.0,101.0,0
2015-06-03,100.98999786376953,102.0,100.80999755859375,102.0,0
2015-06-04,100.05000305175781,101.0,99.91999816894531,100.87000274658203,0
2015-06-05,100.25,100.36000061035156,99.08000183105469,100.01000213623047,0
2015-06-08,100.5999984741211,100.69999694824219,100.20999908447266,100.4000015258789,0
2015-06-09,102.16999816894531,102.2699966430664,100.69000244140625,100.76000213623047,0
2015-06-10,102.70999908447266,103.44999694824219,102.2699966430664,102.27999877929688,0
2015-06-11,101.48999786376953,102.66999816894531,101.27999877929688,102.62999725341797,0
2015-06-12,100.58000183105469,101.37000274658203,100.55999755859375,101.37000274658203,0
2015-06-15,100.2699966430664,100.5199966430664,99.75,100.48999786376953,0
2015-06-16,100.5199966430664,100.7300033569336,99.86000061035156,100.52999877929688,0
2015-06-17,100.5199966430664,101.52999877929688,99.94000244140625,100.80000305175781,0
2015-06-18,100.5999984741211,101.31999969482422,100.37000274658203,100.58999633789062,0
2015-06-19,99.83999633789062,100.56999969482422,99.41999816894531,100.44999694824219,0
2015-06-22,100.05000305175781,100.08000183105469,99.19000244140625,99.56999969482422,0
2015-06-23,100.72000122070312,100.86000061035156,99.97000122070312,100.38999938964844,0
2015-06-24,100.47000122070312,101.12999725341797,100.33999633789062,100.69000244140625,0
2015-06-25,100.9000015258789,100.94000244140625,100.22000122070312,100.45999908447266,0
2015-06-26,101.12999725341797,101.37000274658203,100.70999908447266,101.01000213623047,0
2015-06-29,100.7300033569336,101.12999725341797,100.22000122070312,100.91999816894531,0
2015-06-30,102.69000244140625,102.80000305175781,100.27999877929688,100.56999969482422,0
2015-07-01,101.5999984741211,102.58000183105469,101.29000091552734,102.3499984741211,0
2015-07-02,101.86000061035156,102.54000091552734,101.61000061035156,101.7300033569336,0
2015-07-06,99.11000061035156,100.47000122070312,99.06999969482422,100.47000122070312,0
2015-07-07,97.5999984741211,99.29000091552734,96.4800033569336,99.2699966430664,0
2015-07-08,97.83999633789062,98.54000091552734,96.80999755859375,97.36000061035156,0
2015-07-09,99.04000091552734,99.37999725341797,98.0199966430664,98.04000091552734,0
2015-07-10,99.33000183105469,99.33000183105469,99.33000183105469,99.33000183105469,0
2015-07-13,99.58000183105469,99.9800033569336,98.43000030517578,98.87000274658203,0
2015-07-14,99.4000015258789,100.01000213623047,98.88999938964844,100.01000213623047,0
2015-07-15,98.4800033569336,99.56999969482422,98.4800033569336,99.56999969482422,0
2015-07-16,98.08000183105469,98.94000244140625,98.06999969482422,98.69000244140625,0
2015-07-17,97.56999969482422,98.13999938964844,97.11000061035156,98.08999633789062,0
2015-07-20,96.19999694824219,97.04000091552734,96.08000183105469,96.66000366210938,0
2015-07-21,96.36000061035156,96.87999725341797,96.08000183105469,96.13999938964844,0
2015-07-22,95.31999969482422,95.31999969482422,95.31999969482422,95.31999969482422,0
2015-07-23,94.38999938964844,95.79000091552734,94.30999755859375,95.29000091552734,0
2015-07-24,93.29000091552734,94.36000061035156,93.19000244140625,94.13999938964844,0
2015-07-27,92.1500015258789,93.20999908447266,92.12000274658203,92.98999786376953,0
2015-07-28,92.9000015258789,93.16999816894531,91.87000274658203,92.0,0
2015-07-29,93.05000305175781,93.05000305175781,93.05000305175781,93.05000305175781,0
2015-07-30,92.62000274658203,93.36000061035156,92.51000213623047,93.23999786376953,0
2015-07-31,91.77999877929688,93.05000305175781,91.66999816894531,92.58999633789062,0
2015-08-03,90.43000030517578,91.5999984741211,90.37000274658203,91.48999786376953,0
2015-08-04,91.12000274658203,91.37000274658203,90.56999969482422,90.63999938964844,0
2015-08-05,90.83000183105469,91.66999816894531,90.66999816894531,91.18000030517578,0
2015-08-06,90.52999877929688,90.77999877929688,90.30000305175781,90.73999786376953,0
2015-08-07,90.4800033569336,90.80000305175781,90.12999725341797,90.48999786376953,0
2015-08-10,92.62000274658203,92.62999725341797,90.58999633789062,90.62999725341797,0
2015-08-11,91.12000274658203,92.55999755859375,90.76000213623047,92.0,0
2015-08-12,90.83000183105469,91.95999908447266,90.31999969482422,90.83000183105469,0
2015-08-13,90.44999694824219,91.13999938964844,90.20999908447266,90.80000305175781,0
2015-08-14,90.36000061035156,90.76000213623047,90.22000122070312,90.33999633789062,0
2015-08-17,89.80999755859375,90.2699966430664,89.79000091552734,90.0,0
2015-08-18,89.29000091552734,89.80999755859375,88.79000091552734,89.80999755859375,0
2015-08-19,88.52999877929688,89.55999755859375,88.30999755859375,89.25,0
2015-08-20,89.2300033569336,89.5,88.26000213623047,88.5199966430664,0
2015-08-21,87.80000305175781,89.11000061035156,87.55000305175781,89.05999755859375,0
2015-08-24,85.8499984741211,86.9800033569336,85.16999816894531,86.94999694824219,0
2015-08-25,86.27999877929688,87.23999786376953,85.81999969482422,86.2300033569336,0
2015-08-26,85.13999938964844,86.29000091552734,85.0999984741211,86.06999969482422,0
2015-08-27,87.72000122070312,87.75,85.69999694824219,85.88999938964844,0
2015-08-28,89.36000061035156,89.7300033569336,87.5,88.02999877929688,0
2015-08-31,90.93000030517578,90.97000122070312,87.81999969482422,88.7300033569336,0
2015-09-01,88.73999786376953,90.66000366210938,88.66000366210938,90.05999755859375,0
2015-09-02,88.93000030517578,89.29000091552734,87.61000061035156,88.30000305175781,0
2015-09-03,89.41999816894531,90.2300033569336,88.5999984741211,88.68000030517578,0
2015-09-04,88.48999786376953,89.51000213623047,88.45999908447266,89.19999694824219,0
2015-09-08,89.3499984741211,89.48999786376953,87.87999725341797,88.08000183105469,0
2015-09-09,88.22000122070312,89.70999908447266,88.19999694824219,89.3499984741211,0
2015-09-10,89.1500015258789,89.2699966430664,87.94999694824219,88.27999877929688,0
2015-09-11,88.93000030517578,89.19999694824219,87.87999725341797,89.12000274658203,0
2015-09-14,88.56999969482422,89.31999969482422,88.3499984741211,89.30999755859375,0
2015-09-15,88.56999969482422,88.88999938964844,88.4000015258789,88.83999633789062,0
2015-09-16,89.45999908447266,89.80999755859375,88.5,88.62999725341797,0
2015-09-17,89.02999877929688,89.63999938964844,88.73999786376953,89.41000366210938,0
2015-09-18,87.7300033569336,89.62000274658203,87.61000061035156,89.12000274658203,0
2015-09-21,88.55999755859375,88.56999969482422,87.51000213623047,87.55000305175781,0
2015-09-22,87.66999816894531,88.33000183105469,87.06999969482422,88.26000213623047,0
2015-09-23,87.19000244140625,88.55000305175781,87.16000366210938,87.55999755859375,0
2015-09-24,87.87000274658203,87.91999816894531,86.81999969482422,87.44000244140625,0
2015-09-25,88.48999786376953,88.54000091552734,87.81999969482422,87.9000015258789,0
2015-09-28,87.33000183105469,88.52999877929688,87.25,88.41000366210938,0
2015-09-29,87.55999755859375,87.88999938964844,87.08999633789062,87.30999755859375,0
2015-09-30,87.81999969482422,88.47000122070312,87.38999938964844,87.41999816894531,0
2015-10-01,87.12999725341797,88.75,87.12000274658203,88.05999755859375,0
2015-10-02,87.88999938964844,88.01000213623047,86.75,87.31999969482422,0
2015-10-05,88.80000305175781,89.0199966430664,88.13999938964844,88.16000366210938,0
2015-10-06,90.2699966430664,90.38999938964844,88.43000030517578,88.75,0
2015-10-07,90.11000061035156,91.26000213623047,90.0,90.41000366210938,0
2015-10-08,90.3499984741211,90.55000305175781,89.5999984741211,89.91000366210938,0
2015-10-09,91.01000213623047,91.94000244140625,90.44999694824219,90.45999908447266,0
2015-10-12,90.05000305175781,91.68000030517578,90.04000091552734,91.2300033569336,0
2015-10-13,89.9800033569336,90.58000183105469,89.5999984741211,90.11000061035156,0
2015-10-14,90.13999938964844,90.37000274658203,89.6500015258789,89.95999908447266,0
2015-10-15,89.83999633789062,90.33999633789062,89.38999938964844,90.18000030517578,0
2015-10-16,89.77999877929688,89.97000122070312,89.11000061035156,89.94999694824219,0
2015-10-19,88.5199966430664,89.62999725341797,88.51000213623047,89.51000213623047,0
2015-10-20,88.83000183105469,89.0999984741211,88.37999725341797,88.55000305175781,0
2015-10-21,88.18000030517578,88.77999877929688,87.80999755859375,88.69999694824219,0
2015-10-22,88.16999816894531,88.98999786376953,88.02999877929688,88.27999877929688,0
2015-10-23,87.44999694824219,88.73999786376953,87.25,88.23999786376953,0
2015-10-26,86.95999908447266,87.5999984741211,86.94000244140625,87.43000030517578,0
2015-10-27,86.62000274658203,87.08999633789062,86.48999786376953,86.93000030517578,0
2015-10-28,87.63999938964844,87.76000213623047,86.47000122070312,86.62999725341797,0
2015-10-29,86.87000274658203,87.58999633789062,86.7300033569336,87.30999755859375,0
2015-10-30,87.43000030517578,87.62999725341797,86.68000030517578,86.83999633789062,0
2015-11-02,86.87000274658203,104.7699966430664,86.62000274658203,87.2300033569336,0
2015-11-03,87.69000244140625,87.9000015258789,86.80999755859375,87.01000213623047,0
2015-11-04,86.51000213623047,88.12999725341797,86.5,87.83999633789062,0
2015-11-05,85.83000183105469,86.66000366210938,85.80000305175781,86.66000366210938,0
2015-11-06,85.2300033569336,86.18000030517578,84.91000366210938,85.98999786376953,0
2015-11-09,84.23999786376953,85.62999725341797,84.18000030517578,85.5,0
2015-11-10,84.04000091552734,84.55999755859375,83.87000274658203,84.3499984741211,0
2015-11-11,83.62000274658203,84.37999725341797,83.48999786376953,84.02999877929688,0
2015-11-12,82.87000274658203,83.9000015258789,82.69000244140625,83.77999877929688,0
2015-11-13,82.43000030517578,83.20999908447266,82.23999786376953,82.94999694824219,0
2015-11-16,82.45999908447266,82.91999816894531,81.69999694824219,82.87999725341797,0
2015-11-17,81.73999786376953,82.41999816894531,81.66000366210938,82.12000274658203,0
2015-11-18,81.56999969482422,82.2300033569336,81.12000274658203,81.72000122070312,0
2015-11-19,81.73999786376953,82.12999725341797,81.2699966430664,81.68000030517578,0
2015-11-20,81.41999816894531,82.12000274658203,81.37999725341797,81.7699966430664,0
2015-11-23,81.5,81.75,80.19000244140625,80.66000366210938,0
2015-11-24,82.13999938964844,82.55999755859375,81.38999938964844,81.4000015258789,0
2015-11-25,82.2699966430664,82.36000061035156,81.41999816894531,82.27999877929688,0
2015-11-27,81.0999984741211,82.05000305175781,81.08000183105469,82.05000305175781,0
2015-11-30,81.08000183105469,81.62999725341797,81.0,81.05999755859375,0
2015-12-01,81.75,81.87999725341797,81.12999725341797,81.41999816894531,0
2015-12-02,80.37000274658203,81.7300033569336,80.31999969482422,81.69000244140625,0
2015-12-03,81.30000305175781,81.68000030517578,80.2300033569336,80.3499984741211,0
2015-12-04,81.69999694824219,81.94000244140625,81.0199966430664,81.37999725341797,0
2015-12-07,79.51000213623047,81.61000061035156,79.47000122070312,81.44999694824219,0
2015-12-08,79.16999816894531,79.70999908447266,78.72000122070312,79.5199966430664,0
2015-12-09,79.25,80.18000030517578,78.79000091552734,79.43000030517578,0
2015-12-10,79.1500015258789,79.4800033569336,78.83999633789062,79.37999725341797,0
2015-12-11,78.41999816894531,79.27999877929688,78.36000061035156,78.80999755859375,0
2015-12-14,77.95999908447266,78.27999877929688,77.18000030517578,78.23999786376953,0
2015-12-15,77.58000183105469,78.23999786376953,77.41999816894531,77.9000015258789,0
2015-12-16,77.08000183105469,77.87999725341797,76.87999725341797,77.61000061035156,0
2015-12-17,76.5999984741211,77.0,76.16000366210938,76.91999816894531,0
2015-12-18,77.44999694824219,78.01000213623047,76.58999633789062,76.61000061035156,0
2015-12-21,77.69999694824219,77.98999786376953,77.18000030517578,77.4000015258789,0
2015-12-22,77.16999816894531,77.79000091552734,77.13999938964844,77.68000030517578,0
2015-12-23,78.11000061035156,78.12999725341797,77.27999877929688,77.27999877929688,0
2015-12-24,78.48999786376953,78.58999633789062,78.18000030517578,78.29000091552734,0
2015-12-28,77.87999725341797,78.4800033569336,77.81999969482422,78.44999694824219,0
2015-12-29,79.04000091552734,79.0999984741211,77.98999786376953,78.01000213623047,0
2015-12-30,78.08999633789062,78.79000091552734,78.0,78.73999786376953,0
2015-12-31,78.55999755859375,79.0199966430664,78.0999984741211,78.37999725341797,0
2016-01-04,77.91000366210938,79.05000305175781,77.66999816894531,78.66999816894531,0
2016-01-05,77.66000366210938,78.26000213623047,77.44999694824219,78.08000183105469,0
2016-01-06,76.63999938964844,77.72000122070312,76.55999755859375,77.62000274658203,0
2016-01-07,76.68000030517578,77.20999908447266,75.69999694824219,76.33000183105469,0
2016-01-08,76.7300033569336,77.13999938964844,76.44999694824219,76.8499984741211,0
2016-01-11,75.12000274658203,76.41000366210938,74.88999938964844,76.37999725341797,0
2016-01-12,74.43000030517578,75.20999908447266,74.0199966430664,74.75,0
2016-01-13,74.62999725341797,75.27999877929688,74.44999694824219,74.58999633789062,0
2016-01-14,74.55999755859375,74.83999633789062,74.23999786376953,74.5999984741211,0
2016-01-15,73.48999786376953,74.47000122070312,73.33999633789062,74.43000030517578,0
2016-01-19,73.61000061035156,74.68000030517578,73.56999969482422,73.69999694824219,0
2016-01-20,72.87999725341797,73.43000030517578,72.33000183105469,73.41000366210938,0
2016-01-21,73.79000091552734,74.23999786376953,72.55999755859375,73.18000030517578,0
2016-01-22,75.23999786376953,75.4800033569336,73.80999755859375,73.9800033569336,0
2016-01-25,74.5,75.52999877929688,74.25,75.37000274658203,0
2016-01-26,75.5,75.88999938964844,73.94000244140625,74.3499984741211,0
2016-01-27,76.12000274658203,76.43000030517578,75.05000305175781,75.23999786376953,0
2016-01-28,76.0999984741211,77.04000091552734,75.7300033569336,75.91999816894531,0
2016-01-29,77.22000122070312,77.25,76.29000091552734,76.38999938964844,0
2016-02-01,75.94999694824219,76.69000244140625,75.6500015258789,76.56999969482422,0
2016-02-02,74.8499984741211,75.94999694824219,74.51000213623047,75.66999816894531,0
2016-02-03,76.2699966430664,76.30000305175781,74.73999786376953,74.7699966430664,0
2016-02-04,76.13999938964844,77.16000366210938,76.05000305175781,76.5199966430664,0
2016-02-05,75.5999984741211,76.7300033569336,75.55999755859375,76.13999938964844,0
2016-02-08,75.5,76.12999725341797,75.33999633789062,75.7699966430664,0
2016-02-09,74.0,75.68000030517578,73.94999694824219,75.5999984741211,0
2016-02-10,73.91999816894531,74.48999786376953,73.70999908447266,74.16000366210938,0
2016-02-11,73.95999908447266,74.62999725341797,73.83000183105469,73.95999908447266,0
2016-02-12,75.44000244140625,75.45999908447266,74.4000015258789,74.54000091552734,0
2016-02-16,74.72000122070312,76.19000244140625,74.56999969482422,75.79000091552734,0
2016-02-17,76.02999877929688,76.18000030517578,74.58000183105469,74.94000244140625,0
2016-02-18,75.75,76.37000274658203,75.69000244140625,76.16999816894531,0
2016-02-19,75.11000061035156,75.9000015258789,75.02999877929688,75.69999694824219,0
2016-02-22,75.97000122070312,76.20999908447266,75.27999877929688,75.33000183105469,0
2016-02-23,75.18000030517578,76.1500015258789,74.97000122070312,75.76000213623047,0
2016-02-24,75.7699966430664,75.91000366210938,74.62999725341797,74.97000122070312,0
2016-02-25,75.73999786376953,75.93000030517578,74.87000274658203,75.72000122070312,0
2016-02-26,75.45999908447266,76.63999938964844,75.37999725341797,75.72000122070312,0
2016-02-29,75.94999694824219,76.05999755859375,75.20999908447266,75.4800033569336,0
2016-03-01,76.08000183105469,76.45999908447266,75.55999755859375,75.77999877929688,0
2016-03-02,76.45999908447266,76.66000366210938,75.93000030517578,76.02999877929688,0
2016-03-03,76.87000274658203,77.01000213623047,76.27999877929688,76.4000015258789,0
2016-03-04,78.37999725341797,78.41999816894531,77.02999877929688,77.05999755859375,0
2016-03-07,79.30000305175781,79.5,78.30000305175781,78.44999694824219,0
2016-03-08,78.41999816894531,79.51000213623047,78.30999755859375,78.80000305175781,0
2016-03-09,79.44000244140625,79.45999908447266,78.25,78.26000213623047,0
2016-03-10,79.37999725341797,79.51000213623047,78.80999755859375,79.33999633789062,0
2016-03-11,79.94999694824219,80.22000122070312,79.73999786376953,79.87000274658203,0
2016-03-14,79.43000030517578,80.11000061035156,78.87000274658203,79.86000061035156,0
2016-03-15,78.81999969482422,79.22000122070312,78.55000305175781,79.22000122070312,0
2016-03-16,79.5999984741211,79.62000274658203,78.75,79.02999877929688,0
2016-03-17,81.29000091552734,81.30999755859375,80.23999786376953,80.37000274658203,0
2016-03-18,80.76000213623047,81.56999969482422,80.69999694824219,81.44999694824219,0
2016-03-21,80.79000091552734,81.06999969482422,80.19999694824219,80.58000183105469,0
2016-03-22,81.2300033569336,81.25,80.56999969482422,80.58000183105469,0
2016-03-23,79.58000183105469,81.02999877929688,79.55999755859375,81.0199966430664,0
2016-03-24,79.25,79.58999633789062,78.68000030517578,79.41000366210938,0
2016-03-28,79.4800033569336,79.58000183105469,79.08000183105469,79.30999755859375,0
2016-03-29,79.30999755859375,79.52999877929688,78.73999786376953,79.45999908447266,0
2016-03-30,78.93000030517578,80.0199966430664,78.88999938964844,79.5999984741211,0
2016-03-31,78.83000183105469,79.55999755859375,78.55999755859375,78.7699966430664,0
2016-04-01,77.94000244140625,78.94999694824219,77.56999969482422,78.79000091552734,0
2016-04-04,77.18000030517578,78.33999633789062,77.12000274658203,77.80000305175781,0
2016-04-05,76.97000122070312,77.4000015258789,76.80000305175781,77.19999694824219,0
2016-04-06,77.6500015258789,77.83999633789062,76.80000305175781,77.26000213623047,0
2016-04-07,77.44999694824219,77.98999786376953,77.11000061035156,77.83999633789062,0
2016-04-08,79.02999877929688,79.05999755859375,77.73999786376953,77.75,0
2016-04-11,79.27999877929688,79.4000015258789,78.66000366210938,79.01000213623047,0
2016-04-12,80.88999938964844,80.91999816894531,79.19999694824219,79.20999908447266,0
2016-04-13,81.23999786376953,81.44999694824219,80.5999984741211,80.87000274658203,0
2016-04-14,80.6500015258789,81.23999786376953,80.5,80.79000091552734,0
2016-04-15,80.38999938964844,80.70999908447266,79.70999908447266,80.66999816894531,0
2016-04-18,80.68000030517578,81.02999877929688,79.33999633789062,79.69999694824219,0
2016-04-19,82.6500015258789,82.66999816894531,80.45999908447266,80.62000274658203,0
2016-04-20,84.18000030517578,84.22000122070312,81.95999908447266,82.48999786376953,0
2016-04-21,83.58999633789062,85.06999969482422,83.08999633789062,84.05000305175781,0
2016-04-22,83.05000305175781,84.30999755859375,82.94999694824219,83.8499984741211,0
2016-04-25,82.87999725341797,83.4800033569336,82.44000244140625,82.77999877929688,0
2016-04-26,83.83999633789062,83.87999725341797,82.56999969482422,83.19999694824219,0
2016-04-27,84.30999755859375,84.43000030517578,83.2300033569336,84.05000305175781,0
2016-04-28,84.83999633789062,85.0199966430664,83.91999816894531,84.02999877929688,0
2016-04-29,85.5199966430664,85.79000091552734,84.69000244140625,84.69000244140625,0
2016-05-02,84.72000122070312,85.56999969482422,84.55000305175781,85.33999633789062,0
2016-05-03,83.58000183105469,85.22000122070312,83.27999877929688,84.72000122070312,0
2016-05-04,83.3499984741211,84.23999786376953,83.0999984741211,83.37000274658203,0
2016-05-05,82.70999908447266,84.54000091552734,82.56999969482422,83.75,0
2016-05-06,83.38999938964844,83.87999725341797,82.45999908447266,82.77999877929688,0
2016-05-09,81.76000213623047,83.5999984741211,81.66999816894531,83.56999969482422,0
2016-05-10,83.36000061035156,83.38999938964844,81.75,81.7699966430664,0
2016-05-11,84.70999908447266,84.76000213623047,83.37000274658203,83.5999984741211,0
2016-05-12,84.75,85.12999725341797,83.87000274658203,84.62999725341797,0
2016-05-13,84.47000122070312,84.66999816894531,83.94999694824219,84.44000244140625,0
2016-05-16,85.13999938964844,85.3499984741211,84.5999984741211,84.62000274658203,0
2016-05-17,85.72000122070312,85.87999725341797,85.0,85.3499984741211,0
2016-05-18,85.4000015258789,85.88999938964844,84.91999816894531,85.87000274658203,0
2016-05-19,84.68000030517578,84.7699966430664,83.72000122070312,84.66999816894531,0
2016-05-20,84.87000274658203,85.4800033569336,84.58000183105469,84.80000305175781,0
2016-05-23,84.37999725341797,84.95999908447266,84.08000183105469,84.80000305175781,0
2016-05-24,84.16999816894531,84.87000274658203,83.88999938964844,84.16000366210938,0
2016-05-25,85.19000244140625,85.22000122070312,84.37999725341797,84.48999786376953,0
2016-05-26,85.3499984741211,85.94000244140625,84.91999816894531,85.37999725341797,0
2016-05-27,85.47000122070312,85.54000091552734,84.9000015258789,85.16000366210938,0
2016-05-31,85.33999633789062,86.04000091552734,85.29000091552734,85.54000091552734,0
2016-06-01,85.91000366210938,85.95999908447266,84.68000030517578,85.12999725341797,0
2016-06-02,86.70999908447266,86.91000366210938,85.72000122070312,86.08000183105469,0
2016-06-03,87.13999938964844,87.6500015258789,86.66999816894531,86.75,0
2016-06-06,88.11000061035156,88.4000015258789,87.72000122070312,87.77999877929688,0
2016-06-07,88.29000091552734,88.30999755859375,87.69999694824219,87.9000015258789,0
2016-06-08,89.94000244140625,90.01000213623047,88.41999816894531,88.5,0
2016-06-09,89.87999725341797,90.30999755859375,89.22000122070312,90.16000366210938,0
2016-06-10,88.94000244140625,89.76000213623047,88.8499984741211,89.76000213623047,0
2016-06-13,89.08000183105469,89.58000183105469,88.93000030517578,89.06999969482422,0
2016-06-14,88.7699966430664,88.83000183105469,88.13999938964844,88.63999938964844,0
2016-06-15,88.47000122070312,88.95999908447266,88.31999969482422,88.36000061035156,0
2016-06-16,87.2300033569336,88.30999755859375,87.22000122070312,88.27999877929688,0
2016-06-17,88.72000122070312,88.76000213623047,87.4000015258789,87.4000015258789,0
2016-06-20,89.44999694824219,89.52999877929688,88.66000366210938,88.76000213623047,0
2016-06-21,88.58000183105469,89.33000183105469,88.12000274658203,89.30999755859375,0
2016-06-22,88.0199966430664,88.9800033569336,87.77999877929688,88.58000183105469,0
2016-06-23,88.3499984741211,88.4800033569336,87.66999816894531,88.05999755859375,0
2016-06-24,86.95999908447266,88.0199966430664,86.44999694824219,87.95999908447266,0
2016-06-27,86.66000366210938,87.66999816894531,86.43000030517578,87.13999938964844,0
2016-06-28,88.30000305175781,88.43000030517578,86.93000030517578,86.93000030517578,0
2016-06-29,89.30000305175781,89.33999633789062,88.22000122070312,88.44000244140625,0
2016-06-30,88.83999633789062,89.41999816894531,88.5,89.22000122070312,0
2016-07-01,89.68000030517578,89.70999908447266,88.83000183105469,89.16000366210938,0
2016-07-05,87.43000030517578,89.2300033569336,86.91000366210938,89.08000183105469,0
2016-07-06,87.52999877929688,87.81999969482422,86.31999969482422,87.44999694824219,0
2016-07-07,85.52999877929688,88.12000274658203,85.38999938964844,87.80999755859375,0
2016-07-08,86.4000015258789,86.48999786376953,85.4800033569336,85.61000061035156,0
2016-07-11,86.08000183105469,87.19999694824219,86.0199966430664,86.63999938964844,0
2016-07-12,87.48999786376953,87.55000305175781,86.13999938964844,86.30999755859375,0
2016-07-13,86.9800033569336,88.19000244140625,86.87000274658203,87.23999786376953,0
2016-07-14,87.12000274658203,87.94000244140625,86.9800033569336,87.22000122070312,0
2016-07-15,86.69999694824219,86.83999633789062,86.69999694824219,86.83999633789062,0
2016-07-18,86.52999877929688,86.9000015258789,85.7699966430664,86.7699966430664,0
2016-07-19,85.75,86.76000213623047,85.72000122070312,86.44999694824219,0
2016-07-20,85.16000366210938,85.86000061035156,84.77999877929688,85.69000244140625,0
2016-07-21,84.94999694824219,85.54000091552734,84.81999969482422,85.16999816894531,0
2016-07-22,84.63999938964844,84.97000122070312,84.04000091552734,84.95999908447266,0
2016-07-25,83.91999816894531,84.75,83.72000122070312,84.58000183105469,0
2016-07-26,83.72000122070312,83.98999786376953,83.30999755859375,83.86000061035156,0
2016-07-27,83.12999725341797,84.22000122070312,83.0199966430664,83.70999908447266,0
2016-07-28,83.4000015258789,83.76000213623047,83.31999969482422,83.61000061035156,0
2016-07-29,84.27999877929688,84.3499984741211,82.80999755859375,83.47000122070312,0
2016-08-01,82.9000015258789,84.3499984741211,82.80000305175781,84.16999816894531,0
2016-08-02,82.7300033569336,83.79000091552734,82.44999694824219,82.86000061035156,0
2016-08-03,83.55000305175781,83.75,82.55000305175781,82.8499984741211,0
2016-08-04,83.91000366210938,84.06999969482422,83.06999969482422,83.62000274658203,0
2016-08-05,83.8499984741211,84.12999725341797,83.33000183105469,83.9000015258789,0
2016-08-08,84.31999969482422,84.48999786376953,83.83999633789062,83.88999938964844,0
2016-08-09,83.75,84.37999725341797,83.72000122070312,84.0199966430664,0
2016-08-10,83.2300033569336,84.45999908447266,83.19000244140625,83.83999633789062,0
2016-08-11,83.97000122070312,84.26000213623047,82.91000366210938,83.18000030517578,0
2016-08-12,84.05999755859375,84.38999938964844,83.55999755859375,83.9000015258789,0
2016-08-15,85.23999786376953,85.26000213623047,84.23999786376953,84.37999725341797,0
2016-08-16,85.72000122070312,85.80999755859375,85.01000213623047,85.05999755859375,0
2016-08-17,85.87000274658203,85.94999694824219,85.2300033569336,85.55000305175781,0
2016-08-18,86.73999786376953,86.83000183105469,85.9000015258789,86.05999755859375,0
2016-08-19,86.23999786376953,86.66000366210938,85.87000274658203,86.51000213623047,0
2016-08-22,85.66999816894531,85.95999908447266,85.41000366210938,85.93000030517578,0
2016-08-23,86.06999969482422,86.1500015258789,85.29000091552734,85.4000015258789,0
2016-08-24,85.06999969482422,85.83000183105469,84.91000366210938,85.80999755859375,0
2016-08-25,85.05000305175781,85.23999786376953,84.75,84.91999816894531,0
2016-08-26,84.9800033569336,85.94000244140625,84.5999984741211,85.18000030517578,0
2016-08-29,84.45999908447266,84.7300033569336,84.31999969482422,84.69999694824219,0
2016-08-30,83.66000366210938,84.69999694824219,83.51000213623047,84.51000213623047,0
2016-08-31,82.7699966430664,83.7300033569336,82.63999938964844,83.66000366210938,0
2016-09-01,82.0999984741211,83.08000183105469,82.02999877929688,82.91000366210938,0
2016-09-02,82.98999786376953,83.2699966430664,82.25,82.47000122070312,0
2016-09-06,83.38999938964844,83.43000030517578,82.62999725341797,83.30999755859375,0
2016-09-07,83.93000030517578,84.0199966430664,83.43000030517578,83.44000244140625,0
2016-09-08,85.1500015258789,85.19999694824219,84.0199966430664,84.31999969482422,0
2016-09-09,84.0199966430664,84.94000244140625,83.98999786376953,84.88999938964844,0
2016-09-12,84.08000183105469,84.41999816894531,83.27999877929688,83.45999908447266,0
2016-09-13,83.0199966430664,84.19999694824219,82.98999786376953,84.16999816894531,0
2016-09-14,82.66999816894531,83.41000366210938,82.58999633789062,83.08000183105469,0
2016-09-15,83.08000183105469,83.25,82.48999786376953,82.80000305175781,0
2016-09-16,83.23999786376953,83.30000305175781,82.41000366210938,82.9800033569336,0
2016-09-19,83.61000061035156,84.08000183105469,83.48999786376953,83.73999786376953,0
2016-09-20,84.29000091552734,84.36000061035156,83.4800033569336,83.5999984741211,0
2016-09-21,84.91000366210938,84.97000122070312,84.41999816894531,84.48999786376953,0
2016-09-22,85.51000213623047,86.05000305175781,85.26000213623047,85.44999694824219,0
2016-09-23,84.31999969482422,85.44999694824219,84.16999816894531,85.06999969482422,0
2016-09-26,84.86000061035156,85.12999725341797,84.06999969482422,84.45999908447266,0
2016-09-27,84.13999938964844,84.87000274658203,83.70999908447266,84.6500015258789,0
2016-09-28,85.13999938964844,85.26000213623047,83.72000122070312,84.11000061035156,0
2016-09-29,85.22000122070312,85.58000183105469,84.94999694824219,85.48999786376953,0
2016-09-30,85.33999633789062,85.63999938964844,84.79000091552734,85.04000091552734,0
2016-10-03,85.5999984741211,85.70999908447266,84.62000274658203,85.27999877929688,0
2016-10-04,85.1500015258789,85.51000213623047,85.01000213623047,85.4000015258789,0
2016-10-05,85.72000122070312,85.79000091552734,85.16999816894531,85.44999694824219,0
2016-10-06,85.51000213623047,85.69999694824219,85.16000366210938,85.51000213623047,0
2016-10-07,85.63999938964844,86.0999984741211,85.33999633789062,85.58999633789062,0
2016-10-10,86.76000213623047,86.93000030517578,85.48999786376953,85.48999786376953,0
2016-10-11,86.18000030517578,86.80999755859375,85.94000244140625,86.66999816894531,0
2016-10-12,85.6500015258789,86.37999725341797,85.62000274658203,86.29000091552734,0
2016-10-13,86.27999877929688,86.30000305175781,85.33000183105469,85.56999969482422,0
2016-10-14,86.33999633789062,86.7300033569336,86.16000366210938,86.44000244140625,0
2016-10-17,86.38999938964844,86.62000274658203,85.81999969482422,86.26000213623047,0
2016-10-18,86.55000305175781,86.91000366210938,86.41999816894531,86.66999816894531,0
2016-10-19,86.88999938964844,87.08000183105469,86.45999908447266,86.79000091552734,0
2016-10-20,86.0199966430664,87.01000213623047,85.7699966430664,86.9800033569336,0
2016-10-21,86.11000061035156,86.2300033569336,85.72000122070312,85.91999816894531,0
2016-10-24,86.1500015258789,86.51000213623047,85.70999908447266,86.0999984741211,0
2016-10-25,86.01000213623047,86.72000122070312,85.80000305175781,86.26000213623047,0
2016-10-26,85.54000091552734,85.91999816894531,85.2699966430664,85.77999877929688,0
2016-10-27,86.22000122070312,86.30000305175781,85.54000091552734,85.63999938964844,0
2016-10-28,85.91000366210938,86.51000213623047,85.75,86.31999969482422,0
2016-10-31,84.9000015258789,86.01000213623047,84.87000274658203,85.87000274658203,0
2016-11-01,84.51000213623047,85.44000244140625,84.3499984741211,85.1500015258789,0
2016-11-02,83.88999938964844,84.19999694824219,83.56999969482422,84.1500015258789,0
2016-11-03,83.61000061035156,84.0,83.4800033569336,83.94000244140625,0
2016-11-04,83.29000091552734,83.63999938964844,82.94999694824219,83.56999969482422,0
2016-11-07,83.81999969482422,84.0,83.36000061035156,83.69999694824219,0
2016-11-08,83.77999877929688,84.13999938964844,83.37000274658203,83.86000061035156,0
2016-11-09,83.91000366210938,84.4800033569336,82.91000366210938,83.33000183105469,0
2016-11-10,83.83999633789062,85.08000183105469,83.61000061035156,84.4000015258789,0
2016-11-11,82.37999725341797,84.41999816894531,82.16000366210938,83.83000183105469,0
2016-11-14,82.33999633789062,82.83000183105469,81.79000091552734,82.80999755859375,0
2016-11-15,83.27999877929688,83.33000183105469,82.3499984741211,82.87000274658203,0
2016-11-16,82.7699966430664,83.5199966430664,82.58000183105469,83.23999786376953,0
2016-11-17,82.7300033569336,83.27999877929688,82.61000061035156,82.75,0
2016-11-18,83.0199966430664,83.16000366210938,82.12000274658203,82.20999908447266,0
2016-11-21,84.88999938964844,84.93000030517578,83.76000213623047,83.76000213623047,0
2016-11-22,85.13999938964844,85.73999786376953,84.79000091552734,85.47000122070312,0
2016-11-23,85.36000061035156,85.51000213623047,84.27999877929688,85.02999877929688,0
2016-11-25,85.02999877929688,85.5,84.95999908447266,85.37000274658203,0
2016-11-28,86.06999969482422,86.45999908447266,85.4800033569336,85.70999908447266,0
2016-11-29,84.27999877929688,85.94000244140625,84.19000244140625,85.94000244140625,0
2016-11-30,86.0,86.30999755859375,84.16000366210938,84.44999694824219,0
2016-12-01,86.91999816894531,87.20999908447266,85.95999908447266,86.05999755859375,0
2016-12-02,87.04000091552734,87.18000030517578,86.30000305175781,86.87999725341797,0
2016-12-05,88.3499984741211,89.08999633789062,87.1500015258789,87.19000244140625,0
2016-12-06,88.02999877929688,88.37999725341797,87.73999786376953,88.01000213623047,0
2016-12-07,87.47000122070312,88.31999969482422,87.45999908447266,87.9800033569336,0
2016-12-08,87.56999969482422,87.83000183105469,86.93000030517578,87.41000366210938,0
2016-12-09,88.13999938964844,88.16999816894531,87.58999633789062,87.69000244140625,0
2016-12-12,88.18000030517578,88.86000061035156,88.11000061035156,88.80000305175781,0
2016-12-13,87.91999816894531,88.62000274658203,87.61000061035156,88.16000366210938,0
2016-12-14,87.62999725341797,88.12000274658203,87.38999938964844,87.68000030517578,0
2016-12-15,86.83999633789062,87.5999984741211,86.45999908447266,87.44999694824219,0
2016-12-16,87.12999725341797,87.12999725341797,87.12999725341797,87.12999725341797,0
2016-12-19,86.56999969482422,87.33000183105469,86.3499984741211,87.20999908447266,0
2016-12-20,86.16000366210938,86.5199966430664,86.0,86.44000244140625,0
2016-12-21,86.4000015258789,86.8499984741211,86.2300033569336,86.4000015258789,0
2016-12-22,86.33000183105469,86.7300033569336,85.83999633789062,86.44999694824219,0
2016-12-23,86.29000091552734,86.52999877929688,86.0,86.16999816894531,0
2016-12-27,87.5999984741211,87.70999908447266,86.58999633789062,86.5999984741211,0
2016-12-28,87.75,87.8499984741211,87.1500015258789,87.4800033569336,0
2016-12-29,87.66999816894531,88.01000213623047,87.55000305175781,87.80000305175781,0
2016-12-30,87.51000213623047,88.0,87.3499984741211,87.7300033569336,0
2017-01-03,86.06999969482422,87.83000183105469,86.0,87.33999633789062,0
2017-01-04,87.16999816894531,87.20999908447266,86.16000366210938,86.22000122070312,0
2017-01-05,87.52999877929688,87.8499984741211,87.02999877929688,87.06999969482422,0
2017-01-06,87.37000274658203,87.62999725341797,87.0,87.54000091552734,0
2017-01-09,86.33999633789062,87.38999938964844,86.31999969482422,87.36000061035156,0
2017-01-10,86.8499984741211,87.20999908447266,86.3499984741211,86.36000061035156,0
2017-01-11,87.20999908447266,87.45999908447266,86.55000305175781,86.83999633789062,0
2017-01-12,88.48999786376953,88.51000213623047,87.30000305175781,87.3499984741211,0
2017-01-13,88.54000091552734,88.70999908447266,87.98999786376953,88.43000030517578,0
2017-01-17,88.94999694824219,89.47000122070312,88.54000091552734,88.77999877929688,0
2017-01-18,88.37999725341797,89.05999755859375,88.25,88.97000122070312,0
2017-01-19,88.16000366210938,88.5199966430664,88.04000091552734,88.30000305175781,0
2017-01-20,88.37999725341797,88.7300033569336,87.87999725341797,88.06999969482422,0
2017-01-23,88.5999984741211,88.69999694824219,88.22000122070312,88.69000244140625,0
2017-01-24,88.75,89.26000213623047,88.7300033569336,88.81999969482422,0
2017-01-25,88.37000274658203,88.69999694824219,88.06999969482422,88.48999786376953,0
2017-01-26,88.2699966430664,88.83000183105469,88.18000030517578,88.61000061035156,0
2017-01-27,87.9800033569336,88.05999755859375,87.62000274658203,88.0199966430664,0
2017-01-30,87.02999877929688,87.87000274658203,87.0199966430664,87.83999633789062,0
2017-01-31,87.58999633789062,87.86000061035156,87.0,87.02999877929688,0
2017-02-01,88.54000091552734,88.55000305175781,87.5,87.55999755859375,0
2017-02-02,88.4000015258789,88.91000366210938,88.33000183105469,88.55999755859375,0
2017-02-03,87.94000244140625,88.33999633789062,87.7300033569336,88.13999938964844,0
2017-02-06,87.83000183105469,88.36000061035156,87.81999969482422,88.2300033569336,0
2017-02-07,87.86000061035156,87.98999786376953,87.52999877929688,87.91000366210938,0
2017-02-08,88.41999816894531,88.5999984741211,87.77999877929688,87.86000061035156,0
2017-02-09,88.52999877929688,88.87000274658203,88.2699966430664,88.5199966430664,0
2017-02-10,89.36000061035156,89.44999694824219,88.30999755859375,88.30999755859375,0
2017-02-13,88.63999938964844,89.36000061035156,88.58999633789062,89.3499984741211,0
2017-02-14,88.62999725341797,89.05999755859375,88.41999816894531,88.58000183105469,0
2017-02-15,89.01000213623047,89.05999755859375,88.41000366210938,88.72000122070312,0
2017-02-16,88.4800033569336,89.16000366210938,88.45999908447266,89.11000061035156,0
2017-02-17,88.11000061035156,88.33999633789062,87.81999969482422,88.33999633789062,0
2017-02-21,87.86000061035156,88.45999908447266,87.8499984741211,88.37000274658203,0
2017-02-22,87.55000305175781,87.95999908447266,87.4800033569336,87.95999908447266,0
2017-02-23,87.37000274658203,88.12000274658203,87.26000213623047,87.77999877929688,0
2017-02-24,87.4800033569336,87.68000030517578,87.11000061035156,87.37999725341797,0
2017-02-27,87.0999984741211,87.5999984741211,87.08000183105469,87.45999908447266,0
2017-02-28,87.73999786376953,87.91000366210938,86.94999694824219,87.06999969482422,0
2017-03-01,88.31999969482422,88.36000061035156,87.61000061035156,87.7699966430664,0
2017-03-02,86.98999786376953,88.19999694824219,86.91000366210938,88.13999938964844,0
2017-03-03,87.19000244140625,87.2300033569336,86.80999755859375,87.02999877929688,0
2017-03-06,87.11000061035156,87.63999938964844,87.06999969482422,87.48999786376953,0
2017-03-07,86.3499984741211,87.11000061035156,86.2699966430664,87.06999969482422,0
2017-03-08,85.29000091552734,86.45999908447266,85.2300033569336,86.33999633789062,0
2017-03-09,84.58000183105469,85.41000366210938,84.29000091552734,85.30000305175781,0
2017-03-10,84.2699966430664,85.04000091552734,84.18000030517578,84.62000274658203,0
2017-03-13,84.37000274658203,84.7300033569336,84.2699966430664,84.47000122070312,0
2017-03-14,83.9000015258789,84.43000030517578,83.55999755859375,84.29000091552734,0
2017-03-15,84.51000213623047,84.66999816894531,84.16999816894531,84.22000122070312,0
2017-03-16,84.87000274658203,85.41999816894531,84.83999633789062,85.0999984741211,0
2017-03-17,85.13999938964844,85.20999908447266,84.70999908447266,84.91000366210938,0
2017-03-20,85.11000061035156,85.44000244140625,84.93000030517578,85.08999633789062,0
2017-03-21,84.91999816894531,85.29000091552734,84.70999908447266,85.06999969482422,0
2017-03-22,84.66000366210938,84.8499984741211,84.29000091552734,84.70999908447266,0
2017-03-23,84.58999633789062,84.8499984741211,84.36000061035156,84.80999755859375,0
2017-03-24,84.52999877929688,84.69000244140625,84.37000274658203,84.41000366210938,0
2017-03-27,84.33000183105469,84.61000061035156,83.94000244140625,84.48999786376953,0
2017-03-28,84.91000366210938,85.01000213623047,84.25,84.38999938964844,0
2017-03-29,85.4000015258789,85.41999816894531,84.6500015258789,84.76000213623047,0
2017-03-30,85.3499984741211,85.72000122070312,85.01000213623047,85.19000244140625,0
2017-03-31,85.3499984741211,85.41000366210938,84.9000015258789,85.2300033569336,0
2017-04-03,84.73999786376953,85.70999908447266,84.7300033569336,85.44000244140625,0
2017-04-04,85.29000091552734,85.31999969482422,84.69000244140625,84.8499984741211,0
2017-04-05,85.62000274658203,86.12999725341797,85.45999908447266,85.61000061035156,0
2017-04-06,85.75,85.94000244140625,85.54000091552734,85.6500015258789,0
2017-04-07,85.83999633789062,86.4000015258789,85.4800033569336,86.30000305175781,0
2017-04-10,85.9000015258789,85.94000244140625,85.62000274658203,85.68000030517578,0
2017-04-11,86.0,86.05000305175781,85.48999786376953,85.98999786376953,0
2017-04-12,85.87999725341797,86.30999755859375,85.80000305175781,86.30999755859375,0
2017-04-13,86.30000305175781,86.45999908447266,86.05999755859375,86.08000183105469,0
2017-04-17,86.05000305175781,86.44000244140625,86.04000091552734,86.30000305175781,0
2017-04-18,85.3499984741211,86.05999755859375,85.08000183105469,86.05999755859375,0
2017-04-19,84.63999938964844,85.69000244140625,84.54000091552734,85.4800033569336,0
2017-04-20,84.44999694824219,85.1500015258789,84.41000366210938,84.66999816894531,0
2017-04-21,83.9000015258789,84.63999938964844,83.75,84.45999908447266,0
2017-04-24,83.72000122070312,84.25,83.47000122070312,84.0999984741211,0
2017-04-25,84.02999877929688,84.04000091552734,83.4000015258789,83.73999786376953,0
2017-04-26,83.88999938964844,84.4000015258789,83.80999755859375,84.02999877929688,0
2017-04-27,83.62000274658203,83.87999725341797,83.2300033569336,83.76000213623047,0
2017-04-28,84.01000213623047,84.08999633789062,83.69999694824219,83.80000305175781,0
2017-05-01,84.20999908447266,84.51000213623047,84.06999969482422,84.08000183105469,0
2017-05-02,83.8499984741211,84.54000091552734,83.75,84.37999725341797,0
2017-05-03,83.7300033569336,83.94000244140625,83.41999816894531,83.94000244140625,0
2017-05-04,82.20999908447266,83.58000183105469,82.0999984741211,83.55999755859375,0
2017-05-05,82.68000030517578,82.93000030517578,81.66999816894531,82.31999969482422,0
2017-05-08,82.2699966430664,82.75,81.94999694824219,82.63999938964844,0
2017-05-09,82.02999877929688,82.54000091552734,82.0,82.36000061035156,0
2017-05-10,82.76000213623047,82.95999908447266,82.02999877929688,82.12999725341797,0
2017-05-11,83.12999725341797,83.41000366210938,82.80000305175781,82.80000305175781,0
2017-05-12,83.4800033569336,83.5,83.08999633789062,83.0999984741211,0
2017-05-15,83.58000183105469,84.30000305175781,83.45999908447266,83.52999877929688,0
2017-05-16,83.5,83.76000213623047,83.37999725341797,83.61000061035156,0
2017-05-17,83.9800033569336,84.18000030517578,83.4000015258789,83.41000366210938,0
2017-05-18,83.41999816894531,83.79000091552734,82.91000366210938,83.68000030517578,0
2017-05-19,84.72000122070312,84.7300033569336,83.55999755859375,83.6500015258789,0
2017-05-22,85.26000213623047,85.45999908447266,84.94000244140625,85.0199966430664,0
2017-05-23,84.69999694824219,85.20999908447266,84.62999725341797,85.19000244140625,0
2017-05-24,84.47000122070312,84.80000305175781,84.27999877929688,84.66000366210938,0
2017-05-25,83.70999908447266,84.87000274658203,83.61000061035156,84.72000122070312,0
2017-05-26,84.01000213623047,84.0199966430664,83.43000030517578,83.69999694824219,0
2017-05-30,83.19999694824219,83.75,82.9800033569336,83.75,0
2017-05-31,82.83000183105469,83.29000091552734,82.48999786376953,83.27999877929688,0
2017-06-01,82.45999908447266,83.05000305175781,82.43000030517578,82.94999694824219,0
2017-06-02,82.33000183105469,82.47000122070312,81.63999938964844,82.33999633789062,0
2017-06-05,82.0,82.69000244140625,81.88999938964844,82.4800033569336,0
2017-06-06,82.4800033569336,82.62000274658203,81.87999725341797,81.94000244140625,0
2017-06-07,81.95999908447266,82.69999694824219,81.93000030517578,82.58000183105469,0
2017-06-08,82.18000030517578,82.5,82.01000213623047,82.05999755859375,0
2017-06-09,82.41999816894531,82.61000061035156,81.97000122070312,82.19000244140625,0
2017-06-12,81.58999633789062,82.5,81.56999969482422,82.31999969482422,0
2017-06-13,81.61000061035156,81.72000122070312,81.30000305175781,81.69999694824219,0
2017-06-14,80.88999938964844,81.83000183105469,80.86000061035156,81.55999755859375,0
2017-06-15,80.91999816894531,80.94999694824219,80.30000305175781,80.80999755859375,0
2017-06-16,81.2699966430664,81.29000091552734,81.02999877929688,81.12000274658203,0
2017-06-19,80.72000122070312,81.26000213623047,80.68000030517578,80.91000366210938,0
2017-06-20,80.12999725341797,81.02999877929688,79.81999969482422,80.80000305175781,0
2017-06-21,79.62999725341797,80.37000274658203,79.5,80.23999786376953,0
2017-06-22,79.36000061035156,79.94999694824219,79.3499984741211,79.7300033569336,0
2017-06-23,79.63999938964844,79.88999938964844,79.41999816894531,79.41999816894531,0
2017-06-26,79.87000274658203,80.16999816894531,79.47000122070312,80.02999877929688,0
2017-06-27,80.41999816894531,80.72000122070312,79.91000366210938,79.91000366210938,0
2017-06-28,80.83999633789062,80.87999725341797,80.37000274658203,80.44999694824219,0
2017-06-29,81.33000183105469,81.61000061035156,81.02999877929688,81.08999633789062,0
2017-06-30,82.5999984741211,82.62000274658203,81.41999816894531,81.43000030517578,0
2017-07-03,83.11000061035156,83.43000030517578,82.69000244140625,82.7699966430664,0
2017-07-05,82.31999969482422,83.16999816894531,82.0,83.12000274658203,0
2017-07-06,82.41999816894531,82.6500015258789,81.95999908447266,82.08999633789062,0
2017-07-07,81.80000305175781,82.2699966430664,81.66999816894531,82.0199966430664,0
2017-07-10,82.36000061035156,82.5,81.9800033569336,82.38999938964844,0
2017-07-11,83.0199966430664,83.05999755859375,81.79000091552734,82.48999786376953,0
2017-07-12,82.6500015258789,83.30000305175781,82.55999755859375,83.20999908447266,0
2017-07-13,81.91999816894531,82.54000091552734,81.8499984741211,82.37999725341797,0
2017-07-14,82.69999694824219,82.80000305175781,81.91999816894531,81.94999694824219,0
2017-07-17,82.69000244140625,83.08999633789062,82.5999984741211,82.61000061035156,0
2017-07-18,83.1500015258789,83.5999984741211,82.80000305175781,83.08999633789062,0
2017-07-19,83.62999725341797,83.77999877929688,82.98999786376953,83.04000091552734,0
2017-07-20,83.69000244140625,84.11000061035156,83.45999908447266,83.55000305175781,0
2017-07-21,82.98999786376953,83.83000183105469,82.95999908447266,83.62000274658203,0
2017-07-24,82.6500015258789,82.80999755859375,82.44000244140625,82.47000122070312,0
2017-07-25,83.11000061035156,83.31999969482422,82.88999938964844,82.88999938964844,0
2017-07-26,83.69000244140625,83.70999908447266,83.01000213623047,83.13999938964844,0
2017-07-27,84.2300033569336,84.41000366210938,83.8499984741211,83.9000015258789,0
2017-07-28,84.4800033569336,84.69000244140625,83.94000244140625,84.12999725341797,0
2017-07-31,84.38999938964844,84.45999908447266,84.0999984741211,84.36000061035156,0
2017-08-01,83.52999877929688,84.5,83.27999877929688,84.45999908447266,0
2017-08-02,83.93000030517578,83.93000030517578,83.23999786376953,83.37999725341797,0
2017-08-03,83.33000183105469,83.83000183105469,83.30999755859375,83.76000213623047,0
2017-08-04,83.27999877929688,83.45999908447266,82.9800033569336,83.38999938964844,0
2017-08-07,83.72000122070312,83.72000122070312,83.13999938964844,83.41000366210938,0
2017-08-08,83.94000244140625,84.11000061035156,83.58999633789062,83.8499984741211,0
2017-08-09,84.41999816894531,84.47000122070312,83.9000015258789,83.97000122070312,0
2017-08-10,83.54000091552734,84.9800033569336,83.51000213623047,84.5,0
2017-08-11,83.69999694824219,83.76000213623047,83.22000122070312,83.5,0
2017-08-14,83.11000061035156,83.56999969482422,82.94000244140625,83.51000213623047,0
2017-08-15,82.5199966430664,83.05999755859375,82.3499984741211,83.02999877929688,0
2017-08-16,82.58000183105469,83.0,82.55000305175781,82.58000183105469,0
2017-08-17,82.68000030517578,82.95999908447266,82.27999877929688,82.9000015258789,0
2017-08-18,83.2300033569336,83.2699966430664,82.58999633789062,82.69000244140625,0
2017-08-21,83.04000091552734,83.43000030517578,82.93000030517578,83.3499984741211,0
2017-08-22,82.9800033569336,83.33000183105469,82.91999816894531,83.01000213623047,0
2017-08-23,83.2699966430664,83.29000091552734,82.87999725341797,82.93000030517578,0
2017-08-24,83.51000213623047,83.55999755859375,83.20999908447266,83.30999755859375,0
2017-08-25,83.29000091552734,83.75,83.12000274658203,83.5999984741211,0
2017-08-28,83.41999816894531,83.5999984741211,83.16000366210938,83.55999755859375,0
2017-08-29,83.5,83.80999755859375,83.33999633789062,83.7300033569336,0
2017-08-30,83.06999969482422,83.55999755859375,83.0,83.4800033569336,0
2017-08-31,84.66000366210938,84.69000244140625,83.0999984741211,83.11000061035156,0
2017-09-01,84.9800033569336,84.98999786376953,84.43000030517578,84.68000030517578,0
2017-09-05,85.37000274658203,85.62999725341797,84.94000244140625,85.0199966430664,0
2017-09-06,85.72000122070312,85.88999938964844,85.19000244140625,85.19000244140625,0
2017-09-07,85.66000366210938,85.94000244140625,85.4800033569336,85.69999694824219,0
2017-09-08,84.76000213623047,86.06999969482422,84.66999816894531,85.81999969482422,0
2017-09-11,84.88999938964844,84.98999786376953,84.54000091552734,84.77999877929688,0
2017-09-12,84.80000305175781,85.08000183105469,84.44999694824219,84.68000030517578,0
2017-09-13,84.95999908447266,85.02999877929688,84.66000366210938,84.94999694824219,0
2017-09-14,85.0999984741211,85.43000030517578,84.7699966430664,84.95999908447266,0
2017-09-15,85.19000244140625,85.2300033569336,84.80999755859375,85.08000183105469,0
2017-09-18,85.08000183105469,85.55999755859375,84.95999908447266,85.43000030517578,0
2017-09-19,84.83999633789062,85.27999877929688,84.69000244140625,85.1500015258789,0
2017-09-20,85.58999633789062,85.66999816894531,85.08000183105469,85.08000183105469,0
2017-09-21,84.77999877929688,85.31999969482422,84.76000213623047,85.31999969482422,0
2017-09-22,84.86000061035156,85.0,84.56999969482422,84.66999816894531,0
2017-09-25,85.33000183105469,85.33999633789062,84.61000061035156,84.77999877929688,0
2017-09-26,84.77999877929688,85.68000030517578,84.6500015258789,85.55000305175781,0
2017-09-27,84.83999633789062,84.98999786376953,84.52999877929688,84.80000305175781,0
2017-09-28,84.63999938964844,84.97000122070312,84.4800033569336,84.58999633789062,0
2017-09-29,84.45999908447266,84.70999908447266,84.36000061035156,84.55999755859375,0
2017-10-02,83.70999908447266,84.4000015258789,83.41999816894531,84.38999938964844,0
2017-10-03,83.73999786376953,83.94000244140625,83.5199966430664,83.56999969482422,0
2017-10-04,83.95999908447266,84.12999725341797,83.66999816894531,83.73999786376953,0
2017-10-05,84.58000183105469,84.80000305175781,83.95999908447266,83.98999786376953,0
2017-10-06,83.93000030517578,84.66999816894531,83.69000244140625,84.61000061035156,0
2017-10-09,84.06999969482422,84.22000122070312,83.91000366210938,84.11000061035156,0
2017-10-10,84.81999969482422,84.93000030517578,84.11000061035156,84.19999694824219,0
2017-10-11,84.7699966430664,84.94000244140625,84.66000366210938,84.77999877929688,0
2017-10-12,85.12999725341797,85.4000015258789,84.66999816894531,84.81999969482422,0
2017-10-13,85.88999938964844,85.91000366210938,85.25,85.29000091552734,0
2017-10-16,85.98999786376953,86.38999938964844,85.87000274658203,85.87000274658203,0
2017-10-17,85.48999786376953,85.94999694824219,85.4000015258789,85.87999725341797,0
2017-10-18,85.30999755859375,85.6500015258789,85.1500015258789,85.61000061035156,0
2017-10-19,85.38999938964844,85.5,85.05000305175781,85.38999938964844,0
2017-10-20,85.2699966430664,85.6500015258789,85.02999877929688,85.43000030517578,0
2017-10-23,85.61000061035156,85.70999908447266,85.33000183105469,85.44999694824219,0
2017-10-24,86.04000091552734,86.05999755859375,85.55000305175781,85.75,0
2017-10-25,85.88999938964844,86.18000030517578,85.81999969482422,86.06999969482422,0
2017-10-26,85.91999816894531,86.0999984741211,85.55999755859375,86.04000091552734,0
2017-10-27,85.87000274658203,85.88999938964844,85.06999969482422,85.7699966430664,0
2017-10-30,86.1500015258789,86.2300033569336,85.87000274658203,85.94999694824219,0
2017-10-31,86.19000244140625,86.37000274658203,85.83999633789062,86.13999938964844,0
2017-11-01,86.54000091552734,87.05999755859375,86.37999725341797,86.55999755859375,0
2017-11-02,86.69000244140625,86.70999908447266,86.26000213623047,86.68000030517578,0
2017-11-03,86.87999725341797,87.04000091552734,86.37999725341797,86.80000305175781,0
2017-11-06,88.1500015258789,88.23999786376953,87.12000274658203,87.12999725341797,0
2017-11-07,87.54000091552734,88.0999984741211,87.37999725341797,88.05000305175781,0
2017-11-08,87.63999938964844,87.97000122070312,87.33000183105469,87.55000305175781,0
2017-11-09,87.45999908447266,87.77999877929688,87.3499984741211,87.58000183105469,0
2017-11-10,87.27999877929688,87.66000366210938,87.1500015258789,87.44000244140625,0
2017-11-13,87.19999694824219,87.58000183105469,87.08999633789062,87.30999755859375,0
2017-11-14,86.16000366210938,87.05000305175781,85.91000366210938,87.04000091552734,0
2017-11-15,86.0,86.13999938964844,85.77999877929688,85.8499984741211,0
2017-11-16,85.66000366210938,86.11000061035156,85.63999938964844,86.08000183105469,0
2017-11-17,86.7699966430664,86.83999633789062,85.80999755859375,85.88999938964844,0
2017-11-20,86.19000244140625,86.54000091552734,85.91999816894531,86.5199966430664,0
2017-11-21,86.47000122070312,86.62999725341797,86.12000274658203,86.16999816894531,0
2017-11-22,87.04000091552734,87.08000183105469,86.58999633789062,86.58999633789062,0
2017-11-24,87.0,87.25,86.9000015258789,87.20999908447266,0
2017-11-27,86.9000015258789,87.12999725341797,86.58000183105469,87.04000091552734,0
2017-11-28,86.72000122070312,86.7699966430664,86.41000366210938,86.69000244140625,0
2017-11-29,86.44000244140625,86.88999938964844,86.26000213623047,86.63999938964844,0
2017-11-30,85.69999694824219,86.48999786376953,85.6500015258789,86.41999816894531,0
2017-12-01,86.4800033569336,86.87999725341797,85.87000274658203,85.9000015258789,0
2017-12-04,85.75,86.66000366210938,85.72000122070312,86.58000183105469,0
2017-12-05,85.02999877929688,85.80999755859375,84.95999908447266,85.75,0
2017-12-06,84.11000061035156,85.1500015258789,84.11000061035156,84.9800033569336,0
2017-12-07,83.80000305175781,84.27999877929688,83.62999725341797,84.20999908447266,0
2017-12-08,84.01000213623047,84.30000305175781,83.80999755859375,83.80999755859375,0
2017-12-11,84.22000122070312,84.33999633789062,83.9000015258789,83.97000122070312,0
2017-12-12,83.43000030517578,84.5,83.37000274658203,84.26000213623047,0
2017-12-13,83.47000122070312,83.97000122070312,83.41000366210938,83.70999908447266,0
2017-12-14,83.83999633789062,83.86000061035156,83.44000244140625,83.75,0
2017-12-15,84.05000305175781,84.27999877929688,83.87999725341797,83.91999816894531,0
2017-12-18,84.47000122070312,84.7300033569336,84.0999984741211,84.0999984741211,0
2017-12-19,84.58000183105469,84.81999969482422,84.36000061035156,84.41000366210938,0
2017-12-20,85.05000305175781,85.0999984741211,84.7300033569336,84.76000213623047,0
2017-12-21,85.27999877929688,85.30000305175781,84.80999755859375,85.04000091552734,0
2017-12-22,85.75,85.76000213623047,85.06999969482422,85.08000183105469,0
2017-12-26,86.7300033569336,86.7699966430664,85.9000015258789,85.93000030517578,0
2017-12-27,87.08000183105469,87.12000274658203,86.44000244140625,86.44999694824219,0
2017-12-28,87.69999694824219,87.70999908447266,86.9800033569336,87.01000213623047,0
2017-12-29,88.16999816894531,88.22000122070312,87.56999969482422,87.79000091552734,0
2018-01-02,88.41000366210938,88.62000274658203,88.0999984741211,88.29000091552734,0
2018-01-03,88.61000061035156,88.62000274658203,88.19999694824219,88.2300033569336,0
2018-01-04,88.56999969482422,88.83000183105469,88.41000366210938,88.47000122070312,0
2018-01-05,87.91999816894531,88.58000183105469,87.80999755859375,88.51000213623047,0
2018-01-08,87.69000244140625,88.05999755859375,87.4800033569336,88.0,0
2018-01-09,88.0999984741211,88.16000366210938,87.47000122070312,87.88999938964844,0
2018-01-10,88.23999786376953,88.79000091552734,88.02999877929688,88.33000183105469,0
2018-01-11,88.30999755859375,88.54000091552734,88.19999694824219,88.29000091552734,0
2018-01-12,88.76000213623047,88.76000213623047,88.2699966430664,88.44999694824219,0
2018-01-16,88.44999694824219,88.91999816894531,88.05999755859375,88.91999816894531,0
2018-01-17,88.80000305175781,88.8499984741211,88.26000213623047,88.43000030517578,0
2018-01-18,88.69000244140625,88.91000366210938,88.33999633789062,88.81999969482422,0
2018-01-19,88.54000091552734,88.91999816894531,88.47000122070312,88.48999786376953,0
2018-01-22,88.80999755859375,88.94999694824219,88.6500015258789,88.8499984741211,0
2018-01-23,89.16000366210938,89.19000244140625,88.83999633789062,88.94000244140625,0
2018-01-24,90.45999908447266,90.51000213623047,89.25,89.31999969482422,0
2018-01-25,90.45999908447266,91.16999816894531,90.43000030517578,90.6500015258789,0
2018-01-26,90.80000305175781,90.93000030517578,90.19000244140625,90.29000091552734,0
2018-01-29,90.62999725341797,90.98999786376953,90.3499984741211,90.93000030517578,0
2018-01-30,90.27999877929688,90.81999969482422,90.05999755859375,90.55000305175781,0
2018-01-31,89.80000305175781,90.26000213623047,89.58000183105469,90.05000305175781,0
2018-02-01,89.87000274658203,89.87999725341797,89.38999938964844,89.6500015258789,0
2018-02-02,89.12000274658203,90.11000061035156,88.77999877929688,90.0,0
2018-02-05,88.51000213623047,89.06999969482422,88.41000366210938,88.66999816894531,0
2018-02-06,88.16999816894531,88.5199966430664,87.9000015258789,88.26000213623047,0
2018-02-07,87.1500015258789,88.69999694824219,87.02999877929688,88.69999694824219,0
2018-02-08,87.01000213623047,87.43000030517578,86.87999725341797,87.29000091552734,0
2018-02-09,85.63999938964844,86.83000183105469,85.30000305175781,86.7699966430664,0
2018-02-12,86.33000183105469,86.69999694824219,86.16999816894531,86.4800033569336,0
2018-02-13,86.79000091552734,86.9800033569336,86.38999938964844,86.6500015258789,0
2018-02-14,87.98999786376953,88.0199966430664,86.19000244140625,86.75,0
2018-02-15,88.23999786376953,88.33000183105469,87.47000122070312,88.25,0
2018-02-16,88.19999694824219,88.56999969482422,87.95999908447266,88.41999816894531,0
2018-02-20,88.0,88.54000091552734,87.97000122070312,88.36000061035156,0
2018-02-21,88.2699966430664,88.30999755859375,87.48999786376953,87.73999786376953,0
2018-02-22,88.66999816894531,88.7300033569336,87.5999984741211,87.66999816894531,0
2018-02-23,88.69000244140625,88.72000122070312,88.29000091552734,88.5999984741211,0
2018-02-26,89.04000091552734,89.36000061035156,88.80999755859375,89.16999816894531,0
2018-02-27,88.58999633789062,89.1500015258789,88.51000213623047,89.0999984741211,0
2018-02-28,88.13999938964844,88.98999786376953,88.0999984741211,88.56999969482422,0
2018-03-01,88.19999694824219,88.2699966430664,87.44999694824219,88.12999725341797,0
2018-03-02,88.1500015258789,88.52999877929688,87.8499984741211,88.41999816894531,0
2018-03-05,88.69999694824219,88.7300033569336,87.87000274658203,88.30999755859375,0
2018-03-06,89.01000213623047,89.19999694824219,88.58999633789062,88.6500015258789,0
2018-03-07,88.04000091552734,88.83999633789062,87.95999908447266,88.73999786376953,0
2018-03-08,87.58999633789062,88.0999984741211,87.41000366210938,88.0999984741211,0
2018-03-09,87.94999694824219,88.05000305175781,87.23999786376953,87.41999816894531,0
2018-03-12,87.66999816894531,87.97000122070312,87.33999633789062,87.95999908447266,0
2018-03-13,87.87999725341797,88.25,87.6500015258789,87.79000091552734,0
2018-03-14,87.66999816894531,88.0999984741211,87.51000213623047,87.83999633789062,0
2018-03-15,87.31999969482422,87.83000183105469,87.1500015258789,87.79000091552734,0
2018-03-16,87.36000061035156,87.51000213623047,86.95999908447266,87.31999969482422,0
2018-03-19,86.5199966430664,87.02999877929688,86.43000030517578,86.95999908447266,0
2018-03-20,86.72000122070312,87.0,86.54000091552734,86.63999938964844,0
2018-03-21,87.41000366210938,87.62000274658203,86.69999694824219,86.91000366210938,0
2018-03-22,87.0999984741211,87.75,86.91999816894531,87.70999908447266,0
2018-03-23,87.44000244140625,87.4800033569336,86.83999633789062,87.47000122070312,0
2018-03-26,87.25,87.63999938964844,87.23999786376953,87.63999938964844,0
2018-03-27,87.26000213623047,87.62999725341797,87.12999725341797,87.45999908447266,0
2018-03-28,86.76000213623047,87.25,86.61000061035156,87.2300033569336,0
2018-03-29,87.47000122070312,87.63999938964844,86.83000183105469,86.8499984741211,0
2018-04-02,86.83000183105469,88.0999984741211,86.80999755859375,87.91999816894531,0
2018-04-03,87.01000213623047,87.30000305175781,86.94999694824219,87.02999877929688,0
2018-04-04,86.62000274658203,87.11000061035156,85.72000122070312,87.05000305175781,0
2018-04-05,87.18000030517578,87.19000244140625,86.58999633789062,86.72000122070312,0
2018-04-06,86.94000244140625,87.23999786376953,86.58999633789062,86.87999725341797,0
2018-04-09,88.01000213623047,88.05999755859375,87.12000274658203,87.12999725341797,0
2018-04-10,88.80000305175781,88.83999633789062,88.05000305175781,88.05999755859375,0
2018-04-11,89.25,89.6500015258789,88.66999816894531,88.68000030517578,0
2018-04-12,89.08999633789062,89.13999938964844,88.44999694824219,88.94000244140625,0
2018-04-13,89.27999877929688,89.43000030517578,88.9800033569336,89.05000305175781,0
2018-04-16,89.02999877929688,89.54000091552734,88.91000366210938,89.05999755859375,0
2018-04-17,89.0199966430664,89.2699966430664,88.61000061035156,89.01000213623047,0
2018-04-18,90.45999908447266,90.56999969482422,89.08000183105469,89.08000183105469,0
2018-04-19,89.97000122070312,91.30000305175781,89.81999969482422,90.54000091552734,0
2018-04-20,89.8499984741211,89.98999786376953,89.30999755859375,89.9800033569336,0
2018-04-23,89.19000244140625,90.05000305175781,88.76000213623047,90.01000213623047,0
2018-04-24,89.08000183105469,89.44000244140625,89.01000213623047,89.25,0
2018-04-25,89.25,89.2699966430664,88.79000091552734,89.11000061035156,0
2018-04-26,89.4000015258789,89.56999969482422,89.02999877929688,89.38999938964844,0
2018-04-27,89.37999725341797,89.47000122070312,88.86000061035156,89.33000183105469,0
2018-04-30,89.58999633789062,89.81999969482422,89.0999984741211,89.58000183105469,0
2018-05-01,89.37000274658203,89.51000213623047,88.9800033569336,89.4800033569336,0
2018-05-02,89.48999786376953,89.6500015258789,89.20999908447266,89.55999755859375,0
2018-05-03,89.66999816894531,89.80999755859375,89.2300033569336,89.41999816894531,0
2018-05-04,89.98999786376953,90.16000366210938,89.44999694824219,89.7699966430664,0
2018-05-07,89.81999969482422,90.2699966430664,89.77999877929688,89.94999694824219,0
2018-05-08,89.58000183105469,89.87000274658203,88.86000061035156,89.69000244140625,0
2018-05-09,90.0999984741211,90.29000091552734,89.91999816894531,90.0999984741211,0
2018-05-10,90.55000305175781,90.58000183105469,89.98999786376953,90.27999877929688,0
2018-05-11,90.04000091552734,90.4800033569336,90.01000213623047,90.36000061035156,0
2018-05-14,90.37000274658203,90.4800033569336,89.8499984741211,89.93000030517578,0
2018-05-15,90.12000274658203,90.66000366210938,89.62999725341797,90.41999816894531,0
2018-05-16,90.18000030517578,90.19000244140625,89.80999755859375,90.02999877929688,0
2018-05-17,90.30999755859375,90.72000122070312,90.2300033569336,90.29000091552734,0
2018-05-18,90.41000366210938,90.70999908447266,90.3499984741211,90.37999725341797,0
2018-05-21,90.97000122070312,91.05000305175781,90.51000213623047,90.80000305175781,0
2018-05-22,91.41999816894531,91.76000213623047,90.87999725341797,90.91999816894531,0
2018-05-23,91.56999969482422,91.58999633789062,90.87999725341797,91.27999877929688,0
2018-05-24,91.51000213623047,91.94000244140625,91.4800033569336,91.58000183105469,0
2018-05-25,90.91999816894531,91.5199966430664,90.70999908447266,91.5,0
2018-05-29,90.27999877929688,91.06999969482422,90.05000305175781,90.87000274658203,0
2018-05-30,90.72000122070312,90.76000213623047,89.86000061035156,89.98999786376953,0
2018-05-31,90.72000122070312,91.23999786376953,90.55999755859375,90.66000366210938,0
2018-06-01,90.44999694824219,90.86000061035156,90.2699966430664,90.83000183105469,0
2018-06-04,89.43000030517578,90.36000061035156,89.41000366210938,90.30999755859375,0
2018-06-05,89.69999694824219,89.73999786376953,89.16000366210938,89.4800033569336,0
2018-06-06,89.7699966430664,90.1500015258789,89.66999816894531,89.83999633789062,0
2018-06-07,90.05000305175781,90.44000244140625,89.88999938964844,89.9000015258789,0
2018-06-08,89.9800033569336,90.1500015258789,89.5999984741211,89.9800033569336,0
2018-06-11,89.6500015258789,90.22000122070312,89.62000274658203,90.19999694824219,0
2018-06-12,89.9000015258789,90.04000091552734,89.56999969482422,89.7699966430664,0
2018-06-13,89.97000122070312,90.0999984741211,89.44999694824219,89.55999755859375,0
2018-06-14,89.22000122070312,89.83000183105469,89.08000183105469,89.77999877929688,0
2018-06-15,87.69999694824219,89.11000061035156,87.62000274658203,89.02999877929688,0
2018-06-18,87.62999725341797,87.91000366210938,87.3499984741211,87.41000366210938,0
2018-06-19,86.58000183105469,87.45999908447266,85.80999755859375,87.44999694824219,0
2018-06-20,86.77999877929688,87.08000183105469,86.38999938964844,86.77999877929688,0
2018-06-21,86.41999816894531,86.86000061035156,86.08000183105469,86.81999969482422,0
2018-06-22,87.31999969482422,87.33000183105469,86.6500015258789,86.6500015258789,0
2018-06-25,86.16999816894531,86.91999816894531,86.06999969482422,86.75,0
2018-06-26,86.52999877929688,86.68000030517578,85.94999694824219,86.22000122070312,0
2018-06-27,87.13999938964844,87.4000015258789,86.52999877929688,86.5999984741211,0
2018-06-28,86.79000091552734,87.2300033569336,86.69000244140625,87.0,0
2018-06-29,87.41000366210938,87.6500015258789,86.62999725341797,86.62999725341797,0
2018-07-02,85.7300033569336,87.22000122070312,85.70999908447266,87.19000244140625,0
2018-07-03,85.93000030517578,86.5199966430664,85.76000213623047,85.83999633789062,0
2018-07-05,85.52999877929688,86.02999877929688,85.45999908447266,85.63999938964844,0
2018-07-06,86.20999908447266,86.2300033569336,85.16999816894531,85.41000366210938,0
2018-07-09,86.12999725341797,86.43000030517578,85.94999694824219,86.3499984741211,0
2018-07-10,85.76000213623047,86.27999877929688,85.58000183105469,86.2699966430664,0
2018-07-11,83.44000244140625,85.05000305175781,83.36000061035156,84.94000244140625,0
2018-07-12,84.01000213623047,84.12999725341797,83.44999694824219,83.86000061035156,0
2018-07-13,83.83000183105469,84.05000305175781,83.43000030517578,83.91999816894531,0
2018-07-16,82.83999633789062,83.76000213623047,82.80000305175781,83.7300033569336,0
2018-07-17,82.81999969482422,83.3499984741211,82.68000030517578,83.19999694824219,0
2018-07-18,83.12000274658203,83.22000122070312,82.48999786376953,82.87999725341797,0
2018-07-19,83.06999969482422,83.27999877929688,82.27999877929688,83.08000183105469,0
2018-07-20,83.68000030517578,83.73999786376953,82.98999786376953,83.0,0
2018-07-23,83.63999938964844,84.16999816894531,83.5,83.62000274658203,0
2018-07-24,84.06999969482422,84.45999908447266,83.37000274658203,83.5,0
2018-07-25,84.93000030517578,84.9800033569336,84.13999938964844,84.29000091552734,0
2018-07-26,84.94999694824219,85.45999908447266,84.9000015258789,85.44000244140625,0
2018-07-27,84.83999633789062,85.22000122070312,84.70999908447266,84.83000183105469,0
2018-07-30,85.37999725341797,85.55999755859375,84.81999969482422,84.9800033569336,0
2018-07-31,85.38999938964844,85.69999694824219,85.11000061035156,85.3499984741211,0
2018-08-01,84.25,85.19999694824219,84.16000366210938,85.1500015258789,0
2018-08-02,84.51000213623047,84.94999694824219,83.86000061035156,84.36000061035156,0
2018-08-03,84.9000015258789,85.16999816894531,84.19999694824219,84.44999694824219,0
2018-08-06,85.05999755859375,85.27999877929688,84.66999816894531,84.95999908447266,0
2018-08-07,85.4800033569336,85.83999633789062,85.08999633789062,85.0999984741211,0
2018-08-08,85.12999725341797,85.69000244140625,84.87999725341797,85.58000183105469,0
2018-08-09,84.88999938964844,85.37999725341797,84.86000061035156,85.23999786376953,0
2018-08-10,84.2300033569336,85.13999938964844,84.18000030517578,84.87999725341797,0
2018-08-13,83.54000091552734,84.01000213623047,83.06999969482422,83.94999694824219,0
2018-08-14,83.7699966430664,84.12000274658203,83.58000183105469,83.69999694824219,0
2018-08-15,82.16999816894531,83.63999938964844,82.0,83.63999938964844,0
2018-08-16,83.01000213623047,83.2300033569336,82.33000183105469,82.3499984741211,0
2018-08-17,83.3499984741211,83.55000305175781,82.7300033569336,82.94000244140625,0
2018-08-20,83.33000183105469,83.80000305175781,83.25,83.47000122070312,0
2018-08-21,83.44000244140625,83.7699966430664,83.37000274658203,83.4000015258789,0
2018-08-22,83.58999633789062,83.80999755859375,83.29000091552734,83.48999786376953,0
2018-08-23,83.11000061035156,83.48999786376953,82.98999786376953,83.4800033569336,0
2018-08-24,83.69000244140625,84.05000305175781,83.06999969482422,83.11000061035156,0
2018-08-27,83.76000213623047,83.8499984741211,83.2699966430664,83.52999877929688,0
2018-08-28,83.36000061035156,84.1500015258789,83.31999969482422,83.7300033569336,0
2018-08-29,83.81999969482422,83.94999694824219,83.06999969482422,83.2300033569336,0
2018-08-30,83.62000274658203,84.0999984741211,83.37999725341797,83.91999816894531,0
2018-08-31,83.73999786376953,84.08999633789062,83.62000274658203,83.69000244140625,0
2018-09-04,83.12999725341797,83.76000213623047,82.98999786376953,83.69000244140625,0
2018-09-05,82.69999694824219,83.18000030517578,82.68000030517578,83.12000274658203,0
2018-09-06,82.43000030517578,83.05000305175781,82.19000244140625,82.79000091552734,0
2018-09-07,82.58999633789062,82.62000274658203,82.19999694824219,82.52999877929688,0
2018-09-10,82.93000030517578,83.12000274658203,82.54000091552734,82.55999755859375,0
2018-09-11,82.9800033569336,83.19999694824219,82.43000030517578,82.97000122070312,0
2018-09-12,83.47000122070312,83.86000061035156,83.0,83.01000213623047,0
2018-09-13,82.72000122070312,83.4800033569336,82.66000366210938,83.36000061035156,0
2018-09-14,82.45999908447266,82.94000244140625,82.25,82.80999755859375,0
2018-09-17,82.13999938964844,82.62999725341797,82.0999984741211,82.29000091552734,0
2018-09-18,82.73999786376953,82.87000274658203,82.01000213623047,82.02999877929688,0
2018-09-19,83.36000061035156,83.38999938964844,82.70999908447266,82.70999908447266,0
2018-09-20,83.87999725341797,83.9800033569336,83.30999755859375,83.48999786376953,0
2018-09-21,84.4000015258789,84.61000061035156,83.81999969482422,83.87000274658203,0
2018-09-24,84.8499984741211,85.02999877929688,84.3499984741211,84.36000061035156,0
2018-09-25,85.08000183105469,85.31999969482422,84.55999755859375,84.58000183105469,0
2018-09-26,84.69999694824219,85.2300033569336,84.63999938964844,85.05999755859375,0
2018-09-27,84.75,84.8499984741211,84.41999816894531,84.80999755859375,0
2018-09-28,85.19999694824219,85.56999969482422,84.68000030517578,84.87999725341797,0
2018-10-01,86.36000061035156,86.4000015258789,85.05000305175781,85.2300033569336,0
2018-10-02,87.1500015258789,87.26000213623047,86.25,86.43000030517578,0
2018-10-03,87.68000030517578,87.83000183105469,87.19000244140625,87.2699966430664,0
2018-10-04,86.79000091552734,87.9000015258789,86.69999694824219,87.68000030517578,0
2018-10-05,86.9000015258789,87.19000244140625,86.66000366210938,87.06999969482422,0
2018-10-08,86.93000030517578,86.94999694824219,86.29000091552734,86.62000274658203,0
2018-10-09,87.23999786376953,87.44999694824219,86.77999877929688,87.01000213623047,0
2018-10-10,86.38999938964844,87.44999694824219,86.3499984741211,87.33999633789062,0
2018-10-11,85.91999816894531,86.26000213623047,85.48999786376953,85.8499984741211,0
2018-10-12,86.23999786376953,86.58000183105469,85.91999816894531,86.08000183105469,0
2018-10-15,87.12999725341797,87.13999938964844,86.33999633789062,86.62000274658203,0
2018-10-16,87.02999877929688,87.31999969482422,86.80999755859375,87.30000305175781,0
2018-10-17,86.69999694824219,87.2699966430664,86.38999938964844,86.98999786376953,0
2018-10-18,85.75,86.55000305175781,85.70999908447266,86.55000305175781,0
2018-10-19,85.94999694824219,86.37999725341797,85.66000366210938,85.9000015258789,0
2018-10-22,85.77999877929688,86.19999694824219,85.62999725341797,85.9000015258789,0
2018-10-23,85.13999938964844,85.72000122070312,84.95999908447266,85.69000244140625,0
2018-10-24,84.79000091552734,85.44999694824219,84.77999877929688,85.19999694824219,0
2018-10-25,84.62000274658203,85.05999755859375,84.51000213623047,84.58999633789062,0
2018-10-26,85.0,85.05000305175781,84.12999725341797,84.4800033569336,0
2018-10-29,84.4000015258789,85.1500015258789,84.3499984741211,85.13999938964844,0
2018-10-30,83.58000183105469,84.37999725341797,83.44000244140625,84.16999816894531,0
2018-10-31,83.19000244140625,83.9000015258789,83.1500015258789,83.75,0
2018-11-01,83.58000183105469,84.0999984741211,83.08000183105469,83.2300033569336,0
2018-11-02,83.87999725341797,83.98999786376953,83.30000305175781,83.38999938964844,0
2018-11-05,84.19999694824219,84.5999984741211,83.95999908447266,84.11000061035156,0
2018-11-06,83.66999816894531,84.26000213623047,83.44000244140625,84.11000061035156,0
2018-11-07,83.7300033569336,84.19999694824219,83.4000015258789,83.55000305175781,0
2018-11-08,83.2699966430664,83.8499984741211,82.95999908447266,83.58000183105469,0
2018-11-09,82.88999938964844,83.27999877929688,82.48999786376953,83.13999938964844,0
2018-11-12,83.05000305175781,83.66000366210938,83.0,83.23999786376953,0
2018-11-13,82.44999694824219,83.54000091552734,82.26000213623047,83.18000030517578,0
2018-11-14,84.7300033569336,84.94000244140625,82.19000244140625,82.30000305175781,0
2018-11-15,82.8499984741211,84.79000091552734,82.72000122070312,84.4000015258789,0
2018-11-16,83.91000366210938,84.30000305175781,82.83000183105469,83.12000274658203,0
2018-11-19,84.83000183105469,85.06999969482422,83.66000366210938,84.98999786376953,0
2018-11-20,82.98999786376953,84.56999969482422,82.25,84.33999633789062,0
2018-11-21,83.37000274658203,84.36000061035156,83.23999786376953,83.37999725341797,0
2018-11-23,81.4800033569336,82.5999984741211,81.45999908447266,82.55999755859375,0
2018-11-26,81.45999908447266,81.55000305175781,80.9000015258789,80.98999786376953,0
2018-11-27,81.13999938964844,81.36000061035156,80.75,81.1500015258789,0
2018-11-28,82.47000122070312,82.75,81.05000305175781,81.19000244140625,0
2018-11-29,82.63999938964844,82.77999877929688,81.81999969482422,82.33999633789062,0
2018-11-30,82.55999755859375,82.94999694824219,81.77999877929688,82.63999938964844,0
2018-12-03,82.95999908447266,83.79000091552734,82.66000366210938,83.58000183105469,0
2018-12-04,83.4000015258789,83.91000366210938,83.16999816894531,83.22000122070312,0
2018-12-06,82.2699966430664,83.16000366210938,81.68000030517578,83.01000213623047,0
2018-12-07,83.48999786376953,84.04000091552734,82.01000213623047,82.2300033569336,0
2018-12-10,82.7300033569336,83.70999908447266,82.69999694824219,83.69999694824219,0
2018-12-11,82.62000274658203,83.11000061035156,82.37000274658203,82.81999969482422,0
2018-12-12,82.19000244140625,82.94999694824219,82.13999938964844,82.81999969482422,0
2018-12-13,82.51000213623047,82.55000305175781,81.9000015258789,82.22000122070312,0
2018-12-14,81.2699966430664,82.20999908447266,81.2300033569336,82.16000366210938,0
2018-12-17,80.26000213623047,81.2300033569336,80.19000244140625,80.9800033569336,0
2018-12-18,79.68000030517578,80.4000015258789,79.55000305175781,80.2699966430664,0
2018-12-19,79.95999908447266,80.0,79.26000213623047,79.62000274658203,0
2018-12-20,78.80999755859375,80.04000091552734,78.80999755859375,79.52999877929688,0
2018-12-21,78.69999694824219,79.27999877929688,78.36000061035156,79.26000213623047,0
2018-12-24,77.20999908447266,78.94000244140625,77.18000030517578,78.83999633789062,0
2018-12-26,78.20999908447266,78.27999877929688,77.08000183105469,77.38999938964844,0
2018-12-27,77.80000305175781,78.33000183105469,77.61000061035156,78.18000030517578,0
2018-12-28,77.58999633789062,78.19000244140625,77.44000244140625,78.12999725341797,0
2018-12-31,76.72000122070312,77.69000244140625,76.61000061035156,77.52999877929688,0
2019-01-02,76.98999786376953,77.75,76.2699966430664,76.87999725341797,0
2019-01-03,77.44999694824219,77.48999786376953,76.62000274658203,76.87999725341797,0
2019-01-04,78.33999633789062,78.48999786376953,77.47000122070312,77.4800033569336,0
2019-01-07,78.56999969482422,79.02999877929688,78.33999633789062,78.38999938964844,0
2019-01-08,78.94999694824219,79.23999786376953,78.51000213623047,78.62000274658203,0
2019-01-09,79.91000366210938,80.01000213623047,79.26000213623047,79.36000061035156,0
2019-01-10,79.48999786376953,80.02999877929688,79.37999725341797,79.81999969482422,0
2019-01-11,79.66000366210938,80.12000274658203,79.30999755859375,79.7300033569336,0
2019-01-14,79.9000015258789,80.13999938964844,79.37999725341797,79.81999969482422,0
2019-01-15,80.0999984741211,80.48999786376953,79.87999725341797,80.2699966430664,0
2019-01-16,80.26000213623047,80.69999694824219,80.05999755859375,80.18000030517578,0
2019-01-17,80.44999694824219,80.61000061035156,79.8499984741211,80.25,0
2019-01-18,81.37999725341797,81.38999938964844,80.3499984741211,80.5999984741211,0
2019-01-22,80.08999633789062,80.76000213623047,79.80999755859375,80.66999816894531,0
2019-01-23,80.06999969482422,80.7699966430664,79.91999816894531,80.29000091552734,0
2019-01-24,80.20999908447266,80.44999694824219,79.7699966430664,80.06999969482422,0
2019-01-25,81.06999969482422,81.11000061035156,80.12000274658203,80.5199966430664,0
2019-01-28,79.87000274658203,80.58000183105469,79.75,80.55000305175781,0
2019-01-29,80.5,80.55000305175781,79.86000061035156,79.88999938964844,0
2019-01-30,80.87999725341797,81.13999938964844,80.44000244140625,80.55999755859375,0
2019-01-31,80.7300033569336,81.62000274658203,80.69000244140625,81.18000030517578,0
2019-02-01,80.97000122070312,81.16000366210938,80.47000122070312,80.62999725341797,0
2019-02-04,81.0999984741211,81.19000244140625,80.27999877929688,80.9800033569336,0
2019-02-05,80.87999725341797,81.26000213623047,80.80999755859375,81.19999694824219,0
2019-02-06,80.98999786376953,81.08999633789062,80.62000274658203,81.0,0
2019-02-07,80.04000091552734,80.9000015258789,79.81999969482422,80.8499984741211,0
2019-02-08,80.06999969482422,80.4000015258789,79.83000183105469,79.9800033569336,0
2019-02-11,79.66000366210938,80.08999633789062,79.47000122070312,79.9800033569336,0
2019-02-12,80.0999984741211,80.30999755859375,79.76000213623047,79.87000274658203,0
2019-02-13,80.16000366210938,80.38999938964844,79.91999816894531,80.20999908447266,0
2019-02-14,79.95999908447266,80.51000213623047,79.69000244140625,80.13999938964844,0
2019-02-15,80.95999908447266,80.95999908447266,79.9800033569336,80.04000091552734,0
2019-02-19,81.29000091552734,81.33000183105469,80.97000122070312,81.12000274658203,0
2019-02-20,81.68000030517578,81.80999755859375,81.08999633789062,81.45999908447266,0
2019-02-21,81.79000091552734,81.87999725341797,81.54000091552734,81.5999984741211,0
2019-02-22,82.12000274658203,82.2300033569336,81.69000244140625,81.72000122070312,0
2019-02-25,81.30000305175781,82.4800033569336,81.19000244140625,82.23999786376953,0
2019-02-26,81.20999908447266,81.41999816894531,81.0999984741211,81.16999816894531,0
2019-02-27,81.61000061035156,81.77999877929688,81.12999725341797,81.29000091552734,0
2019-02-28,81.38999938964844,81.69999694824219,81.29000091552734,81.58000183105469,0
2019-03-01,80.97000122070312,81.66999816894531,80.62000274658203,81.41999816894531,0
2019-03-04,80.81999969482422,81.31999969482422,80.66999816894531,81.12999725341797,0
2019-03-05,81.19000244140625,81.22000122070312,80.7699966430664,80.88999938964844,0
2019-03-06,80.73999786376953,81.1500015258789,80.62000274658203,81.05000305175781,0
2019-03-07,80.5199966430664,80.94999694824219,80.41000366210938,80.80999755859375,0
2019-03-08,80.47000122070312,80.48999786376953,79.91000366210938,80.41999816894531,0
2019-03-11,80.26000213623047,80.72000122070312,80.16999816894531,80.52999877929688,0
2019-03-12,80.86000061035156,81.0,80.44000244140625,80.48999786376953,0
2019-03-13,81.52999877929688,81.55000305175781,80.86000061035156,80.93000030517578,0
2019-03-14,81.3499984741211,81.66000366210938,81.12000274658203,81.61000061035156,0
2019-03-15,81.58000183105469,81.6500015258789,80.94999694824219,81.33000183105469,0
2019-03-18,81.87999725341797,81.95999908447266,81.41999816894531,81.43000030517578,0
2019-03-19,82.08999633789062,82.41999816894531,81.77999877929688,81.93000030517578,0
2019-03-20,82.37999725341797,82.4000015258789,81.87000274658203,81.93000030517578,0
2019-03-21,82.3499984741211,82.77999877929688,82.12000274658203,82.6500015258789,0
2019-03-22,81.75,82.47000122070312,81.44000244140625,82.31999969482422,0
2019-03-25,81.91999816894531,82.08999633789062,81.51000213623047,81.56999969482422,0
2019-03-26,81.98999786376953,82.29000091552734,81.87999725341797,82.0199966430664,0
2019-03-27,81.55999755859375,82.06999969482422,81.20999908447266,82.05999755859375,0
2019-03-28,81.08999633789062,81.47000122070312,80.9000015258789,81.31999969482422,0
2019-03-29,81.08999633789062,81.86000061035156,81.08000183105469,81.26000213623047,0
2019-04-01,81.66999816894531,81.79000091552734,81.33000183105469,81.36000061035156,0
2019-04-02,81.86000061035156,81.87000274658203,81.48999786376953,81.80000305175781,0
2019-04-03,82.18000030517578,82.26000213623047,81.91000366210938,82.08000183105469,0
2019-04-04,82.2300033569336,82.37999725341797,81.94000244140625,82.2300033569336,0
2019-04-05,82.37000274658203,82.4000015258789,81.94999694824219,82.19000244140625,0
2019-04-08,82.7699966430664,82.9000015258789,82.5,82.69999694824219,0
2019-04-09,82.62000274658203,82.9800033569336,82.48999786376953,82.69000244140625,0
2019-04-10,83.05999755859375,83.08000183105469,82.62000274658203,82.68000030517578,0
2019-04-11,82.23999786376953,82.98999786376953,82.12999725341797,82.9800033569336,0
2019-04-12,82.70999908447266,82.80999755859375,82.33999633789062,82.33999633789062,0
2019-04-15,82.31999969482422,82.61000061035156,82.16000366210938,82.54000091552734,0
2019-04-16,81.97000122070312,82.26000213623047,81.80999755859375,82.19999694824219,0
2019-04-17,81.66000366210938,82.3499984741211,81.6500015258789,82.12999725341797,0
2019-04-18,81.70999908447266,81.72000122070312,81.29000091552734,81.51000213623047,0
2019-04-22,81.95999908447266,82.37999725341797,81.91999816894531,82.12999725341797,0
2019-04-23,81.63999938964844,82.0999984741211,81.52999877929688,82.0199966430664,0
2019-04-24,81.43000030517578,81.77999877929688,81.41999816894531,81.58999633789062,0
2019-04-25,81.22000122070312,81.55999755859375,81.16999816894531,81.33000183105469,0
2019-04-26,80.76000213623047,81.2699966430664,80.56999969482422,81.16000366210938,0
2019-04-29,80.54000091552734,80.80999755859375,80.38999938964844,80.73999786376953,0
2019-04-30,80.56999969482422,81.12000274658203,80.37999725341797,80.41000366210938,0
2019-05-01,80.41999816894531,80.58999633789062,80.0199966430664,80.52999877929688,0
2019-05-02,79.69999694824219,80.33999633789062,79.41999816894531,80.33000183105469,0
2019-05-03,79.83999633789062,80.1500015258789,79.63999938964844,79.75,0
2019-05-06,79.47000122070312,79.58999633789062,78.94000244140625,78.98999786376953,0
2019-05-07,78.97000122070312,79.5199966430664,78.7300033569336,79.43000030517578,0
2019-05-08,79.0,79.27999877929688,78.81999969482422,79.22000122070312,0
2019-05-09,78.55999755859375,78.91000366210938,78.1500015258789,78.68000030517578,0
2019-05-10,78.66000366210938,79.05000305175781,78.5199966430664,79.04000091552734,0
2019-05-13,78.33999633789062,78.8499984741211,78.13999938964844,78.38999938964844,0
2019-05-14,79.33999633789062,79.5,78.44999694824219,78.63999938964844,0
2019-05-15,79.6500015258789,79.98999786376953,79.25,79.31999969482422,0
2019-05-16,80.30000305175781,80.41000366210938,79.83000183105469,79.87000274658203,0
2019-05-17,79.69999694824219,80.44000244140625,79.62999725341797,80.43000030517578,0
2019-05-20,79.93000030517578,80.2699966430664,79.8499984741211,80.18000030517578,0
2019-05-21,79.77999877929688,80.20999908447266,79.6500015258789,80.19000244140625,0
2019-05-22,78.94999694824219,79.7300033569336,78.87000274658203,79.72000122070312,0
2019-05-23,77.95999908447266,78.81999969482422,77.83000183105469,78.77999877929688,0
2019-05-24,78.70999908447266,78.70999908447266,78.12999725341797,78.13999938964844,0
2019-05-28,79.38999938964844,79.5,79.06999969482422,79.25,0
2019-05-29,79.38999938964844,79.83000183105469,78.91999816894531,79.6500015258789,0
2019-05-30,79.0999984741211,79.61000061035156,79.02999877929688,79.36000061035156,0
2019-05-31,77.69999694824219,78.88999938964844,77.68000030517578,78.83000183105469,0
2019-06-03,77.45999908447266,78.0999984741211,77.3499984741211,77.61000061035156,0
2019-06-04,77.70999908447266,77.79000091552734,77.27999877929688,77.6500015258789,0
2019-06-05,76.48999786376953,77.63999938964844,76.3499984741211,77.4000015258789,0
2019-06-06,77.11000061035156,77.1500015258789,76.44000244140625,76.5199966430664,0
2019-06-07,77.1500015258789,77.4800033569336,76.8499984741211,77.33999633789062,0
2019-06-10,77.0199966430664,77.37999725341797,76.77999877929688,76.95999908447266,0
2019-06-11,77.47000122070312,77.55999755859375,77.0,77.12999725341797,0
2019-06-12,77.08000183105469,77.5199966430664,76.87999725341797,77.18000030517578,0
2019-06-13,77.61000061035156,77.87999725341797,77.05000305175781,77.13999938964844,0
2019-06-14,77.83000183105469,78.12000274658203,77.58999633789062,77.62999725341797,0
2019-06-17,77.79000091552734,78.22000122070312,77.73999786376953,78.19000244140625,0
2019-06-18,78.23999786376953,78.63999938964844,77.43000030517578,77.54000091552734,0
2019-06-19,77.7699966430664,78.26000213623047,77.69999694824219,78.12999725341797,0
2019-06-20,79.16000366210938,79.37000274658203,78.2300033569336,78.26000213623047,0
2019-06-21,78.83999633789062,79.52999877929688,78.80000305175781,79.45999908447266,0
2019-06-24,79.4800033569336,79.48999786376953,79.0199966430664,79.16000366210938,0
2019-06-25,79.83999633789062,80.19999694824219,79.4800033569336,79.69000244140625,0
2019-06-26,80.13999938964844,80.41000366210938,79.87000274658203,79.9000015258789,0
2019-06-27,80.19000244140625,80.23999786376953,79.88999938964844,80.08999633789062,0
2019-06-28,79.6500015258789,80.58999633789062,79.58999633789062,80.31999969482422,0
2019-07-01,79.04000091552734,80.20999908447266,78.80999755859375,80.02999877929688,0
2019-07-02,78.06999969482422,79.30000305175781,78.04000091552734,79.08000183105469,0
2019-07-03,79.19999694824219,79.20999908447266,78.11000061035156,78.30999755859375,0
2019-07-05,79.11000061035156,79.19000244140625,78.69000244140625,79.0,0
2019-07-08,79.0199966430664,79.61000061035156,78.87000274658203,79.31999969482422,0
2019-07-09,79.12999725341797,79.16999816894531,78.47000122070312,78.80999755859375,0
2019-07-10,80.54000091552734,80.55999755859375,79.18000030517578,79.19999694824219,0
2019-07-11,80.55999755859375,80.88999938964844,80.37000274658203,80.68000030517578,0
2019-07-12,81.0199966430664,81.12000274658203,80.48999786376953,80.5999984741211,0
2019-07-15,80.55000305175781,81.18000030517578,80.48999786376953,80.93000030517578,0
2019-07-16,79.6500015258789,80.5999984741211,79.5199966430664,80.38999938964844,0
2019-07-17,79.58000183105469,80.08000183105469,79.45999908447266,79.55000305175781,0
2019-07-18,78.91999816894531,79.79000091552734,78.76000213623047,79.58999633789062,0
2019-07-19,79.37999725341797,79.7300033569336,79.20999908447266,79.63999938964844,0
2019-07-22,79.16999816894531,79.72000122070312,79.16000366210938,79.48999786376953,0
2019-07-23,79.4000015258789,79.48999786376953,78.87999725341797,79.2300033569336,0
2019-07-24,79.31999969482422,79.91999816894531,79.18000030517578,79.51000213623047,0
2019-07-25,79.0,79.6500015258789,78.97000122070312,79.33000183105469,0
2019-07-26,78.73999786376953,79.0999984741211,78.6500015258789,79.0199966430664,0
2019-07-29,79.01000213623047,79.05999755859375,78.66999816894531,78.87000274658203,0
2019-07-30,79.08000183105469,79.26000213623047,78.75,79.0999984741211,0
2019-07-31,78.95999908447266,79.36000061035156,78.9000015258789,79.2300033569336,0
2019-08-01,77.01000213623047,78.58000183105469,76.91000366210938,78.5199966430664,0
2019-08-02,77.2300033569336,77.38999938964844,77.01000213623047,77.23999786376953,0
2019-08-05,76.76000213623047,77.05999755859375,76.25,76.95999908447266,0
2019-08-06,76.47000122070312,77.13999938964844,76.43000030517578,77.05999755859375,0
2019-08-07,75.97000122070312,76.69000244140625,75.70999908447266,76.66999816894531,0
2019-08-08,77.04000091552734,77.19999694824219,76.44999694824219,76.72000122070312,0
2019-08-09,77.41999816894531,77.68000030517578,76.97000122070312,77.05999755859375,0
2019-08-12,76.83000183105469,77.43000030517578,76.69000244140625,77.30000305175781,0
2019-08-13,77.58999633789062,77.76000213623047,76.58999633789062,76.91999816894531,0
2019-08-14,76.86000061035156,77.55000305175781,76.61000061035156,77.4000015258789,0
2019-08-15,76.69999694824219,77.05000305175781,76.44000244140625,76.91999816894531,0
2019-08-16,76.7699966430664,77.01000213623047,76.58000183105469,76.87999725341797,0
2019-08-19,76.66000366210938,76.8499984741211,76.30000305175781,76.66000366210938,0
2019-08-20,76.69000244140625,76.86000061035156,76.38999938964844,76.70999908447266,0
2019-08-21,76.80000305175781,77.12999725341797,76.70999908447266,76.7699966430664,0
2019-08-22,76.41999816894531,76.88999938964844,76.38999938964844,76.73999786376953,0
2019-08-23,76.06999969482422,76.51000213623047,75.68000030517578,76.38999938964844,0
2019-08-26,76.3499984741211,76.7300033569336,76.05000305175781,76.12000274658203,0
2019-08-27,76.58000183105469,76.61000061035156,76.30000305175781,76.37999725341797,0
2019-08-28,77.16999816894531,77.29000091552734,76.63999938964844,76.77999877929688,0
2019-08-29,77.48999786376953,77.66000366210938,77.12000274658203,77.16999816894531,0
2019-08-30,77.0,77.69000244140625,76.94999694824219,77.4000015258789,0
2019-09-03,77.01000213623047,77.11000061035156,76.4000015258789,77.02999877929688,0
2019-09-04,78.41999816894531,78.48999786376953,77.11000061035156,77.1500015258789,0
2019-09-05,78.02999877929688,78.5999984741211,78.0,78.33000183105469,0
2019-09-06,77.88999938964844,78.12999725341797,77.27999877929688,77.94000244140625,0
2019-09-09,78.44999694824219,78.61000061035156,77.93000030517578,77.9800033569336,0
2019-09-10,78.76000213623047,79.0,78.41999816894531,78.54000091552734,0
2019-09-11,78.20999908447266,79.05000305175781,78.12000274658203,78.77999877929688,0
2019-09-12,78.56999969482422,78.6500015258789,77.7699966430664,78.37000274658203,0
2019-09-13,78.69999694824219,78.9800033569336,78.38999938964844,78.56999969482422,0
2019-09-16,81.4000015258789,81.44000244140625,80.02999877929688,80.62999725341797,0
2019-09-17,79.9000015258789,81.1500015258789,79.66000366210938,80.94999694824219,0
2019-09-18,79.51000213623047,80.02999877929688,79.30000305175781,79.79000091552734,0
2019-09-19,79.4000015258789,79.87000274658203,79.22000122070312,79.36000061035156,0
2019-09-20,79.19999694824219,79.76000213623047,79.16000366210938,79.54000091552734,0
2019-09-23,79.87000274658203,79.87999725341797,79.11000061035156,79.44000244140625,0
2019-09-24,79.36000061035156,79.73999786376953,79.25,79.66999816894531,0
2019-09-25,78.91000366210938,79.26000213623047,78.54000091552734,79.22000122070312,0
2019-09-26,78.62999725341797,79.23999786376953,78.22000122070312,78.94000244140625,0
2019-09-27,78.33999633789062,78.52999877929688,77.9800033569336,78.48999786376953,0
2019-09-30,77.77999877929688,78.41999816894531,77.7699966430664,78.37000274658203,0
2019-10-01,77.87000274658203,77.93000030517578,77.66999816894531,77.8499984741211,0
2019-10-02,77.5199966430664,78.06999969482422,77.30000305175781,78.0199966430664,0
2019-10-03,77.73999786376953,77.81999969482422,77.04000091552734,77.62000274658203,0
2019-10-04,77.93000030517578,78.01000213623047,77.69000244140625,77.8499984741211,0
2019-10-07,77.70999908447266,78.08999633789062,77.69999694824219,77.88999938964844,0
2019-10-08,77.87999725341797,77.91999816894531,77.27999877929688,77.69999694824219,0
2019-10-09,77.91999816894531,78.44000244140625,77.83999633789062,77.9000015258789,0
2019-10-10,77.94000244140625,78.30000305175781,77.83000183105469,77.91999816894531,0
2019-10-11,78.83000183105469,78.8499984741211,77.98999786376953,78.02999877929688,0
2019-10-14,78.58000183105469,78.91999816894531,78.33000183105469,78.9000015258789,0
2019-10-15,78.41000366210938,78.73999786376953,78.30999755859375,78.55999755859375,0
2019-10-16,78.33000183105469,78.4800033569336,78.08999633789062,78.4000015258789,0
2019-10-17,78.58000183105469,78.61000061035156,78.08999633789062,78.19000244140625,0
2019-10-18,78.66999816894531,78.80999755859375,78.51000213623047,78.55999755859375,0
2019-10-21,78.25,78.81999969482422,78.1500015258789,78.58000183105469,0
2019-10-22,78.47000122070312,78.7300033569336,78.1500015258789,78.20999908447266,0
2019-10-23,79.01000213623047,79.04000091552734,78.18000030517578,78.41000366210938,0
2019-10-24,79.3499984741211,79.44999694824219,78.94999694824219,78.97000122070312,0
2019-10-25,79.5,79.70999908447266,79.22000122070312,79.25,0
2019-10-28,79.4800033569336,79.7699966430664,79.37000274658203,79.66000366210938,0
2019-10-29,79.5999984741211,79.81999969482422,79.2699966430664,79.43000030517578,0
2019-10-30,79.5999984741211,79.7699966430664,79.4800033569336,79.5199966430664,0
2019-10-31,79.23999786376953,79.8499984741211,78.8499984741211,79.68000030517578,0
2019-11-01,80.26000213623047,80.2699966430664,79.16999816894531,79.29000091552734,0
2019-11-04,80.62999725341797,80.87999725341797,80.3499984741211,80.37999725341797,0
2019-11-05,80.72000122070312,80.97000122070312,80.58000183105469,80.61000061035156,0
2019-11-06,80.1500015258789,80.83000183105469,80.12000274658203,80.66999816894531,0
2019-11-07,80.0199966430664,80.44000244140625,79.97000122070312,80.11000061035156,0
2019-11-08,79.91000366210938,80.04000091552734,79.27999877929688,79.95999908447266,0
2019-11-11,79.02999877929688,79.55999755859375,79.0,79.4800033569336,0
2019-11-12,79.02999877929688,79.20999908447266,78.87999725341797,79.0199966430664,0
2019-11-13,78.95999908447266,79.0999984741211,78.75,79.04000091552734,0
2019-11-14,78.91999816894531,79.37000274658203,78.83999633789062,79.20999908447266,0
2019-11-15,79.08999633789062,79.26000213623047,78.5199966430664,78.95999908447266,0
2019-11-18,78.31999969482422,79.05999755859375,78.23999786376953,79.0199966430664,0
2019-11-19,77.86000061035156,78.3499984741211,77.83000183105469,78.2699966430664,0
2019-11-20,78.27999877929688,78.51000213623047,77.76000213623047,77.88999938964844,0
2019-11-21,78.61000061035156,78.63999938964844,77.98999786376953,78.19999694824219,0
2019-11-22,78.7300033569336,78.95999908447266,78.52999877929688,78.5999984741211,0
2019-11-25,78.55999755859375,78.79000091552734,78.2300033569336,78.76000213623047,0
2019-11-26,78.66000366210938,78.66999816894531,78.31999969482422,78.48999786376953,0
2019-11-27,78.33999633789062,78.83999633789062,78.25,78.58999633789062,0
2019-11-29,77.11000061035156,78.18000030517578,77.08000183105469,78.16999816894531,0
2019-12-02,77.13999938964844,77.62000274658203,77.05999755859375,77.5,0
2019-12-03,77.33999633789062,77.62000274658203,77.12999725341797,77.26000213623047,0
2019-12-04,77.8499984741211,78.0199966430664,77.30999755859375,77.44999694824219,0
2019-12-05,78.11000061035156,78.3499984741211,77.83000183105469,77.87999725341797,0
2019-12-06,78.23999786376953,78.51000213623047,77.9800033569336,78.05000305175781,0
2019-12-09,78.13999938964844,78.2699966430664,77.80000305175781,78.06999969482422,0
2019-12-10,78.5199966430664,78.58999633789062,77.9800033569336,78.13999938964844,0
2019-12-11,78.33000183105469,78.58999633789062,78.1500015258789,78.37000274658203,0
2019-12-12,79.06999969482422,79.20999908447266,78.48999786376953,78.5199966430664,0
2019-12-13,79.41000366210938,80.02999877929688,79.16000366210938,79.44999694824219,0
2019-12-16,80.19000244140625,80.30000305175781,79.51000213623047,79.5199966430664,0
2019-12-17,80.29000091552734,80.37000274658203,80.11000061035156,80.20999908447266,0
2019-12-18,80.13999938964844,80.27999877929688,79.9000015258789,80.13999938964844,0
2019-12-19,80.3499984741211,80.43000030517578,80.0199966430664,80.1500015258789,0
2019-12-20,80.38999938964844,80.56999969482422,80.2699966430664,80.36000061035156,0
2019-12-23,80.22000122070312,80.37999725341797,80.0999984741211,80.2300033569336,0
2019-12-24,80.66000366210938,80.72000122070312,80.2699966430664,80.30999755859375,0
2019-12-26,81.2699966430664,81.30999755859375,80.87999725341797,80.91000366210938,0
2019-12-27,81.3499984741211,81.37000274658203,81.12999725341797,81.29000091552734,0
2019-12-30,81.38999938964844,81.68000030517578,81.0999984741211,81.44000244140625,0
2019-12-31,80.88999938964844,81.43000030517578,80.80999755859375,81.3499984741211,0
2020-01-02,81.0,81.13999938964844,80.79000091552734,81.0199966430664,0
2020-01-03,81.37000274658203,81.75,81.19000244140625,81.56999969482422,0
2020-01-06,81.63999938964844,82.19999694824219,81.44999694824219,82.05999755859375,0
2020-01-07,81.56999969482422,81.62000274658203,81.2300033569336,81.30999755859375,0
2020-01-08,80.58000183105469,81.94999694824219,80.41000366210938,81.75,0
2020-01-09,80.44999694824219,80.81999969482422,80.22000122070312,80.80000305175781,0
2020-01-10,80.70999908447266,80.79000091552734,80.36000061035156,80.4000015258789,0
2020-01-13,80.29000091552734,80.75,80.18000030517578,80.6500015258789,0
2020-01-14,80.3499984741211,80.55999755859375,79.9800033569336,80.19000244140625,0
2020-01-15,80.02999877929688,80.4000015258789,79.93000030517578,80.31999969482422,0
2020-01-16,79.61000061035156,80.2300033569336,79.5999984741211,80.08999633789062,0
2020-01-17,79.81999969482422,79.83000183105469,79.47000122070312,79.6500015258789,0
2020-01-21,79.20999908447266,79.5199966430664,79.12000274658203,79.45999908447266,0
2020-01-22,78.66999816894531,79.37999725341797,78.62000274658203,79.13999938964844,0
2020-01-23,78.2300033569336,78.48999786376953,78.05000305175781,78.4800033569336,0
2020-01-24,77.31999969482422,78.27999877929688,77.22000122070312,78.20999908447266,0
2020-01-27,76.2300033569336,76.94000244140625,76.06999969482422,76.87999725341797,0
2020-01-28,76.31999969482422,76.5199966430664,75.88999938964844,76.20999908447266,0
2020-01-29,75.86000061035156,76.73999786376953,75.79000091552734,76.62999725341797,0
2020-01-30,75.13999938964844,75.76000213623047,74.97000122070312,75.76000213623047,0
2020-01-31,74.83999633789062,75.45999908447266,74.75,75.44000244140625,0
2020-02-03,74.08000183105469,74.9000015258789,73.91999816894531,74.83999633789062,0
2020-02-04,74.0999984741211,74.9000015258789,74.08000183105469,74.43000030517578,0
2020-02-05,74.73999786376953,74.9800033569336,74.2300033569336,74.55000305175781,0
2020-02-06,74.95999908447266,75.41000366210938,74.5999984741211,75.20999908447266,0
2020-02-07,74.76000213623047,75.16999816894531,74.58999633789062,75.12999725341797,0
2020-02-10,74.19999694824219,74.73999786376953,74.16000366210938,74.72000122070312,0
2020-02-11,74.37999725341797,74.6500015258789,74.30000305175781,74.48999786376953,0
2020-02-12,75.16000366210938,75.20999908447266,74.48999786376953,74.66999816894531,0
2020-02-13,75.31999969482422,75.5199966430664,74.91999816894531,75.22000122070312,0
2020-02-14,75.37999725341797,75.68000030517578,75.0999984741211,75.20999908447266,0
2020-02-18,76.11000061035156,76.12000274658203,75.51000213623047,75.55999755859375,0
2020-02-19,76.56999969482422,76.62000274658203,75.98999786376953,76.12999725341797,0
2020-02-20,76.20999908447266,76.70999908447266,76.19000244140625,76.55999755859375,0
2020-02-21,76.25,76.37000274658203,75.79000091552734,76.0999984741211,0
2020-02-24,74.9000015258789,75.63999938964844,74.63999938964844,75.55000305175781,0
2020-02-25,74.20999908447266,74.95999908447266,74.16000366210938,74.95999908447266,0
2020-02-26,73.62999725341797,74.25,73.54000091552734,74.16000366210938,0
2020-02-27,72.58000183105469,73.33000183105469,72.05999755859375,73.29000091552734,0
2020-02-28,70.9800033569336,72.16999816894531,70.61000061035156,72.16000366210938,0
2020-03-02,72.47000122070312,72.58000183105469,71.55000305175781,72.0999984741211,0
2020-03-03,73.19000244140625,73.91000366210938,72.68000030517578,73.0199966430664,0
2020-03-04,73.2300033569336,73.66999816894531,73.0999984741211,73.5199966430664,0
2020-03-05,72.68000030517578,73.55999755859375,72.6500015258789,73.4800033569336,0
2020-03-06,70.79000091552734,72.44000244140625,70.7699966430664,72.36000061035156,0
2020-03-09,67.8499984741211,68.52999877929688,66.30999755859375,67.2300033569336,0
2020-03-10,69.30000305175781,69.41999816894531,68.37000274658203,68.5,0
2020-03-11,68.30000305175781,69.80999755859375,68.2699966430664,69.80999755859375,0
2020-03-12,66.16000366210938,67.3499984741211,65.63999938964844,67.05000305175781,0
2020-03-13,65.30999755859375,67.62000274658203,65.12000274658203,65.20999908447266,0
2020-03-16,62.56999969482422,65.13999938964844,62.189998626708984,64.97000122070312,0
2020-03-17,62.0099983215332,63.2599983215332,61.9900016784668,62.970001220703125,0
2020-03-18,59.47999954223633,62.470001220703125,59.2599983215332,62.34000015258789,0
2020-03-19,61.43000030517578,61.619998931884766,59.09000015258789,59.869998931884766,0
2020-03-20,61.099998474121094,63.18000030517578,61.06999969482422,61.5099983215332,0
2020-03-23,62.0099983215332,62.09000015258789,60.290000915527344,60.470001220703125,0
2020-03-24,63.77000045776367,64.02999877929688,62.31999969482422,62.880001068115234,0
2020-03-25,63.97999954223633,64.41999816894531,63.22999954223633,64.27999877929688,0
2020-03-26,63.33000183105469,64.12999725341797,63.150001525878906,63.58000183105469,0
2020-03-27,62.709999084472656,63.630001068115234,62.540000915527344,63.439998626708984,0
2020-03-30,62.060001373291016,62.38999938964844,61.75,62.18000030517578,0
2020-03-31,61.86000061035156,62.68000030517578,61.7599983215332,62.43000030517578,0
2020-04-01,60.290000915527344,61.68000030517578,60.279998779296875,61.68000030517578,0
2020-04-02,61.54999923706055,62.83000183105469,60.470001220703125,60.470001220703125,0
2020-04-03,62.20000076293945,62.720001220703125,61.25,61.470001220703125,0
2020-04-06,62.81999969482422,62.939998626708984,62.029998779296875,62.06999969482422,0
2020-04-07,63.220001220703125,63.88999938964844,63.20000076293945,63.63999938964844,0
2020-04-08,63.150001525878906,63.68000030517578,62.9900016784668,63.43000030517578,0
2020-04-09,63.47999954223633,64.41000366210938,63.20000076293945,63.540000915527344,0
2020-04-13,63.380001068115234,63.869998931884766,63.13999938964844,63.83000183105469,0
2020-04-14,63.04999923706055,63.9900016784668,62.81999969482422,63.900001525878906,0
2020-04-15,61.970001220703125,63.13999938964844,61.77000045776367,63.040000915527344,0
2020-04-16,62.04999923706055,62.349998474121094,62.04999923706055,62.349998474121094,0
2020-04-17,62.09000015258789,62.68000030517578,61.97999954223633,62.470001220703125,0
2020-04-20,61.97999954223633,62.22999954223633,61.5,62.04999923706055,0
2020-04-21,59.5099983215332,61.970001220703125,59.33000183105469,61.88999938964844,0
2020-04-22,60.68000030517578,60.970001220703125,58.869998931884766,59.79999923706055,0
2020-04-23,60.779998779296875,61.7599983215332,60.709999084472656,60.9900016784668,0
2020-04-24,60.2400016784668,61.189998626708984,60.02000045776367,60.91999816894531,0
2020-04-27,59.54999923706055,60.310001373291016,59.209999084472656,60.189998626708984,0
2020-04-28,59.63999938964844,60.18000030517578,59.08000183105469,59.459999084472656,0
2020-04-29,59.880001068115234,60.349998474121094,59.720001220703125,60.04999923706055,0
2020-04-30,60.900001525878906,60.959999084472656,60.189998626708984,60.29999923706055,0
2020-05-01,60.709999084472656,60.83000183105469,60.189998626708984,60.7599983215332,0
2020-05-04,60.970001220703125,61.0,60.36000061035156,60.540000915527344,0
2020-05-05,62.310001373291016,62.400001525878906,61.5,61.58000183105469,0
2020-05-06,61.459999084472656,62.459999084472656,61.20000076293945,62.209999084472656,0
2020-05-07,62.0,62.58000183105469,61.45000076293945,61.619998931884766,0
2020-05-08,62.31999969482422,62.4900016784668,62.08000183105469,62.2400016784668,0
2020-05-11,61.779998779296875,62.619998931884766,61.70000076293945,62.470001220703125,0
2020-05-12,61.54999923706055,62.029998779296875,61.47999954223633,61.72999954223633,0
2020-05-13,60.619998931884766,61.619998931884766,60.52000045776367,61.20000076293945,0
2020-05-14,61.290000915527344,61.34000015258789,60.52000045776367,60.56999969482422,0
2020-05-15,61.65999984741211,61.900001525878906,61.41999816894531,61.4900016784668,0
2020-05-18,63.029998779296875,63.38999938964844,62.349998474121094,62.40999984741211,0
2020-05-19,63.2400016784668,63.5099983215332,62.900001525878906,63.2400016784668,0
2020-05-20,63.599998474121094,63.880001068115234,63.06999969482422,63.279998779296875,0
2020-05-21,63.0099983215332,63.70000076293945,62.849998474121094,63.52000045776367,0
2020-05-22,62.7400016784668,62.7599983215332,62.13999938964844,62.72999954223633,0
2020-05-26,63.349998474121094,63.54999923706055,63.029998779296875,63.060001373291016,0
2020-05-27,62.66999816894531,63.38999938964844,62.38999938964844,63.20000076293945,0
2020-05-28,62.77000045776367,63.0,62.349998474121094,62.63999938964844,0
2020-05-29,63.540000915527344,63.599998474121094,62.41999816894531,62.70000076293945,0
2020-06-01,63.5099983215332,63.790000915527344,62.83000183105469,63.560001373291016,0
2020-06-02,63.779998779296875,64.06999969482422,63.52000045776367,63.560001373291016,0
2020-06-03,63.900001525878906,63.9900016784668,63.439998626708984,63.93000030517578,0
2020-06-04,64.3499984741211,64.38999938964844,63.56999969482422,63.689998626708984,0
2020-06-05,64.69000244140625,64.94999694824219,64.22000122070312,64.2300033569336,0
2020-06-08,64.63999938964844,65.01000213623047,64.44999694824219,64.66999816894531,0
2020-06-09,64.7300033569336,64.9000015258789,64.30999755859375,64.87999725341797,0
2020-06-10,65.0,65.08000183105469,64.5,64.55999755859375,0
2020-06-11,64.08999633789062,65.0,63.849998474121094,65.0,0
2020-06-12,63.709999084472656,64.4800033569336,63.61000061035156,63.720001220703125,0
2020-06-15,63.650001525878906,63.70000076293945,62.66999816894531,63.459999084472656,0
2020-06-16,63.939998626708984,64.38999938964844,63.56999969482422,63.86000061035156,0
2020-06-17,64.06999969482422,64.11000061035156,63.61000061035156,63.709999084472656,0
2020-06-18,64.12000274658203,64.41999816894531,63.81999969482422,63.86000061035156,0
2020-06-19,64.56999969482422,64.9000015258789,64.12999725341797,64.13999938964844,0
2020-06-22,64.83000183105469,64.91000366210938,64.48999786376953,64.80999755859375,0
2020-06-23,64.70999908447266,65.05000305175781,64.44999694824219,64.4800033569336,0
2020-06-24,63.709999084472656,64.79000091552734,63.63999938964844,64.72000122070312,0
2020-06-25,63.45000076293945,63.63999938964844,63.029998779296875,63.54999923706055,0
2020-06-26,63.220001220703125,63.72999954223633,62.97999954223633,63.56999969482422,0
2020-06-29,64.23999786376953,64.33999633789062,63.060001373291016,63.27000045776367,0
2020-06-30,64.9800033569336,65.1500015258789,64.12999725341797,64.19999694824219,0
2020-07-01,65.18000030517578,65.41999816894531,64.69000244140625,65.12000274658203,0
2020-07-02,65.62999725341797,65.6500015258789,65.2300033569336,65.26000213623047,0
2020-07-06,66.18000030517578,66.31999969482422,65.72000122070312,65.7300033569336,0
2020-07-07,66.54000091552734,66.70999908447266,65.83000183105469,66.19000244140625,0
2020-07-08,66.79000091552734,66.93000030517578,66.33000183105469,66.37999725341797,0
2020-07-09,66.3499984741211,67.29000091552734,66.33000183105469,66.83000183105469,0
2020-07-10,66.63999938964844,66.83000183105469,65.93000030517578,66.33000183105469,0
2020-07-13,66.48999786376953,66.80000305175781,66.44000244140625,66.5199966430664,0
2020-07-14,66.18000030517578,66.48999786376953,65.72000122070312,65.91000366210938,0
2020-07-15,66.66999816894531,66.66999816894531,65.97000122070312,66.3499984741211,0
2020-07-16,66.47000122070312,66.80999755859375,66.37000274658203,66.68000030517578,0
2020-07-17,66.48999786376953,66.6500015258789,66.26000213623047,66.44000244140625,0
2020-07-20,66.30999755859375,66.44999694824219,65.94000244140625,66.25,0
2020-07-21,67.29000091552734,67.37999725341797,66.30999755859375,66.33000183105469,0
2020-07-22,67.73999786376953,67.77999877929688,66.8499984741211,67.55999755859375,0
2020-07-23,68.12000274658203,68.3499984741211,67.58000183105469,67.76000213623047,0
2020-07-24,68.1500015258789,68.2300033569336,67.66000366210938,68.04000091552734,0
2020-07-27,68.5,68.76000213623047,68.20999908447266,68.2699966430664,0
2020-07-28,68.52999877929688,69.05999755859375,67.8499984741211,69.0199966430664,0
2020-07-29,68.98999786376953,69.01000213623047,68.4800033569336,68.5999984741211,0
2020-07-30,68.25,69.0999984741211,67.81999969482422,68.98999786376953,0
2020-07-31,68.68000030517578,69.0,68.47000122070312,68.66999816894531,0
2020-08-03,69.9000015258789,70.04000091552734,68.70999908447266,68.80999755859375,0
2020-08-04,70.54000091552734,70.62000274658203,69.51000213623047,69.79000091552734,0
2020-08-05,71.19000244140625,71.94000244140625,70.4800033569336,70.61000061035156,0
2020-08-06,71.33999633789062,71.97000122070312,71.13999938964844,71.26000213623047,0
2020-08-07,70.44999694824219,71.52999877929688,70.36000061035156,71.52999877929688,0
2020-08-10,70.9000015258789,71.30000305175781,70.61000061035156,70.62999725341797,0
2020-08-11,69.88999938964844,71.02999877929688,69.86000061035156,70.98999786376953,0
2020-08-12,70.2699966430664,70.30999755859375,68.7699966430664,69.18000030517578,0
2020-08-13,70.83999633789062,70.8499984741211,70.1500015258789,70.36000061035156,0
2020-08-14,70.80999755859375,71.23999786376953,70.44999694824219,70.75,0
2020-08-17,72.0199966430664,72.02999877929688,71.04000091552734,71.05000305175781,0
2020-08-18,72.47000122070312,72.72000122070312,71.93000030517578,72.0,0
2020-08-19,72.33000183105469,72.5999984741211,72.13999938964844,72.37000274658203,0
2020-08-20,71.77999877929688,72.05000305175781,71.48999786376953,71.9000015258789,0
2020-08-21,71.45999908447266,72.08999633789062,70.91000366210938,71.94999694824219,0
2020-08-24,71.6500015258789,72.18000030517578,71.36000061035156,71.44000244140625,0
2020-08-25,72.0199966430664,72.12000274658203,71.66000366210938,71.91999816894531,0
2020-08-26,72.30000305175781,72.5199966430664,71.94999694824219,72.16999816894531,0
2020-08-27,72.62000274658203,72.94000244140625,72.06999969482422,72.20999908447266,0
2020-08-28,73.13999938964844,73.30000305175781,72.76000213623047,72.76000213623047,0
2020-08-31,73.31999969482422,73.63999938964844,73.06999969482422,73.45999908447266,0
2020-09-01,73.5,73.97000122070312,73.41000366210938,73.5,0
2020-09-02,72.83000183105469,73.58000183105469,72.66999816894531,73.41000366210938,0
2020-09-03,72.30000305175781,73.08000183105469,71.91000366210938,73.06999969482422,0
2020-09-04,72.38999938964844,72.80000305175781,71.83000183105469,72.30999755859375,0
2020-09-08,71.4000015258789,72.5199966430664,70.79000091552734,72.29000091552734,0
2020-09-09,71.69999694824219,71.83000183105469,70.91999816894531,71.0999984741211,0
2020-09-10,71.48999786376953,72.01000213623047,71.30000305175781,71.69000244140625,0
2020-09-11,71.55999755859375,71.79000091552734,71.18000030517578,71.27999877929688,0
2020-09-14,71.75,72.06999969482422,71.66999816894531,71.98999786376953,0
2020-09-15,71.80000305175781,72.08999633789062,71.48999786376953,71.80999755859375,0
2020-09-16,72.30000305175781,72.3499984741211,71.80999755859375,71.9000015258789,0
2020-09-17,72.38999938964844,72.45999908447266,71.41000366210938,71.9000015258789,0
2020-09-18,72.97000122070312,72.98999786376953,72.36000061035156,72.66000366210938,0
2020-09-21,71.16000366210938,72.95999908447266,70.55999755859375,72.80999755859375,0
2020-09-22,71.0,71.62000274658203,70.77999877929688,71.30999755859375,0
2020-09-23,70.7699966430664,71.12000274658203,70.08000183105469,70.81999969482422,0
2020-09-24,70.87000274658203,70.95999908447266,69.9800033569336,70.33999633789062,0
2020-09-25,70.69000244140625,71.16000366210938,70.37999725341797,70.73999786376953,0
2020-09-28,70.98999786376953,71.0199966430664,70.37000274658203,70.7699966430664,0
2020-09-29,70.2699966430664,70.95999908447266,69.86000061035156,70.87999725341797,0
2020-09-30,70.8499984741211,71.0999984741211,69.5,69.94999694824219,0
2020-10-01,70.25,71.30000305175781,69.80000305175781,71.06999969482422,0
2020-10-02,69.80000305175781,70.30000305175781,69.22000122070312,69.70999908447266,0
2020-10-05,71.05000305175781,71.41999816894531,69.9800033569336,70.19999694824219,0
2020-10-06,71.4000015258789,72.02999877929688,71.06999969482422,71.12000274658203,0
2020-10-07,71.80000305175781,72.04000091552734,70.86000061035156,70.86000061035156,0
2020-10-08,72.16000366210938,72.5,71.76000213623047,71.87000274658203,0
2020-10-09,73.25,73.5,72.58000183105469,72.62999725341797,0
2020-10-12,72.77999877929688,73.81999969482422,72.7300033569336,73.6500015258789,0
2020-10-13,72.56999969482422,72.98999786376953,72.33000183105469,72.63999938964844,0
2020-10-14,73.0,73.08000183105469,72.2699966430664,72.4000015258789,0
2020-10-15,73.44000244140625,73.45999908447266,72.4000015258789,73.06999969482422,0
2020-10-16,73.37999725341797,73.79000091552734,73.2699966430664,73.47000122070312,0
2020-10-19,73.56999969482422,73.93000030517578,73.33000183105469,73.47000122070312,0
2020-10-20,73.93000030517578,74.02999877929688,73.27999877929688,73.31999969482422,0
2020-10-21,74.12999725341797,74.54000091552734,74.04000091552734,74.11000061035156,0
2020-10-22,73.83999633789062,74.2300033569336,73.69000244140625,73.80000305175781,0
2020-10-23,73.56999969482422,73.98999786376953,73.4000015258789,73.76000213623047,0
2020-10-26,73.2300033569336,73.41999816894531,72.95999908447266,73.31999969482422,0
2020-10-27,73.58000183105469,73.75,73.1500015258789,73.26000213623047,0
2020-10-28,72.13999938964844,73.47000122070312,72.0199966430664,73.2699966430664,0
2020-10-29,71.61000061035156,72.43000030517578,70.75,72.2699966430664,0
2020-10-30,71.83999633789062,72.02999877929688,71.37999725341797,71.93000030517578,0
2020-11-02,72.12999725341797,72.1500015258789,71.20999908447266,71.52999877929688,0
2020-11-03,72.26000213623047,72.75,72.06999969482422,72.20999908447266,0
2020-11-04,72.69000244140625,72.7300033569336,71.43000030517578,71.94999694824219,0
2020-11-05,73.19000244140625,73.95999908447266,72.73999786376953,72.83000183105469,0
2020-11-06,72.81999969482422,73.48999786376953,72.69999694824219,73.0999984741211,0
2020-11-09,72.75,73.77999877929688,72.69000244140625,73.2699966430664,0
2020-11-10,73.95999908447266,74.06999969482422,72.80999755859375,72.88999938964844,0
2020-11-11,74.0,74.52999877929688,73.7699966430664,74.30999755859375,0
2020-11-12,73.72000122070312,74.23999786376953,73.66000366210938,74.08000183105469,0
2020-11-13,73.7300033569336,74.20999908447266,73.30000305175781,73.31999969482422,0
2020-11-16,73.7699966430664,74.06999969482422,73.55999755859375,73.86000061035156,0
2020-11-17,73.88999938964844,74.11000061035156,73.62000274658203,73.91000366210938,0
2020-11-18,74.19000244140625,74.61000061035156,73.7300033569336,73.73999786376953,0
2020-11-19,73.54000091552734,74.08000183105469,73.22000122070312,74.06999969482422,0
2020-11-20,74.13999938964844,74.30999755859375,73.76000213623047,73.7699966430664,0
2020-11-23,74.16000366210938,74.73999786376953,73.93000030517578,74.41000366210938,0
2020-11-24,74.7300033569336,74.75,73.87999725341797,74.08999633789062,0
2020-11-25,74.80000305175781,75.02999877929688,74.51000213623047,75.01000213623047,0
2020-11-27,74.81999969482422,75.0999984741211,74.55999755859375,74.8499984741211,0
2020-11-30,74.36000061035156,75.01000213623047,74.2699966430664,74.87000274658203,0
2020-12-01,74.55000305175781,75.11000061035156,74.38999938964844,74.7300033569336,0
2020-12-02,74.5,74.91000366210938,74.0,74.2699966430664,0
2020-12-03,74.06999969482422,74.61000061035156,73.79000091552734,74.45999908447266,0
2020-12-04,74.30000305175781,74.51000213623047,74.05000305175781,74.33999633789062,0
2020-12-07,73.94000244140625,74.31999969482422,73.16999816894531,73.7699966430664,0
2020-12-08,73.66999816894531,74.02999877929688,73.62999725341797,73.88999938964844,0
2020-12-09,73.94999694824219,74.25,73.7300033569336,73.8499984741211,0
2020-12-10,74.88999938964844,75.44000244140625,73.87999725341797,74.04000091552734,0
2020-12-11,74.87000274658203,75.04000091552734,74.45999908447266,74.91000366210938,0
2020-12-14,75.19000244140625,75.45999908447266,74.83999633789062,75.37000274658203,0
2020-12-15,75.70999908447266,75.72000122070312,75.06999969482422,75.12000274658203,0
2020-12-16,76.0199966430664,76.16000366210938,75.66999816894531,75.83999633789062,0
2020-12-17,76.86000061035156,76.98999786376953,76.41999816894531,76.47000122070312,0
2020-12-18,77.31999969482422,77.36000061035156,76.94999694824219,77.02999877929688,0
2020-12-21,76.97000122070312,77.45999908447266,75.8499984741211,77.08000183105469,0
2020-12-22,76.55000305175781,77.19000244140625,76.18000030517578,77.19000244140625,0
2020-12-23,77.02999877929688,77.31999969482422,76.16999816894531,76.18000030517578,0
2020-12-24,77.02999877929688,77.2699966430664,76.97000122070312,77.16000366210938,0
2020-12-28,76.5,77.05000305175781,76.33000183105469,77.0,0
2020-12-29,77.11000061035156,77.19999694824219,76.2300033569336,76.48999786376953,0
2020-12-30,77.58999633789062,77.62000274658203,76.9800033569336,77.13999938964844,0
2020-12-31,78.05000305175781,78.05999755859375,77.55000305175781,77.69000244140625,0
2021-01-04,78.63999938964844,79.81999969482422,78.29000091552734,79.29000091552734,0
2021-01-05,80.33000183105469,80.54000091552734,78.7699966430664,78.91000366210938,0
2021-01-06,80.2699966430664,81.11000061035156,80.08999633789062,80.4000015258789,0
2021-01-07,80.30999755859375,80.80999755859375,79.95999908447266,80.47000122070312,0
2021-01-08,79.66000366210938,80.5,79.44000244140625,80.30000305175781,0
2021-01-11,79.48999786376953,79.54000091552734,78.77999877929688,79.4800033569336,0
2021-01-12,80.62999725341797,80.87000274658203,79.56999969482422,79.5999984741211,0
2021-01-13,80.61000061035156,81.3499984741211,80.52999877929688,81.16999816894531,0
2021-01-14,81.22000122070312,81.33000183105469,80.2699966430664,80.44999694824219,0
2021-01-15,80.45999908447266,81.30000305175781,80.16999816894531,81.25,0
2021-01-19,80.05000305175781,80.62999725341797,79.9800033569336,80.22000122070312,0
2021-01-20,80.30000305175781,80.3499984741211,79.51000213623047,80.11000061035156,0
2021-01-21,80.29000091552734,80.62999725341797,80.12000274658203,80.48999786376953,0
2021-01-22,79.11000061035156,79.77999877929688,78.81999969482422,79.55999755859375,0
2021-01-25,79.9800033569336,79.98999786376953,79.08000183105469,79.1500015258789,0
2021-01-26,80.4800033569336,80.62000274658203,79.63999938964844,79.88999938964844,0
2021-01-27,80.44999694824219,80.9000015258789,79.76000213623047,80.54000091552734,0
2021-01-28,79.98999786376953,81.2699966430664,79.70999908447266,80.13999938964844,0
2021-01-29,80.0999984741211,81.01000213623047,79.91999816894531,80.16999816894531,0
2021-02-01,81.5999984741211,81.63999938964844,80.83000183105469,81.06999969482422,0
2021-02-02,81.2699966430664,82.05000305175781,81.19999694824219,81.75,0
2021-02-03,81.80999755859375,81.95999908447266,81.16000366210938,81.31999969482422,0
2021-02-04,81.9800033569336,82.0,81.18000030517578,81.88999938964844,0
2021-02-05,82.47000122070312,83.0,82.22000122070312,82.23999786376953,0
2021-02-08,83.54000091552734,83.62999725341797,82.75,82.81999969482422,0
2021-02-09,83.7699966430664,84.05000305175781,83.2699966430664,84.01000213623047,0
2021-02-10,83.52999877929688,83.97000122070312,83.29000091552734,83.61000061035156,0
2021-02-11,83.47000122070312,84.02999877929688,83.25,83.30000305175781,0
2021-02-12,84.05999755859375,84.2699966430664,83.0,83.26000213623047,0
2021-02-16,85.05000305175781,85.19999694824219,84.45999908447266,85.12999725341797,0
2021-02-17,85.19999694824219,85.41000366210938,84.58000183105469,85.0,0
2021-02-18,85.23999786376953,85.7699966430664,84.98999786376953,85.7300033569336,0
2021-02-19,85.30000305175781,86.02999877929688,84.47000122070312,84.4800033569336,0
2021-02-22,86.69999694824219,86.73999786376953,85.23999786376953,85.79000091552734,0
2021-02-23,86.62000274658203,87.44999694824219,85.94999694824219,87.38999938964844,0
2021-02-24,87.58000183105469,87.6500015258789,86.26000213623047,86.56999969482422,0
2021-02-25,87.12000274658203,88.12000274658203,86.80999755859375,87.81999969482422,0
2021-02-26,85.27999877929688,86.72000122070312,85.2300033569336,86.66000366210938,0
2021-03-01,84.77999877929688,86.30000305175781,84.56999969482422,86.12000274658203,0
2021-03-02,85.25,85.61000061035156,83.83999633789062,83.95999908447266,0
2021-03-03,84.87000274658203,85.54000091552734,84.5999984741211,85.19000244140625,0
2021-03-04,84.77999877929688,85.75,83.8499984741211,84.80000305175781,0
2021-03-05,85.86000061035156,85.9800033569336,84.83000183105469,84.87000274658203,0
2021-03-08,85.37000274658203,86.8499984741211,85.12999725341797,86.83999633789062,0
2021-03-09,85.41999816894531,85.80999755859375,84.86000061035156,85.43000030517578,0
2021-03-10,85.33999633789062,85.44999694824219,84.73999786376953,85.01000213623047,0
2021-03-11,86.2699966430664,86.29000091552734,85.58000183105469,85.58999633789062,0
2021-03-12,85.95999908447266,86.2300033569336,85.55999755859375,86.06999969482422,0
2021-03-15,85.95999908447266,86.31999969482422,85.5,86.2699966430664,0
2021-03-16,85.95999908447266,85.9800033569336,85.41000366210938,85.80999755859375,0
2021-03-17,85.69000244140625,86.16000366210938,85.37000274658203,85.91000366210938,0
2021-03-18,83.66000366210938,85.8499984741211,83.55999755859375,85.83999633789062,0
2021-03-19,84.5199966430664,84.61000061035156,83.18000030517578,83.68000030517578,0
2021-03-22,84.66999816894531,84.70999908447266,83.87000274658203,84.23999786376953,0
2021-03-23,83.18000030517578,84.4800033569336,83.13999938964844,84.4800033569336,0
2021-03-24,84.3499984741211,84.4000015258789,82.88999938964844,82.97000122070312,0
2021-03-25,82.98999786376953,83.91999816894531,82.62000274658203,83.80000305175781,0
2021-03-26,84.12999725341797,84.31999969482422,83.16999816894531,83.30999755859375,0
2021-03-29,83.93000030517578,84.13999938964844,83.16999816894531,84.02999877929688,0
2021-03-30,82.75,83.9800033569336,82.62000274658203,83.87999725341797,0
2021-03-31,83.44000244140625,83.95999908447266,82.51000213623047,82.73999786376953,0
2021-04-01,83.83000183105469,84.22000122070312,83.26000213623047,83.62999725341797,0
2021-04-05,83.01000213623047,83.98999786376953,82.70999908447266,83.97000122070312,0
2021-04-06,83.61000061035156,84.33999633789062,83.2699966430664,83.44999694824219,0
2021-04-07,83.76000213623047,83.83999633789062,83.2699966430664,83.55999755859375,0
2021-04-08,84.4000015258789,84.5,83.5199966430664,83.58999633789062,0
2021-04-09,84.02999877929688,84.45999908447266,83.97000122070312,84.37999725341797,0
2021-04-12,83.58000183105469,84.33999633789062,83.48999786376953,83.97000122070312,0
2021-04-13,84.31999969482422,84.58999633789062,83.51000213623047,83.56999969482422,0
2021-04-14,85.87999725341797,85.9800033569336,84.41999816894531,84.47000122070312,0
2021-04-15,86.55999755859375,86.58999633789062,85.7699966430664,85.79000091552734,0
2021-04-16,86.52999877929688,87.0,86.45999908447266,86.52999877929688,0
2021-04-19,86.77999877929688,87.05999755859375,86.5,86.5,0
2021-04-20,86.9800033569336,87.62999725341797,86.69000244140625,87.0199966430664,0
2021-04-21,87.2699966430664,87.4800033569336,86.4800033569336,86.97000122070312,0
2021-04-22,87.97000122070312,88.18000030517578,87.12999725341797,87.23999786376953,0
2021-04-23,88.4000015258789,88.41000366210938,87.83000183105469,88.19000244140625,0
2021-04-26,89.5199966430664,89.58999633789062,88.33000183105469,88.79000091552734,0
2021-04-27,90.08000183105469,90.54000091552734,89.5999984741211,89.6500015258789,0
2021-04-28,90.19000244140625,90.83999633789062,89.23999786376953,89.37000274658203,0
2021-04-29,90.16999816894531,90.95999908447266,89.76000213623047,90.56999969482422,0
2021-04-30,90.36000061035156,90.4000015258789,89.5999984741211,90.12999725341797,0
2021-05-03,90.97000122070312,91.37000274658203,90.51000213623047,90.87999725341797,0
2021-05-04,91.6500015258789,92.11000061035156,90.97000122070312,91.11000061035156,0
2021-05-05,92.22000122070312,92.3499984741211,91.73999786376953,92.04000091552734,0
2021-05-06,92.87000274658203,92.94999694824219,92.31999969482422,92.44000244140625,0
2021-05-07,93.7300033569336,93.87000274658203,92.97000122070312,93.2300033569336,0
2021-05-10,93.16000366210938,94.19000244140625,92.83000183105469,94.18000030517578,0
2021-05-11,93.87000274658203,94.0,92.80000305175781,92.83999633789062,0
2021-05-12,93.87999725341797,94.58999633789062,93.83000183105469,94.08000183105469,0
2021-05-13,91.69999694824219,93.54000091552734,91.5,93.5199966430664,0
2021-05-14,91.9800033569336,92.6500015258789,91.4800033569336,91.83000183105469,0
2021-05-17,93.25,93.38999938964844,92.13999938964844,92.25,0
2021-05-18,93.1500015258789,94.08000183105469,92.68000030517578,93.76000213623047,0
2021-05-19,91.44000244140625,92.7699966430664,90.77999877929688,92.7699966430664,0
2021-05-20,90.88999938964844,91.88999938964844,90.86000061035156,91.4800033569336,0
2021-05-21,90.88999938964844,91.2699966430664,90.41000366210938,90.58000183105469,0
2021-05-24,91.58000183105469,91.5999984741211,90.55999755859375,90.76000213623047,0
2021-05-25,91.38999938964844,91.95999908447266,91.12999725341797,91.72000122070312,0
2021-05-26,91.5999984741211,91.87000274658203,90.83000183105469,91.52999877929688,0
2021-05-27,92.80000305175781,92.81999969482422,91.33000183105469,91.43000030517578,0
2021-05-28,92.83000183105469,93.22000122070312,92.62999725341797,92.95999908447266,0
2021-06-01,94.13999938964844,95.0999984741211,93.73999786376953,93.76000213623047,0
2021-06-02,94.44999694824219,94.66999816894531,93.98999786376953,94.12000274658203,0
2021-06-03,93.26000213623047,95.0,93.05999755859375,94.93000030517578,0
2021-06-04,94.68000030517578,94.80000305175781,93.0999984741211,93.11000061035156,0
2021-06-07,94.16000366210938,94.9800033569336,94.12000274658203,94.91999816894531,0
2021-06-08,94.7699966430664,95.05000305175781,94.05999755859375,94.18000030517578,0
2021-06-09,94.80000305175781,95.05000305175781,94.41000366210938,94.79000091552734,0
2021-06-10,95.02999877929688,95.33999633789062,94.3499984741211,94.51000213623047,0
2021-06-11,94.98999786376953,95.55999755859375,94.55999755859375,95.25,0
2021-06-14,94.30999755859375,94.58999633789062,93.73999786376953,94.4000015258789,0
2021-06-15,93.54000091552734,94.08000183105469,93.25,93.97000122070312,0
2021-06-16,93.41000366210938,93.9800033569336,93.18000030517578,93.76000213623047,0
2021-06-17,90.0999984741211,92.80000305175781,89.91999816894531,92.5199966430664,0
2021-06-18,90.93000030517578,91.29000091552734,89.94000244140625,90.3499984741211,0
2021-06-21,91.55999755859375,91.58999633789062,90.1500015258789,90.81999969482422,0
2021-06-22,91.5199966430664,91.94999694824219,91.26000213623047,91.61000061035156,0
2021-06-23,92.25,92.86000061035156,91.7300033569336,91.77999877929688,0
2021-06-24,92.36000061035156,92.41000366210938,91.38999938964844,91.87000274658203,0
2021-06-25,92.44000244140625,92.86000061035156,91.87000274658203,92.51000213623047,0
2021-06-28,93.06999969482422,93.20999908447266,92.33999633789062,92.44000244140625,0
2021-06-29,93.19999694824219,93.91999816894531,92.44999694824219,92.88999938964844,0
2021-06-30,94.54000091552734,94.7699966430664,92.75,93.4800033569336,0
2021-07-01,94.69000244140625,96.16999816894531,94.58000183105469,94.6500015258789,0
2021-07-02,94.9800033569336,95.22000122070312,94.48999786376953,94.81999969482422,0
2021-07-06,92.80000305175781,96.13999938964844,92.62000274658203,95.9000015258789,0
2021-07-07,92.47000122070312,94.06999969482422,91.69000244140625,93.12999725341797,0
2021-07-08,92.58000183105469,92.83000183105469,91.80999755859375,92.22000122070312,0
2021-07-09,93.5,93.62999725341797,92.5,92.61000061035156,0
2021-07-12,93.97000122070312,94.0,92.75,93.33999633789062,0
2021-07-13,94.4800033569336,94.72000122070312,93.62999725341797,94.19000244140625,0
2021-07-14,94.41000366210938,95.16000366210938,94.08999633789062,94.31999969482422,0
2021-07-15,94.12999725341797,94.4800033569336,93.83999633789062,94.0999984741211,0
2021-07-16,94.43000030517578,94.73999786376953,93.91000366210938,94.18000030517578,0
2021-07-19,92.08999633789062,94.58000183105469,91.87999725341797,94.30000305175781,0
2021-07-20,93.30999755859375,93.38999938964844,92.3499984741211,92.44999694824219,0
2021-07-21,94.69999694824219,94.76000213623047,93.01000213623047,93.30000305175781,0
2021-07-22,95.51000213623047,95.54000091552734,94.16999816894531,94.33000183105469,0
2021-07-23,95.69000244140625,95.87000274658203,95.41000366210938,95.5,0
2021-07-26,96.63999938964844,96.70999908447266,95.05999755859375,95.52999877929688,0
2021-07-27,95.83000183105469,96.91000366210938,95.69999694824219,96.77999877929688,0
2021-07-28,96.18000030517578,96.3499984741211,95.58000183105469,96.05000305175781,0
2021-07-29,97.51000213623047,97.54000091552734,96.25,96.30000305175781,0
2021-07-30,96.27999877929688,97.41000366210938,96.0199966430664,97.0999984741211,0
2021-08-02,95.75,96.56999969482422,95.44000244140625,96.02999877929688,0
2021-08-03,95.3499984741211,95.7300033569336,94.66999816894531,95.56999969482422,0
2021-08-04,94.8499984741211,95.72000122070312,94.7300033569336,95.44000244140625,0
2021-08-05,95.30000305175781,95.63999938964844,94.48999786376953,94.87999725341797,0
2021-08-06,94.69000244140625,95.68000030517578,94.51000213623047,95.18000030517578,0
2021-08-09,93.12000274658203,94.22000122070312,92.73999786376953,94.0999984741211,0
2021-08-10,94.37999725341797,94.52999877929688,93.1500015258789,93.16000366210938,0
2021-08-11,94.95999908447266,95.0,93.91000366210938,94.4000015258789,0
2021-08-12,94.9800033569336,95.4800033569336,94.25,94.94999694824219,0
2021-08-13,95.16999816894531,95.70999908447266,94.58000183105469,94.7699966430664,0
2021-08-16,95.0199966430664,95.25,94.41999816894531,94.88999938964844,0
2021-08-17,93.98999786376953,95.29000091552734,93.91999816894531,95.2300033569336,0
2021-08-18,93.48999786376953,94.29000091552734,93.41000366210938,93.94000244140625,0
2021-08-19,91.91999816894531,93.01000213623047,91.4800033569336,92.97000122070312,0
2021-08-20,91.16000366210938,92.41000366210938,91.0999984741211,92.1500015258789,0
2021-08-23,93.13999938964844,93.19999694824219,91.61000061035156,91.62999725341797,0
2021-08-24,94.37999725341797,94.48999786376953,93.19000244140625,93.37999725341797,0
2021-08-25,94.76000213623047,94.86000061035156,93.91999816894531,94.11000061035156,0
2021-08-26,94.94999694824219,95.27999877929688,94.2699966430664,94.68000030517578,0
2021-08-27,96.3499984741211,96.36000061035156,95.06999969482422,95.06999969482422,0
2021-08-30,96.18000030517578,96.80999755859375,95.73999786376953,96.69000244140625,0
2021-08-31,95.98999786376953,96.56999969482422,95.41000366210938,96.33999633789062,0
2021-09-01,96.06999969482422,96.23999786376953,95.3499984741211,95.9800033569336,0
2021-09-02,96.70999908447266,97.08999633789062,95.7300033569336,95.75,0
2021-09-03,97.12000274658203,97.37999725341797,96.44999694824219,96.48999786376953,0
2021-09-07,95.79000091552734,97.16000366210938,95.70999908447266,97.04000091552734,0
2021-09-08,96.69000244140625,97.13999938964844,95.94000244140625,96.12999725341797,0
2021-09-09,96.56999969482422,97.01000213623047,96.05999755859375,96.7300033569336,0
2021-09-10,97.11000061035156,97.33000183105469,96.48999786376953,96.48999786376953,0
2021-09-13,97.66999816894531,97.80000305175781,96.93000030517578,97.18000030517578,0
2021-09-14,97.86000061035156,98.27999877929688,97.62999725341797,97.66999816894531,0
2021-09-15,99.58000183105469,100.08999633789062,98.0,98.11000061035156,0
2021-09-16,98.58999633789062,99.61000061035156,97.91999816894531,99.48999786376953,0
2021-09-17,97.55000305175781,98.86000061035156,97.43000030517578,98.52999877929688,0
2021-09-20,96.05000305175781,96.86000061035156,95.95999908447266,96.79000091552734,0
2021-09-21,95.7699966430664,96.69999694824219,95.05999755859375,96.27999877929688,0
2021-09-22,97.1500015258789,97.2300033569336,96.27999877929688,96.37999725341797,0
2021-09-23,98.23999786376953,98.30000305175781,96.87999725341797,97.0,0
2021-09-24,98.9800033569336,99.0,98.01000213623047,98.30000305175781,0
2021-09-27,100.83000183105469,100.8499984741211,99.47000122070312,99.87000274658203,0
2021-09-28,100.91999816894531,102.3499984741211,100.25,101.30999755859375,0
2021-09-29,99.5999984741211,100.83999633789062,99.48999786376953,100.5199966430664,0
2021-09-30,100.76000213623047,100.93000030517578,99.2699966430664,99.66999816894531,0
2021-10-01,100.93000030517578,101.0999984741211,100.13999938964844,100.80999755859375,0
2021-10-04,102.05000305175781,103.16999816894531,100.91999816894531,101.05999755859375,0
2021-10-05,103.8499984741211,104.12999725341797,102.11000061035156,102.20999908447266,0
2021-10-06,101.58999633789062,104.47000122070312,101.45999908447266,103.55999755859375,0
2021-10-07,102.33999633789062,102.37999725341797,100.37999725341797,101.9000015258789,0
2021-10-08,102.62000274658203,103.45999908447266,102.58999633789062,103.08000183105469,0
2021-10-11,102.70999908447266,104.08999633789062,102.62000274658203,103.23999786376953,0
2021-10-12,102.7300033569336,103.12999725341797,102.20999908447266,102.51000213623047,0
2021-10-13,103.27999877929688,103.36000061035156,102.06999969482422,102.5999984741211,0
2021-10-14,104.41000366210938,104.9000015258789,103.54000091552734,103.61000061035156,0
2021-10-15,104.7300033569336,105.61000061035156,104.30000305175781,104.33000183105469,0
2021-10-18,103.62000274658203,105.12999725341797,103.55000305175781,104.58000183105469,0
2021-10-19,103.91000366210938,104.37000274658203,103.16999816894531,103.73999786376953,0
2021-10-20,105.13999938964844,105.16000366210938,103.2300033569336,103.4000015258789,0
2021-10-21,103.19000244140625,105.55000305175781,102.7300033569336,105.44999694824219,0
2021-10-22,103.75,104.48999786376953,102.91000366210938,103.58999633789062,0
2021-10-25,105.83999633789062,105.93000030517578,104.72000122070312,104.77999877929688,0
2021-10-26,105.68000030517578,106.26000213623047,104.70999908447266,105.97000122070312,0
2021-10-27,105.08000183105469,105.55000305175781,104.36000061035156,105.16999816894531,0
2021-10-28,104.30000305175781,105.13999938964844,103.79000091552734,103.95999908447266,0
2021-10-29,103.36000061035156,104.43000030517578,102.72000122070312,104.18000030517578,0
2021-11-01,103.63999938964844,104.0999984741211,102.93000030517578,103.4000015258789,0
2021-11-02,104.22000122070312,104.30000305175781,103.38999938964844,104.05999755859375,0
2021-11-03,103.12999725341797,104.02999877929688,102.9000015258789,103.55999755859375,0
2021-11-04,102.56999969482422,104.62000274658203,102.43000030517578,103.5,0
2021-11-05,102.73999786376953,103.11000061035156,102.0199966430664,102.79000091552734,0
2021-11-08,102.77999877929688,103.52999877929688,102.58999633789062,103.16999816894531,0
2021-11-09,102.47000122070312,103.08999633789062,101.55999755859375,102.73999786376953,0
2021-11-10,102.0199966430664,102.87000274658203,101.83999633789062,102.69999694824219,0
2021-11-11,103.33000183105469,103.37000274658203,102.08000183105469,102.18000030517578,0
2021-11-12,102.80000305175781,103.27999877929688,102.19000244140625,103.20999908447266,0
2021-11-15,103.16000366210938,103.16999816894531,102.04000091552734,102.4800033569336,0
2021-11-16,103.33999633789062,104.05000305175781,103.19999694824219,103.5999984741211,0
2021-11-17,102.41000366210938,103.5,102.31999969482422,103.26000213623047,0
2021-11-18,102.55000305175781,103.20999908447266,102.12999725341797,102.2300033569336,0
2021-11-19,102.30999755859375,103.41999816894531,101.48999786376953,103.16999816894531,0
2021-11-22,102.08999633789062,102.41999816894531,101.12000274658203,101.87000274658203,0
2021-11-23,103.23999786376953,103.45999908447266,101.62999725341797,102.11000061035156,0
2021-11-24,103.58999633789062,103.87000274658203,103.1500015258789,103.36000061035156,0
2021-11-26,100.0999984741211,103.11000061035156,99.2300033569336,103.08000183105469,0
2021-11-29,98.72000122070312,100.94999694824219,98.43000030517578,100.80999755859375,0
2021-11-30,95.80000305175781,98.9000015258789,95.30000305175781,98.87000274658203,0
2021-12-01,95.19999694824219,97.29000091552734,95.13999938964844,96.5,0
2021-12-02,95.12000274658203,96.0199966430664,94.16999816894531,95.4000015258789,0
2021-12-03,95.79000091552734,96.94999694824219,95.54000091552734,95.58000183105469,0
2021-12-06,95.69999694824219,95.83999633789062,94.83000183105469,95.69999694824219,0
2021-12-07,96.69000244140625,97.22000122070312,95.87000274658203,95.95999908447266,0
2021-12-08,97.25,97.44000244140625,96.52999877929688,96.76000213623047,0
2021-12-09,96.55000305175781,97.5999984741211,96.2699966430664,97.58999633789062,0
2021-12-10,96.9000015258789,97.16999816894531,96.23999786376953,96.44999694824219,0
2021-12-13,96.5,97.62000274658203,96.41999816894531,97.45999908447266,0
2021-12-14,95.9800033569336,96.5999984741211,95.66000366210938,96.18000030517578,0
2021-12-15,95.5199966430664,95.8499984741211,95.1500015258789,95.79000091552734,0
2021-12-16,97.04000091552734,97.44999694824219,96.30999755859375,96.30999755859375,0
2021-12-17,96.41999816894531,97.12000274658203,96.25,97.12000274658203,0
2021-12-20,95.37999725341797,95.86000061035156,94.63999938964844,95.79000091552734,0
2021-12-21,97.1500015258789,97.30000305175781,95.33999633789062,95.68000030517578,0
2021-12-22,98.72000122070312,98.76000213623047,97.16000366210938,97.30999755859375,0
2021-12-23,98.9000015258789,99.08999633789062,98.19999694824219,98.95999908447266,0
2021-12-27,100.37999725341797,100.44000244140625,98.51000213623047,99.13999938964844,0
2021-12-28,100.05999755859375,101.08999633789062,99.9800033569336,100.56999969482422,0
2021-12-29,100.19000244140625,100.70999908447266,99.7300033569336,99.91999816894531,0
2021-12-30,99.43000030517578,100.41999816894531,99.36000061035156,100.37999725341797,0
2021-12-31,99.16999816894531,99.88999938964844,99.06999969482422,99.37000274658203,0
2022-01-03,99.45999908447266,100.0,98.80000305175781,99.44000244140625,0
2022-01-04,100.58000183105469,100.76000213623047,99.37999725341797,99.5,0
2022-01-05,101.16000366210938,101.37000274658203,100.37000274658203,100.44999694824219,0
2022-01-06,100.77999877929688,101.08000183105469,100.08000183105469,100.30999755859375,0
2022-01-07,101.29000091552734,101.41999816894531,100.81999969482422,101.22000122070312,0
2022-01-10,100.86000061035156,101.94999694824219,100.55999755859375,101.79000091552734,0
2022-01-11,102.7699966430664,102.79000091552734,101.08000183105469,101.16999816894531,0
2022-01-12,104.41999816894531,104.54000091552734,102.75,102.8499984741211,0
2022-01-13,103.05000305175781,104.20999908447266,102.88999938964844,104.02999877929688,0
2022-01-14,103.54000091552734,103.58999633789062,102.76000213623047,102.93000030517578,0
2022-01-18,104.12000274658203,104.44999694824219,103.75,104.18000030517578,0
2022-01-19,105.44000244140625,105.72000122070312,104.38999938964844,104.76000213623047,0
2022-01-20,105.7300033569336,105.95999908447266,105.0999984741211,105.33999633789062,0
2022-01-21,105.36000061035156,105.66000366210938,104.7300033569336,104.76000213623047,0
2022-01-24,104.62000274658203,105.55999755859375,103.5999984741211,105.51000213623047,0
2022-01-25,105.62000274658203,105.68000030517578,104.45999908447266,104.69999694824219,0
2022-01-26,106.62999725341797,106.77999877929688,105.19999694824219,105.27999877929688,0
2022-01-27,106.19000244140625,106.83000183105469,105.6500015258789,105.8499984741211,0
2022-01-28,107.1500015258789,107.91999816894531,106.33999633789062,106.77999877929688,0
2022-01-31,107.86000061035156,108.76000213623047,106.94000244140625,108.76000213623047,0
2022-02-01,108.56999969482422,108.87999725341797,107.62999725341797,108.08999633789062,0
2022-02-02,110.2699966430664,110.7300033569336,108.91000366210938,109.01000213623047,0
2022-02-03,109.33999633789062,109.87000274658203,108.26000213623047,109.80999755859375,0
2022-02-04,109.56999969482422,110.52999877929688,109.31999969482422,110.19000244140625,0
2022-02-07,109.4000015258789,109.80999755859375,109.08999633789062,109.48999786376953,0
2022-02-08,108.91000366210938,109.5199966430664,108.41999816894531,109.30000305175781,0
2022-02-09,109.73999786376953,109.86000061035156,108.5199966430664,109.0,0
2022-02-10,109.48999786376953,110.86000061035156,109.33000183105469,109.9000015258789,0
2022-02-11,109.9000015258789,110.38999938964844,108.62999725341797,109.19000244140625,0
2022-02-14,111.0999984741211,111.20999908447266,109.80000305175781,111.18000030517578,0
2022-02-15,109.88999938964844,111.25,109.2699966430664,111.19999694824219,0
2022-02-16,111.66999816894531,111.75,110.01000213623047,110.05999755859375,0
2022-02-17,111.54000091552734,111.9800033569336,110.94999694824219,110.95999908447266,0
2022-02-18,111.62999725341797,112.27999877929688,110.68000030517578,111.19999694824219,0
2022-02-22,113.54000091552734,114.06999969482422,113.0,113.66000366210938,0
2022-02-23,114.33999633789062,114.61000061035156,113.12000274658203,113.76000213623047,0
2022-02-24,115.2699966430664,119.73999786376953,115.13999938964844,115.66000366210938,0
2022-02-25,112.4000015258789,116.08999633789062,112.06999969482422,115.94999694824219,0
2022-02-28,114.55000305175781,115.70999908447266,114.20999908447266,115.01000213623047,0
2022-03-01,119.30000305175781,119.66000366210938,115.30999755859375,115.41999816894531,0
2022-03-02,122.0999984741211,122.81999969482422,120.23999786376953,120.76000213623047,0
2022-03-03,122.93000030517578,126.19000244140625,122.33999633789062,124.5199966430664,0
2022-03-04,127.02999877929688,127.08000183105469,123.44999694824219,124.69000244140625,0
2022-03-07,130.8699951171875,132.8800048828125,129.0500030517578,132.1199951171875,0
2022-03-08,132.6300048828125,140.5800018310547,130.75,131.8699951171875,0
2022-03-09,125.83999633789062,134.36000061035156,125.33999633789062,134.08999633789062,0
2022-03-10,125.12999725341797,128.41000366210938,124.79000091552734,125.37999725341797,0
2022-03-11,126.38999938964844,126.66999816894531,124.27999877929688,125.02999877929688,0
2022-03-14,123.80000305175781,125.68000030517578,123.18000030517578,125.3499984741211,0
2022-03-15,121.9000015258789,122.62000274658203,120.2300033569336,121.75,0
2022-03-16,120.66999816894531,123.13999938964844,120.25,121.95999908447266,0
2022-03-17,124.3499984741211,124.47000122070312,121.36000061035156,121.41000366210938,0
2022-03-18,123.36000061035156,125.08999633789062,123.26000213623047,124.76000213623047,0
2022-03-21,125.66999816894531,126.7300033569336,124.5999984741211,124.8499984741211,0
2022-03-22,125.55000305175781,126.93000030517578,124.30000305175781,126.80999755859375,0
2022-03-23,128.83999633789062,128.94000244140625,125.37000274658203,125.62000274658203,0
2022-03-24,129.16000366210938,129.86000061035156,128.02000427246094,129.05999755859375,0
2022-03-25,129.85000610351562,129.88999938964844,127.55999755859375,129.25999450683594,0
2022-03-28,126.20999908447266,128.75999450683594,125.95999908447266,128.57000732421875,0
2022-03-29,123.62000274658203,126.12000274658203,121.83000183105469,125.5999984741211,0
2022-03-30,126.44999694824219,126.93000030517578,123.91999816894531,123.97000122070312,0
2022-03-31,124.41000366210938,126.47000122070312,124.20999908447266,125.0999984741211,0
2022-04-01,123.87999725341797,124.95999908447266,123.13999938964844,124.31999969482422,0
2022-04-04,125.56999969482422,126.12999725341797,124.12999725341797,124.13999938964844,0
2022-04-05,126.20999908447266,127.55000305175781,126.13999938964844,126.4000015258789,0
2022-04-06,124.51000213623047,127.19999694824219,124.43000030517578,125.9800033569336,0
2022-04-07,124.93000030517578,125.4800033569336,123.87999725341797,125.23999786376953,0
2022-04-08,126.41000366210938,126.52999877929688,124.73999786376953,125.18000030517578,0
2022-04-11,125.94000244140625,126.44000244140625,125.18000030517578,126.0199966430664,0
2022-04-12,128.80999755859375,129.52999877929688,126.93000030517578,126.93000030517578,0
2022-04-13,131.00999450683594,131.05999755859375,128.47000122070312,128.85000610351562,0
2022-04-14,132.42999267578125,132.5,130.47000122070312,131.1999969482422,0
2022-04-18,134.99000549316406,136.02000427246094,133.22999572753906,134.0500030517578,0
2022-04-19,131.32000732421875,135.3300018310547,130.77000427246094,135.08999633789062,0
2022-04-20,131.02999877929688,132.17999267578125,129.92999267578125,131.5800018310547,0
2022-04-21,131.3000030517578,131.82000732421875,130.47000122070312,131.1199951171875,0
2022-04-22,129.02999877929688,131.27000427246094,128.92999267578125,130.94000244140625,0
2022-04-25,126.83000183105469,127.83000183105469,125.5,127.83000183105469,0
2022-04-26,128.3000030517578,128.83999633789062,127.26000213623047,127.76000213623047,0
2022-04-27,129.66000366210938,130.0800018310547,128.25,128.72000122070312,0
2022-04-28,129.1699981689453,129.97999572753906,128.38999938964844,129.74000549316406,0
2022-04-29,129.47999572753906,130.63999938964844,129.1699981689453,129.35000610351562,0
2022-05-02,128.97000122070312,129.3800048828125,127.30999755859375,128.89999389648438,0
2022-05-03,128.6199951171875,130.5500030517578,128.27000427246094,129.49000549316406,0
2022-05-04,131.44000244140625,131.52999877929688,128.4499969482422,128.4499969482422,0
2022-05-05,132.39999389648438,133.35000610351562,131.0500030517578,132.52000427246094,0
2022-05-06,130.33999633789062,132.9199981689453,130.16000366210938,132.0500030517578,0
2022-05-09,124.76000213623047,130.5500030517578,124.66000366210938,130.19000244140625,0
2022-05-10,124.62000274658203,125.86000061035156,123.44999694824219,124.05999755859375,0
2022-05-11,127.41000366210938,127.62000274658203,125.22000122070312,125.33000183105469,0
2022-05-12,127.1500015258789,127.54000091552734,124.98999786376953,126.93000030517578,0
2022-05-13,128.30999755859375,128.39999389648438,126.81999969482422,127.61000061035156,0
2022-05-16,130.83999633789062,130.94000244140625,128.52000427246094,129.22000122070312,0
2022-05-17,131.6300048828125,132.4499969482422,130.86000061035156,131.42999267578125,0
2022-05-18,129.6300048828125,131.97000122070312,129.25999450683594,131.27000427246094,0
2022-05-19,131.11000061035156,131.3300018310547,127.61000061035156,129.72000122070312,0
2022-05-20,130.5500030517578,131.0500030517578,129.9199981689453,130.42999267578125,0
2022-05-23,132.35000610351562,132.44000244140625,130.64999389648438,130.89999389648438,0
2022-05-24,131.92999267578125,132.82000732421875,131.44000244140625,131.97999572753906,0
2022-05-25,132.10000610351562,132.6999969482422,131.44000244140625,132.32000732421875,0
2022-05-26,133.25999450683594,134.6199951171875,131.57000732421875,131.57000732421875,0
2022-05-27,133.8699951171875,133.91000366210938,132.22999572753906,133.47000122070312,0
2022-05-31,131.33999633789062,135.58999633789062,131.24000549316406,134.4499969482422,0
2022-06-01,132.8000030517578,133.57000732421875,131.32000732421875,131.75999450683594,0
2022-06-02,133.8300018310547,134.58999633789062,131.9199981689453,132.02000427246094,0
2022-06-03,133.82000732421875,134.4600067138672,133.05999755859375,133.94000244140625,0
2022-06-06,136.30999755859375,136.5800018310547,135.27000427246094,135.32000732421875,0
2022-06-07,136.41000366210938,136.97999572753906,135.35000610351562,136.52999877929688,0
2022-06-08,136.0399932861328,138.16000366210938,135.63999938964844,136.75,0
2022-06-09,136.61000061035156,136.8000030517578,133.9499969482422,134.9600067138672,0
2022-06-10,135.42999267578125,136.72000122070312,134.1199951171875,136.2100067138672,0
2022-06-13,133.24000549316406,134.36000061035156,131.5,134.22999572753906,0
2022-06-14,129.05999755859375,133.85000610351562,128.94000244140625,133.2100067138672,0
2022-06-15,129.44000244140625,130.66000366210938,128.8699951171875,129.5500030517578,0
2022-06-16,130.32000732421875,130.64999389648438,129.1699981689453,130.44000244140625,0
2022-06-17,126.77999877929688,131.0500030517578,126.4000015258789,130.16000366210938,0
2022-06-21,126.33000183105469,127.69000244140625,126.05000305175781,126.95999908447266,0
2022-06-22,124.7300033569336,125.19000244140625,123.22000122070312,125.0999984741211,0
2022-06-23,120.91000366210938,123.98999786376953,120.7699966430664,123.02999877929688,0
2022-06-24,121.30999755859375,121.91000366210938,119.70999908447266,120.69000244140625,0
2022-06-27,121.83999633789062,122.27999877929688,120.19000244140625,121.08000183105469,0
2022-06-28,122.69999694824219,123.26000213623047,122.06999969482422,122.08000183105469,0
2022-06-29,122.27999877929688,124.2300033569336,122.22000122070312,122.62999725341797,0
2022-06-30,117.05000305175781,122.30999755859375,117.01000213623047,121.98999786376953,0
2022-07-01,117.12999725341797,118.4800033569336,116.43000030517578,117.69999694824219,0
2022-07-05,111.87000274658203,118.51000213623047,111.23999786376953,118.51000213623047,0
2022-07-06,110.75,112.87999725341797,109.80000305175781,112.16999816894531,0
2022-07-07,115.13999938964844,115.62999725341797,110.63999938964844,110.63999938964844,0
2022-07-08,115.91000366210938,116.20999908447266,114.08999633789062,114.94999694824219,0
2022-07-11,116.37999725341797,117.38999938964844,116.0,117.0199966430664,0
2022-07-12,111.95999908447266,116.66999816894531,111.91999816894531,116.62000274658203,0
2022-07-13,113.66999816894531,114.51000213623047,111.54000091552734,112.11000061035156,0
2022-07-14,111.72000122070312,114.08999633789062,110.68000030517578,113.62999725341797,0
2022-07-15,113.47000122070312,113.62999725341797,111.16000366210938,112.37999725341797,0
2022-07-18,117.13999938964844,117.47000122070312,113.80999755859375,113.9000015258789,0
2022-07-19,116.05000305175781,116.88999938964844,114.87000274658203,116.37999725341797,0
2022-07-20,117.55000305175781,117.58000183105469,115.33999633789062,115.68000030517578,0
2022-07-21,115.86000061035156,116.79000091552734,114.37999725341797,116.76000213623047,0
2022-07-22,116.5199966430664,117.66000366210938,114.95999908447266,115.91000366210938,0
2022-07-25,118.06999969482422,118.16999816894531,115.9800033569336,116.44999694824219,0
2022-07-26,119.33999633789062,121.26000213623047,118.51000213623047,119.08000183105469,0
2022-07-27,119.94000244140625,120.31999969482422,118.63999938964844,118.87999725341797,0
2022-07-28,120.29000091552734,121.7300033569336,120.16999816894531,121.20999908447266,0
2022-07-29,121.83000183105469,122.81999969482422,120.30000305175781,120.66999816894531,0
2022-08-01,119.80000305175781,120.7699966430664,118.12000274658203,120.30000305175781,0
2022-08-02,117.77999877929688,119.63999938964844,117.54000091552734,119.11000061035156,0
2022-08-03,117.87000274658203,118.91000366210938,116.33000183105469,117.9000015258789,0
2022-08-04,118.04000091552734,118.79000091552734,117.23999786376953,118.06999969482422,0
2022-08-05,117.8499984741211,118.86000061035156,116.5,118.44000244140625,0
2022-08-08,117.30000305175781,117.91000366210938,116.25,117.38999938964844,0
2022-08-09,118.66000366210938,119.41000366210938,117.48999786376953,117.51000213623047,0
2022-08-10,120.70999908447266,120.87999725341797,117.94999694824219,118.66000366210938,0
2022-08-11,123.63999938964844,123.80000305175781,120.56999969482422,120.70999908447266,0
2022-08-12,123.19999694824219,123.54000091552734,122.01000213623047,122.94000244140625,0
2022-08-15,121.37999725341797,122.58999633789062,119.38999938964844,122.58999633789062,0
2022-08-16,121.54000091552734,122.79000091552734,121.0199966430664,121.30000305175781,0
2022-08-17,121.36000061035156,122.55999755859375,120.68000030517578,121.79000091552734,0
2022-08-18,121.4800033569336,122.51000213623047,120.77999877929688,121.47000122070312,0
2022-08-19,122.31999969482422,122.47000122070312,119.9800033569336,121.29000091552734,0
2022-08-22,123.37999725341797,123.69000244140625,121.33999633789062,121.69000244140625,0
2022-08-23,123.91999816894531,125.94000244140625,123.66000366210938,124.30999755859375,0
2022-08-24,124.75,125.04000091552734,123.55999755859375,124.16999816894531,0
2022-08-25,124.1500015258789,125.63999938964844,124.06999969482422,125.0999984741211,0
2022-08-26,124.5999984741211,125.48999786376953,123.98999786376953,124.80000305175781,0
2022-08-29,125.61000061035156,125.81999969482422,123.73999786376953,124.83999633789062,0
2022-08-30,122.55999755859375,125.08999633789062,122.12999725341797,124.69999694824219,0
2022-08-31,121.63999938964844,123.41000366210938,120.97000122070312,122.80999755859375,0
2022-09-01,119.45999908447266,121.45999908447266,119.2699966430664,121.36000061035156,0
2022-09-02,119.0999984741211,120.4000015258789,119.0,119.72000122070312,0
2022-09-06,117.47000122070312,120.51000213623047,117.18000030517578,119.91999816894531,0
2022-09-07,115.72000122070312,117.95999908447266,115.62999725341797,116.62999725341797,0
2022-09-08,116.16999816894531,116.69999694824219,115.47000122070312,116.05999755859375,0
2022-09-09,118.5199966430664,118.70999908447266,116.81999969482422,116.86000061035156,0
2022-09-12,120.77999877929688,121.30999755859375,118.05999755859375,118.19999694824219,0
2022-09-13,120.11000061035156,122.0199966430664,119.29000091552734,120.81999969482422,0
2022-09-14,121.38999938964844,121.52999877929688,119.22000122070312,120.26000213623047,0
2022-09-15,117.76000213623047,121.51000213623047,117.30999755859375,121.47000122070312,0
2022-09-16,116.73999786376953,117.83000183105469,116.33999633789062,117.75,0
2022-09-19,116.87000274658203,117.08000183105469,114.77999877929688,116.73999786376953,0
2022-09-20,117.31999969482422,117.79000091552734,116.33999633789062,117.26000213623047,0
2022-09-21,117.0,119.16000366210938,116.37000274658203,117.2699966430664,0
2022-09-22,116.01000213623047,118.11000061035156,115.91000366210938,117.04000091552734,0
2022-09-23,112.4000015258789,116.30999755859375,112.16000366210938,116.30999755859375,0
2022-09-26,110.5999984741211,112.37999725341797,110.29000091552734,112.31999969482422,0
2022-09-27,110.44999694824219,112.06999969482422,110.4000015258789,111.13999938964844,0
2022-09-28,112.75,112.80999755859375,109.37999725341797,110.11000061035156,0
2022-09-29,112.56999969482422,113.87999725341797,111.55000305175781,113.20999908447266,0
2022-09-30,111.48999786376953,113.6500015258789,111.45999908447266,112.80999755859375,0
2022-10-03,112.75,112.81999969482422,111.81999969482422,112.30999755859375,0
2022-10-04,115.70999908447266,115.9000015258789,112.80999755859375,112.95999908447266,0
2022-10-05,116.4800033569336,116.79000091552734,114.62999725341797,115.5999984741211,0
2022-10-06,116.72000122070312,117.29000091552734,116.16000366210938,116.81999969482422,0
2022-10-07,117.13999938964844,117.6500015258789,116.05999755859375,116.41000366210938,0
2022-10-10,116.01000213623047,118.12000274658203,115.94999694824219,117.02999877929688,0
2022-10-11,115.44999694824219,116.13999938964844,114.58999633789062,116.12000274658203,0
2022-10-12,114.62000274658203,115.83000183105469,114.44999694824219,114.95999908447266,0
2022-10-13,116.0,116.08999633789062,113.0999984741211,114.69000244140625,0
2022-10-14,113.66999816894531,116.43000030517578,113.51000213623047,116.16999816894531,0
2022-10-17,113.12000274658203,114.06999969482422,112.87999725341797,113.80999755859375,0
2022-10-18,111.80000305175781,113.25,111.25,112.86000061035156,0
2022-10-19,111.19999694824219,112.30000305175781,110.70999908447266,112.26000213623047,0
2022-10-20,111.44999694824219,112.30000305175781,111.1500015258789,111.18000030517578,0
2022-10-21,111.2699966430664,111.4800033569336,109.80999755859375,111.20999908447266,0
2022-10-24,111.62999725341797,112.29000091552734,110.33000183105469,111.58999633789062,0
2022-10-25,112.83000183105469,112.86000061035156,110.66000366210938,111.72000122070312,0
2022-10-26,113.88999938964844,114.22000122070312,112.70999908447266,112.75,0
2022-10-27,113.25,114.37000274658203,112.86000061035156,114.31999969482422,0
2022-10-28,111.76000213623047,113.05999755859375,110.9800033569336,113.02999877929688,0
2022-10-31,113.3499984741211,113.58000183105469,112.30999755859375,112.88999938964844,0
2022-11-01,113.5199966430664,114.48999786376953,112.93000030517578,113.30999755859375,0
2022-11-02,115.08999633789062,115.13999938964844,113.20999908447266,114.11000061035156,0
2022-11-03,113.5999984741211,114.55000305175781,112.93000030517578,114.4800033569336,0
2022-11-04,117.48999786376953,117.58999633789062,113.75,113.7699966430664,0
2022-11-07,118.13999938964844,119.2300033569336,117.41999816894531,117.8499984741211,0
2022-11-08,116.33999633789062,117.77999877929688,116.20999908447266,117.5999984741211,0
2022-11-09,114.55999755859375,116.80000305175781,114.36000061035156,116.44000244140625,0
2022-11-10,116.0,116.11000061035156,113.72000122070312,114.56999969482422,0
2022-11-11,116.87999725341797,118.4800033569336,115.95999908447266,116.22000122070312,0
2022-11-14,116.62999725341797,118.44999694824219,116.55999755859375,117.29000091552734,0
2022-11-15,117.52999877929688,118.23999786376953,115.77999877929688,116.87999725341797,0
2022-11-16,116.83999633789062,117.62999725341797,115.51000213623047,117.55000305175781,0
2022-11-17,115.12000274658203,116.86000061035156,114.80999755859375,116.5,0
2022-11-18,114.79000091552734,115.5999984741211,113.58000183105469,115.37000274658203,0
2022-11-21,115.33000183105469,115.41000366210938,113.47000122070312,114.02999877929688,0
2022-11-22,116.37000274658203,116.95999908447266,114.7699966430664,115.44999694824219,0
2022-11-23,116.51000213623047,117.8499984741211,116.06999969482422,116.7300033569336,0
2022-11-25,114.91999816894531,117.08000183105469,114.75,116.43000030517578,0
2022-11-28,114.38999938964844,114.87999725341797,112.91999816894531,113.86000061035156,0
2022-11-29,115.19000244140625,116.18000030517578,114.81999969482422,114.81999969482422,0
2022-11-30,116.05000305175781,116.9000015258789,115.01000213623047,115.25,0
2022-12-01,116.08000183105469,117.80999755859375,116.0,116.5199966430664,0
2022-12-02,114.47000122070312,115.93000030517578,114.33000183105469,115.7699966430664,0
2022-12-05,111.12999725341797,114.5199966430664,111.0999984741211,114.19999694824219,0
2022-12-06,109.9800033569336,111.72000122070312,109.5999984741211,111.44000244140625,0
2022-12-07,110.72000122070312,111.12999725341797,109.58000183105469,110.19000244140625,0
2022-12-08,111.19000244140625,112.18000030517578,110.55999755859375,111.27999877929688,0
2022-12-09,111.7300033569336,112.56999969482422,111.13999938964844,111.31999969482422,0
2022-12-12,112.73999786376953,113.43000030517578,112.19000244140625,112.68000030517578,0
2022-12-13,114.95999908447266,115.6500015258789,113.12000274658203,113.43000030517578,0
2022-12-14,114.55000305175781,115.19000244140625,113.98999786376953,114.45999908447266,0
2022-12-15,113.79000091552734,114.63999938964844,112.91999816894531,114.08000183105469,0
2022-12-16,112.70999908447266,113.8499984741211,112.20999908447266,113.8499984741211,0
2022-12-19,111.63999938964844,112.58999633789062,111.22000122070312,112.41000366210938,0
2022-12-20,111.91000366210938,112.4800033569336,111.08999633789062,111.91000366210938,0
2022-12-21,113.12999725341797,113.44999694824219,112.19999694824219,112.45999908447266,0
2022-12-22,111.27999877929688,113.83999633789062,111.23999786376953,113.80000305175781,0
2022-12-23,112.55999755859375,112.87000274658203,111.58000183105469,111.83000183105469,0
2022-12-27,113.36000061035156,114.02999877929688,112.6500015258789,113.38999938964844,0
2022-12-28,112.66000366210938,113.26000213623047,111.72000122070312,113.13999938964844,0
2022-12-29,112.38999938964844,112.7699966430664,111.73999786376953,112.52999877929688,0
2022-12-30,112.80999755859375,112.83999633789062,112.1500015258789,112.56999969482422,0
2023-01-03,110.31999969482422,112.88999938964844,110.26000213623047,112.55999755859375,0
2023-01-04,108.55999755859375,110.55000305175781,108.41999816894531,110.44999694824219,0
2023-01-05,107.36000061035156,109.31999969482422,107.08999633789062,108.8499984741211,0
2023-01-06,108.11000061035156,108.56999969482422,107.02999877929688,107.86000061035156,0
2023-01-09,109.23999786376953,110.12000274658203,108.76000213623047,109.0,0
2023-01-10,108.6500015258789,109.20999908447266,108.22000122070312,108.69999694824219,0
2023-01-11,109.66999816894531,109.87999725341797,108.41000366210938,108.5199966430664,0
2023-01-12,110.94000244140625,111.36000061035156,109.63999938964844,109.79000091552734,0
2023-01-13,111.58000183105469,111.69000244140625,110.43000030517578,110.91999816894531,0
2023-01-17,112.0199966430664,112.19999694824219,111.23999786376953,111.38999938964844,0
2023-01-18,111.58999633789062,113.16999816894531,111.44999694824219,112.38999938964844,0
2023-01-19,111.8499984741211,112.30999755859375,110.94000244140625,111.12999725341797,0
2023-01-20,112.12999725341797,112.52999877929688,111.69000244140625,112.05999755859375,0
2023-01-23,112.5199966430664,112.55000305175781,111.69999694824219,112.19000244140625,0
2023-01-24,111.91000366210938,113.12000274658203,111.83999633789062,112.80999755859375,0
2023-01-25,111.73999786376953,112.11000061035156,111.27999877929688,112.04000091552734,0
2023-01-26,112.38999938964844,112.4800033569336,111.26000213623047,111.52999877929688,0
2023-01-27,111.61000061035156,112.77999877929688,111.30000305175781,112.47000122070312,0
2023-01-30,110.80000305175781,111.69000244140625,110.73999786376953,111.33999633789062,0
2023-01-31,111.80000305175781,111.91999816894531,109.6500015258789,110.69999694824219,0
2023-02-01,109.52999877929688,112.0999984741211,109.20999908447266,111.81999969482422,0
2023-02-02,109.41000366210938,110.58000183105469,109.36000061035156,110.37000274658203,0
2023-02-03,107.06999969482422,109.3499984741211,106.98999786376953,109.16000366210938,0
2023-02-06,106.68000030517578,107.4800033569336,105.55000305175781,107.20999908447266,0
2023-02-07,108.11000061035156,108.30000305175781,106.95999908447266,107.29000091552734,0
2023-02-08,108.08999633789062,109.0999984741211,107.56999969482422,108.37000274658203,0
2023-02-09,107.9000015258789,108.56999969482422,107.20999908447266,108.26000213623047,0
2023-02-10,108.68000030517578,108.75,107.37000274658203,107.69000244140625,0
2023-02-13,108.55999755859375,108.75,107.97000122070312,108.58000183105469,0
2023-02-14,108.76000213623047,109.18000030517578,107.87999725341797,108.48999786376953,0
2023-02-15,107.4000015258789,108.5199966430664,107.05999755859375,108.51000213623047,0
2023-02-16,107.44000244140625,108.0199966430664,107.20999908447266,107.83999633789062,0
2023-02-17,106.52999877929688,107.25,105.80999755859375,107.25,0
2023-02-21,107.04000091552734,107.69999694824219,106.77999877929688,106.98999786376953,0
2023-02-22,106.12999725341797,107.12000274658203,106.08999633789062,107.02999877929688,0
2023-02-23,105.9800033569336,106.76000213623047,105.66000366210938,106.18000030517578,0
2023-02-24,105.55000305175781,106.51000213623047,104.73999786376953,106.38999938964844,0
2023-02-27,105.97000122070312,106.2699966430664,105.37999725341797,105.69000244140625,0
2023-02-28,106.16000366210938,106.2300033569336,105.66000366210938,105.83000183105469,0
2023-03-01,107.29000091552734,107.30999755859375,106.06999969482422,106.55999755859375,0
2023-03-02,106.94000244140625,107.30999755859375,106.63999938964844,107.22000122070312,0
2023-03-03,108.30999755859375,108.3499984741211,106.81999969482422,106.95999908447266,0
2023-03-06,107.33000183105469,107.56999969482422,106.62000274658203,107.33999633789062,0
2023-03-07,105.7699966430664,107.55000305175781,105.68000030517578,107.55000305175781,0
2023-03-08,105.05000305175781,105.79000091552734,104.95999908447266,105.6500015258789,0
2023-03-09,104.19999694824219,105.69999694824219,104.08000183105469,105.1500015258789,0
2023-03-10,104.55000305175781,104.79000091552734,103.36000061035156,103.70999908447266,0
2023-03-13,105.12999725341797,105.86000061035156,103.05999755859375,104.66999816894531,0
2023-03-14,104.20999908447266,105.16999816894531,104.16000366210938,104.9000015258789,0
2023-03-15,102.1500015258789,104.6500015258789,101.62000274658203,104.52999877929688,0
2023-03-16,102.76000213623047,103.0,101.66999816894531,102.37000274658203,0
2023-03-17,102.58999633789062,103.69999694824219,101.91000366210938,103.52999877929688,0
2023-03-20,102.56999969482422,102.86000061035156,101.69000244140625,102.69999694824219,0
2023-03-21,102.70999908447266,103.16999816894531,102.04000091552734,102.48999786376953,0
2023-03-22,102.56999969482422,103.0199966430664,102.1500015258789,102.48999786376953,0
2023-03-23,102.55000305175781,103.41000366210938,102.45999908447266,102.68000030517578,0
2023-03-24,103.0199966430664,103.18000030517578,101.66999816894531,102.16000366210938,0
2023-03-27,103.75,103.80000305175781,102.37999725341797,102.61000061035156,0
2023-03-28,104.36000061035156,104.62999725341797,103.72000122070312,104.01000213623047,0
2023-03-29,104.16000366210938,104.93000030517578,103.87999725341797,104.36000061035156,0
2023-03-30,104.38999938964844,104.66000366210938,103.7300033569336,103.73999786376953,0
2023-03-31,105.51000213623047,105.56999969482422,103.81999969482422,104.43000030517578,0
2023-04-03,106.52999877929688,107.33999633789062,105.8499984741211,106.30000305175781,0
2023-04-04,106.5199966430664,106.8499984741211,106.12999725341797,106.58000183105469,0
2023-04-05,106.62999725341797,106.81999969482422,106.13999938964844,106.68000030517578,0
2023-04-06,106.23999786376953,106.81999969482422,105.93000030517578,106.45999908447266,0
2023-04-10,106.25,106.58000183105469,105.94999694824219,106.19999694824219,0
2023-04-11,107.13999938964844,107.19000244140625,106.38999938964844,106.38999938964844,0
2023-04-12,107.62000274658203,107.79000091552734,106.93000030517578,107.37000274658203,0
2023-04-13,107.72000122070312,108.44000244140625,107.48999786376953,107.63999938964844,0
2023-04-14,107.81999969482422,108.16999816894531,107.0199966430664,108.06999969482422,0
2023-04-17,108.02999877929688,108.18000030517578,107.55000305175781,107.9000015258789,0
2023-04-18,108.75,108.88999938964844,107.87000274658203,108.30999755859375,0
2023-04-19,107.33000183105469,108.56999969482422,107.0999984741211,108.51000213623047,0
2023-04-20,106.38999938964844,107.12000274658203,105.94000244140625,107.0999984741211,0
2023-04-21,105.58000183105469,106.30999755859375,105.31999969482422,106.12000274658203,0
2023-04-24,106.0,106.18000030517578,104.9800033569336,105.23999786376953,0
2023-04-25,104.61000061035156,106.02999877929688,104.61000061035156,106.02999877929688,0
2023-04-26,103.44999694824219,105.12000274658203,103.44000244140625,104.93000030517578,0
2023-04-27,103.33999633789062,103.72000122070312,102.8499984741211,103.5,0
2023-04-28,104.30999755859375,104.37000274658203,102.75,103.47000122070312,0
2023-05-01,103.66999816894531,104.33999633789062,103.18000030517578,103.83000183105469,0
2023-05-02,102.33000183105469,103.9000015258789,102.2300033569336,103.77999877929688,0
2023-05-03,101.54000091552734,102.33999633789062,101.05999755859375,102.20999908447266,0
2023-05-04,101.6500015258789,102.18000030517578,101.0999984741211,102.12000274658203,0
2023-05-05,102.95999908447266,103.16000366210938,101.63999938964844,101.80999755859375,0
2023-05-08,103.69999694824219,104.0199966430664,103.06999969482422,103.06999969482422,0
2023-05-09,103.55000305175781,103.5999984741211,102.5199966430664,103.20999908447266,0
2023-05-10,102.7300033569336,103.4800033569336,102.48999786376953,103.44000244140625,0
2023-05-11,101.12000274658203,102.91999816894531,101.0199966430664,102.62999725341797,0
2023-05-12,101.18000030517578,101.63999938964844,100.77999877929688,100.9800033569336,0
2023-05-15,102.31999969482422,102.5199966430664,100.9000015258789,101.0199966430664,0
2023-05-16,101.16999816894531,102.48999786376953,101.0199966430664,102.48999786376953,0
2023-05-17,101.41999816894531,101.6500015258789,100.69000244140625,100.98999786376953,0
2023-05-18,100.97000122070312,101.4800033569336,100.12999725341797,101.33000183105469,0
2023-05-19,101.06999969482422,102.30000305175781,100.7300033569336,100.75,0
2023-05-22,100.87000274658203,100.9800033569336,100.26000213623047,100.62000274658203,0
2023-05-23,100.48999786376953,100.91000366210938,100.02999877929688,100.7699966430664,0
2023-05-24,100.58000183105469,101.08999633789062,100.12000274658203,100.6500015258789,0
2023-05-25,99.29000091552734,100.73999786376953,98.79000091552734,100.5,0
2023-05-26,100.08000183105469,100.1500015258789,99.18000030517578,99.18000030517578,0
2023-05-30,98.33000183105469,100.0,98.08000183105469,99.94999694824219,0
2023-05-31,97.95999908447266,98.45999908447266,97.01000213623047,98.02999877929688,0
2023-06-01,99.19000244140625,99.4800033569336,98.22000122070312,98.3499984741211,0
2023-06-02,99.81999969482422,100.16999816894531,99.08999633789062,99.12999725341797,0
2023-06-05,100.05999755859375,100.55000305175781,99.97000122070312,100.16000366210938,0
2023-06-06,100.43000030517578,100.54000091552734,99.4800033569336,100.01000213623047,0
2023-06-07,100.68000030517578,101.25,100.02999877929688,100.54000091552734,0
2023-06-08,101.38999938964844,101.48999786376953,100.37999725341797,100.45999908447266,0
2023-06-09,100.95999908447266,101.62000274658203,100.88999938964844,101.0999984741211,0
2023-06-12,99.93000030517578,100.77999877929688,99.55000305175781,100.5199966430664,0
2023-06-13,101.11000061035156,101.37999725341797,99.94000244140625,100.05999755859375,0
2023-06-14,101.27999877929688,101.76000213623047,100.93000030517578,100.97000122070312,0
2023-06-15,103.51000213623047,103.63999938964844,100.62000274658203,100.69000244140625,0
2023-06-16,105.13999938964844,105.1500015258789,103.56999969482422,103.66000366210938,0
2023-06-20,103.62000274658203,104.80999755859375,103.30000305175781,104.56999969482422,0
2023-06-21,104.7699966430664,104.7699966430664,103.2699966430664,103.9000015258789,0
2023-06-22,103.22000122070312,104.69000244140625,102.69999694824219,104.62999725341797,0
2023-06-23,102.3499984741211,102.7300033569336,101.54000091552734,102.7300033569336,0
2023-06-26,102.4800033569336,103.16000366210938,102.29000091552734,102.7699966430664,0
2023-06-27,101.22000122070312,102.83000183105469,101.16999816894531,102.69000244140625,0
2023-06-28,100.33000183105469,101.4800033569336,99.87000274658203,101.12999725341797,0
2023-06-29,100.25,100.5199966430664,99.63999938964844,100.44000244140625,0
2023-06-30,101.4800033569336,101.9800033569336,100.19000244140625,100.51000213623047,0
2023-07-03,101.25,102.08999633789062,101.19999694824219,101.48999786376953,0
2023-07-05,102.02999877929688,102.62999725341797,101.41999816894531,101.72000122070312,0
2023-07-06,101.38999938964844,102.1500015258789,100.80000305175781,102.0999984741211,0
2023-07-07,101.91000366210938,102.29000091552734,101.25,101.47000122070312,0
2023-07-10,102.1500015258789,102.55000305175781,101.76000213623047,102.04000091552734,0
2023-07-11,103.0999984741211,103.12999725341797,102.29000091552734,102.31999969482422,0
2023-07-12,103.38999938964844,104.29000091552734,103.12999725341797,103.51000213623047,0
2023-07-13,104.5199966430664,104.55000305175781,103.44999694824219,103.54000091552734,0
2023-07-14,104.5999984741211,105.06999969482422,104.12000274658203,104.62999725341797,0
2023-07-17,103.58999633789062,104.83000183105469,103.51000213623047,104.30999755859375,0
2023-07-18,104.91000366210938,105.12999725341797,103.66999816894531,103.81999969482422,0
2023-07-19,105.5199966430664,106.08999633789062,104.87000274658203,105.12999725341797,0
2023-07-20,106.04000091552734,106.58999633789062,105.75,105.91000366210938,0
2023-07-21,106.19999694824219,106.4800033569336,105.61000061035156,106.30999755859375,0
2023-07-24,107.6500015258789,107.98999786376953,106.1500015258789,106.25,0
2023-07-25,108.23999786376953,108.31999969482422,107.2300033569336,107.83999633789062,0
2023-07-26,107.52999877929688,108.12000274658203,107.37999725341797,107.83000183105469,0
2023-07-27,106.93000030517578,108.31999969482422,106.72000122070312,108.02999877929688,0
2023-07-28,107.2300033569336,107.45999908447266,106.4800033569336,106.79000091552734,0
2023-07-31,107.33999633789062,107.3499984741211,106.5199966430664,106.83000183105469,0
2023-08-01,106.66000366210938,107.38999938964844,106.23999786376953,107.37999725341797,0
2023-08-02,105.0199966430664,107.41999816894531,104.81999969482422,107.38999938964844,0
2023-08-03,105.55000305175781,105.79000091552734,104.7300033569336,105.19999694824219,0
2023-08-04,105.93000030517578,106.19000244140625,105.45999908447266,105.80999755859375,0
2023-08-07,105.76000213623047,106.13999938964844,105.43000030517578,105.97000122070312,0
2023-08-08,105.70999908447266,105.73999786376953,104.2300033569336,105.55000305175781,0
2023-08-09,106.54000091552734,106.79000091552734,105.88999938964844,105.97000122070312,0
2023-08-10,105.87000274658203,107.02999877929688,105.76000213623047,106.58999633789062,0
2023-08-11,105.58999633789062,106.01000213623047,105.37999725341797,105.94000244140625,0
2023-08-14,105.0999984741211,105.66000366210938,104.68000030517578,105.58999633789062,0
2023-08-15,103.80000305175781,105.45999908447266,103.69999694824219,105.1500015258789,0
2023-08-16,103.43000030517578,104.20999908447266,103.41999816894531,103.7699966430664,0
2023-08-17,103.76000213623047,104.30999755859375,103.26000213623047,103.41999816894531,0
2023-08-18,104.23999786376953,104.33999633789062,103.5199966430664,104.19999694824219,0
2023-08-21,104.26000213623047,105.12000274658203,104.1500015258789,104.7699966430664,0
2023-08-22,103.94000244140625,104.62000274658203,103.80000305175781,104.30000305175781,0
2023-08-23,104.63999938964844,104.8499984741211,103.5999984741211,104.02999877929688,0
2023-08-24,104.88999938964844,104.97000122070312,103.9000015258789,104.41999816894531,0
2023-08-25,105.4800033569336,105.55000305175781,104.8499984741211,104.91999816894531,0
2023-08-28,105.6500015258789,106.11000061035156,105.4800033569336,105.83000183105469,0
2023-08-29,105.77999877929688,105.94000244140625,105.22000122070312,105.43000030517578,0
2023-08-30,106.12000274658203,106.44999694824219,105.66000366210938,105.88999938964844,0
2023-08-31,106.02999877929688,106.56999969482422,105.83999633789062,106.13999938964844,0
2023-09-01,106.72000122070312,107.38999938964844,106.36000061035156,106.43000030517578,0
2023-09-05,106.63999938964844,107.02999877929688,105.81999969482422,106.33999633789062,0
2023-09-06,106.38999938964844,106.7699966430664,106.05999755859375,106.66000366210938,0
2023-09-07,106.01000213623047,106.44000244140625,105.80000305175781,106.43000030517578,0
2023-09-08,106.08000183105469,106.48999786376953,105.77999877929688,105.87999725341797,0
2023-09-11,106.68000030517578,106.95999908447266,105.91999816894531,105.93000030517578,0
2023-09-12,106.81999969482422,107.05000305175781,106.3499984741211,106.6500015258789,0
2023-09-13,106.94999694824219,107.20999908447266,106.54000091552734,106.77999877929688,0
2023-09-14,107.70999908447266,107.8499984741211,107.0,107.20999908447266,0
2023-09-15,107.47000122070312,108.22000122070312,107.37000274658203,107.93000030517578,0
2023-09-18,107.4000015258789,107.77999877929688,107.20999908447266,107.52999877929688,0
2023-09-19,107.45999908447266,107.94000244140625,107.12000274658203,107.26000213623047,0
2023-09-20,107.25,107.69999694824219,106.9000015258789,107.33999633789062,0
2023-09-21,106.06999969482422,106.9000015258789,106.04000091552734,106.58999633789062,0
2023-09-22,106.22000122070312,106.8499984741211,106.0199966430664,106.22000122070312,0
2023-09-25,105.75,106.26000213623047,105.41000366210938,106.11000061035156,0
2023-09-26,105.41000366210938,105.8499984741211,104.91000366210938,105.83000183105469,0
2023-09-27,105.7699966430664,106.12000274658203,105.55999755859375,105.76000213623047,0
2023-09-28,105.88999938964844,106.33999633789062,105.72000122070312,106.0999984741211,0
2023-09-29,104.83999633789062,106.58999633789062,104.79000091552734,106.2300033569336,0
2023-10-02,103.75,104.95999908447266,103.69000244140625,104.69999694824219,0
2023-10-03,103.45999908447266,103.66000366210938,103.05999755859375,103.19999694824219,0
2023-10-04,101.62999725341797,103.45999908447266,101.61000061035156,103.30999755859375,0
2023-10-05,101.6500015258789,102.01000213623047,100.93000030517578,101.83999633789062,0
2023-10-06,102.56999969482422,102.6500015258789,101.5199966430664,101.80999755859375,0
2023-10-09,103.76000213623047,104.31999969482422,103.30999755859375,104.12999725341797,0
2023-10-10,103.61000061035156,103.79000091552734,103.19000244140625,103.76000213623047,0
2023-10-11,103.04000091552734,104.13999938964844,102.54000091552734,103.88999938964844,0
2023-10-12,103.36000061035156,103.66999816894531,102.76000213623047,103.08999633789062,0
2023-10-13,105.29000091552734,105.30999755859375,103.38999938964844,103.41999816894531,0
2023-10-16,104.70999908447266,105.30000305175781,104.52999877929688,105.16999816894531,0
2023-10-17,104.83000183105469,105.16000366210938,104.31999969482422,104.4800033569336,0
2023-10-18,105.9000015258789,106.16999816894531,105.44999694824219,105.73999786376953,0
2023-10-19,106.08000183105469,106.13999938964844,105.19000244140625,105.70999908447266,0
2023-10-20,105.81999969482422,106.70999908447266,105.7300033569336,106.37999725341797,0
2023-10-23,104.86000061035156,105.66000366210938,104.8499984741211,105.20999908447266,0
2023-10-24,104.58000183105469,105.11000061035156,104.04000091552734,104.91000366210938,0
2023-10-25,105.05999755859375,105.08000183105469,103.80000305175781,104.7300033569336,0
2023-10-26,104.5999984741211,105.16999816894531,104.33999633789062,104.95999908447266,0
2023-10-27,105.62999725341797,105.81999969482422,104.83999633789062,104.83999633789062,0
2023-10-30,104.47000122070312,105.52999877929688,104.33999633789062,105.48999786376953,0
2023-10-31,104.62000274658203,105.38999938964844,104.19000244140625,104.38999938964844,0
2023-11-01,104.16000366210938,105.19999694824219,104.11000061035156,104.51000213623047,0
2023-11-02,105.05000305175781,105.08999633789062,104.37000274658203,104.61000061035156,0
2023-11-03,105.2300033569336,105.91000366210938,105.08999633789062,105.19000244140625,0
2023-11-06,105.0,105.62999725341797,104.93000030517578,104.98999786376953,0
2023-11-07,103.0199966430664,104.72000122070312,103.01000213623047,104.70999908447266,0
2023-11-08,102.3499984741211,103.36000061035156,102.12000274658203,103.31999969482422,0
2023-11-09,102.16000366210938,102.7300033569336,102.05999755859375,102.2699966430664,0
2023-11-10,101.61000061035156,102.06999969482422,101.54000091552734,101.9800033569336,0
2023-11-13,103.12999725341797,103.16000366210938,101.44999694824219,101.52999877929688,0
2023-11-14,103.38999938964844,104.04000091552734,102.83000183105469,103.3499984741211,0
2023-11-15,103.37000274658203,103.80999755859375,103.23999786376953,103.44000244140625,0
2023-11-16,101.77999877929688,103.41999816894531,101.5999984741211,102.93000030517578,0
2023-11-17,101.91999816894531,102.05999755859375,101.3499984741211,101.75,0
2023-11-20,102.69000244140625,102.80999755859375,101.72000122070312,102.13999938964844,0
2023-11-21,102.94000244140625,103.08999633789062,102.5,102.91999816894531,0
2023-11-22,102.18000030517578,102.87999725341797,101.36000061035156,102.80999755859375,0
2023-11-24,101.41999816894531,102.33999633789062,101.37999725341797,102.2699966430664,0
2023-11-27,100.97000122070312,101.43000030517578,100.80999755859375,101.13999938964844,0
2023-11-28,101.97000122070312,102.36000061035156,100.94999694824219,101.18000030517578,0
2023-11-29,102.33000183105469,102.37000274658203,101.62000274658203,101.9000015258789,0
2023-11-30,101.80999755859375,102.76000213623047,101.47000122070312,102.37999725341797,0
2023-12-01,101.47000122070312,102.38999938964844,101.18000030517578,101.66999816894531,0
2023-12-04,99.98999786376953,101.05999755859375,99.95999908447266,101.05000305175781,0
2023-12-05,99.56999969482422,100.36000061035156,99.4800033569336,100.01000213623047,0
2023-12-06,97.55000305175781,99.94000244140625,97.48999786376953,99.69999694824219,0
2023-12-07,97.81999969482422,98.27999877929688,97.56999969482422,97.66000366210938,0
2023-12-08,97.86000061035156,98.66999816894531,97.6500015258789,98.20999908447266,0
2023-12-11,97.30000305175781,97.77999877929688,96.66999816894531,97.62000274658203,0
2023-12-12,96.37000274658203,97.86000061035156,96.2699966430664,97.5199966430664,0
2023-12-13,96.4000015258789,96.72000122070312,95.91999816894531,96.25,0
2023-12-14,98.58999633789062,98.73999786376953,97.37999725341797,97.47000122070312,0
2023-12-15,98.9000015258789,99.16000366210938,98.4000015258789,98.93000030517578,0
2023-12-18,99.11000061035156,99.83000183105469,98.5,98.80999755859375,0
2023-12-19,99.58000183105469,99.77999877929688,98.80000305175781,99.06999969482422,0
2023-12-20,99.12999725341797,100.04000091552734,98.97000122070312,99.77999877929688,0
2023-12-21,99.0199966430664,99.19000244140625,98.56999969482422,98.87999725341797,0
2023-12-22,99.3499984741211,99.8499984741211,99.16000366210938,99.41999816894531,0
2023-12-26,99.91000366210938,100.0,99.08999633789062,99.26000213623047,0
2023-12-27,100.12999725341797,100.48999786376953,99.75,100.01000213623047,0
2023-12-28,99.56999969482422,100.2699966430664,99.52999877929688,100.22000122070312,0
2023-12-29,98.6500015258789,99.55000305175781,98.62000274658203,99.44000244140625,0
2024-01-02,98.0999984741211,99.66000366210938,97.9000015258789,99.2300033569336,0
2024-01-03,98.31999969482422,98.52999877929688,97.51000213623047,98.08000183105469,0
2024-01-04,98.30999755859375,98.87000274658203,97.81999969482422,98.44000244140625,0
2024-01-05,98.62999725341797,98.98999786376953,97.91000366210938,98.55999755859375,0
2024-01-08,97.4000015258789,98.20999908447266,96.66000366210938,98.18000030517578,0
2024-01-09,98.27999877929688,98.63999938964844,97.36000061035156,97.55999755859375,0
2024-01-10,97.48999786376953,98.5,97.3499984741211,98.4000015258789,0
2024-01-11,97.66999816894531,98.5,97.58000183105469,97.58000183105469,0
2024-01-12,97.95999908447266,99.19000244140625,97.48999786376953,98.58999633789062,0
2024-01-16,97.43000030517578,98.02999877929688,97.22000122070312,97.5999984741211,0
2024-01-17,96.63999938964844,97.0999984741211,96.29000091552734,97.0999984741211,0
2024-01-18,97.19999694824219,97.20999908447266,96.20999908447266,96.52999877929688,0
2024-01-19,96.80000305175781,97.68000030517578,96.7699966430664,97.30999755859375,0
2024-01-22,96.9000015258789,97.08000183105469,96.06999969482422,96.5199966430664,0
2024-01-23,97.5999984741211,97.72000122070312,96.81999969482422,96.97000122070312,0
2024-01-24,98.48999786376953,98.62000274658203,97.62000274658203,97.7699966430664,0
2024-01-25,98.72000122070312,99.16000366210938,98.26000213623047,98.56999969482422,0
2024-01-26,98.77999877929688,99.16000366210938,98.02999877929688,98.56999969482422,0
2024-01-29,97.91000366210938,98.91999816894531,97.80999755859375,98.8499984741211,0
2024-01-30,98.86000061035156,98.94999694824219,97.58999633789062,98.8499984741211,0
2024-01-31,98.55999755859375,99.05000305175781,97.58999633789062,98.8499984741211,0
2024-02-01,97.58999633789062,99.05000305175781,97.43000030517578,98.8499984741211,0
2024-02-02,96.66999816894531,99.05000305175781,96.54000091552734,98.8499984741211,0
2024-02-05,96.47000122070312,96.80000305175781,95.9000015258789,96.52999877929688,0
2024-02-06,96.62999725341797,96.93000030517578,95.9000015258789,96.52999877929688,0
2024-02-07,96.6500015258789,96.97000122070312,95.9000015258789,96.52999877929688,0
2024-02-08,96.98999786376953,97.0999984741211,95.9000015258789,96.52999877929688,0
2024-02-09,96.94999694824219,97.29000091552734,96.52999877929688,96.75,0
2024-02-12,96.72000122070312,97.0999984741211,96.5999984741211,96.69000244140625,0
2024-02-13,96.27999877929688,97.12999725341797,95.95999908447266,96.69000244140625,0
2024-02-14,95.4000015258789,97.12999725341797,95.37999725341797,96.69000244140625,0
2024-02-15,95.62000274658203,97.12999725341797,95.16999816894531,96.69000244140625,0
2024-02-16,96.25,97.12999725341797,95.16999816894531,96.69000244140625,0
2024-02-20,95.83000183105469,96.25,95.56999969482422,95.9800033569336,0
2024-02-21,96.55000305175781,96.6500015258789,95.56999969482422,95.9800033569336,0
2024-02-22,96.41999816894531,96.88999938964844,95.56999969482422,95.9800033569336,0
2024-02-23,95.41000366210938,96.33999633789062,95.36000061035156,96.27999877929688,0
2024-02-26,95.80000305175781,95.86000061035156,95.19999694824219,95.44999694824219,0
2024-02-27,96.66000366210938,96.70999908447266,95.95999908447266,96.13999938964844,0
2024-02-28,96.66000366210938,96.80000305175781,95.9800033569336,96.58000183105469,0
2024-02-29,96.69999694824219,97.02999877929688,96.1500015258789,96.58999633789062,0
2024-03-01,97.22000122070312,97.30999755859375,96.44000244140625,96.69000244140625,0
2024-03-04,97.6500015258789,98.12000274658203,97.2699966430664,97.4000015258789,0
2024-03-05,97.30000305175781,97.80000305175781,97.16000366210938,97.41000366210938,0
2024-03-06,97.87000274658203,98.12000274658203,97.08000183105469,97.12000274658203,0
2024-03-07,98.29000091552734,98.55999755859375,97.79000091552734,97.86000061035156,0
2024-03-08,98.0,98.72000122070312,97.41999816894531,98.25,0
2024-03-11,98.30000305175781,98.44000244140625,97.6500015258789,97.86000061035156,0
2024-03-12,98.18000030517578,98.5,97.81999969482422,98.2699966430664,0
2024-03-13,98.98999786376953,99.05999755859375,98.16000366210938,98.19999694824219,0
2024-03-14,99.08000183105469,99.27999877929688,98.69000244140625,99.08999633789062,0
2024-03-15,99.19000244140625,99.41999816894531,98.7300033569336,99.12999725341797,0
2024-03-18,99.68000030517578,99.88999938964844,99.31999969482422,99.5999984741211,0
2024-03-19,99.58999633789062,99.73999786376953,99.23999786376953,99.6500015258789,0
2024-03-20,99.25,99.62000274658203,98.83000183105469,99.56999969482422,0
2024-03-21,99.44000244140625,100.3499984741211,98.95999908447266,100.2699966430664,0
2024-03-22,98.69999694824219,99.2300033569336,98.69000244140625,99.05999755859375,0
2024-03-25,99.27999877929688,99.56999969482422,98.73999786376953,99.0,0
2024-03-26,98.68000030517578,99.48999786376953,98.62999725341797,99.26000213623047,0
2024-03-27,98.30999755859375,98.41000366210938,98.0,98.25,0
2024-03-28,99.48999786376953,99.55000305175781,98.18000030517578,98.30000305175781,0
2024-04-01,99.9000015258789,100.29000091552734,99.47000122070312,99.86000061035156,0
2024-04-02,100.69999694824219,101.05000305175781,100.05999755859375,100.1500015258789,0
2024-04-03,101.91000366210938,102.11000061035156,100.80000305175781,100.9000015258789,0
2024-04-04,102.26000213623047,102.30999755859375,101.5999984741211,102.23999786376953,0
2024-04-05,102.9000015258789,103.19000244140625,101.76000213623047,101.76000213623047,0
2024-04-08,102.91999816894531,103.19999694824219,102.25,102.2699966430664,0
2024-04-09,102.80000305175781,103.5,102.69000244140625,102.9000015258789,0
2024-04-10,102.87000274658203,103.62000274658203,102.43000030517578,103.05999755859375,0
2024-04-11,102.3499984741211,103.16999816894531,102.12999725341797,103.0,0
2024-04-12,102.93000030517578,104.33999633789062,102.79000091552734,102.95999908447266,0
2024-04-15,102.80999755859375,103.25,101.98999786376953,103.0999984741211,0
2024-04-16,102.83000183105469,103.19999694824219,102.06999969482422,103.16000366210938,0
2024-04-17,102.22000122070312,103.01000213623047,102.0,102.54000091552734,0
2024-04-18,102.08999633789062,102.54000091552734,101.91000366210938,102.0999984741211,0
2024-04-19,103.05999755859375,103.7300033569336,102.08999633789062,103.30999755859375,0
2024-04-22,102.77999877929688,102.87999725341797,101.91999816894531,102.72000122070312,0
2024-04-23,102.94999694824219,102.97000122070312,101.63999938964844,102.4000015258789,0
2024-04-24,102.69000244140625,103.22000122070312,102.63999938964844,102.91000366210938,0
2024-04-25,103.0199966430664,103.05000305175781,102.29000091552734,102.41999816894531,0
2024-04-26,102.91999816894531,103.6500015258789,102.80000305175781,103.25,0
2024-04-29,103.37999725341797,103.56999969482422,102.75,102.80000305175781,0
2024-04-30,101.66999816894531,103.22000122070312,101.55000305175781,103.19999694824219,0
2024-05-01,100.52999877929688,101.37000274658203,100.5,101.1500015258789,0
2024-05-02,100.83999633789062,101.20999908447266,100.2699966430664,100.93000030517578,0
2024-05-03,101.33999633789062,101.69999694824219,100.88999938964844,101.08000183105469,0
2024-05-06,102.54000091552734,102.80000305175781,101.31999969482422,101.41999816894531,0
2024-05-07,102.55000305175781,102.73999786376953,102.0199966430664,102.54000091552734,0
2024-05-08,102.05999755859375,102.31999969482422,101.66999816894531,102.08999633789062,0
2024-05-09,102.47000122070312,102.66000366210938,102.08000183105469,102.12000274658203,0
2024-05-10,102.79000091552734,103.4800033569336,102.58000183105469,102.87999725341797,0
2024-05-13,103.2699966430664,103.37000274658203,102.30999755859375,102.33000183105469,0
2024-05-14,103.12999725341797,103.45999908447266,102.75,103.29000091552734,0
2024-05-15,103.9000015258789,104.1500015258789,102.91000366210938,103.44999694824219,0
2024-05-16,104.11000061035156,104.31999969482422,103.77999877929688,104.19999694824219,0
2024-05-17,105.73999786376953,105.76000213623047,104.30000305175781,104.44000244140625,0
2024-05-20,107.23999786376953,107.26000213623047,105.94000244140625,106.47000122070312,0
2024-05-21,106.98999786376953,107.54000091552734,106.33999633789062,106.73999786376953,0
2024-05-22,106.41000366210938,107.05000305175781,105.73999786376953,106.94999694824219,0
2024-05-23,105.12000274658203,106.86000061035156,105.0,105.69000244140625,0
2024-05-24,105.02999877929688,105.5199966430664,104.80999755859375,105.25,0
2024-05-28,106.6500015258789,106.68000030517578,105.86000061035156,106.20999908447266,0
2024-05-29,105.51000213623047,106.9800033569336,105.44999694824219,106.62000274658203,0
2024-05-30,104.05000305175781,105.29000091552734,104.04000091552734,105.22000122070312,0
2024-05-31,102.98999786376953,104.5199966430664,102.80000305175781,104.01000213623047,0
2024-06-03,102.73999786376953,103.94999694824219,102.30000305175781,103.6500015258789,0
2024-06-04,101.27999877929688,102.79000091552734,101.26000213623047,102.66999816894531,0
2024-06-05,101.87000274658203,101.94999694824219,101.11000061035156,101.52999877929688,0
2024-06-06,103.45999908447266,103.51000213623047,102.16999816894531,102.44999694824219,0
2024-06-07,101.81999969482422,103.66999816894531,101.56999969482422,103.43000030517578,0
2024-06-10,102.38999938964844,102.87000274658203,101.80000305175781,102.0,0
2024-06-11,102.70999908447266,102.83000183105469,102.12999725341797,102.70999908447266,0
2024-06-12,103.33000183105469,103.69999694824219,102.69999694824219,102.98999786376953,0
2024-06-13,102.77999877929688,103.30000305175781,102.43000030517578,102.61000061035156,0
2024-06-14,102.44000244140625,103.01000213623047,102.37999725341797,102.58000183105469,0
2024-06-17,101.91000366210938,102.0199966430664,101.48999786376953,102.0199966430664,0
2024-06-18,102.7300033569336,102.75,101.44000244140625,102.11000061035156,0
2024-06-20,102.75,103.33999633789062,102.68000030517578,103.05999755859375,0
2024-06-21,101.7300033569336,102.76000213623047,101.68000030517578,102.66000366210938,0
2024-06-24,102.55999755859375,102.58000183105469,101.45999908447266,101.55999755859375,0
2024-06-25,101.41999816894531,102.61000061035156,101.4000015258789,102.44000244140625,0
2024-06-26,101.08999633789062,101.70999908447266,100.83999633789062,101.36000061035156,0
2024-06-27,101.33000183105469,101.80000305175781,100.83000183105469,100.94999694824219,0
2024-06-28,100.98999786376953,102.12000274658203,100.93000030517578,101.52999877929688,0
2024-07-01,101.33000183105469,101.41000366210938,100.68000030517578,101.02999877929688,0
2024-07-02,101.23999786376953,101.87000274658203,101.22000122070312,101.45999908447266,0
2024-07-03,102.18000030517578,102.33999633789062,101.33999633789062,101.4800033569336,0
2024-07-05,102.5,102.91000366210938,101.91999816894531,101.98999786376953,0
2024-07-08,101.33999633789062,102.2300033569336,101.25,102.18000030517578,0
2024-07-09,100.69000244140625,101.63999938964844,100.66999816894531,101.41999816894531,0
2024-07-10,100.44000244140625,100.91000366210938,100.36000061035156,100.68000030517578,0
2024-07-11,100.76000213623047,101.22000122070312,100.54000091552734,100.7300033569336,0
2024-07-12,100.75,101.04000091552734,100.3499984741211,100.66000366210938,0
2024-07-15,99.61000061035156,100.36000061035156,99.58999633789062,100.33000183105469,0
2024-07-16,99.58999633789062,99.83999633789062,99.08999633789062,99.66000366210938,0
2024-07-17,99.20999908447266,99.94000244140625,99.11000061035156,99.80999755859375,0
2024-07-18,98.9800033569336,99.66999816894531,98.80999755859375,99.43000030517578,0
2024-07-19,97.48999786376953,98.62999725341797,97.47000122070312,98.37000274658203,0
2024-07-22,98.08999633789062,98.12000274658203,97.31999969482422,97.87000274658203,0
2024-07-23,97.48999786376953,98.30000305175781,97.47000122070312,98.2699966430664,0
2024-07-24,97.30000305175781,97.91000366210938,97.2300033569336,97.38999938964844,0
2024-07-25,96.77999877929688,96.94999694824219,95.91000366210938,96.55000305175781,0
2024-07-26,95.95999908447266,97.2300033569336,95.93000030517578,97.2300033569336,0
2024-07-29,95.41000366210938,96.31999969482422,94.95999908447266,96.12000274658203,0
2024-07-30,95.43000030517578,95.58000183105469,94.70999908447266,95.20999908447266,0
2024-07-31,96.44999694824219,96.70999908447266,95.73999786376953,95.80000305175781,0
2024-08-01,95.55000305175781,97.0,95.54000091552734,96.93000030517578,0
2024-08-02,94.7300033569336,96.25,94.54000091552734,95.79000091552734,0
2024-08-05,93.91000366210938,95.08000183105469,92.41999816894531,94.81999969482422,0
2024-08-06,94.1500015258789,94.4000015258789,93.51000213623047,94.3499984741211,0
2024-08-07,94.79000091552734,95.0199966430664,93.81999969482422,93.98999786376953,0
2024-08-08,95.25,95.52999877929688,94.36000061035156,94.61000061035156,0
2024-08-09,95.51000213623047,95.94000244140625,95.36000061035156,95.61000061035156,0
2024-08-12,96.62999725341797,96.63999938964844,95.48999786376953,95.55999755859375,0
2024-08-13,95.52999877929688,96.41999816894531,95.5,96.41999816894531,0
2024-08-14,95.38999938964844,96.08999633789062,95.33999633789062,95.69999694824219,0
2024-08-15,96.11000061035156,96.62000274658203,95.55999755859375,95.62999725341797,0
2024-08-16,95.70999908447266,96.01000213623047,95.16000366210938,96.0,0
2024-08-19,96.25,96.6500015258789,95.69999694824219,95.91000366210938,0
2024-08-20,96.20999908447266,96.76000213623047,95.87999725341797,96.0999984741211,0
2024-08-21,95.95999908447266,96.51000213623047,95.77999877929688,96.19999694824219,0
2024-08-22,95.23999786376953,95.95999908447266,94.91000366210938,95.86000061035156,0
2024-08-23,96.45999908447266,96.55000305175781,95.30999755859375,95.41999816894531,0
2024-08-26,97.19999694824219,97.36000061035156,96.41000366210938,96.54000091552734,0
2024-08-27,97.16999816894531,97.37000274658203,96.83000183105469,97.01000213623047,0
2024-08-28,96.29000091552734,97.05999755859375,96.0,97.04000091552734,0
2024-08-29,97.0,97.0199966430664,96.12999725341797,96.41000366210938,0
2024-08-30,96.08999633789062,97.5,96.05000305175781,97.0,0
2024-09-03,95.20999908447266,96.08000183105469,94.44999694824219,95.91000366210938,0
2024-09-04,94.87000274658203,95.5,94.4800033569336,95.08000183105469,0
2024-09-05,95.16000366210938,95.76000213623047,94.58000183105469,94.83999633789062,0
2024-09-06,93.72000122070312,95.55999755859375,93.58000183105469,95.16000366210938,0
2024-09-09,94.22000122070312,94.33999633789062,93.55999755859375,93.76000213623047,0
2024-09-10,93.33000183105469,94.31999969482422,93.16999816894531,94.16999816894531,0
2024-09-11,94.16000366210938,94.36000061035156,93.33000183105469,93.5199966430664,0
2024-09-12,95.66000366210938,95.87999725341797,94.2699966430664,94.3499984741211,0
2024-09-13,96.18000030517578,96.69000244140625,95.88999938964844,96.04000091552734,0
2024-09-16,96.75,97.06999969482422,95.97000122070312,95.98999786376953,0
2024-09-17,97.0199966430664,97.31999969482422,96.55999755859375,96.88999938964844,0
2024-09-18,97.12000274658203,97.36000061035156,96.77999877929688,97.0,0
2024-09-19,97.86000061035156,97.9800033569336,96.61000061035156,96.61000061035156,0
2024-09-20,98.16000366210938,98.29000091552734,97.41000366210938,97.77999877929688,0
2024-09-23,99.05999755859375,99.5,97.95999908447266,98.4800033569336,0
2024-09-24,100.2300033569336,100.44999694824219,99.12999725341797,99.22000122070312,0
2024-09-25,100.18000030517578,100.45999908447266,99.75,100.37999725341797,0
2024-09-26,99.91999816894531,100.6500015258789,99.62000274658203,100.47000122070312,0
2024-09-27,100.26000213623047,100.48999786376953,99.48999786376953,99.61000061035156,0
2024-09-30,100.33999633789062,100.70999908447266,99.80999755859375,100.13999938964844,0
2024-10-01,101.29000091552734,102.0,99.73999786376953,100.20999908447266,0
2024-10-02,101.54000091552734,102.41999816894531,101.30999755859375,101.62999725341797,0
2024-10-03,102.30999755859375,102.41000366210938,101.41000366210938,101.9800033569336,0
2024-10-04,102.08000183105469,102.9800033569336,102.0,102.31999969482422,0
2024-10-07,102.16000366210938,102.41000366210938,101.52999877929688,101.62000274658203,0
2024-10-08,100.12999725341797,101.9800033569336,99.79000091552734,101.97000122070312,0
2024-10-09,99.41000366210938,100.62999725341797,98.83000183105469,100.16999816894531,0
2024-10-10,100.55000305175781,100.62999725341797,99.5,99.56999969482422,0
2024-10-11,100.80999755859375,101.23999786376953,100.5,100.81999969482422,0
2024-10-14,99.47000122070312,100.3499984741211,99.44999694824219,99.97000122070312,0
2024-10-15,98.41000366210938,98.83999633789062,97.94000244140625,98.69999694824219,0
2024-10-16,98.2699966430664,98.83999633789062,98.16000366210938,98.63999938964844,0
2024-10-17,98.33000183105469,98.76000213623047,97.8499984741211,98.6500015258789,0
2024-10-18,98.23999786376953,98.95999908447266,98.06999969482422,98.62000274658203,0
2024-10-21,98.75,99.29000091552734,98.4800033569336,98.4800033569336,0
2024-10-22,100.06999969482422,100.12999725341797,98.72000122070312,98.75,0
2024-10-23,99.5999984741211,100.19000244140625,99.30000305175781,99.81999969482422,0
2024-10-24,99.83000183105469,100.66999816894531,99.37000274658203,100.11000061035156,0
2024-10-25,100.23999786376953,100.26000213623047,99.20999908447266,99.7699966430664,0
2024-10-28,98.26000213623047,99.16000366210938,98.12000274658203,98.91000366210938,0
2024-10-29,98.44999694824219,98.80999755859375,98.08999633789062,98.33000183105469,0
2024-10-30,98.88999938964844,99.04000091552734,98.27999877929688,98.87000274658203,0
2024-10-31,98.0999984741211,98.93000030517578,97.9800033569336,98.77999877929688,0
2024-11-01,98.06999969482422,99.12000274658203,98.0,98.69999694824219,0
2024-11-04,98.91000366210938,98.9800033569336,98.30000305175781,98.31999969482422,0
2024-11-05,99.08999633789062,99.6500015258789,98.91000366210938,98.94000244140625,0
2024-11-06,98.12999725341797,98.52999877929688,96.93000030517578,98.52999877929688,0
2024-11-07,99.31999969482422,99.36000061035156,98.16000366210938,98.30999755859375,0
2024-11-08,98.12999725341797,99.26000213623047,97.95999908447266,99.22000122070312,0
2024-11-11,97.19999694824219,98.5,97.05000305175781,98.3499984741211,0
2024-11-12,96.80999755859375,97.44000244140625,96.62999725341797,97.19000244140625,0
2024-11-13,96.72000122070312,97.06999969482422,96.08000183105469,96.94000244140625,0
2024-11-14,95.97000122070312,96.80000305175781,95.94999694824219,96.30000305175781,0
2024-11-15,96.0999984741211,96.62000274658203,95.5199966430664,96.0,0
2024-11-18,97.68000030517578,97.69999694824219,96.30999755859375,96.72000122070312,0
2024-11-19,97.91000366210938,98.25,97.61000061035156,97.7300033569336,0
2024-11-20,98.5,98.83000183105469,97.83999633789062,98.0199966430664,0
2024-11-21,98.91000366210938,99.58000183105469,98.61000061035156,98.66999816894531,0
2024-11-22,98.97000122070312,99.55999755859375,98.41999816894531,99.47000122070312,0
2024-11-25,98.16999816894531,99.68000030517578,98.0999984741211,99.66999816894531,0
2024-11-26,98.37000274658203,99.05000305175781,97.95999908447266,98.13999938964844,0
2024-11-27,97.75,98.55999755859375,97.63999938964844,98.44999694824219,0
2024-11-29,98.13999938964844,98.56999969482422,98.12999725341797,98.33999633789062,0
2024-12-02,97.04000091552734,97.5199966430664,96.83999633789062,97.36000061035156,0
2024-12-03,97.4800033569336,97.91999816894531,96.94000244140625,96.94999694824219,0
2024-12-04,97.33000183105469,97.72000122070312,97.08000183105469,97.45999908447266,0
2024-12-05,97.37999725341797,97.80000305175781,97.18000030517578,97.19000244140625,0
2024-12-06,97.4800033569336,97.62999725341797,97.01000213623047,97.36000061035156,0
2024-12-09,98.5,98.86000061035156,97.80000305175781,98.0199966430664,0
2024-12-10,98.83000183105469,98.94000244140625,98.16000366210938,98.4000015258789,0
2024-12-11,99.72000122070312,99.83999633789062,98.80999755859375,99.25,0
2024-12-12,99.04000091552734,99.95999908447266,98.62999725341797,99.55999755859375,0
2024-12-13,98.66999816894531,99.0999984741211,98.43000030517578,98.95999908447266,0
2024-12-16,98.16999816894531,98.66000366210938,98.12000274658203,98.44000244140625,0
2024-12-17,97.48999786376953,98.25,96.81999969482422,98.16000366210938,0
2024-12-18,97.19999694824219,97.80000305175781,97.18000030517578,97.48999786376953,0
2024-12-19,96.55000305175781,97.08999633789062,96.23999786376953,96.69000244140625,0
2024-12-20,97.56999969482422,97.73999786376953,96.5999984741211,96.63999938964844,0
2024-12-23,97.48999786376953,98.13999938964844,97.12000274658203,98.05000305175781,0
2024-12-24,98.20999908447266,98.2300033569336,97.61000061035156,97.69000244140625,0
2024-12-26,98.05000305175781,98.30999755859375,97.87000274658203,98.25,0
2024-12-27,98.20999908447266,98.23999786376953,97.83999633789062,97.97000122070312,0
2024-12-30,98.87000274658203,99.62999725341797,98.51000213623047,98.8499984741211,0
2024-12-31,98.76000213623047,99.12999725341797,98.25,98.93000030517578,0
2025-01-02,99.61000061035156,100.13999938964844,98.93000030517578,99.08000183105469,0
2025-01-03,98.48999786376953,99.81999969482422,98.44999694824219,99.75,0
2025-01-06,99.26000213623047,99.94000244140625,98.73999786376953,99.01000213623047,0
2025-01-07,99.48999786376953,99.9000015258789,98.83999633789062,99.12999725341797,0
2025-01-08,99.45999908447266,100.04000091552734,99.29000091552734,99.55000305175781,0
2025-01-10,102.48999786376953,102.6500015258789,100.70999908447266,100.7300033569336,0
2025-01-13,103.04000091552734,103.48999786376953,102.38999938964844,103.36000061035156,0
2025-01-14,102.7300033569336,103.08000183105469,102.26000213623047,103.0,0
2025-01-15,104.12999725341797,104.16000366210938,102.55000305175781,102.58999633789062,0
2025-01-16,104.22000122070312,104.25,103.55000305175781,104.11000061035156,0
2025-01-17,103.69999694824219,104.38999938964844,103.22000122070312,104.30000305175781,0
2025-01-21,103.43000030517578,103.70999908447266,102.91000366210938,103.62999725341797,0
2025-01-22,103.5999984741211,103.66000366210938,103.02999877929688,103.30000305175781,0
2025-01-23,103.47000122070312,103.8499984741211,103.05000305175781,103.16000366210938,0
2025-01-24,103.43000030517578,103.56999969482422,103.01000213623047,103.5,0
2025-01-27,101.81999969482422,102.79000091552734,101.3499984741211,102.31999969482422,0
2025-01-28,101.9800033569336,102.1500015258789,101.66999816894531,101.9000015258789,0
2025-01-29,102.69000244140625,102.93000030517578,101.83999633789062,102.01000213623047,0
2025-01-30,102.7300033569336,103.25,102.5199966430664,102.62000274658203,0
2025-01-31,102.29000091552734,102.98999786376953,102.02999877929688,102.9000015258789,0
2025-02-03,103.77999877929688,103.93000030517578,102.62000274658203,102.66000366210938,0
2025-02-04,104.20999908447266,104.43000030517578,102.68000030517578,103.44000244140625,0
2025-02-05,104.16000366210938,104.27999877929688,103.58000183105469,103.98999786376953,0
2025-02-06,104.33000183105469,104.69999694824219,103.47000122070312,104.22000122070312,0
2025-02-07,104.22000122070312,104.88999938964844,104.16000366210938,104.69999694824219,0
2025-02-10,105.56999969482422,105.69000244140625,104.51000213623047,104.5999984741211,0
2025-02-11,105.66000366210938,106.12000274658203,105.38999938964844,105.45999908447266,0
2025-02-12,105.51000213623047,105.69999694824219,105.0199966430664,105.55000305175781,0
2025-02-13,105.88999938964844,106.08000183105469,105.41999816894531,105.4800033569336,0
2025-02-14,105.87999725341797,107.0199966430664,105.8499984741211,106.2699966430664,0
2025-02-18,107.29000091552734,107.30000305175781,105.5,105.55000305175781,0
2025-02-19,107.55000305175781,108.20999908447266,107.05000305175781,107.12999725341797,0
2025-02-20,107.70999908447266,108.16000366210938,107.51000213623047,107.9800033569336,0
2025-02-21,106.83000183105469,107.94999694824219,106.80000305175781,107.80000305175781,0
2025-02-24,105.87999725341797,106.47000122070312,105.70999908447266,106.43000030517578,0
2025-02-25,105.18000030517578,106.05999755859375,104.6500015258789,106.01000213623047,0
2025-02-26,104.62999725341797,105.72000122070312,104.55000305175781,105.66000366210938,0
2025-02-27,104.27999877929688,105.01000213623047,104.26000213623047,104.58000183105469,0
2025-02-28,102.75,104.19000244140625,102.7300033569336,104.12999725341797,0
2025-03-03,103.37999725341797,103.83999633789062,102.83000183105469,103.19999694824219,0
2025-03-04,103.62000274658203,103.91999816894531,102.75,103.13999938964844,0
2025-03-05,104.41999816894531,104.6500015258789,103.37999725341797,103.41000366210938,0
2025-03-06,104.44999694824219,104.88999938964844,104.08999633789062,104.88999938964844,0
2025-03-07,104.80000305175781,104.91000366210938,103.77999877929688,104.29000091552734,0
2025-03-10,104.58999633789062,105.75,104.56999969482422,105.33999633789062,0
2025-03-11,104.86000061035156,105.44999694824219,104.0999984741211,104.12999725341797,0
2025-03-12,104.44999694824219,104.97000122070312,104.22000122070312,104.79000091552734,0
2025-03-13,104.94000244140625,105.36000061035156,104.18000030517578,104.37999725341797,0
2025-03-14,104.91000366210938,105.26000213623047,104.30000305175781,104.87999725341797,0
2025-03-17,105.4000015258789,105.9000015258789,105.13999938964844,105.45999908447266,0
2025-03-18,105.4800033569336,106.08999633789062,105.45999908447266,105.58000183105469,0
2025-03-19,106.06999969482422,106.19000244140625,105.2699966430664,105.2699966430664,0
2025-03-20,105.77999877929688,106.38999938964844,105.41000366210938,106.19999694824219,0
2025-03-21,105.31999969482422,105.66999816894531,105.1500015258789,105.56999969482422,0
2025-03-24,105.06999969482422,105.61000061035156,105.0199966430664,105.12999725341797,0
2025-03-25,105.16000366210938,105.75,105.0,105.0999984741211,0
2025-03-26,105.19000244140625,105.69000244140625,105.13999938964844,105.5199966430664,0
2025-03-27,105.52999877929688,105.56999969482422,104.75,105.1500015258789,0
2025-03-28,105.79000091552734,105.83999633789062,104.88999938964844,105.5199966430664,0
2025-03-31,106.4000015258789,106.62000274658203,105.80000305175781,106.01000213623047,0
2025-04-01,106.51000213623047,106.87000274658203,106.31999969482422,106.58000183105469,0
2025-04-02,106.98999786376953,107.12999725341797,106.2300033569336,106.5999984741211,0
2025-04-03,104.29000091552734,105.73999786376953,103.87000274658203,105.66999816894531,0
2025-04-04,99.68000030517578,104.12999725341797,99.25,104.06999969482422,0
2025-04-07,98.0999984741211,101.19999694824219,98.05999755859375,99.37999725341797,0
2025-04-08,97.31999969482422,99.66000366210938,97.26000213623047,98.87999725341797,0
2025-04-09,99.69999694824219,99.8499984741211,96.12999725341797,97.0199966430664,0
2025-04-10,99.80000305175781,100.77999877929688,99.25,100.33000183105469,0
2025-04-11,101.4800033569336,101.54000091552734,99.69000244140625,99.77999877929688,0
2025-04-14,101.04000091552734,102.08000183105469,101.0199966430664,101.41999816894531,0
2025-04-15,101.16000366210938,101.48999786376953,100.61000061035156,101.22000122070312,0
2025-04-16,102.44999694824219,102.55999755859375,100.83999633789062,101.2300033569336,0
2025-04-17,102.91000366210938,103.05000305175781,102.2300033569336,102.4800033569336,0
2025-04-21,102.16000366210938,103.22000122070312,102.05999755859375,102.87999725341797,0
2025-04-22,102.73999786376953,103.12000274658203,102.55999755859375,102.79000091552734,0
2025-04-23,102.12999725341797,103.08000183105469,101.63999938964844,102.91000366210938,0
2025-04-24,102.91999816894531,102.94000244140625,102.12999725341797,102.55999755859375,0
2025-04-25,102.62000274658203,103.30999755859375,102.22000122070312,103.06999969482422,0
2025-04-28,103.11000061035156,103.12999725341797,102.1500015258789,102.33000183105469,0
2025-04-29,102.37999725341797,103.19999694824219,102.1500015258789,103.08999633789062,0
2025-04-30,100.93000030517578,102.18000030517578,100.7699966430664,102.05000305175781,0
2025-05-01,100.83000183105469,100.94999694824219,99.87999725341797,100.55000305175781,0
2025-05-02,101.44999694824219,101.8499984741211,101.08000183105469,101.20999908447266,0
2025-05-05,101.18000030517578,102.02999877929688,100.9800033569336,101.11000061035156,0
2025-05-06,102.29000091552734,102.76000213623047,101.94000244140625,102.12000274658203,0
2025-05-07,101.51000213623047,102.8499984741211,101.3499984741211,102.56999969482422,0
2025-05-08,101.62000274658203,102.05000305175781,101.08000183105469,101.79000091552734,0
2025-05-09,102.76000213623047,102.93000030517578,101.43000030517578,101.54000091552734,0
2025-05-12,102.29000091552734,103.33999633789062,102.25,102.37000274658203,0
2025-05-13,103.2300033569336,103.41999816894531,102.29000091552734,102.30000305175781,0
2025-05-14,102.38999938964844,103.2300033569336,102.2699966430664,103.13999938964844,0
2025-05-15,101.6500015258789,101.91000366210938,100.93000030517578,101.63999938964844,0
2025-05-16,100.95999908447266,101.75,100.63999938964844,101.63999938964844,0
2025-05-19,100.83000183105469,101.22000122070312,100.66000366210938,100.9000015258789,0
2025-05-20,102.19999694824219,102.2699966430664,100.5,100.69000244140625,0
2025-05-21,102.55999755859375,102.97000122070312,102.4000015258789,102.61000061035156,0
2025-05-22,101.88999938964844,102.62999725341797,101.36000061035156,102.41000366210938,0
2025-05-23,102.69999694824219,102.72000122070312,101.58999633789062,102.02999877929688,0
2025-05-27,101.93000030517578,102.37999725341797,101.56999969482422,102.26000213623047,0
2025-05-28,101.06999969482422,102.2699966430664,101.05000305175781,102.04000091552734,0
2025-05-29,100.83999633789062,101.58999633789062,100.44999694824219,101.22000122070312,0
2025-05-30,99.98999786376953,100.97000122070312,99.79000091552734,100.62999725341797,0
2025-06-02,102.02999877929688,102.61000061035156,100.7699966430664,100.83999633789062,0
2025-06-03,102.2699966430664,102.47000122070312,101.55000305175781,102.0,0
2025-06-04,102.38999938964844,102.69999694824219,102.02999877929688,102.41000366210938,0
2025-06-05,102.80000305175781,103.52999877929688,102.16000366210938,102.37999725341797,0
2025-06-06,103.30999755859375,103.37999725341797,102.68000030517578,102.98999786376953,0
2025-06-09,103.22000122070312,103.43000030517578,102.75,103.0199966430664,0
2025-06-10,102.7699966430664,103.37000274658203,102.70999908447266,103.04000091552734,0
2025-06-11,103.19000244140625,103.4800033569336,102.5999984741211,102.87000274658203,0
2025-06-12,103.26000213623047,103.7699966430664,102.9800033569336,103.5,0
2025-06-13,105.30999755859375,105.88999938964844,104.01000213623047,105.20999908447266,0
2025-06-16,105.69999694824219,106.0,104.5199966430664,105.93000030517578,0
2025-06-17,106.77999877929688,106.81999969482422,105.55000305175781,105.80999755859375,0
2025-06-18,107.37999725341797,107.44000244140625,106.45999908447266,106.91000366210938,0
2025-06-20,106.75,107.69999694824219,106.5999984741211,107.36000061035156,0
2025-06-23,105.06999969482422,107.37999725341797,104.98999786376953,107.26000213623047,0
2025-06-24,102.4800033569336,104.26000213623047,102.44000244140625,104.0,0
2025-06-25,102.20999908447266,103.12999725341797,102.18000030517578,103.04000091552734,0
2025-06-26,102.54000091552734,102.68000030517578,102.29000091552734,102.38999938964844,0
2025-06-27,102.88999938964844,102.97000122070312,102.19999694824219,102.63999938964844,0
2025-06-30,102.0199966430664,102.80000305175781,101.83000183105469,102.41000366210938,0
2025-07-01,102.16999816894531,102.47000122070312,101.80999755859375,101.87000274658203,0
2025-07-02,103.70999908447266,103.76000213623047,101.9000015258789,102.0999984741211,0
2025-07-03,103.38999938964844,104.19999694824219,103.30999755859375,103.58999633789062,0
2025-07-07,102.6500015258789,102.69999694824219,101.87000274658203,102.26000213623047,0
2025-07-08,103.37999725341797,103.68000030517578,102.2300033569336,102.52999877929688,0
2025-07-09,102.77999877929688,103.3499984741211,102.54000091552734,103.23999786376953,0
2025-07-10,103.11000061035156,103.43000030517578,102.80000305175781,102.93000030517578,0
2025-07-11,103.83000183105469,104.26000213623047,103.08999633789062,103.44999694824219,0
2025-07-14,103.7699966430664,104.75,103.52999877929688,104.05999755859375,0
2025-07-15,103.66000366210938,103.9000015258789,103.41000366210938,103.63999938964844,0
2025-07-16,104.04000091552734,104.19000244140625,103.31999969482422,103.86000061035156,0
2025-07-17,104.44999694824219,104.45999908447266,103.73999786376953,104.13999938964844,0
2025-07-18,105.12000274658203,105.79000091552734,104.55000305175781,104.58000183105469,0
2025-07-21,104.72000122070312,104.9800033569336,104.41000366210938,104.69000244140625,0
2025-07-22,104.69000244140625,104.7300033569336,104.05999755859375,104.4000015258789,0
2025-07-23,104.16999816894531,104.94000244140625,104.13999938964844,104.7699966430664,0
2025-07-24,104.2300033569336,104.6500015258789,103.93000030517578,104.23999786376953,0
2025-07-25,103.47000122070312,104.41000366210938,103.33000183105469,104.37999725341797,0
2025-07-28,103.16000366210938,103.87999725341797,103.04000091552734,103.44000244140625,0
2025-07-29,103.83000183105469,103.86000061035156,103.06999969482422,103.20999908447266,0
2025-07-30,103.25,104.0999984741211,103.02999877929688,103.91999816894531,0
2025-07-31,101.18000030517578,101.69000244140625,100.94000244140625,101.55000305175781,0
2025-08-01,100.62000274658203,101.4800033569336,100.48999786376953,101.13999938964844,0
2025-08-04,100.43000030517578,100.86000061035156,100.30000305175781,100.47000122070312,0
2025-08-05,100.30000305175781,100.63999938964844,100.19000244140625,100.41000366210938,0
2025-08-06,100.44999694824219,101.08999633789062,100.26000213623047,100.43000030517578,0
2025-08-07,100.73999786376953,101.12000274658203,100.58999633789062,100.80000305175781,0
2025-08-08,100.79000091552734,101.5,100.70999908447266,100.98999786376953,0
2025-08-11,100.54000091552734,100.73999786376953,100.05999755859375,100.1500015258789,0
2025-08-12,100.23999786376953,100.58999633789062,99.95999908447266,100.4800033569336,0
2025-08-13,100.3499984741211,100.62000274658203,99.95999908447266,100.26000213623047,0
2025-08-14,100.01000213623047,100.6500015258789,99.73999786376953,100.5999984741211,0
2025-08-15,100.37999725341797,100.56999969482422,99.86000061035156,100.0999984741211,0
2025-08-18,100.30000305175781,100.51000213623047,99.88999938964844,100.20999908447266,0
2025-08-19,99.5,100.2699966430664,99.41000366210938,100.16999816894531,0
2025-08-20,100.18000030517578,100.30000305175781,99.43000030517578,99.5,0
2025-08-21,101.02999877929688,101.11000061035156,100.19999694824219,100.29000091552734,0
2025-08-22,101.62999725341797,101.73999786376953,100.77999877929688,100.91999816894531,0
2025-08-25,101.70999908447266,102.02999877929688,101.41999816894531,101.41999816894531,0
2025-08-26,101.22000122070312,101.66000366210938,101.06999969482422,101.55999755859375,0
2025-08-27,101.5,101.56999969482422,100.80999755859375,101.23999786376953,0
2025-08-28,101.95999908447266,101.98999786376953,101.30999755859375,101.3499984741211,0
2025-08-29,102.79000091552734,102.80999755859375,101.80999755859375,101.9800033569336,0
2025-09-02,103.6500015258789,103.66999816894531,102.51000213623047,103.33999633789062,0
2025-09-03,103.43000030517578,103.80999755859375,103.29000091552734,103.70999908447266,0
2025-09-04,102.83000183105469,103.05000305175781,102.4000015258789,103.02999877929688,0
2025-09-05,102.43000030517578,103.06999969482422,102.3499984741211,102.80000305175781,0
2025-09-08,103.13999938964844,103.29000091552734,102.62000274658203,102.7300033569336,0
2025-09-09,103.05000305175781,103.66000366210938,102.91999816894531,103.2300033569336,0
2025-09-10,103.26000213623047,103.37999725341797,102.97000122070312,102.98999786376953,0
2025-09-11,103.0999984741211,103.31999969482422,102.69999694824219,103.25,0
2025-09-12,103.79000091552734,104.05999755859375,103.02999877929688,103.08000183105469,0
2025-09-15,104.69000244140625,104.69999694824219,103.62000274658203,103.73999786376953,0
2025-09-16,105.3499984741211,105.47000122070312,104.55999755859375,104.73999786376953,0
2025-09-17,104.2300033569336,105.16999816894531,104.19000244140625,105.16999816894531,0
2025-09-18,103.36000061035156,104.12000274658203,103.2699966430664,103.83999633789062,0
2025-09-19,102.97000122070312,103.62000274658203,102.91000366210938,103.44000244140625,0
2025-09-22,102.9800033569336,103.6500015258789,102.66000366210938,103.31999969482422,0
2025-09-23,103.70999908447266,103.77999877929688,102.66000366210938,102.8499984741211,0
2025-09-24,104.0199966430664,104.31999969482422,103.4000015258789,103.51000213623047,0
2025-09-25,104.45999908447266,104.7300033569336,104.0,104.04000091552734,0
2025-09-26,105.0999984741211,105.16000366210938,104.38999938964844,104.58000183105469,0
2025-09-29,105.0199966430664,105.33000183105469,104.72000122070312,104.80999755859375,0
2025-09-30,104.62999725341797,105.12000274658203,104.33000183105469,105.0199966430664,0
2025-10-01,105.3499984741211,105.4800033569336,104.56999969482422,104.9000015258789,0
2025-10-02,104.8499984741211,105.58999633789062,104.62000274658203,105.30000305175781,0
2025-10-03,105.3499984741211,105.69000244140625,104.87000274658203,104.97000122070312,0
2025-10-06,106.0,106.30000305175781,105.75,106.05999755859375,0
2025-10-07,106.41000366210938,106.56999969482422,105.8499984741211,106.01000213623047,0
2025-10-08,106.94000244140625,107.33999633789062,106.56999969482422,106.62000274658203,0
2025-10-09,105.69000244140625,107.54000091552734,105.62000274658203,106.48999786376953,0
2025-10-10,104.08999633789062,105.8499984741211,103.9800033569336,105.75,0
2025-10-13,105.80000305175781,105.91999816894531,105.05000305175781,105.30000305175781,0
2025-10-14,105.44000244140625,106.29000091552734,104.58000183105469,105.97000122070312,0
2025-10-15,105.58999633789062,106.04000091552734,105.44000244140625,105.72000122070312,0
2025-10-16,106.27999877929688,106.80000305175781,105.7300033569336,106.08999633789062,0
2025-10-17,105.62000274658203,106.58000183105469,105.30999755859375,106.06999969482422,0
2025-10-20,107.55999755859375,107.56999969482422,106.0,106.2699966430664,0
2025-10-21,105.80999755859375,107.5199966430664,105.33999633789062,107.47000122070312,0
2025-10-22,105.91999816894531,106.62000274658203,105.62999725341797,105.81999969482422,0
2025-10-23,107.83000183105469,108.16000366210938,106.43000030517578,106.44000244140625,0
2025-10-24,107.37999725341797,107.66000366210938,107.08000183105469,107.37000274658203,0
2025-10-27,106.72000122070312,107.83999633789062,106.5,107.62999725341797,0
2025-10-28,106.1500015258789,106.76000213623047,105.36000061035156,106.73999786376953,0
2025-10-29,106.68000030517578,107.04000091552734,105.72000122070312,106.06999969482422,0
2025-10-30,106.81999969482422,106.87999725341797,105.77999877929688,106.22000122070312,0
2025-10-31,107.30000305175781,107.31999969482422,106.79000091552734,107.13999938964844,0
2025-11-03,108.27999877929688,108.36000061035156,107.26000213623047,107.66000366210938,0
2025-11-04,107.48999786376953,108.05999755859375,106.98999786376953,107.91999816894531,0
2025-11-05,107.5,107.95999908447266,107.19999694824219,107.19999694824219,0
2025-11-06,107.02999877929688,108.12000274658203,106.56999969482422,107.41999816894531,0
2025-11-07,107.30999755859375,107.80000305175781,107.16999816894531,107.38999938964844,0
2025-11-10,109.13999938964844,109.16000366210938,108.12000274658203,108.26000213623047,0
2025-11-11,110.02999877929688,110.08999633789062,108.9800033569336,109.2699966430664,0
2025-11-12,110.13999938964844,110.25,109.5999984741211,110.1500015258789,0
2025-11-13,110.19999694824219,110.52999877929688,109.98999786376953,109.98999786376953,0
2025-11-14,109.0999984741211,110.5199966430664,108.5,110.4800033569336,0
2025-11-17,108.87999725341797,109.18000030517578,108.3499984741211,108.62999725341797,0
2025-11-18,109.11000061035156,109.18000030517578,107.86000061035156,108.1500015258789,0
2025-11-19,108.69000244140625,109.63999938964844,108.47000122070312,109.25,0
2025-11-20,107.76000213623047,109.0199966430664,107.69000244140625,108.73999786376953,0
2025-11-21,107.5199966430664,107.63999938964844,106.44000244140625,107.30000305175781,0
2025-11-24,107.51000213623047,107.5999984741211,106.70999908447266,106.95999908447266,0
2025-11-25,107.30999755859375,108.13999938964844,106.51000213623047,108.02999877929688,0
2025-11-26,108.58999633789062,108.7300033569336,107.62999725341797,107.68000030517578,0
2025-11-28,110.41000366210938,110.54000091552734,109.13999938964844,109.19000244140625,0
2025-12-01,111.06999969482422,111.1500015258789,110.47000122070312,110.9000015258789,0
2025-12-02,110.30000305175781,110.93000030517578,110.26000213623047,110.5999984741211,0
2025-12-03,110.72000122070312,111.27999877929688,110.5199966430664,110.62000274658203,0
2025-12-04,111.12999725341797,111.20999908447266,110.19999694824219,110.81999969482422,0
2025-12-05,112.01000213623047,112.83000183105469,111.19000244140625,111.2699966430664,0
2025-12-08,110.23999786376953,111.69999694824219,110.19000244140625,111.43000030517578,0
2025-12-09,109.5199966430664,110.33999633789062,109.5,110.0,0
2025-12-10,109.68000030517578,109.88999938964844,109.38999938964844,109.88999938964844,0
2025-12-11,110.4000015258789,110.44000244140625,109.56999969482422,110.19000244140625,0
2025-12-12,108.9800033569336,110.51000213623047,108.66000366210938,110.30000305175781,0
2025-12-15,108.66999816894531,109.72000122070312,108.27999877929688,109.5999984741211,0
2025-12-16,107.5199966430664,108.27999877929688,107.41999816894531,108.22000122070312,0
2025-12-17,108.69000244140625,108.94000244140625,108.2300033569336,108.31999969482422,0
2025-12-18,108.11000061035156,108.93000030517578,108.0999984741211,108.7699966430664,0
2025-12-19,108.80000305175781,108.93000030517578,107.83999633789062,107.93000030517578,0
2025-12-22,109.80999755859375,110.19999694824219,109.48999786376953,109.58999633789062,0
2025-12-23,111.19999694824219,111.23999786376953,110.06999969482422,110.33999633789062,0
2025-12-24,111.37000274658203,111.94999694824219,110.94999694824219,111.51000213623047,0
2025-12-26,112.4800033569336,112.88999938964844,112.19000244140625,112.41000366210938,0
2025-12-29,110.33000183105469,113.36000061035156,110.26000213623047,112.94999694824219,0
2025-12-30,111.9800033569336,112.37999725341797,111.08000183105469,111.12999725341797,0
2025-12-31,109.69000244140625,111.13999938964844,109.66999816894531,110.93000030517578,0
2026-01-02,109.51000213623047,110.62000274658203,109.31999969482422,110.12999725341797,0
2026-01-05,111.77999877929688,111.87000274658203,110.47000122070312,110.66000366210938,0
2026-01-06,112.69000244140625,113.16000366210938,112.0,112.06999969482422,0
2026-01-07,111.72000122070312,112.69999694824219,111.44000244140625,112.63999938964844,0
2026-01-08,111.37000274658203,111.86000061035156,110.86000061035156,111.79000091552734,0
2026-01-09,112.12999725341797,112.77999877929688,111.70999908447266,112.05000305175781,0
2026-01-12,113.80000305175781,114.33999633789062,113.27999877929688,113.33000183105469,0
2026-01-13,114.47000122070312,114.91000366210938,113.4000015258789,113.75,0
2026-01-14,115.08999633789062,115.44999694824219,114.41999816894531,114.88999938964844,0
2026-01-15,113.94999694824219,114.18000030517578,113.08999633789062,114.0199966430664,0
2026-01-16,113.58999633789062,114.30999755859375,113.08000183105469,113.5,0
2026-01-20,116.05000305175781,116.05999755859375,114.80000305175781,114.87999725341797,0
2026-01-21,117.38999938964844,118.0199966430664,115.94999694824219,115.95999908447266,0
2026-01-22,117.7300033569336,117.98999786376953,116.93000030517578,117.44999694824219,0
2026-01-23,119.58000183105469,119.7300033569336,117.80000305175781,118.30999755859375,0
2026-01-26,121.51000213623047,121.86000061035156,120.54000091552734,121.04000091552734,0
2026-01-27,121.37000274658203,121.55000305175781,119.80000305175781,120.36000061035156,0
2026-01-28,122.88999938964844,123.30000305175781,122.05000305175781,122.73999786376953,0
2026-01-29,124.58999633789062,127.04000091552734,122.30999755859375,124.79000091552734,0
2026-01-30,120.69999694824219,123.44999694824219,119.56999969482422,123.05999755859375,0
2026-02-02,115.0999984741211,117.54000091552734,114.29000091552734,117.0199966430664,0
2026-02-03,117.81999969482422,118.44999694824219,115.6500015258789,115.73999786376953,0
2026-02-04,118.83999633789062,119.1500015258789,117.62000274658203,118.66999816894531,0
2026-02-05,117.69000244140625,118.4800033569336,116.3499984741211,116.80000305175781,0
2026-02-06,117.95999908447266,118.9000015258789,116.95999908447266,117.05999755859375,0
2026-02-09,118.44000244140625,118.80999755859375,117.30999755859375,117.58000183105469,0
2026-02-10,117.73999786376953,118.55999755859375,117.58000183105469,118.2300033569336,0
2026-02-11,118.8499984741211,119.45999908447266,118.20999908447266,118.41999816894531,0
2026-02-12,117.06999969482422,119.2699966430664,116.80999755859375,119.0999984741211,0
2026-02-13,117.3499984741211,117.4800033569336,116.3499984741211,117.30999755859375,0
2026-02-17,115.43000030517578,116.7699966430664,115.12999725341797,116.62999725341797,0
2026-02-18,117.80000305175781,117.87000274658203,115.69999694824219,115.70999908447266,0
2026-02-19,118.52999877929688,118.63999938964844,117.88999938964844,117.97000122070312,0
2026-02-20,119.69000244140625,120.13999938964844,118.58999633789062,118.70999908447266,0
2026-02-23,120.02999877929688,120.98999786376953,119.80000305175781,120.33000183105469,0
2026-02-24,119.8499984741211,120.56999969482422,119.70999908447266,120.51000213623047,0
2026-02-25,120.7699966430664,120.93000030517578,120.06999969482422,120.63999938964844,0
2026-02-26,120.27999877929688,120.80999755859375,119.55999755859375,120.4800033569336,0
2026-02-27,121.68000030517578,122.1500015258789,120.38999938964844,120.47000122070312,0
2026-03-02,123.80999755859375,126.23999786376953,123.12000274658203,123.86000061035156,0
2026-03-03,124.7300033569336,127.05999755859375,124.2699966430664,125.19999694824219,0
2026-03-04,124.56999969482422,126.77999877929688,124.11000061035156,125.08999633789062,0
2026-03-05,126.79000091552734,127.05999755859375,125.12999725341797,126.62999725341797,0
2026-03-06,131.49000549316406,131.92999267578125,126.51000213623047,126.55000305175781,0
2026-03-09,132.6699981689453,142.60000610351562,131.61000061035156,140.4600067138672,0
2026-03-10,129.72000122070312,131.60000610351562,127.08000183105469,129.22000122070312,0
2026-03-11,131.9600067138672,132.2100067138672,129.39999389648438,129.5500030517578,0
2026-03-12,135.0800018310547,135.60000610351562,133.49000549316406,134.33999633789062,0
2026-03-13,134.94000244140625,135.47999572753906,133.47999572753906,135.10000610351562,0
2026-03-16,132.35000610351562,135.3800048828125,132.1300048828125,134.64999389648438,0
2026-03-17,133.72999572753906,134.47000122070312,132.9499969482422,133.89999389648438,0
2026-03-18,134.47000122070312,135.07000732421875,131.9600067138672,133.07000732421875,0
2026-03-19,133.69000244140625,136.6300048828125,132.80999755859375,136.4499969482422,0
2026-03-20,134.11000061035156,134.82000732421875,132.6999969482422,133.00999450683594,0
2026-03-23,128.77999877929688,134.4499969482422,127.88999938964844,133.6199951171875,0
2026-03-24,130.8300018310547,131.24000549316406,129.2100067138672,129.82000732421875,0
2026-03-25,130.39999389648438,130.57000732421875,128.25,129.10000610351562,0
2026-03-26,131.97999572753906,132.4199981689453,130.50999450683594,130.72000122070312,0
2026-03-27,134.1699981689453,134.3699951171875,131.11000061035156,131.2100067138672,0
2026-03-30,135.00999450683594,136.16000366210938,134.85000610351562,135.2100067138672,0
2026-03-31,135.25,136.66000366210938,134.4199981689453,134.72000122070312,0
2026-04-01,134.55999755859375,136.00999450683594,133.0800018310547,135.92999267578125,0
2026-04-02,137.22999572753906,138.1300048828125,135.85000610351562,136.16000366210938,0
2026-04-06,137.91000366210938,138.47999572753906,136.52000427246094,137.83999633789062,0
2026-04-07,137.8300018310547,139.24000549316406,137.25,138.57000732421875,0
2026-04-08,131.47999572753906,132.2100067138672,130.39999389648438,131.4600067138672,0
2026-04-09,132.47999572753906,133.75,131.77999877929688,132.07000732421875,0
2026-04-10,132.13999938964844,133.08999633789062,131.92999267578125,132.47999572753906,0
2026-04-13,133.75,135.19000244140625,133.47999572753906,134.3300018310547,0
2026-04-14,132.9600067138672,134.07000732421875,132.6199951171875,133.2899932861328,0
2026-04-15,133.4199981689453,133.66000366210938,132.77999877929688,133.11000061035156,0
2026-04-16,134.38999938964844,134.69000244140625,133.49000549316406,133.50999450683594,0
2026-04-17,131.47999572753906,134.27999877929688,130.05999755859375,134.0399932861328,0
2026-04-20,132.97000122070312,133.3000030517578,132.14999389648438,132.8800048828125,0
2026-04-21,133.82000732421875,134.3800048828125,132.08999633789062,132.66000366210938,0
2026-04-22,135.52000427246094,135.92999267578125,133.7100067138672,134.0500030517578,0
2026-04-23,136.41000366210938,137.1199951171875,134.9600067138672,135.3699951171875,0
2026-04-24,136.1199951171875,137.07000732421875,135.38999938964844,136.69000244140625,0
2026-04-27,137.2100067138672,137.67999267578125,136.5500030517578,137.0500030517578,0
