Price,Close,High,Low,Open,Volume
Ticker,^SPGSCI,^SPGSCI,^SPGSCI,^SPGSCI,^SPGSCI
Date,,,,,
1984-01-03,211.8699951171875,211.8699951171875,211.8699951171875,211.8699951171875,0
1984-01-04,212.82000732421875,212.82000732421875,212.82000732421875,212.82000732421875,0
1984-01-05,213.55999755859375,213.55999755859375,213.55999755859375,213.55999755859375,0
1984-01-06,212.0800018310547,212.0800018310547,212.0800018310547,212.0800018310547,0
1984-01-09,211.91000366210938,211.91000366210938,211.91000366210938,211.91000366210938,0
1984-01-10,212.67999267578125,212.67999267578125,212.67999267578125,212.67999267578125,0
1984-01-11,212.1999969482422,212.1999969482422,212.1999969482422,212.1999969482422,0
1984-01-12,212.42999267578125,212.42999267578125,212.42999267578125,212.42999267578125,0
1984-01-13,212.97000122070312,212.97000122070312,212.97000122070312,212.97000122070312,0
1984-01-16,212.60000610351562,212.60000610351562,212.60000610351562,212.60000610351562,0
1984-01-17,213.3699951171875,213.3699951171875,213.3699951171875,213.3699951171875,0
1984-01-18,213.63999938964844,213.63999938964844,213.63999938964844,213.63999938964844,0
1984-01-19,213.52000427246094,213.52000427246094,213.52000427246094,213.52000427246094,0
1984-01-20,212.27999877929688,212.27999877929688,212.27999877929688,212.27999877929688,0
1984-01-23,211.17999267578125,211.17999267578125,211.17999267578125,211.17999267578125,0
1984-01-24,212.22000122070312,212.22000122070312,212.22000122070312,212.22000122070312,0
1984-01-25,211.72999572753906,211.72999572753906,211.72999572753906,211.72999572753906,0
1984-01-26,211.86000061035156,211.86000061035156,211.86000061035156,211.86000061035156,0
1984-01-27,215.02000427246094,215.02000427246094,215.02000427246094,215.02000427246094,0
1984-01-30,213.3800048828125,213.3800048828125,213.3800048828125,213.3800048828125,0
1984-01-31,211.52999877929688,211.52999877929688,211.52999877929688,211.52999877929688,0
1984-02-01,214.91000366210938,214.91000366210938,214.91000366210938,214.91000366210938,0
1984-02-02,212.77000427246094,212.77000427246094,212.77000427246094,212.77000427246094,0
1984-02-03,211.32000732421875,211.32000732421875,211.32000732421875,211.32000732421875,0
1984-02-06,209.86000061035156,209.86000061035156,209.86000061035156,209.86000061035156,0
1984-02-07,208.77999877929688,208.77999877929688,208.77999877929688,208.77999877929688,0
1984-02-08,208.63999938964844,208.63999938964844,208.63999938964844,208.63999938964844,0
1984-02-09,205.69000244140625,205.69000244140625,205.69000244140625,205.69000244140625,0
1984-02-10,203.35000610351562,203.35000610351562,203.35000610351562,203.35000610351562,0
1984-02-13,201.0399932861328,201.0399932861328,201.0399932861328,201.0399932861328,0
1984-02-14,200.47999572753906,200.47999572753906,200.47999572753906,200.47999572753906,0
1984-02-15,201.72000122070312,201.72000122070312,201.72000122070312,201.72000122070312,0
1984-02-16,201.75,201.75,201.75,201.75,0
1984-02-17,202.97999572753906,202.97999572753906,202.97999572753906,202.97999572753906,0
1984-02-21,202.80999755859375,202.80999755859375,202.80999755859375,202.80999755859375,0
1984-02-22,203.99000549316406,203.99000549316406,203.99000549316406,203.99000549316406,0
1984-02-23,203.75,203.75,203.75,203.75,0
1984-02-24,205.38999938964844,205.38999938964844,205.38999938964844,205.38999938964844,0
1984-02-27,207.83999633789062,207.83999633789062,207.83999633789062,207.83999633789062,0
1984-02-28,206.0800018310547,206.0800018310547,206.0800018310547,206.0800018310547,0
1984-02-29,207.32000732421875,207.32000732421875,207.32000732421875,207.32000732421875,0
1984-03-01,207.97999572753906,207.97999572753906,207.97999572753906,207.97999572753906,0
1984-03-02,209.61000061035156,209.61000061035156,209.61000061035156,209.61000061035156,0
1984-03-05,211.4199981689453,211.4199981689453,211.4199981689453,211.4199981689453,0
1984-03-06,212.1199951171875,212.1199951171875,212.1199951171875,212.1199951171875,0
1984-03-07,211.07000732421875,211.07000732421875,211.07000732421875,211.07000732421875,0
1984-03-08,212.47999572753906,212.47999572753906,212.47999572753906,212.47999572753906,0
1984-03-09,214.02999877929688,214.02999877929688,214.02999877929688,214.02999877929688,0
1984-03-12,213.1699981689453,213.1699981689453,213.1699981689453,213.1699981689453,0
1984-03-13,213.49000549316406,213.49000549316406,213.49000549316406,213.49000549316406,0
1984-03-14,212.3699951171875,212.3699951171875,212.3699951171875,212.3699951171875,0
1984-03-15,212.88999938964844,212.88999938964844,212.88999938964844,212.88999938964844,0
1984-03-16,211.7100067138672,211.7100067138672,211.7100067138672,211.7100067138672,0
1984-03-19,212.35000610351562,212.35000610351562,212.35000610351562,212.35000610351562,0
1984-03-20,211.89999389648438,211.89999389648438,211.89999389648438,211.89999389648438,0
1984-03-21,212.74000549316406,212.74000549316406,212.74000549316406,212.74000549316406,0
1984-03-22,214.86000061035156,214.86000061035156,214.86000061035156,214.86000061035156,0
1984-03-23,215.88999938964844,215.88999938964844,215.88999938964844,215.88999938964844,0
1984-03-26,216.72000122070312,216.72000122070312,216.72000122070312,216.72000122070312,0
1984-03-27,216.5,216.5,216.5,216.5,0
1984-03-28,216.3699951171875,216.3699951171875,216.3699951171875,216.3699951171875,0
1984-03-29,217.0800018310547,217.0800018310547,217.0800018310547,217.0800018310547,0
1984-03-30,217.17999267578125,217.17999267578125,217.17999267578125,217.17999267578125,0
1984-04-02,217.97999572753906,217.97999572753906,217.97999572753906,217.97999572753906,0
1984-04-03,218.83999633789062,218.83999633789062,218.83999633789062,218.83999633789062,0
1984-04-04,219.39999389648438,219.39999389648438,219.39999389648438,219.39999389648438,0
1984-04-05,216.9499969482422,216.9499969482422,216.9499969482422,216.9499969482422,0
1984-04-06,216.1999969482422,216.1999969482422,216.1999969482422,216.1999969482422,0
1984-04-09,215.97999572753906,215.97999572753906,215.97999572753906,215.97999572753906,0
1984-04-10,215.50999450683594,215.50999450683594,215.50999450683594,215.50999450683594,0
1984-04-11,214.89999389648438,214.89999389648438,214.89999389648438,214.89999389648438,0
1984-04-12,212.30999755859375,212.30999755859375,212.30999755859375,212.30999755859375,0
1984-04-13,213.13999938964844,213.13999938964844,213.13999938964844,213.13999938964844,0
1984-04-16,213.47000122070312,213.47000122070312,213.47000122070312,213.47000122070312,0
1984-04-17,213.27000427246094,213.27000427246094,213.27000427246094,213.27000427246094,0
1984-04-18,213.8699951171875,213.8699951171875,213.8699951171875,213.8699951171875,0
1984-04-19,214.25999450683594,214.25999450683594,214.25999450683594,214.25999450683594,0
1984-04-23,215.6999969482422,215.6999969482422,215.6999969482422,215.6999969482422,0
1984-04-24,214.6300048828125,214.6300048828125,214.6300048828125,214.6300048828125,0
1984-04-25,212.64999389648438,212.64999389648438,212.64999389648438,212.64999389648438,0
1984-04-26,211.6199951171875,211.6199951171875,211.6199951171875,211.6199951171875,0
1984-04-27,211.16000366210938,211.16000366210938,211.16000366210938,211.16000366210938,0
1984-04-30,210.72000122070312,210.72000122070312,210.72000122070312,210.72000122070312,0
1984-05-01,211.19000244140625,211.19000244140625,211.19000244140625,211.19000244140625,0
1984-05-02,212.85000610351562,212.85000610351562,212.85000610351562,212.85000610351562,0
1984-05-03,212.7899932861328,212.7899932861328,212.7899932861328,212.7899932861328,0
1984-05-04,213.5,213.5,213.5,213.5,0
1984-05-07,212.50999450683594,212.50999450683594,212.50999450683594,212.50999450683594,0
1984-05-08,212.72000122070312,212.72000122070312,212.72000122070312,212.72000122070312,0
1984-05-09,213.69000244140625,213.69000244140625,213.69000244140625,213.69000244140625,0
1984-05-10,214.10000610351562,214.10000610351562,214.10000610351562,214.10000610351562,0
1984-05-11,213.44000244140625,213.44000244140625,213.44000244140625,213.44000244140625,0
1984-05-14,213.72000122070312,213.72000122070312,213.72000122070312,213.72000122070312,0
1984-05-15,213.00999450683594,213.00999450683594,213.00999450683594,213.00999450683594,0
1984-05-16,215.67999267578125,215.67999267578125,215.67999267578125,215.67999267578125,0
1984-05-17,216.14999389648438,216.14999389648438,216.14999389648438,216.14999389648438,0
1984-05-18,218.1199951171875,218.1199951171875,218.1199951171875,218.1199951171875,0
1984-05-21,218.72000122070312,218.72000122070312,218.72000122070312,218.72000122070312,0
1984-05-22,217.83999633789062,217.83999633789062,217.83999633789062,217.83999633789062,0
1984-05-23,216.9600067138672,216.9600067138672,216.9600067138672,216.9600067138672,0
1984-05-24,217.1300048828125,217.1300048828125,217.1300048828125,217.1300048828125,0
1984-05-25,216.77999877929688,216.77999877929688,216.77999877929688,216.77999877929688,0
1984-05-29,215.11000061035156,215.11000061035156,215.11000061035156,215.11000061035156,0
1984-05-30,215.10000610351562,215.10000610351562,215.10000610351562,215.10000610351562,0
1984-05-31,214.5,214.5,214.5,214.5,0
1984-06-01,213.89999389648438,213.89999389648438,213.89999389648438,213.89999389648438,0
1984-06-04,213.80999755859375,213.80999755859375,213.80999755859375,213.80999755859375,0
1984-06-05,213.69000244140625,213.69000244140625,213.69000244140625,213.69000244140625,0
1984-06-06,213.16000366210938,213.16000366210938,213.16000366210938,213.16000366210938,0
1984-06-07,211.91000366210938,211.91000366210938,211.91000366210938,211.91000366210938,0
1984-06-08,210.64999389648438,210.64999389648438,210.64999389648438,210.64999389648438,0
1984-06-11,209.42999267578125,209.42999267578125,209.42999267578125,209.42999267578125,0
1984-06-12,208.85000610351562,208.85000610351562,208.85000610351562,208.85000610351562,0
1984-06-13,209.25,209.25,209.25,209.25,0
1984-06-14,208.94000244140625,208.94000244140625,208.94000244140625,208.94000244140625,0
1984-06-15,208.91000366210938,208.91000366210938,208.91000366210938,208.91000366210938,0
1984-06-18,209.24000549316406,209.24000549316406,209.24000549316406,209.24000549316406,0
1984-06-19,210.35000610351562,210.35000610351562,210.35000610351562,210.35000610351562,0
1984-06-20,209.80999755859375,209.80999755859375,209.80999755859375,209.80999755859375,0
1984-06-21,208.39999389648438,208.39999389648438,208.39999389648438,208.39999389648438,0
1984-06-22,206.97000122070312,206.97000122070312,206.97000122070312,206.97000122070312,0
1984-06-25,207.55999755859375,207.55999755859375,207.55999755859375,207.55999755859375,0
1984-06-26,205.69000244140625,205.69000244140625,205.69000244140625,205.69000244140625,0
1984-06-27,205.7100067138672,205.7100067138672,205.7100067138672,205.7100067138672,0
1984-06-28,206.42999267578125,206.42999267578125,206.42999267578125,206.42999267578125,0
1984-06-29,208.0,208.0,208.0,208.0,0
1984-07-02,205.86000061035156,205.86000061035156,205.86000061035156,205.86000061035156,0
1984-07-03,204.72999572753906,204.72999572753906,204.72999572753906,204.72999572753906,0
1984-07-05,203.27999877929688,203.27999877929688,203.27999877929688,203.27999877929688,0
1984-07-06,203.27000427246094,203.27000427246094,203.27000427246094,203.27000427246094,0
1984-07-09,203.52000427246094,203.52000427246094,203.52000427246094,203.52000427246094,0
1984-07-10,202.6999969482422,202.6999969482422,202.6999969482422,202.6999969482422,0
1984-07-11,201.02000427246094,201.02000427246094,201.02000427246094,201.02000427246094,0
1984-07-12,200.83999633789062,200.83999633789062,200.83999633789062,200.83999633789062,0
1984-07-13,200.47999572753906,200.47999572753906,200.47999572753906,200.47999572753906,0
1984-07-16,200.3699951171875,200.3699951171875,200.3699951171875,200.3699951171875,0
1984-07-17,199.82000732421875,199.82000732421875,199.82000732421875,199.82000732421875,0
1984-07-18,199.24000549316406,199.24000549316406,199.24000549316406,199.24000549316406,0
1984-07-19,198.72000122070312,198.72000122070312,198.72000122070312,198.72000122070312,0
1984-07-20,197.8699951171875,197.8699951171875,197.8699951171875,197.8699951171875,0
1984-07-23,195.75,195.75,195.75,195.75,0
1984-07-24,193.82000732421875,193.82000732421875,193.82000732421875,193.82000732421875,0
1984-07-25,192.69000244140625,192.69000244140625,192.69000244140625,192.69000244140625,0
1984-07-26,191.50999450683594,191.50999450683594,191.50999450683594,191.50999450683594,0
1984-07-27,190.5500030517578,190.5500030517578,190.5500030517578,190.5500030517578,0
1984-07-30,190.75,190.75,190.75,190.75,0
1984-07-31,190.9499969482422,190.9499969482422,190.9499969482422,190.9499969482422,0
1984-08-01,193.75999450683594,193.75999450683594,193.75999450683594,193.75999450683594,0
1984-08-02,196.42999267578125,196.42999267578125,196.42999267578125,196.42999267578125,0
1984-08-03,197.02999877929688,197.02999877929688,197.02999877929688,197.02999877929688,0
1984-08-06,197.39999389648438,197.39999389648438,197.39999389648438,197.39999389648438,0
1984-08-07,197.50999450683594,197.50999450683594,197.50999450683594,197.50999450683594,0
1984-08-08,197.14999389648438,197.14999389648438,197.14999389648438,197.14999389648438,0
1984-08-09,198.91000366210938,198.91000366210938,198.91000366210938,198.91000366210938,0
1984-08-10,198.17999267578125,198.17999267578125,198.17999267578125,198.17999267578125,0
1984-08-13,197.80999755859375,197.80999755859375,197.80999755859375,197.80999755859375,0
1984-08-14,199.0,199.0,199.0,199.0,0
1984-08-15,198.5800018310547,198.5800018310547,198.5800018310547,198.5800018310547,0
1984-08-16,199.5500030517578,199.5500030517578,199.5500030517578,199.5500030517578,0
1984-08-17,197.8300018310547,197.8300018310547,197.8300018310547,197.8300018310547,0
1984-08-20,196.39999389648438,196.39999389648438,196.39999389648438,196.39999389648438,0
1984-08-21,197.5399932861328,197.5399932861328,197.5399932861328,197.5399932861328,0
1984-08-22,199.0399932861328,199.0399932861328,199.0399932861328,199.0399932861328,0
1984-08-23,198.5800018310547,198.5800018310547,198.5800018310547,198.5800018310547,0
1984-08-24,199.9600067138672,199.9600067138672,199.9600067138672,199.9600067138672,0
1984-08-27,200.1999969482422,200.1999969482422,200.1999969482422,200.1999969482422,0
1984-08-28,199.97000122070312,199.97000122070312,199.97000122070312,199.97000122070312,0
1984-08-29,198.97999572753906,198.97999572753906,198.97999572753906,198.97999572753906,0
1984-08-30,198.5,198.5,198.5,198.5,0
1984-08-31,198.63999938964844,198.63999938964844,198.63999938964844,198.63999938964844,0
1984-09-04,197.97999572753906,197.97999572753906,197.97999572753906,197.97999572753906,0
1984-09-05,197.4600067138672,197.4600067138672,197.4600067138672,197.4600067138672,0
1984-09-06,198.60000610351562,198.60000610351562,198.60000610351562,198.60000610351562,0
1984-09-07,197.89999389648438,197.89999389648438,197.89999389648438,197.89999389648438,0
1984-09-10,200.02000427246094,200.02000427246094,200.02000427246094,200.02000427246094,0
1984-09-11,200.36000061035156,200.36000061035156,200.36000061035156,200.36000061035156,0
1984-09-12,201.1699981689453,201.1699981689453,201.1699981689453,201.1699981689453,0
1984-09-13,200.97999572753906,200.97999572753906,200.97999572753906,200.97999572753906,0
1984-09-14,200.6699981689453,200.6699981689453,200.6699981689453,200.6699981689453,0
1984-09-17,199.47999572753906,199.47999572753906,199.47999572753906,199.47999572753906,0
1984-09-18,200.07000732421875,200.07000732421875,200.07000732421875,200.07000732421875,0
1984-09-19,201.0399932861328,201.0399932861328,201.0399932861328,201.0399932861328,0
1984-09-20,200.66000366210938,200.66000366210938,200.66000366210938,200.66000366210938,0
1984-09-21,200.38999938964844,200.38999938964844,200.38999938964844,200.38999938964844,0
1984-09-24,199.7899932861328,199.7899932861328,199.7899932861328,199.7899932861328,0
1984-09-25,200.16000366210938,200.16000366210938,200.16000366210938,200.16000366210938,0
1984-09-26,199.97999572753906,199.97999572753906,199.97999572753906,199.97999572753906,0
1984-09-27,199.85000610351562,199.85000610351562,199.85000610351562,199.85000610351562,0
1984-09-28,199.16000366210938,199.16000366210938,199.16000366210938,199.16000366210938,0
1984-10-01,199.8699951171875,199.8699951171875,199.8699951171875,199.8699951171875,0
1984-10-02,199.94000244140625,199.94000244140625,199.94000244140625,199.94000244140625,0
1984-10-03,199.91000366210938,199.91000366210938,199.91000366210938,199.91000366210938,0
1984-10-04,199.92999267578125,199.92999267578125,199.92999267578125,199.92999267578125,0
1984-10-05,199.19000244140625,199.19000244140625,199.19000244140625,199.19000244140625,0
1984-10-08,199.16000366210938,199.16000366210938,199.16000366210938,199.16000366210938,0
1984-10-09,199.8000030517578,199.8000030517578,199.8000030517578,199.8000030517578,0
1984-10-10,199.88999938964844,199.88999938964844,199.88999938964844,199.88999938964844,0
1984-10-11,200.0399932861328,200.0399932861328,200.0399932861328,200.0399932861328,0
1984-10-12,199.27000427246094,199.27000427246094,199.27000427246094,199.27000427246094,0
1984-10-15,198.7899932861328,198.7899932861328,198.7899932861328,198.7899932861328,0
1984-10-16,198.60000610351562,198.60000610351562,198.60000610351562,198.60000610351562,0
1984-10-17,196.47000122070312,196.47000122070312,196.47000122070312,196.47000122070312,0
1984-10-18,195.0399932861328,195.0399932861328,195.0399932861328,195.0399932861328,0
1984-10-19,194.55999755859375,194.55999755859375,194.55999755859375,194.55999755859375,0
1984-10-22,196.32000732421875,196.32000732421875,196.32000732421875,196.32000732421875,0
1984-10-23,196.97000122070312,196.97000122070312,196.97000122070312,196.97000122070312,0
1984-10-24,198.2899932861328,198.2899932861328,198.2899932861328,198.2899932861328,0
1984-10-25,198.4499969482422,198.4499969482422,198.4499969482422,198.4499969482422,0
1984-10-26,198.9199981689453,198.9199981689453,198.9199981689453,198.9199981689453,0
1984-10-29,197.44000244140625,197.44000244140625,197.44000244140625,197.44000244140625,0
1984-10-30,197.33999633789062,197.33999633789062,197.33999633789062,197.33999633789062,0
1984-10-31,199.3300018310547,199.3300018310547,199.3300018310547,199.3300018310547,0
1984-11-01,200.9499969482422,200.9499969482422,200.9499969482422,200.9499969482422,0
1984-11-02,199.91000366210938,199.91000366210938,199.91000366210938,199.91000366210938,0
1984-11-05,199.9199981689453,199.9199981689453,199.9199981689453,199.9199981689453,0
1984-11-06,200.64999389648438,200.64999389648438,200.64999389648438,200.64999389648438,0
1984-11-07,201.5500030517578,201.5500030517578,201.5500030517578,201.5500030517578,0
1984-11-08,202.77000427246094,202.77000427246094,202.77000427246094,202.77000427246094,0
1984-11-09,202.67999267578125,202.67999267578125,202.67999267578125,202.67999267578125,0
1984-11-12,202.67999267578125,202.67999267578125,202.67999267578125,202.67999267578125,0
1984-11-13,202.92999267578125,202.92999267578125,202.92999267578125,202.92999267578125,0
1984-11-14,202.92999267578125,202.92999267578125,202.92999267578125,202.92999267578125,0
1984-11-15,202.9600067138672,202.9600067138672,202.9600067138672,202.9600067138672,0
1984-11-16,203.64999389648438,203.64999389648438,203.64999389648438,203.64999389648438,0
1984-11-19,202.52999877929688,202.52999877929688,202.52999877929688,202.52999877929688,0
1984-11-20,202.94000244140625,202.94000244140625,202.94000244140625,202.94000244140625,0
1984-11-21,203.22999572753906,203.22999572753906,203.22999572753906,203.22999572753906,0
1984-11-23,202.85000610351562,202.85000610351562,202.85000610351562,202.85000610351562,0
1984-11-26,200.4499969482422,200.4499969482422,200.4499969482422,200.4499969482422,0
1984-11-27,200.13999938964844,200.13999938964844,200.13999938964844,200.13999938964844,0
1984-11-28,200.2100067138672,200.2100067138672,200.2100067138672,200.2100067138672,0
1984-11-29,200.58999633789062,200.58999633789062,200.58999633789062,200.58999633789062,0
1984-11-30,200.60000610351562,200.60000610351562,200.60000610351562,200.60000610351562,0
1984-12-03,199.75,199.75,199.75,199.75,0
1984-12-04,200.1300048828125,200.1300048828125,200.1300048828125,200.1300048828125,0
1984-12-05,200.74000549316406,200.74000549316406,200.74000549316406,200.74000549316406,0
1984-12-06,200.69000244140625,200.69000244140625,200.69000244140625,200.69000244140625,0
1984-12-07,198.8699951171875,198.8699951171875,198.8699951171875,198.8699951171875,0
1984-12-10,197.22999572753906,197.22999572753906,197.22999572753906,197.22999572753906,0
1984-12-11,197.02000427246094,197.02000427246094,197.02000427246094,197.02000427246094,0
1984-12-12,196.63999938964844,196.63999938964844,196.63999938964844,196.63999938964844,0
1984-12-13,196.47999572753906,196.47999572753906,196.47999572753906,196.47999572753906,0
1984-12-14,196.38999938964844,196.38999938964844,196.38999938964844,196.38999938964844,0
1984-12-17,196.7100067138672,196.7100067138672,196.7100067138672,196.7100067138672,0
1984-12-18,196.27000427246094,196.27000427246094,196.27000427246094,196.27000427246094,0
1984-12-19,195.10000610351562,195.10000610351562,195.10000610351562,195.10000610351562,0
1984-12-20,194.5800018310547,194.5800018310547,194.5800018310547,194.5800018310547,0
1984-12-21,196.44000244140625,196.44000244140625,196.44000244140625,196.44000244140625,0
1984-12-24,197.0,197.0,197.0,197.0,0
1984-12-26,197.50999450683594,197.50999450683594,197.50999450683594,197.50999450683594,0
1984-12-27,195.77999877929688,195.77999877929688,195.77999877929688,195.77999877929688,0
1984-12-28,195.5,195.5,195.5,195.5,0
1984-12-31,195.52999877929688,195.52999877929688,195.52999877929688,195.52999877929688,0
1985-01-02,194.2100067138672,194.2100067138672,194.2100067138672,194.2100067138672,0
1985-01-03,193.14999389648438,193.14999389648438,193.14999389648438,193.14999389648438,0
1985-01-04,191.77999877929688,191.77999877929688,191.77999877929688,191.77999877929688,0
1985-01-07,193.27999877929688,193.27999877929688,193.27999877929688,193.27999877929688,0
1985-01-08,191.0,191.0,191.0,191.0,0
1985-01-09,191.6199951171875,191.6199951171875,191.6199951171875,191.6199951171875,0
1985-01-10,193.14999389648438,193.14999389648438,193.14999389648438,193.14999389648438,0
1985-01-11,192.6199951171875,192.6199951171875,192.6199951171875,192.6199951171875,0
1985-01-14,194.41000366210938,194.41000366210938,194.41000366210938,194.41000366210938,0
1985-01-15,193.8699951171875,193.8699951171875,193.8699951171875,193.8699951171875,0
1985-01-16,192.47999572753906,192.47999572753906,192.47999572753906,192.47999572753906,0
1985-01-17,193.5,193.5,193.5,193.5,0
1985-01-18,194.16000366210938,194.16000366210938,194.16000366210938,194.16000366210938,0
1985-01-21,194.3800048828125,194.3800048828125,194.3800048828125,194.3800048828125,0
1985-01-22,192.0399932861328,192.0399932861328,192.0399932861328,192.0399932861328,0
1985-01-23,191.97000122070312,191.97000122070312,191.97000122070312,191.97000122070312,0
1985-01-24,191.44000244140625,191.44000244140625,191.44000244140625,191.44000244140625,0
1985-01-25,191.5500030517578,191.5500030517578,191.5500030517578,191.5500030517578,0
1985-01-28,191.99000549316406,191.99000549316406,191.99000549316406,191.99000549316406,0
1985-01-29,192.61000061035156,192.61000061035156,192.61000061035156,192.61000061035156,0
1985-01-30,193.22999572753906,193.22999572753906,193.22999572753906,193.22999572753906,0
1985-01-31,193.77999877929688,193.77999877929688,193.77999877929688,193.77999877929688,0
1985-02-01,195.41000366210938,195.41000366210938,195.41000366210938,195.41000366210938,0
1985-02-04,194.99000549316406,194.99000549316406,194.99000549316406,194.99000549316406,0
1985-02-05,195.9199981689453,195.9199981689453,195.9199981689453,195.9199981689453,0
1985-02-06,194.27999877929688,194.27999877929688,194.27999877929688,194.27999877929688,0
1985-02-07,193.3300018310547,193.3300018310547,193.3300018310547,193.3300018310547,0
1985-02-08,193.63999938964844,193.63999938964844,193.63999938964844,193.63999938964844,0
1985-02-11,193.69000244140625,193.69000244140625,193.69000244140625,193.69000244140625,0
1985-02-12,192.02000427246094,192.02000427246094,192.02000427246094,192.02000427246094,0
1985-02-13,191.52000427246094,191.52000427246094,191.52000427246094,191.52000427246094,0
1985-02-14,190.8699951171875,190.8699951171875,190.8699951171875,190.8699951171875,0
1985-02-15,192.24000549316406,192.24000549316406,192.24000549316406,192.24000549316406,0
1985-02-19,190.5399932861328,190.5399932861328,190.5399932861328,190.5399932861328,0
1985-02-20,189.75,189.75,189.75,189.75,0
1985-02-21,189.19000244140625,189.19000244140625,189.19000244140625,189.19000244140625,0
1985-02-22,188.08999633789062,188.08999633789062,188.08999633789062,188.08999633789062,0
1985-02-25,185.82000732421875,185.82000732421875,185.82000732421875,185.82000732421875,0
1985-02-26,187.7899932861328,187.7899932861328,187.7899932861328,187.7899932861328,0
1985-02-27,188.1199951171875,188.1199951171875,188.1199951171875,188.1199951171875,0
1985-02-28,188.22999572753906,188.22999572753906,188.22999572753906,188.22999572753906,0
1985-03-01,189.41000366210938,189.41000366210938,189.41000366210938,189.41000366210938,0
1985-03-04,190.13999938964844,190.13999938964844,190.13999938964844,190.13999938964844,0
1985-03-05,189.1999969482422,189.1999969482422,189.1999969482422,189.1999969482422,0
1985-03-06,191.0,191.0,191.0,191.0,0
1985-03-07,191.69000244140625,191.69000244140625,191.69000244140625,191.69000244140625,0
1985-03-08,191.83999633789062,191.83999633789062,191.83999633789062,191.83999633789062,0
1985-03-11,191.97000122070312,191.97000122070312,191.97000122070312,191.97000122070312,0
1985-03-12,192.75999450683594,192.75999450683594,192.75999450683594,192.75999450683594,0
1985-03-13,193.38999938964844,193.38999938964844,193.38999938964844,193.38999938964844,0
1985-03-14,192.6699981689453,192.6699981689453,192.6699981689453,192.6699981689453,0
1985-03-15,192.72000122070312,192.72000122070312,192.72000122070312,192.72000122070312,0
1985-03-18,194.3800048828125,194.3800048828125,194.3800048828125,194.3800048828125,0
1985-03-19,196.5399932861328,196.5399932861328,196.5399932861328,196.5399932861328,0
1985-03-20,195.02999877929688,195.02999877929688,195.02999877929688,195.02999877929688,0
1985-03-21,197.17999267578125,197.17999267578125,197.17999267578125,197.17999267578125,0
1985-03-22,198.0399932861328,198.0399932861328,198.0399932861328,198.0399932861328,0
1985-03-25,197.99000549316406,197.99000549316406,197.99000549316406,197.99000549316406,0
1985-03-26,199.6300048828125,199.6300048828125,199.6300048828125,199.6300048828125,0
1985-03-27,199.35000610351562,199.35000610351562,199.35000610351562,199.35000610351562,0
1985-03-28,198.38999938964844,198.38999938964844,198.38999938964844,198.38999938964844,0
1985-03-29,197.9600067138672,197.9600067138672,197.9600067138672,197.9600067138672,0
1985-04-01,197.9499969482422,197.9499969482422,197.9499969482422,197.9499969482422,0
1985-04-02,197.58999633789062,197.58999633789062,197.58999633789062,197.58999633789062,0
1985-04-03,197.2899932861328,197.2899932861328,197.2899932861328,197.2899932861328,0
1985-04-04,198.2899932861328,198.2899932861328,198.2899932861328,198.2899932861328,0
1985-04-08,198.22999572753906,198.22999572753906,198.22999572753906,198.22999572753906,0
1985-04-09,198.02000427246094,198.02000427246094,198.02000427246094,198.02000427246094,0
1985-04-10,197.1199951171875,197.1199951171875,197.1199951171875,197.1199951171875,0
1985-04-11,194.66000366210938,194.66000366210938,194.66000366210938,194.66000366210938,0
1985-04-12,191.27999877929688,191.27999877929688,191.27999877929688,191.27999877929688,0
1985-04-15,191.97000122070312,191.97000122070312,191.97000122070312,191.97000122070312,0
1985-04-16,190.97999572753906,190.97999572753906,190.97999572753906,190.97999572753906,0
1985-04-17,189.39999389648438,189.39999389648438,189.39999389648438,189.39999389648438,0
1985-04-18,189.5800018310547,189.5800018310547,189.5800018310547,189.5800018310547,0
1985-04-19,190.4499969482422,190.4499969482422,190.4499969482422,190.4499969482422,0
1985-04-22,190.6699981689453,190.6699981689453,190.6699981689453,190.6699981689453,0
1985-04-23,189.25999450683594,189.25999450683594,189.25999450683594,189.25999450683594,0
1985-04-24,189.33999633789062,189.33999633789062,189.33999633789062,189.33999633789062,0
1985-04-25,188.61000061035156,188.61000061035156,188.61000061035156,188.61000061035156,0
1985-04-26,188.47999572753906,188.47999572753906,188.47999572753906,188.47999572753906,0
1985-04-29,188.97000122070312,188.97000122070312,188.97000122070312,188.97000122070312,0
1985-04-30,187.4199981689453,187.4199981689453,187.4199981689453,187.4199981689453,0
1985-05-01,186.97000122070312,186.97000122070312,186.97000122070312,186.97000122070312,0
1985-05-02,185.60000610351562,185.60000610351562,185.60000610351562,185.60000610351562,0
1985-05-03,183.27000427246094,183.27000427246094,183.27000427246094,183.27000427246094,0
1985-05-06,183.36000061035156,183.36000061035156,183.36000061035156,183.36000061035156,0
1985-05-07,183.55999755859375,183.55999755859375,183.55999755859375,183.55999755859375,0
1985-05-08,184.4600067138672,184.4600067138672,184.4600067138672,184.4600067138672,0
1985-05-09,186.4499969482422,186.4499969482422,186.4499969482422,186.4499969482422,0
1985-05-10,187.3800048828125,187.3800048828125,187.3800048828125,187.3800048828125,0
1985-05-13,187.72000122070312,187.72000122070312,187.72000122070312,187.72000122070312,0
1985-05-14,187.97999572753906,187.97999572753906,187.97999572753906,187.97999572753906,0
1985-05-15,188.1999969482422,188.1999969482422,188.1999969482422,188.1999969482422,0
1985-05-16,187.27999877929688,187.27999877929688,187.27999877929688,187.27999877929688,0
1985-05-17,187.07000732421875,187.07000732421875,187.07000732421875,187.07000732421875,0
1985-05-20,187.92999267578125,187.92999267578125,187.92999267578125,187.92999267578125,0
1985-05-21,187.49000549316406,187.49000549316406,187.49000549316406,187.49000549316406,0
1985-05-22,187.49000549316406,187.49000549316406,187.49000549316406,187.49000549316406,0
1985-05-23,188.4600067138672,188.4600067138672,188.4600067138672,188.4600067138672,0
1985-05-24,189.9499969482422,189.9499969482422,189.9499969482422,189.9499969482422,0
1985-05-28,187.9600067138672,187.9600067138672,187.9600067138672,187.9600067138672,0
1985-05-29,187.75999450683594,187.75999450683594,187.75999450683594,187.75999450683594,0
1985-05-30,186.97999572753906,186.97999572753906,186.97999572753906,186.97999572753906,0
1985-05-31,187.6199951171875,187.6199951171875,187.6199951171875,187.6199951171875,0
1985-06-03,187.92999267578125,187.92999267578125,187.92999267578125,187.92999267578125,0
1985-06-04,186.25999450683594,186.25999450683594,186.25999450683594,186.25999450683594,0
1985-06-05,184.77999877929688,184.77999877929688,184.77999877929688,184.77999877929688,0
1985-06-06,185.7100067138672,185.7100067138672,185.7100067138672,185.7100067138672,0
1985-06-07,185.92999267578125,185.92999267578125,185.92999267578125,185.92999267578125,0
1985-06-10,184.49000549316406,184.49000549316406,184.49000549316406,184.49000549316406,0
1985-06-11,184.89999389648438,184.89999389648438,184.89999389648438,184.89999389648438,0
1985-06-12,184.97000122070312,184.97000122070312,184.97000122070312,184.97000122070312,0
1985-06-13,184.88999938964844,184.88999938964844,184.88999938964844,184.88999938964844,0
1985-06-14,184.2100067138672,184.2100067138672,184.2100067138672,184.2100067138672,0
1985-06-17,183.6199951171875,183.6199951171875,183.6199951171875,183.6199951171875,0
1985-06-18,183.35000610351562,183.35000610351562,183.35000610351562,183.35000610351562,0
1985-06-19,183.1300048828125,183.1300048828125,183.1300048828125,183.1300048828125,0
1985-06-20,181.77000427246094,181.77000427246094,181.77000427246094,181.77000427246094,0
1985-06-21,181.75,181.75,181.75,181.75,0
1985-06-24,179.8300018310547,179.8300018310547,179.8300018310547,179.8300018310547,0
1985-06-25,179.64999389648438,179.64999389648438,179.64999389648438,179.64999389648438,0
1985-06-26,179.99000549316406,179.99000549316406,179.99000549316406,179.99000549316406,0
1985-06-27,180.02999877929688,180.02999877929688,180.02999877929688,180.02999877929688,0
1985-06-28,180.0500030517578,180.0500030517578,180.0500030517578,180.0500030517578,0
1985-07-01,177.16000366210938,177.16000366210938,177.16000366210938,177.16000366210938,0
1985-07-02,178.38999938964844,178.38999938964844,178.38999938964844,178.38999938964844,0
1985-07-03,178.8300018310547,178.8300018310547,178.8300018310547,178.8300018310547,0
1985-07-05,180.0500030517578,180.0500030517578,180.0500030517578,180.0500030517578,0
1985-07-08,178.64999389648438,178.64999389648438,178.64999389648438,178.64999389648438,0
1985-07-09,178.72999572753906,178.72999572753906,178.72999572753906,178.72999572753906,0
1985-07-10,179.75999450683594,179.75999450683594,179.75999450683594,179.75999450683594,0
1985-07-11,178.6999969482422,178.6999969482422,178.6999969482422,178.6999969482422,0
1985-07-12,177.72999572753906,177.72999572753906,177.72999572753906,177.72999572753906,0
1985-07-15,176.3800048828125,176.3800048828125,176.3800048828125,176.3800048828125,0
1985-07-16,176.92999267578125,176.92999267578125,176.92999267578125,176.92999267578125,0
1985-07-17,176.85000610351562,176.85000610351562,176.85000610351562,176.85000610351562,0
1985-07-18,176.22000122070312,176.22000122070312,176.22000122070312,176.22000122070312,0
1985-07-19,173.9499969482422,173.9499969482422,173.9499969482422,173.9499969482422,0
1985-07-22,173.8300018310547,173.8300018310547,173.8300018310547,173.8300018310547,0
1985-07-23,173.57000732421875,173.57000732421875,173.57000732421875,173.57000732421875,0
1985-07-24,173.24000549316406,173.24000549316406,173.24000549316406,173.24000549316406,0
1985-07-25,174.6999969482422,174.6999969482422,174.6999969482422,174.6999969482422,0
1985-07-26,173.97999572753906,173.97999572753906,173.97999572753906,173.97999572753906,0
1985-07-29,172.27999877929688,172.27999877929688,172.27999877929688,172.27999877929688,0
1985-07-30,172.25999450683594,172.25999450683594,172.25999450683594,172.25999450683594,0
1985-07-31,173.5800018310547,173.5800018310547,173.5800018310547,173.5800018310547,0
1985-08-01,173.6999969482422,173.6999969482422,173.6999969482422,173.6999969482422,0
1985-08-02,173.92999267578125,173.92999267578125,173.92999267578125,173.92999267578125,0
1985-08-05,175.35000610351562,175.35000610351562,175.35000610351562,175.35000610351562,0
1985-08-06,174.66000366210938,174.66000366210938,174.66000366210938,174.66000366210938,0
1985-08-07,174.49000549316406,174.49000549316406,174.49000549316406,174.49000549316406,0
1985-08-08,174.5800018310547,174.5800018310547,174.5800018310547,174.5800018310547,0
1985-08-09,175.4499969482422,175.4499969482422,175.4499969482422,175.4499969482422,0
1985-08-12,176.6300048828125,176.6300048828125,176.6300048828125,176.6300048828125,0
1985-08-13,175.02000427246094,175.02000427246094,175.02000427246094,175.02000427246094,0
1985-08-14,176.49000549316406,176.49000549316406,176.49000549316406,176.49000549316406,0
1985-08-15,177.8800048828125,177.8800048828125,177.8800048828125,177.8800048828125,0
1985-08-16,176.75,176.75,176.75,176.75,0
1985-08-19,174.57000732421875,174.57000732421875,174.57000732421875,174.57000732421875,0
1985-08-20,174.25999450683594,174.25999450683594,174.25999450683594,174.25999450683594,0
1985-08-21,175.27000427246094,175.27000427246094,175.27000427246094,175.27000427246094,0
1985-08-22,174.7100067138672,174.7100067138672,174.7100067138672,174.7100067138672,0
1985-08-23,175.66000366210938,175.66000366210938,175.66000366210938,175.66000366210938,0
1985-08-26,175.1999969482422,175.1999969482422,175.1999969482422,175.1999969482422,0
1985-08-27,176.32000732421875,176.32000732421875,176.32000732421875,176.32000732421875,0
1985-08-28,175.72999572753906,175.72999572753906,175.72999572753906,175.72999572753906,0
1985-08-29,175.02000427246094,175.02000427246094,175.02000427246094,175.02000427246094,0
1985-08-30,176.50999450683594,176.50999450683594,176.50999450683594,176.50999450683594,0
1985-09-03,175.67999267578125,175.67999267578125,175.67999267578125,175.67999267578125,0
1985-09-04,176.0500030517578,176.0500030517578,176.0500030517578,176.0500030517578,0
1985-09-05,175.85000610351562,175.85000610351562,175.85000610351562,175.85000610351562,0
1985-09-06,176.85000610351562,176.85000610351562,176.85000610351562,176.85000610351562,0
1985-09-09,174.75999450683594,174.75999450683594,174.75999450683594,174.75999450683594,0
1985-09-10,177.52999877929688,177.52999877929688,177.52999877929688,177.52999877929688,0
1985-09-11,177.41000366210938,177.41000366210938,177.41000366210938,177.41000366210938,0
1985-09-12,179.47999572753906,179.47999572753906,179.47999572753906,179.47999572753906,0
1985-09-13,179.42999267578125,179.42999267578125,179.42999267578125,179.42999267578125,0
1985-09-16,180.50999450683594,180.50999450683594,180.50999450683594,180.50999450683594,0
1985-09-17,181.75,181.75,181.75,181.75,0
1985-09-18,183.14999389648438,183.14999389648438,183.14999389648438,183.14999389648438,0
1985-09-19,183.17999267578125,183.17999267578125,183.17999267578125,183.17999267578125,0
1985-09-20,183.80999755859375,183.80999755859375,183.80999755859375,183.80999755859375,0
1985-09-23,185.24000549316406,185.24000549316406,185.24000549316406,185.24000549316406,0
1985-09-24,186.07000732421875,186.07000732421875,186.07000732421875,186.07000732421875,0
1985-09-25,186.52999877929688,186.52999877929688,186.52999877929688,186.52999877929688,0
1985-09-26,187.27999877929688,187.27999877929688,187.27999877929688,187.27999877929688,0
1985-09-30,188.5500030517578,188.5500030517578,188.5500030517578,188.5500030517578,0
1985-10-01,189.08999633789062,189.08999633789062,189.08999633789062,189.08999633789062,0
1985-10-02,190.00999450683594,190.00999450683594,190.00999450683594,190.00999450683594,0
1985-10-03,191.0800018310547,191.0800018310547,191.0800018310547,191.0800018310547,0
1985-10-04,190.6300048828125,190.6300048828125,190.6300048828125,190.6300048828125,0
1985-10-07,190.42999267578125,190.42999267578125,190.42999267578125,190.42999267578125,0
1985-10-08,192.13999938964844,192.13999938964844,192.13999938964844,192.13999938964844,0
1985-10-09,190.38999938964844,190.38999938964844,190.38999938964844,190.38999938964844,0
1985-10-10,189.8300018310547,189.8300018310547,189.8300018310547,189.8300018310547,0
1985-10-11,191.52999877929688,191.52999877929688,191.52999877929688,191.52999877929688,0
1985-10-14,192.07000732421875,192.07000732421875,192.07000732421875,192.07000732421875,0
1985-10-15,192.5399932861328,192.5399932861328,192.5399932861328,192.5399932861328,0
1985-10-16,192.36000061035156,192.36000061035156,192.36000061035156,192.36000061035156,0
1985-10-17,193.16000366210938,193.16000366210938,193.16000366210938,193.16000366210938,0
1985-10-18,193.88999938964844,193.88999938964844,193.88999938964844,193.88999938964844,0
1985-10-21,194.91000366210938,194.91000366210938,194.91000366210938,194.91000366210938,0
1985-10-22,195.57000732421875,195.57000732421875,195.57000732421875,195.57000732421875,0
1985-10-23,196.60000610351562,196.60000610351562,196.60000610351562,196.60000610351562,0
1985-10-24,197.0800018310547,197.0800018310547,197.0800018310547,197.0800018310547,0
1985-10-25,197.36000061035156,197.36000061035156,197.36000061035156,197.36000061035156,0
1985-10-28,197.8699951171875,197.8699951171875,197.8699951171875,197.8699951171875,0
1985-10-29,198.36000061035156,198.36000061035156,198.36000061035156,198.36000061035156,0
1985-10-30,198.97000122070312,198.97000122070312,198.97000122070312,198.97000122070312,0
1985-10-31,201.02000427246094,201.02000427246094,201.02000427246094,201.02000427246094,0
1985-11-01,202.13999938964844,202.13999938964844,202.13999938964844,202.13999938964844,0
1985-11-04,200.9600067138672,200.9600067138672,200.9600067138672,200.9600067138672,0
1985-11-05,200.52999877929688,200.52999877929688,200.52999877929688,200.52999877929688,0
1985-11-06,200.42999267578125,200.42999267578125,200.42999267578125,200.42999267578125,0
1985-11-07,200.64999389648438,200.64999389648438,200.64999389648438,200.64999389648438,0
1985-11-08,200.1699981689453,200.1699981689453,200.1699981689453,200.1699981689453,0
1985-11-11,201.02999877929688,201.02999877929688,201.02999877929688,201.02999877929688,0
1985-11-12,199.55999755859375,199.55999755859375,199.55999755859375,199.55999755859375,0
1985-11-13,197.64999389648438,197.64999389648438,197.64999389648438,197.64999389648438,0
1985-11-14,198.49000549316406,198.49000549316406,198.49000549316406,198.49000549316406,0
1985-11-15,196.5800018310547,196.5800018310547,196.5800018310547,196.5800018310547,0
1985-11-18,196.86000061035156,196.86000061035156,196.86000061035156,196.86000061035156,0
1985-11-19,198.38999938964844,198.38999938964844,198.38999938964844,198.38999938964844,0
1985-11-20,198.9499969482422,198.9499969482422,198.9499969482422,198.9499969482422,0
1985-11-21,200.86000061035156,200.86000061035156,200.86000061035156,200.86000061035156,0
1985-11-22,201.0500030517578,201.0500030517578,201.0500030517578,201.0500030517578,0
1985-11-25,201.02000427246094,201.02000427246094,201.02000427246094,201.02000427246094,0
1985-11-26,201.75999450683594,201.75999450683594,201.75999450683594,201.75999450683594,0
1985-11-27,200.6199951171875,200.6199951171875,200.6199951171875,200.6199951171875,0
1985-11-29,201.55999755859375,201.55999755859375,201.55999755859375,201.55999755859375,0
1985-12-02,201.86000061035156,201.86000061035156,201.86000061035156,201.86000061035156,0
1985-12-03,200.32000732421875,200.32000732421875,200.32000732421875,200.32000732421875,0
1985-12-04,199.27999877929688,199.27999877929688,199.27999877929688,199.27999877929688,0
1985-12-05,200.35000610351562,200.35000610351562,200.35000610351562,200.35000610351562,0
1985-12-06,198.3699951171875,198.3699951171875,198.3699951171875,198.3699951171875,0
1985-12-09,196.77000427246094,196.77000427246094,196.77000427246094,196.77000427246094,0
1985-12-10,192.6699981689453,192.6699981689453,192.6699981689453,192.6699981689453,0
1985-12-11,194.0800018310547,194.0800018310547,194.0800018310547,194.0800018310547,0
1985-12-12,195.0800018310547,195.0800018310547,195.0800018310547,195.0800018310547,0
1985-12-13,196.22000122070312,196.22000122070312,196.22000122070312,196.22000122070312,0
1985-12-16,194.88999938964844,194.88999938964844,194.88999938964844,194.88999938964844,0
1985-12-17,192.3000030517578,192.3000030517578,192.3000030517578,192.3000030517578,0
1985-12-18,191.8699951171875,191.8699951171875,191.8699951171875,191.8699951171875,0
1985-12-19,195.0399932861328,195.0399932861328,195.0399932861328,195.0399932861328,0
1985-12-20,195.33999633789062,195.33999633789062,195.33999633789062,195.33999633789062,0
1985-12-23,194.9199981689453,194.9199981689453,194.9199981689453,194.9199981689453,0
1985-12-24,196.8300018310547,196.8300018310547,196.8300018310547,196.8300018310547,0
1985-12-26,198.24000549316406,198.24000549316406,198.24000549316406,198.24000549316406,0
1985-12-27,198.11000061035156,198.11000061035156,198.11000061035156,198.11000061035156,0
1985-12-30,196.07000732421875,196.07000732421875,196.07000732421875,196.07000732421875,0
1985-12-31,196.0399932861328,196.0399932861328,196.0399932861328,196.0399932861328,0
1986-01-02,192.97999572753906,192.97999572753906,192.97999572753906,192.97999572753906,0
1986-01-03,191.0800018310547,191.0800018310547,191.0800018310547,191.0800018310547,0
1986-01-06,193.0800018310547,193.0800018310547,193.0800018310547,193.0800018310547,0
1986-01-07,192.77000427246094,192.77000427246094,192.77000427246094,192.77000427246094,0
1986-01-08,188.75999450683594,188.75999450683594,188.75999450683594,188.75999450683594,0
1986-01-09,187.5,187.5,187.5,187.5,0
1986-01-10,187.94000244140625,187.94000244140625,187.94000244140625,187.94000244140625,0
1986-01-13,182.97999572753906,182.97999572753906,182.97999572753906,182.97999572753906,0
1986-01-14,181.82000732421875,181.82000732421875,181.82000732421875,181.82000732421875,0
1986-01-15,182.6999969482422,182.6999969482422,182.6999969482422,182.6999969482422,0
1986-01-16,180.63999938964844,180.63999938964844,180.63999938964844,180.63999938964844,0
1986-01-17,178.97000122070312,178.97000122070312,178.97000122070312,178.97000122070312,0
1986-01-20,178.41000366210938,178.41000366210938,178.41000366210938,178.41000366210938,0
1986-01-21,175.9600067138672,175.9600067138672,175.9600067138672,175.9600067138672,0
1986-01-22,176.1300048828125,176.1300048828125,176.1300048828125,176.1300048828125,0
1986-01-23,177.85000610351562,177.85000610351562,177.85000610351562,177.85000610351562,0
1986-01-24,176.61000061035156,176.61000061035156,176.61000061035156,176.61000061035156,0
1986-01-27,178.4199981689453,178.4199981689453,178.4199981689453,178.4199981689453,0
1986-01-28,177.88999938964844,177.88999938964844,177.88999938964844,177.88999938964844,0
1986-01-29,176.75999450683594,176.75999450683594,176.75999450683594,176.75999450683594,0
1986-01-30,176.13999938964844,176.13999938964844,176.13999938964844,176.13999938964844,0
1986-01-31,173.94000244140625,173.94000244140625,173.94000244140625,173.94000244140625,0
1986-02-03,169.22999572753906,169.22999572753906,169.22999572753906,169.22999572753906,0
1986-02-04,163.9199981689453,163.9199981689453,163.9199981689453,163.9199981689453,0
1986-02-05,168.2899932861328,168.2899932861328,168.2899932861328,168.2899932861328,0
1986-02-06,167.97999572753906,167.97999572753906,167.97999572753906,167.97999572753906,0
1986-02-07,172.57000732421875,172.57000732421875,172.57000732421875,172.57000732421875,0
1986-02-10,168.8300018310547,168.8300018310547,168.8300018310547,168.8300018310547,0
1986-02-11,166.7100067138672,166.7100067138672,166.7100067138672,166.7100067138672,0
1986-02-12,165.0500030517578,165.0500030517578,165.0500030517578,165.0500030517578,0
1986-02-13,164.6699981689453,164.6699981689453,164.6699981689453,164.6699981689453,0
1986-02-14,164.00999450683594,164.00999450683594,164.00999450683594,164.00999450683594,0
1986-02-18,161.75,161.75,161.75,161.75,0
1986-02-19,162.49000549316406,162.49000549316406,162.49000549316406,162.49000549316406,0
1986-02-20,161.35000610351562,161.35000610351562,161.35000610351562,161.35000610351562,0
1986-02-21,161.55999755859375,161.55999755859375,161.55999755859375,161.55999755859375,0
1986-02-24,164.5800018310547,164.5800018310547,164.5800018310547,164.5800018310547,0
1986-02-25,167.52000427246094,167.52000427246094,167.52000427246094,167.52000427246094,0
1986-02-26,166.72000122070312,166.72000122070312,166.72000122070312,166.72000122070312,0
1986-02-27,164.41000366210938,164.41000366210938,164.41000366210938,164.41000366210938,0
1986-02-28,162.9199981689453,162.9199981689453,162.9199981689453,162.9199981689453,0
1986-03-03,159.89999389648438,159.89999389648438,159.89999389648438,159.89999389648438,0
1986-03-04,161.47000122070312,161.47000122070312,161.47000122070312,161.47000122070312,0
1986-03-05,162.19000244140625,162.19000244140625,162.19000244140625,162.19000244140625,0
1986-03-06,165.97999572753906,165.97999572753906,165.97999572753906,165.97999572753906,0
1986-03-07,162.75999450683594,162.75999450683594,162.75999450683594,162.75999450683594,0
1986-03-10,164.22999572753906,164.22999572753906,164.22999572753906,164.22999572753906,0
1986-03-11,164.91000366210938,164.91000366210938,164.91000366210938,164.91000366210938,0
1986-03-12,167.85000610351562,167.85000610351562,167.85000610351562,167.85000610351562,0
1986-03-13,165.94000244140625,165.94000244140625,165.94000244140625,165.94000244140625,0
1986-03-14,164.57000732421875,164.57000732421875,164.57000732421875,164.57000732421875,0
1986-03-17,166.3300018310547,166.3300018310547,166.3300018310547,166.3300018310547,0
1986-03-18,166.66000366210938,166.66000366210938,166.66000366210938,166.66000366210938,0
1986-03-19,166.86000061035156,166.86000061035156,166.86000061035156,166.86000061035156,0
1986-03-20,167.02999877929688,167.02999877929688,167.02999877929688,167.02999877929688,0
1986-03-21,168.8800048828125,168.8800048828125,168.8800048828125,168.8800048828125,0
1986-03-24,165.72000122070312,165.72000122070312,165.72000122070312,165.72000122070312,0
1986-03-25,166.9499969482422,166.9499969482422,166.9499969482422,166.9499969482422,0
1986-03-26,165.0399932861328,165.0399932861328,165.0399932861328,165.0399932861328,0
1986-03-27,163.61000061035156,163.61000061035156,163.61000061035156,163.61000061035156,0
1986-03-31,160.0399932861328,160.0399932861328,160.0399932861328,160.0399932861328,0
1986-04-01,160.3800048828125,160.3800048828125,160.3800048828125,160.3800048828125,0
1986-04-02,160.08999633789062,160.08999633789062,160.08999633789062,160.08999633789062,0
1986-04-03,157.7100067138672,157.7100067138672,157.7100067138672,157.7100067138672,0
1986-04-04,158.0399932861328,158.0399932861328,158.0399932861328,158.0399932861328,0
1986-04-07,160.99000549316406,160.99000549316406,160.99000549316406,160.99000549316406,0
1986-04-08,155.91000366210938,155.91000366210938,155.91000366210938,155.91000366210938,0
1986-04-09,156.50999450683594,156.50999450683594,156.50999450683594,156.50999450683594,0
1986-04-10,156.0,156.0,156.0,156.0,0
1986-04-11,156.14999389648438,156.14999389648438,156.14999389648438,156.14999389648438,0
1986-04-14,154.88999938964844,154.88999938964844,154.88999938964844,154.88999938964844,0
1986-04-15,152.86000061035156,152.86000061035156,152.86000061035156,152.86000061035156,0
1986-04-16,149.9499969482422,149.9499969482422,149.9499969482422,149.9499969482422,0
1986-04-17,152.24000549316406,152.24000549316406,152.24000549316406,152.24000549316406,0
1986-04-18,153.16000366210938,153.16000366210938,153.16000366210938,153.16000366210938,0
1986-04-21,153.60000610351562,153.60000610351562,153.60000610351562,153.60000610351562,0
1986-04-22,155.47999572753906,155.47999572753906,155.47999572753906,155.47999572753906,0
1986-04-23,156.0500030517578,156.0500030517578,156.0500030517578,156.0500030517578,0
1986-04-24,157.14999389648438,157.14999389648438,157.14999389648438,157.14999389648438,0
1986-04-25,157.88999938964844,157.88999938964844,157.88999938964844,157.88999938964844,0
1986-04-28,158.32000732421875,158.32000732421875,158.32000732421875,158.32000732421875,0
1986-04-29,160.8300018310547,160.8300018310547,160.8300018310547,160.8300018310547,0
1986-04-30,163.5,163.5,163.5,163.5,0
1986-05-01,161.35000610351562,161.35000610351562,161.35000610351562,161.35000610351562,0
1986-05-02,162.16000366210938,162.16000366210938,162.16000366210938,162.16000366210938,0
1986-05-05,162.7100067138672,162.7100067138672,162.7100067138672,162.7100067138672,0
1986-05-06,163.16000366210938,163.16000366210938,163.16000366210938,163.16000366210938,0
1986-05-07,163.8800048828125,163.8800048828125,163.8800048828125,163.8800048828125,0
1986-05-08,167.02000427246094,167.02000427246094,167.02000427246094,167.02000427246094,0
1986-05-09,166.4199981689453,166.4199981689453,166.4199981689453,166.4199981689453,0
1986-05-12,163.02000427246094,163.02000427246094,163.02000427246094,163.02000427246094,0
1986-05-13,163.39999389648438,163.39999389648438,163.39999389648438,163.39999389648438,0
1986-05-14,162.94000244140625,162.94000244140625,162.94000244140625,162.94000244140625,0
1986-05-15,161.55999755859375,161.55999755859375,161.55999755859375,161.55999755859375,0
1986-05-16,160.97999572753906,160.97999572753906,160.97999572753906,160.97999572753906,0
1986-05-19,161.02999877929688,161.02999877929688,161.02999877929688,161.02999877929688,0
1986-05-20,158.25,158.25,158.25,158.25,0
1986-05-21,156.39999389648438,156.39999389648438,156.39999389648438,156.39999389648438,0
1986-05-22,157.38999938964844,157.38999938964844,157.38999938964844,157.38999938964844,0
1986-05-23,158.8300018310547,158.8300018310547,158.8300018310547,158.8300018310547,0
1986-05-27,157.41000366210938,157.41000366210938,157.41000366210938,157.41000366210938,0
1986-05-28,157.85000610351562,157.85000610351562,157.85000610351562,157.85000610351562,0
1986-05-29,156.27999877929688,156.27999877929688,156.27999877929688,156.27999877929688,0
1986-05-30,154.10000610351562,154.10000610351562,154.10000610351562,154.10000610351562,0
1986-06-02,153.2100067138672,153.2100067138672,153.2100067138672,153.2100067138672,0
1986-06-03,152.50999450683594,152.50999450683594,152.50999450683594,152.50999450683594,0
1986-06-04,151.1300048828125,151.1300048828125,151.1300048828125,151.1300048828125,0
1986-06-05,154.02000427246094,154.02000427246094,154.02000427246094,154.02000427246094,0
1986-06-06,153.24000549316406,153.24000549316406,153.24000549316406,153.24000549316406,0
1986-06-09,150.16000366210938,150.16000366210938,150.16000366210938,150.16000366210938,0
1986-06-10,148.11000061035156,148.11000061035156,148.11000061035156,148.11000061035156,0
1986-06-11,147.72999572753906,147.72999572753906,147.72999572753906,147.72999572753906,0
1986-06-12,147.74000549316406,147.74000549316406,147.74000549316406,147.74000549316406,0
1986-06-13,148.67999267578125,148.67999267578125,148.67999267578125,148.67999267578125,0
1986-06-16,146.69000244140625,146.69000244140625,146.69000244140625,146.69000244140625,0
1986-06-17,147.80999755859375,147.80999755859375,147.80999755859375,147.80999755859375,0
1986-06-18,149.47999572753906,149.47999572753906,149.47999572753906,149.47999572753906,0
1986-06-19,150.3000030517578,150.3000030517578,150.3000030517578,150.3000030517578,0
1986-06-20,150.4199981689453,150.4199981689453,150.4199981689453,150.4199981689453,0
1986-06-23,149.92999267578125,149.92999267578125,149.92999267578125,149.92999267578125,0
1986-06-24,151.00999450683594,151.00999450683594,151.00999450683594,151.00999450683594,0
1986-06-25,153.02999877929688,153.02999877929688,153.02999877929688,153.02999877929688,0
1986-06-26,153.8699951171875,153.8699951171875,153.8699951171875,153.8699951171875,0
1986-06-27,154.6999969482422,154.6999969482422,154.6999969482422,154.6999969482422,0
1986-06-30,152.4499969482422,152.4499969482422,152.4499969482422,152.4499969482422,0
1986-07-01,151.14999389648438,151.14999389648438,151.14999389648438,151.14999389648438,0
1986-07-02,151.47999572753906,151.47999572753906,151.47999572753906,151.47999572753906,0
1986-07-03,152.08999633789062,152.08999633789062,152.08999633789062,152.08999633789062,0
1986-07-07,148.50999450683594,148.50999450683594,148.50999450683594,148.50999450683594,0
1986-07-08,146.69000244140625,146.69000244140625,146.69000244140625,146.69000244140625,0
1986-07-09,146.0500030517578,146.0500030517578,146.0500030517578,146.0500030517578,0
1986-07-10,145.55999755859375,145.55999755859375,145.55999755859375,145.55999755859375,0
1986-07-11,144.3300018310547,144.3300018310547,144.3300018310547,144.3300018310547,0
1986-07-14,145.13999938964844,145.13999938964844,145.13999938964844,145.13999938964844,0
1986-07-15,148.3000030517578,148.3000030517578,148.3000030517578,148.3000030517578,0
1986-07-16,151.47000122070312,151.47000122070312,151.47000122070312,151.47000122070312,0
1986-07-17,149.25999450683594,149.25999450683594,149.25999450683594,149.25999450683594,0
1986-07-18,150.89999389648438,150.89999389648438,150.89999389648438,150.89999389648438,0
1986-07-21,152.61000061035156,152.61000061035156,152.61000061035156,152.61000061035156,0
1986-07-22,150.8699951171875,150.8699951171875,150.8699951171875,150.8699951171875,0
1986-07-23,150.17999267578125,150.17999267578125,150.17999267578125,150.17999267578125,0
1986-07-24,150.1199951171875,150.1199951171875,150.1199951171875,150.1199951171875,0
1986-07-25,150.88999938964844,150.88999938964844,150.88999938964844,150.88999938964844,0
1986-07-28,153.22999572753906,153.22999572753906,153.22999572753906,153.22999572753906,0
1986-07-29,153.41000366210938,153.41000366210938,153.41000366210938,153.41000366210938,0
1986-07-30,152.4499969482422,152.4499969482422,152.4499969482422,152.4499969482422,0
1986-07-31,150.35000610351562,150.35000610351562,150.35000610351562,150.35000610351562,0
1986-08-01,151.77999877929688,151.77999877929688,151.77999877929688,151.77999877929688,0
1986-08-04,154.52999877929688,154.52999877929688,154.52999877929688,154.52999877929688,0
1986-08-05,155.8800048828125,155.8800048828125,155.8800048828125,155.8800048828125,0
1986-08-06,154.94000244140625,154.94000244140625,154.94000244140625,154.94000244140625,0
1986-08-07,157.1199951171875,157.1199951171875,157.1199951171875,157.1199951171875,0
1986-08-08,157.0,157.0,157.0,157.0,0
1986-08-11,157.3800048828125,157.3800048828125,157.3800048828125,157.3800048828125,0
1986-08-12,158.5800018310547,158.5800018310547,158.5800018310547,158.5800018310547,0
1986-08-13,158.61000061035156,158.61000061035156,158.61000061035156,158.61000061035156,0
1986-08-14,159.07000732421875,159.07000732421875,159.07000732421875,159.07000732421875,0
1986-08-15,160.22000122070312,160.22000122070312,160.22000122070312,160.22000122070312,0
1986-08-18,160.5800018310547,160.5800018310547,160.5800018310547,160.5800018310547,0
1986-08-19,158.07000732421875,158.07000732421875,158.07000732421875,158.07000732421875,0
1986-08-20,159.05999755859375,159.05999755859375,159.05999755859375,159.05999755859375,0
1986-08-21,160.47999572753906,160.47999572753906,160.47999572753906,160.47999572753906,0
1986-08-22,160.3699951171875,160.3699951171875,160.3699951171875,160.3699951171875,0
1986-08-25,160.30999755859375,160.30999755859375,160.30999755859375,160.30999755859375,0
1986-08-26,162.02000427246094,162.02000427246094,162.02000427246094,162.02000427246094,0
1986-08-27,162.5399932861328,162.5399932861328,162.5399932861328,162.5399932861328,0
1986-08-28,162.5800018310547,162.5800018310547,162.5800018310547,162.5800018310547,0
1986-08-29,163.9499969482422,163.9499969482422,163.9499969482422,163.9499969482422,0
1986-09-02,164.9199981689453,164.9199981689453,164.9199981689453,164.9199981689453,0
1986-09-03,165.8300018310547,165.8300018310547,165.8300018310547,165.8300018310547,0
1986-09-04,165.7899932861328,165.7899932861328,165.7899932861328,165.7899932861328,0
1986-09-05,165.75999450683594,165.75999450683594,165.75999450683594,165.75999450683594,0
1986-09-08,163.57000732421875,163.57000732421875,163.57000732421875,163.57000732421875,0
1986-09-09,162.1300048828125,162.1300048828125,162.1300048828125,162.1300048828125,0
1986-09-10,159.60000610351562,159.60000610351562,159.60000610351562,159.60000610351562,0
1986-09-11,159.6300048828125,159.6300048828125,159.6300048828125,159.6300048828125,0
1986-09-12,159.66000366210938,159.66000366210938,159.66000366210938,159.66000366210938,0
1986-09-15,158.63999938964844,158.63999938964844,158.63999938964844,158.63999938964844,0
1986-09-16,158.83999633789062,158.83999633789062,158.83999633789062,158.83999633789062,0
1986-09-17,159.9600067138672,159.9600067138672,159.9600067138672,159.9600067138672,0
1986-09-18,160.60000610351562,160.60000610351562,160.60000610351562,160.60000610351562,0
1986-09-19,161.80999755859375,161.80999755859375,161.80999755859375,161.80999755859375,0
1986-09-22,159.27999877929688,159.27999877929688,159.27999877929688,159.27999877929688,0
1986-09-23,159.8300018310547,159.8300018310547,159.8300018310547,159.8300018310547,0
1986-09-24,158.10000610351562,158.10000610351562,158.10000610351562,158.10000610351562,0
1986-09-25,157.2100067138672,157.2100067138672,157.2100067138672,157.2100067138672,0
1986-09-26,157.8699951171875,157.8699951171875,157.8699951171875,157.8699951171875,0
1986-09-29,159.42999267578125,159.42999267578125,159.42999267578125,159.42999267578125,0
1986-09-30,158.25,158.25,158.25,158.25,0
1986-10-01,159.19000244140625,159.19000244140625,159.19000244140625,159.19000244140625,0
1986-10-02,158.58999633789062,158.58999633789062,158.58999633789062,158.58999633789062,0
1986-10-03,155.92999267578125,155.92999267578125,155.92999267578125,155.92999267578125,0
1986-10-06,155.7899932861328,155.7899932861328,155.7899932861328,155.7899932861328,0
1986-10-07,158.6300048828125,158.6300048828125,158.6300048828125,158.6300048828125,0
1986-10-08,158.16000366210938,158.16000366210938,158.16000366210938,158.16000366210938,0
1986-10-09,158.91000366210938,158.91000366210938,158.91000366210938,158.91000366210938,0
1986-10-10,158.02999877929688,158.02999877929688,158.02999877929688,158.02999877929688,0
1986-10-13,158.55999755859375,158.55999755859375,158.55999755859375,158.55999755859375,0
1986-10-14,159.1999969482422,159.1999969482422,159.1999969482422,159.1999969482422,0
1986-10-15,160.19000244140625,160.19000244140625,160.19000244140625,160.19000244140625,0
1986-10-16,159.77000427246094,159.77000427246094,159.77000427246094,159.77000427246094,0
1986-10-17,160.19000244140625,160.19000244140625,160.19000244140625,160.19000244140625,0
1986-10-20,161.5,161.5,161.5,161.5,0
1986-10-21,161.38999938964844,161.38999938964844,161.38999938964844,161.38999938964844,0
1986-10-22,160.50999450683594,160.50999450683594,160.50999450683594,160.50999450683594,0
1986-10-23,159.17999267578125,159.17999267578125,159.17999267578125,159.17999267578125,0
1986-10-24,159.17999267578125,159.17999267578125,159.17999267578125,159.17999267578125,0
1986-10-27,160.44000244140625,160.44000244140625,160.44000244140625,160.44000244140625,0
1986-10-28,159.57000732421875,159.57000732421875,159.57000732421875,159.57000732421875,0
1986-10-29,158.07000732421875,158.07000732421875,158.07000732421875,158.07000732421875,0
1986-10-30,160.6199951171875,160.6199951171875,160.6199951171875,160.6199951171875,0
1986-10-31,160.24000549316406,160.24000549316406,160.24000549316406,160.24000549316406,0
1986-11-03,160.67999267578125,160.67999267578125,160.67999267578125,160.67999267578125,0
1986-11-04,161.9199981689453,161.9199981689453,161.9199981689453,161.9199981689453,0
1986-11-05,161.6699981689453,161.6699981689453,161.6699981689453,161.6699981689453,0
1986-11-06,162.5,162.5,162.5,162.5,0
1986-11-07,161.72999572753906,161.72999572753906,161.72999572753906,161.72999572753906,0
1986-11-10,161.85000610351562,161.85000610351562,161.85000610351562,161.85000610351562,0
1986-11-11,160.9199981689453,160.9199981689453,160.9199981689453,160.9199981689453,0
1986-11-12,160.5500030517578,160.5500030517578,160.5500030517578,160.5500030517578,0
1986-11-13,160.82000732421875,160.82000732421875,160.82000732421875,160.82000732421875,0
1986-11-14,160.19000244140625,160.19000244140625,160.19000244140625,160.19000244140625,0
1986-11-17,159.32000732421875,159.32000732421875,159.32000732421875,159.32000732421875,0
1986-11-18,160.11000061035156,160.11000061035156,160.11000061035156,160.11000061035156,0
1986-11-19,160.36000061035156,160.36000061035156,160.36000061035156,160.36000061035156,0
1986-11-20,159.77999877929688,159.77999877929688,159.77999877929688,159.77999877929688,0
1986-11-21,159.38999938964844,159.38999938964844,159.38999938964844,159.38999938964844,0
1986-11-24,158.77000427246094,158.77000427246094,158.77000427246094,158.77000427246094,0
1986-11-25,159.24000549316406,159.24000549316406,159.24000549316406,159.24000549316406,0
1986-11-26,159.74000549316406,159.74000549316406,159.74000549316406,159.74000549316406,0
1986-11-28,160.77000427246094,160.77000427246094,160.77000427246094,160.77000427246094,0
1986-12-01,162.67999267578125,162.67999267578125,162.67999267578125,162.67999267578125,0
1986-12-02,161.0399932861328,161.0399932861328,161.0399932861328,161.0399932861328,0
1986-12-03,159.72000122070312,159.72000122070312,159.72000122070312,159.72000122070312,0
1986-12-04,160.11000061035156,160.11000061035156,160.11000061035156,160.11000061035156,0
1986-12-05,160.19000244140625,160.19000244140625,160.19000244140625,160.19000244140625,0
1986-12-08,159.0500030517578,159.0500030517578,159.0500030517578,159.0500030517578,0
1986-12-09,158.00999450683594,158.00999450683594,158.00999450683594,158.00999450683594,0
1986-12-10,158.99000549316406,158.99000549316406,158.99000549316406,158.99000549316406,0
1986-12-11,159.97000122070312,159.97000122070312,159.97000122070312,159.97000122070312,0
1986-12-12,160.38999938964844,160.38999938964844,160.38999938964844,160.38999938964844,0
1986-12-15,159.7100067138672,159.7100067138672,159.7100067138672,159.7100067138672,0
1986-12-16,159.1300048828125,159.1300048828125,159.1300048828125,159.1300048828125,0
1986-12-17,158.13999938964844,158.13999938964844,158.13999938964844,158.13999938964844,0
1986-12-18,158.13999938964844,158.13999938964844,158.13999938964844,158.13999938964844,0
1986-12-19,157.69000244140625,157.69000244140625,157.69000244140625,157.69000244140625,0
1986-12-22,158.58999633789062,158.58999633789062,158.58999633789062,158.58999633789062,0
1986-12-23,159.11000061035156,159.11000061035156,159.11000061035156,159.11000061035156,0
1986-12-24,159.77999877929688,159.77999877929688,159.77999877929688,159.77999877929688,0
1986-12-26,159.5500030517578,159.5500030517578,159.5500030517578,159.5500030517578,0
1986-12-29,159.27999877929688,159.27999877929688,159.27999877929688,159.27999877929688,0
1986-12-30,159.1999969482422,159.1999969482422,159.1999969482422,159.1999969482422,0
1986-12-31,159.27000427246094,159.27000427246094,159.27000427246094,159.27000427246094,0
1987-01-02,160.1199951171875,160.1199951171875,160.1199951171875,160.1199951171875,0
1987-01-05,159.72999572753906,159.72999572753906,159.72999572753906,159.72999572753906,0
1987-01-06,160.41000366210938,160.41000366210938,160.41000366210938,160.41000366210938,0
1987-01-07,160.4600067138672,160.4600067138672,160.4600067138672,160.4600067138672,0
1987-01-08,162.27000427246094,162.27000427246094,162.27000427246094,162.27000427246094,0
1987-01-09,162.82000732421875,162.82000732421875,162.82000732421875,162.82000732421875,0
1987-01-12,164.1999969482422,164.1999969482422,164.1999969482422,164.1999969482422,0
1987-01-13,163.32000732421875,163.32000732421875,163.32000732421875,163.32000732421875,0
1987-01-14,164.69000244140625,164.69000244140625,164.69000244140625,164.69000244140625,0
1987-01-15,164.02000427246094,164.02000427246094,164.02000427246094,164.02000427246094,0
1987-01-16,163.8699951171875,163.8699951171875,163.8699951171875,163.8699951171875,0
1987-01-19,162.16000366210938,162.16000366210938,162.16000366210938,162.16000366210938,0
1987-01-20,163.50999450683594,163.50999450683594,163.50999450683594,163.50999450683594,0
1987-01-21,163.3800048828125,163.3800048828125,163.3800048828125,163.3800048828125,0
1987-01-22,164.60000610351562,164.60000610351562,164.60000610351562,164.60000610351562,0
1987-01-23,164.39999389648438,164.39999389648438,164.39999389648438,164.39999389648438,0
1987-01-26,164.7100067138672,164.7100067138672,164.7100067138672,164.7100067138672,0
1987-01-27,163.7899932861328,163.7899932861328,163.7899932861328,163.7899932861328,0
1987-01-28,163.97999572753906,163.97999572753906,163.97999572753906,163.97999572753906,0
1987-01-29,164.52000427246094,164.52000427246094,164.52000427246094,164.52000427246094,0
1987-01-30,165.5500030517578,165.5500030517578,165.5500030517578,165.5500030517578,0
1987-02-02,164.47999572753906,164.47999572753906,164.47999572753906,164.47999572753906,0
1987-02-03,163.69000244140625,163.69000244140625,163.69000244140625,163.69000244140625,0
1987-02-04,163.0800018310547,163.0800018310547,163.0800018310547,163.0800018310547,0
1987-02-05,164.16000366210938,164.16000366210938,164.16000366210938,164.16000366210938,0
1987-02-06,162.89999389648438,162.89999389648438,162.89999389648438,162.89999389648438,0
1987-02-09,162.0,162.0,162.0,162.0,0
1987-02-10,162.10000610351562,162.10000610351562,162.10000610351562,162.10000610351562,0
1987-02-11,159.33999633789062,159.33999633789062,159.33999633789062,159.33999633789062,0
1987-02-12,158.27999877929688,158.27999877929688,158.27999877929688,158.27999877929688,0
1987-02-13,158.0,158.0,158.0,158.0,0
1987-02-17,157.64999389648438,157.64999389648438,157.64999389648438,157.64999389648438,0
1987-02-18,156.16000366210938,156.16000366210938,156.16000366210938,156.16000366210938,0
1987-02-19,156.27000427246094,156.27000427246094,156.27000427246094,156.27000427246094,0
1987-02-20,159.1999969482422,159.1999969482422,159.1999969482422,159.1999969482422,0
1987-02-23,156.19000244140625,156.19000244140625,156.19000244140625,156.19000244140625,0
1987-02-24,154.86000061035156,154.86000061035156,154.86000061035156,154.86000061035156,0
1987-02-25,152.88999938964844,152.88999938964844,152.88999938964844,152.88999938964844,0
1987-02-26,154.42999267578125,154.42999267578125,154.42999267578125,154.42999267578125,0
1987-02-27,154.3800048828125,154.3800048828125,154.3800048828125,154.3800048828125,0
1987-03-02,154.13999938964844,154.13999938964844,154.13999938964844,154.13999938964844,0
1987-03-03,157.4199981689453,157.4199981689453,157.4199981689453,157.4199981689453,0
1987-03-04,158.25,158.25,158.25,158.25,0
1987-03-05,159.3800048828125,159.3800048828125,159.3800048828125,159.3800048828125,0
1987-03-06,161.2100067138672,161.2100067138672,161.2100067138672,161.2100067138672,0
1987-03-09,160.94000244140625,160.94000244140625,160.94000244140625,160.94000244140625,0
1987-03-10,161.27000427246094,161.27000427246094,161.27000427246094,161.27000427246094,0
1987-03-11,161.4600067138672,161.4600067138672,161.4600067138672,161.4600067138672,0
1987-03-12,161.7899932861328,161.7899932861328,161.7899932861328,161.7899932861328,0
1987-03-13,161.44000244140625,161.44000244140625,161.44000244140625,161.44000244140625,0
1987-03-16,162.33999633789062,162.33999633789062,162.33999633789062,162.33999633789062,0
1987-03-17,163.75,163.75,163.75,163.75,0
1987-03-18,162.1999969482422,162.1999969482422,162.1999969482422,162.1999969482422,0
1987-03-19,163.6199951171875,163.6199951171875,163.6199951171875,163.6199951171875,0
1987-03-20,163.2899932861328,163.2899932861328,163.2899932861328,163.2899932861328,0
1987-03-23,163.3800048828125,163.3800048828125,163.3800048828125,163.3800048828125,0
1987-03-24,165.6199951171875,165.6199951171875,165.6199951171875,165.6199951171875,0
1987-03-25,164.17999267578125,164.17999267578125,164.17999267578125,164.17999267578125,0
1987-03-26,164.11000061035156,164.11000061035156,164.11000061035156,164.11000061035156,0
1987-03-27,164.4199981689453,164.4199981689453,164.4199981689453,164.4199981689453,0
1987-03-30,164.47000122070312,164.47000122070312,164.47000122070312,164.47000122070312,0
1987-03-31,164.6300048828125,164.6300048828125,164.6300048828125,164.6300048828125,0
1987-04-01,165.0,165.0,165.0,165.0,0
1987-04-02,165.17999267578125,165.17999267578125,165.17999267578125,165.17999267578125,0
1987-04-03,164.75,164.75,164.75,164.75,0
1987-04-06,164.7899932861328,164.7899932861328,164.7899932861328,164.7899932861328,0
1987-04-07,165.5500030517578,165.5500030517578,165.5500030517578,165.5500030517578,0
1987-04-08,164.3699951171875,164.3699951171875,164.3699951171875,164.3699951171875,0
1987-04-09,164.6300048828125,164.6300048828125,164.6300048828125,164.6300048828125,0
1987-04-10,162.16000366210938,162.16000366210938,162.16000366210938,162.16000366210938,0
1987-04-13,162.00999450683594,162.00999450683594,162.00999450683594,162.00999450683594,0
1987-04-14,162.22000122070312,162.22000122070312,162.22000122070312,162.22000122070312,0
1987-04-15,164.33999633789062,164.33999633789062,164.33999633789062,164.33999633789062,0
1987-04-16,164.89999389648438,164.89999389648438,164.89999389648438,164.89999389648438,0
1987-04-20,165.08999633789062,165.08999633789062,165.08999633789062,165.08999633789062,0
1987-04-21,166.55999755859375,166.55999755859375,166.55999755859375,166.55999755859375,0
1987-04-22,166.00999450683594,166.00999450683594,166.00999450683594,166.00999450683594,0
1987-04-23,168.52000427246094,168.52000427246094,168.52000427246094,168.52000427246094,0
1987-04-24,169.61000061035156,169.61000061035156,169.61000061035156,169.61000061035156,0
1987-04-27,169.5800018310547,169.5800018310547,169.5800018310547,169.5800018310547,0
1987-04-28,170.00999450683594,170.00999450683594,170.00999450683594,170.00999450683594,0
1987-04-29,168.66000366210938,168.66000366210938,168.66000366210938,168.66000366210938,0
1987-04-30,170.17999267578125,170.17999267578125,170.17999267578125,170.17999267578125,0
1987-05-01,170.64999389648438,170.64999389648438,170.64999389648438,170.64999389648438,0
1987-05-04,172.4199981689453,172.4199981689453,172.4199981689453,172.4199981689453,0
1987-05-05,172.8699951171875,172.8699951171875,172.8699951171875,172.8699951171875,0
1987-05-06,174.63999938964844,174.63999938964844,174.63999938964844,174.63999938964844,0
1987-05-07,173.24000549316406,173.24000549316406,173.24000549316406,173.24000549316406,0
1987-05-08,173.88999938964844,173.88999938964844,173.88999938964844,173.88999938964844,0
1987-05-11,176.24000549316406,176.24000549316406,176.24000549316406,176.24000549316406,0
1987-05-12,173.22000122070312,173.22000122070312,173.22000122070312,173.22000122070312,0
1987-05-13,171.27000427246094,171.27000427246094,171.27000427246094,171.27000427246094,0
1987-05-14,172.35000610351562,172.35000610351562,172.35000610351562,172.35000610351562,0
1987-05-15,173.5500030517578,173.5500030517578,173.5500030517578,173.5500030517578,0
1987-05-18,171.9499969482422,171.9499969482422,171.9499969482422,171.9499969482422,0
1987-05-19,172.92999267578125,172.92999267578125,172.92999267578125,172.92999267578125,0
1987-05-20,170.94000244140625,170.94000244140625,170.94000244140625,170.94000244140625,0
1987-05-21,172.82000732421875,172.82000732421875,172.82000732421875,172.82000732421875,0
1987-05-22,173.39999389648438,173.39999389648438,173.39999389648438,173.39999389648438,0
1987-05-26,173.69000244140625,173.69000244140625,173.69000244140625,173.69000244140625,0
1987-05-27,173.74000549316406,173.74000549316406,173.74000549316406,173.74000549316406,0
1987-05-28,172.6999969482422,172.6999969482422,172.6999969482422,172.6999969482422,0
1987-05-29,172.3800048828125,172.3800048828125,172.3800048828125,172.3800048828125,0
1987-06-01,172.99000549316406,172.99000549316406,172.99000549316406,172.99000549316406,0
1987-06-02,173.7899932861328,173.7899932861328,173.7899932861328,173.7899932861328,0
1987-06-03,174.3699951171875,174.3699951171875,174.3699951171875,174.3699951171875,0
1987-06-04,174.82000732421875,174.82000732421875,174.82000732421875,174.82000732421875,0
1987-06-05,174.9499969482422,174.9499969482422,174.9499969482422,174.9499969482422,0
1987-06-08,174.83999633789062,174.83999633789062,174.83999633789062,174.83999633789062,0
1987-06-09,174.27000427246094,174.27000427246094,174.27000427246094,174.27000427246094,0
1987-06-10,173.6699981689453,173.6699981689453,173.6699981689453,173.6699981689453,0
1987-06-11,173.52999877929688,173.52999877929688,173.52999877929688,173.52999877929688,0
1987-06-12,174.17999267578125,174.17999267578125,174.17999267578125,174.17999267578125,0
1987-06-15,176.1699981689453,176.1699981689453,176.1699981689453,176.1699981689453,0
1987-06-16,175.83999633789062,175.83999633789062,175.83999633789062,175.83999633789062,0
1987-06-17,175.1999969482422,175.1999969482422,175.1999969482422,175.1999969482422,0
1987-06-18,175.8300018310547,175.8300018310547,175.8300018310547,175.8300018310547,0
1987-06-19,175.7899932861328,175.7899932861328,175.7899932861328,175.7899932861328,0
1987-06-22,172.58999633789062,172.58999633789062,172.58999633789062,172.58999633789062,0
1987-06-23,173.5,173.5,173.5,173.5,0
1987-06-24,172.5800018310547,172.5800018310547,172.5800018310547,172.5800018310547,0
1987-06-25,173.58999633789062,173.58999633789062,173.58999633789062,173.58999633789062,0
1987-06-26,175.6999969482422,175.6999969482422,175.6999969482422,175.6999969482422,0
1987-06-29,175.52999877929688,175.52999877929688,175.52999877929688,175.52999877929688,0
1987-06-30,175.77000427246094,175.77000427246094,175.77000427246094,175.77000427246094,0
1987-07-01,176.7100067138672,176.7100067138672,176.7100067138672,176.7100067138672,0
1987-07-02,178.0500030517578,178.0500030517578,178.0500030517578,178.0500030517578,0
1987-07-06,179.6699981689453,179.6699981689453,179.6699981689453,179.6699981689453,0
1987-07-07,177.9199981689453,177.9199981689453,177.9199981689453,177.9199981689453,0
1987-07-08,177.22000122070312,177.22000122070312,177.22000122070312,177.22000122070312,0
1987-07-09,177.5800018310547,177.5800018310547,177.5800018310547,177.5800018310547,0
1987-07-10,176.25999450683594,176.25999450683594,176.25999450683594,176.25999450683594,0
1987-07-13,174.6199951171875,174.6199951171875,174.6199951171875,174.6199951171875,0
1987-07-14,174.7899932861328,174.7899932861328,174.7899932861328,174.7899932861328,0
1987-07-15,176.16000366210938,176.16000366210938,176.16000366210938,176.16000366210938,0
1987-07-16,177.0500030517578,177.0500030517578,177.0500030517578,177.0500030517578,0
1987-07-17,176.7899932861328,176.7899932861328,176.7899932861328,176.7899932861328,0
1987-07-20,177.83999633789062,177.83999633789062,177.83999633789062,177.83999633789062,0
1987-07-21,175.17999267578125,175.17999267578125,175.17999267578125,175.17999267578125,0
1987-07-22,176.32000732421875,176.32000732421875,176.32000732421875,176.32000732421875,0
1987-07-23,174.61000061035156,174.61000061035156,174.61000061035156,174.61000061035156,0
1987-07-24,171.9199981689453,171.9199981689453,171.9199981689453,171.9199981689453,0
1987-07-27,172.6199951171875,172.6199951171875,172.6199951171875,172.6199951171875,0
1987-07-28,176.22000122070312,176.22000122070312,176.22000122070312,176.22000122070312,0
1987-07-29,176.74000549316406,176.74000549316406,176.74000549316406,176.74000549316406,0
1987-07-30,177.1999969482422,177.1999969482422,177.1999969482422,177.1999969482422,0
1987-07-31,177.80999755859375,177.80999755859375,177.80999755859375,177.80999755859375,0
1987-08-03,180.86000061035156,180.86000061035156,180.86000061035156,180.86000061035156,0
1987-08-04,179.72000122070312,179.72000122070312,179.72000122070312,179.72000122070312,0
1987-08-05,176.8000030517578,176.8000030517578,176.8000030517578,176.8000030517578,0
1987-08-06,176.25,176.25,176.25,176.25,0
1987-08-07,175.8699951171875,175.8699951171875,175.8699951171875,175.8699951171875,0
1987-08-10,175.44000244140625,175.44000244140625,175.44000244140625,175.44000244140625,0
1987-08-11,176.67999267578125,176.67999267578125,176.67999267578125,176.67999267578125,0
1987-08-12,177.30999755859375,177.30999755859375,177.30999755859375,177.30999755859375,0
1987-08-13,176.00999450683594,176.00999450683594,176.00999450683594,176.00999450683594,0
1987-08-14,175.32000732421875,175.32000732421875,175.32000732421875,175.32000732421875,0
1987-08-17,172.75,172.75,172.75,172.75,0
1987-08-18,172.5,172.5,172.5,172.5,0
1987-08-19,172.0399932861328,172.0399932861328,172.0399932861328,172.0399932861328,0
1987-08-20,170.3000030517578,170.3000030517578,170.3000030517578,170.3000030517578,0
1987-08-21,169.6699981689453,169.6699981689453,169.6699981689453,169.6699981689453,0
1987-08-24,168.77999877929688,168.77999877929688,168.77999877929688,168.77999877929688,0
1987-08-25,168.83999633789062,168.83999633789062,168.83999633789062,168.83999633789062,0
1987-08-26,173.47999572753906,173.47999572753906,173.47999572753906,173.47999572753906,0
1987-08-27,174.02000427246094,174.02000427246094,174.02000427246094,174.02000427246094,0
1987-08-28,172.24000549316406,172.24000549316406,172.24000549316406,172.24000549316406,0
1987-08-31,173.80999755859375,173.80999755859375,173.80999755859375,173.80999755859375,0
1987-09-01,173.55999755859375,173.55999755859375,173.55999755859375,173.55999755859375,0
1987-09-02,174.1199951171875,174.1199951171875,174.1199951171875,174.1199951171875,0
1987-09-03,173.6300048828125,173.6300048828125,173.6300048828125,173.6300048828125,0
1987-09-04,173.30999755859375,173.30999755859375,173.30999755859375,173.30999755859375,0
1987-09-08,171.9499969482422,171.9499969482422,171.9499969482422,171.9499969482422,0
1987-09-09,174.24000549316406,174.24000549316406,174.24000549316406,174.24000549316406,0
1987-09-10,175.14999389648438,175.14999389648438,175.14999389648438,175.14999389648438,0
1987-09-11,173.50999450683594,173.50999450683594,173.50999450683594,173.50999450683594,0
1987-09-14,173.67999267578125,173.67999267578125,173.67999267578125,173.67999267578125,0
1987-09-15,173.7899932861328,173.7899932861328,173.7899932861328,173.7899932861328,0
1987-09-16,173.55999755859375,173.55999755859375,173.55999755859375,173.55999755859375,0
1987-09-17,172.3699951171875,172.3699951171875,172.3699951171875,172.3699951171875,0
1987-09-18,173.44000244140625,173.44000244140625,173.44000244140625,173.44000244140625,0
1987-09-21,174.9499969482422,174.9499969482422,174.9499969482422,174.9499969482422,0
1987-09-22,173.75999450683594,173.75999450683594,173.75999450683594,173.75999450683594,0
1987-09-23,175.61000061035156,175.61000061035156,175.61000061035156,175.61000061035156,0
1987-09-24,175.49000549316406,175.49000549316406,175.49000549316406,175.49000549316406,0
1987-09-25,175.0,175.0,175.0,175.0,0
1987-09-28,173.74000549316406,173.74000549316406,173.74000549316406,173.74000549316406,0
1987-09-29,174.4600067138672,174.4600067138672,174.4600067138672,174.4600067138672,0
1987-09-30,173.61000061035156,173.61000061035156,173.61000061035156,173.61000061035156,0
1987-10-01,175.13999938964844,175.13999938964844,175.13999938964844,175.13999938964844,0
1987-10-02,176.24000549316406,176.24000549316406,176.24000549316406,176.24000549316406,0
1987-10-05,176.3300018310547,176.3300018310547,176.3300018310547,176.3300018310547,0
1987-10-06,175.13999938964844,175.13999938964844,175.13999938964844,175.13999938964844,0
1987-10-07,176.16000366210938,176.16000366210938,176.16000366210938,176.16000366210938,0
1987-10-08,176.3699951171875,176.3699951171875,176.3699951171875,176.3699951171875,0
1987-10-09,177.05999755859375,177.05999755859375,177.05999755859375,177.05999755859375,0
1987-10-12,177.3300018310547,177.3300018310547,177.3300018310547,177.3300018310547,0
1987-10-13,177.5800018310547,177.5800018310547,177.5800018310547,177.5800018310547,0
1987-10-14,177.92999267578125,177.92999267578125,177.92999267578125,177.92999267578125,0
1987-10-15,177.97999572753906,177.97999572753906,177.97999572753906,177.97999572753906,0
1987-10-16,180.11000061035156,180.11000061035156,180.11000061035156,180.11000061035156,0
1987-10-19,176.64999389648438,176.64999389648438,176.64999389648438,176.64999389648438,0
1987-10-20,174.97000122070312,174.97000122070312,174.97000122070312,174.97000122070312,0
1987-10-21,176.9499969482422,176.9499969482422,176.9499969482422,176.9499969482422,0
1987-10-22,176.9199981689453,176.9199981689453,176.9199981689453,176.9199981689453,0
1987-10-23,177.1999969482422,177.1999969482422,177.1999969482422,177.1999969482422,0
1987-10-26,174.7100067138672,174.7100067138672,174.7100067138672,174.7100067138672,0
1987-10-27,175.27999877929688,175.27999877929688,175.27999877929688,175.27999877929688,0
1987-10-28,175.55999755859375,175.55999755859375,175.55999755859375,175.55999755859375,0
1987-10-29,174.6199951171875,174.6199951171875,174.6199951171875,174.6199951171875,0
1987-10-30,174.25,174.25,174.25,174.25,0
1987-11-02,171.64999389648438,171.64999389648438,171.64999389648438,171.64999389648438,0
1987-11-03,171.11000061035156,171.11000061035156,171.11000061035156,171.11000061035156,0
1987-11-04,169.6300048828125,169.6300048828125,169.6300048828125,169.6300048828125,0
1987-11-05,169.97000122070312,169.97000122070312,169.97000122070312,169.97000122070312,0
1987-11-06,170.1300048828125,170.1300048828125,170.1300048828125,170.1300048828125,0
1987-11-09,169.39999389648438,169.39999389648438,169.39999389648438,169.39999389648438,0
1987-11-10,171.27000427246094,171.27000427246094,171.27000427246094,171.27000427246094,0
1987-11-11,170.97000122070312,170.97000122070312,170.97000122070312,170.97000122070312,0
1987-11-12,170.35000610351562,170.35000610351562,170.35000610351562,170.35000610351562,0
1987-11-13,170.02000427246094,170.02000427246094,170.02000427246094,170.02000427246094,0
1987-11-16,169.32000732421875,169.32000732421875,169.32000732421875,169.32000732421875,0
1987-11-17,169.89999389648438,169.89999389648438,169.89999389648438,169.89999389648438,0
1987-11-18,170.83999633789062,170.83999633789062,170.83999633789062,170.83999633789062,0
1987-11-19,170.16000366210938,170.16000366210938,170.16000366210938,170.16000366210938,0
1987-11-20,171.39999389648438,171.39999389648438,171.39999389648438,171.39999389648438,0
1987-11-23,172.61000061035156,172.61000061035156,172.61000061035156,172.61000061035156,0
1987-11-24,172.99000549316406,172.99000549316406,172.99000549316406,172.99000549316406,0
1987-11-25,173.13999938964844,173.13999938964844,173.13999938964844,173.13999938964844,0
1987-11-27,173.5399932861328,173.5399932861328,173.5399932861328,173.5399932861328,0
1987-11-30,171.63999938964844,171.63999938964844,171.63999938964844,171.63999938964844,0
1987-12-01,171.47000122070312,171.47000122070312,171.47000122070312,171.47000122070312,0
1987-12-02,171.75999450683594,171.75999450683594,171.75999450683594,171.75999450683594,0
1987-12-03,171.7899932861328,171.7899932861328,171.7899932861328,171.7899932861328,0
1987-12-04,170.36000061035156,170.36000061035156,170.36000061035156,170.36000061035156,0
1987-12-07,168.5800018310547,168.5800018310547,168.5800018310547,168.5800018310547,0
1987-12-08,167.22999572753906,167.22999572753906,167.22999572753906,167.22999572753906,0
1987-12-09,168.60000610351562,168.60000610351562,168.60000610351562,168.60000610351562,0
1987-12-10,169.14999389648438,169.14999389648438,169.14999389648438,169.14999389648438,0
1987-12-11,168.24000549316406,168.24000549316406,168.24000549316406,168.24000549316406,0
1987-12-14,165.08999633789062,165.08999633789062,165.08999633789062,165.08999633789062,0
1987-12-15,161.3800048828125,161.3800048828125,161.3800048828125,161.3800048828125,0
1987-12-16,158.5800018310547,158.5800018310547,158.5800018310547,158.5800018310547,0
1987-12-17,159.6300048828125,159.6300048828125,159.6300048828125,159.6300048828125,0
1987-12-18,158.32000732421875,158.32000732421875,158.32000732421875,158.32000732421875,0
1987-12-21,158.4600067138672,158.4600067138672,158.4600067138672,158.4600067138672,0
1987-12-22,162.33999633789062,162.33999633789062,162.33999633789062,162.33999633789062,0
1987-12-23,163.33999633789062,163.33999633789062,163.33999633789062,163.33999633789062,0
1987-12-24,163.32000732421875,163.32000732421875,163.32000732421875,163.32000732421875,0
1987-12-28,162.92999267578125,162.92999267578125,162.92999267578125,162.92999267578125,0
1987-12-29,165.0399932861328,165.0399932861328,165.0399932861328,165.0399932861328,0
1987-12-30,164.89999389648438,164.89999389648438,164.89999389648438,164.89999389648438,0
1987-12-31,164.3300018310547,164.3300018310547,164.3300018310547,164.3300018310547,0
1988-01-04,169.74000549316406,169.74000549316406,169.74000549316406,169.74000549316406,0
1988-01-05,171.02999877929688,171.02999877929688,171.02999877929688,171.02999877929688,0
1988-01-06,171.72000122070312,171.72000122070312,171.72000122070312,171.72000122070312,0
1988-01-07,171.33999633789062,171.33999633789062,171.33999633789062,171.33999633789062,0
1988-01-08,171.2100067138672,171.2100067138672,171.2100067138672,171.2100067138672,0
1988-01-11,168.17999267578125,168.17999267578125,168.17999267578125,168.17999267578125,0
1988-01-12,166.42999267578125,166.42999267578125,166.42999267578125,166.42999267578125,0
1988-01-13,165.9499969482422,165.9499969482422,165.9499969482422,165.9499969482422,0
1988-01-14,168.88999938964844,168.88999938964844,168.88999938964844,168.88999938964844,0
1988-01-15,168.7100067138672,168.7100067138672,168.7100067138672,168.7100067138672,0
1988-01-18,171.02999877929688,171.02999877929688,171.02999877929688,171.02999877929688,0
1988-01-19,171.63999938964844,171.63999938964844,171.63999938964844,171.63999938964844,0
1988-01-20,170.85000610351562,170.85000610351562,170.85000610351562,170.85000610351562,0
1988-01-21,169.85000610351562,169.85000610351562,169.85000610351562,169.85000610351562,0
1988-01-22,169.6999969482422,169.6999969482422,169.6999969482422,169.6999969482422,0
1988-01-25,169.77999877929688,169.77999877929688,169.77999877929688,169.77999877929688,0
1988-01-26,169.77999877929688,169.77999877929688,169.77999877929688,169.77999877929688,0
1988-01-27,168.10000610351562,168.10000610351562,168.10000610351562,168.10000610351562,0
1988-01-28,167.69000244140625,167.69000244140625,167.69000244140625,167.69000244140625,0
1988-01-29,166.6300048828125,166.6300048828125,166.6300048828125,166.6300048828125,0
1988-02-01,166.3000030517578,166.3000030517578,166.3000030517578,166.3000030517578,0
1988-02-02,166.97000122070312,166.97000122070312,166.97000122070312,166.97000122070312,0
1988-02-03,169.05999755859375,169.05999755859375,169.05999755859375,169.05999755859375,0
1988-02-04,169.97999572753906,169.97999572753906,169.97999572753906,169.97999572753906,0
1988-02-05,170.66000366210938,170.66000366210938,170.66000366210938,170.66000366210938,0
1988-02-08,172.16000366210938,172.16000366210938,172.16000366210938,172.16000366210938,0
1988-02-09,171.63999938964844,171.63999938964844,171.63999938964844,171.63999938964844,0
1988-02-10,169.86000061035156,169.86000061035156,169.86000061035156,169.86000061035156,0
1988-02-11,169.47999572753906,169.47999572753906,169.47999572753906,169.47999572753906,0
1988-02-12,168.0500030517578,168.0500030517578,168.0500030517578,168.0500030517578,0
1988-02-16,168.3699951171875,168.3699951171875,168.3699951171875,168.3699951171875,0
1988-02-17,168.49000549316406,168.49000549316406,168.49000549316406,168.49000549316406,0
1988-02-18,165.86000061035156,165.86000061035156,165.86000061035156,165.86000061035156,0
1988-02-19,167.58999633789062,167.58999633789062,167.58999633789062,167.58999633789062,0
1988-02-22,166.77999877929688,166.77999877929688,166.77999877929688,166.77999877929688,0
1988-02-23,166.30999755859375,166.30999755859375,166.30999755859375,166.30999755859375,0
1988-02-24,166.0,166.0,166.0,166.0,0
1988-02-25,163.72999572753906,163.72999572753906,163.72999572753906,163.72999572753906,0
1988-02-26,163.1300048828125,163.1300048828125,163.1300048828125,163.1300048828125,0
1988-02-29,163.7899932861328,163.7899932861328,163.7899932861328,163.7899932861328,0
1988-03-01,162.50999450683594,162.50999450683594,162.50999450683594,162.50999450683594,0
1988-03-02,162.39999389648438,162.39999389648438,162.39999389648438,162.39999389648438,0
1988-03-03,160.2100067138672,160.2100067138672,160.2100067138672,160.2100067138672,0
1988-03-04,160.86000061035156,160.86000061035156,160.86000061035156,160.86000061035156,0
1988-03-07,161.11000061035156,161.11000061035156,161.11000061035156,161.11000061035156,0
1988-03-08,161.49000549316406,161.49000549316406,161.49000549316406,161.49000549316406,0
1988-03-09,161.30999755859375,161.30999755859375,161.30999755859375,161.30999755859375,0
1988-03-10,163.02000427246094,163.02000427246094,163.02000427246094,163.02000427246094,0
1988-03-11,164.4499969482422,164.4499969482422,164.4499969482422,164.4499969482422,0
1988-03-14,162.7100067138672,162.7100067138672,162.7100067138672,162.7100067138672,0
1988-03-15,162.75999450683594,162.75999450683594,162.75999450683594,162.75999450683594,0
1988-03-16,164.27000427246094,164.27000427246094,164.27000427246094,164.27000427246094,0
1988-03-17,165.47999572753906,165.47999572753906,165.47999572753906,165.47999572753906,0
1988-03-18,166.42999267578125,166.42999267578125,166.42999267578125,166.42999267578125,0
1988-03-21,166.4199981689453,166.4199981689453,166.4199981689453,166.4199981689453,0
1988-03-22,168.3000030517578,168.3000030517578,168.3000030517578,168.3000030517578,0
1988-03-23,170.35000610351562,170.35000610351562,170.35000610351562,170.35000610351562,0
1988-03-24,170.83999633789062,170.83999633789062,170.83999633789062,170.83999633789062,0
1988-03-25,171.80999755859375,171.80999755859375,171.80999755859375,171.80999755859375,0
1988-03-28,171.97000122070312,171.97000122070312,171.97000122070312,171.97000122070312,0
1988-03-29,171.83999633789062,171.83999633789062,171.83999633789062,171.83999633789062,0
1988-03-30,172.32000732421875,172.32000732421875,172.32000732421875,172.32000732421875,0
1988-03-31,171.1999969482422,171.1999969482422,171.1999969482422,171.1999969482422,0
1988-04-04,170.82000732421875,170.82000732421875,170.82000732421875,170.82000732421875,0
1988-04-05,169.77999877929688,169.77999877929688,169.77999877929688,169.77999877929688,0
1988-04-06,169.91000366210938,169.91000366210938,169.91000366210938,169.91000366210938,0
1988-04-07,171.0,171.0,171.0,171.0,0
1988-04-08,171.36000061035156,171.36000061035156,171.36000061035156,171.36000061035156,0
1988-04-11,175.75999450683594,175.75999450683594,175.75999450683594,175.75999450683594,0
1988-04-12,176.10000610351562,176.10000610351562,176.10000610351562,176.10000610351562,0
1988-04-13,175.0500030517578,175.0500030517578,175.0500030517578,175.0500030517578,0
1988-04-14,175.8800048828125,175.8800048828125,175.8800048828125,175.8800048828125,0
1988-04-15,176.1199951171875,176.1199951171875,176.1199951171875,176.1199951171875,0
1988-04-18,177.07000732421875,177.07000732421875,177.07000732421875,177.07000732421875,0
1988-04-19,175.57000732421875,175.57000732421875,175.57000732421875,175.57000732421875,0
1988-04-20,174.9199981689453,174.9199981689453,174.9199981689453,174.9199981689453,0
1988-04-21,176.3300018310547,176.3300018310547,176.3300018310547,176.3300018310547,0
1988-04-22,176.2100067138672,176.2100067138672,176.2100067138672,176.2100067138672,0
1988-04-25,175.8699951171875,175.8699951171875,175.8699951171875,175.8699951171875,0
1988-04-26,177.02999877929688,177.02999877929688,177.02999877929688,177.02999877929688,0
1988-04-27,176.77999877929688,176.77999877929688,176.77999877929688,176.77999877929688,0
1988-04-28,174.86000061035156,174.86000061035156,174.86000061035156,174.86000061035156,0
1988-04-29,175.00999450683594,175.00999450683594,175.00999450683594,175.00999450683594,0
1988-05-02,170.6999969482422,170.6999969482422,170.6999969482422,170.6999969482422,0
1988-05-03,172.52000427246094,172.52000427246094,172.52000427246094,172.52000427246094,0
1988-05-04,172.1199951171875,172.1199951171875,172.1199951171875,172.1199951171875,0
1988-05-05,173.5800018310547,173.5800018310547,173.5800018310547,173.5800018310547,0
1988-05-06,174.99000549316406,174.99000549316406,174.99000549316406,174.99000549316406,0
1988-05-09,174.97000122070312,174.97000122070312,174.97000122070312,174.97000122070312,0
1988-05-10,174.67999267578125,174.67999267578125,174.67999267578125,174.67999267578125,0
1988-05-11,175.1999969482422,175.1999969482422,175.1999969482422,175.1999969482422,0
1988-05-12,174.69000244140625,174.69000244140625,174.69000244140625,174.69000244140625,0
1988-05-13,175.57000732421875,175.57000732421875,175.57000732421875,175.57000732421875,0
1988-05-16,177.1999969482422,177.1999969482422,177.1999969482422,177.1999969482422,0
1988-05-17,177.11000061035156,177.11000061035156,177.11000061035156,177.11000061035156,0
1988-05-18,176.7100067138672,176.7100067138672,176.7100067138672,176.7100067138672,0
1988-05-19,177.22000122070312,177.22000122070312,177.22000122070312,177.22000122070312,0
1988-05-20,177.72000122070312,177.72000122070312,177.72000122070312,177.72000122070312,0
1988-05-23,175.33999633789062,175.33999633789062,175.33999633789062,175.33999633789062,0
1988-05-24,176.00999450683594,176.00999450683594,176.00999450683594,176.00999450683594,0
1988-05-25,174.7899932861328,174.7899932861328,174.7899932861328,174.7899932861328,0
1988-05-26,175.69000244140625,175.69000244140625,175.69000244140625,175.69000244140625,0
1988-05-27,175.72999572753906,175.72999572753906,175.72999572753906,175.72999572753906,0
1988-05-31,177.99000549316406,177.99000549316406,177.99000549316406,177.99000549316406,0
1988-06-01,178.3000030517578,178.3000030517578,178.3000030517578,178.3000030517578,0
1988-06-02,179.13999938964844,179.13999938964844,179.13999938964844,179.13999938964844,0
1988-06-03,179.00999450683594,179.00999450683594,179.00999450683594,179.00999450683594,0
1988-06-06,179.52000427246094,179.52000427246094,179.52000427246094,179.52000427246094,0
1988-06-07,179.80999755859375,179.80999755859375,179.80999755859375,179.80999755859375,0
1988-06-08,177.5500030517578,177.5500030517578,177.5500030517578,177.5500030517578,0
1988-06-09,176.16000366210938,176.16000366210938,176.16000366210938,176.16000366210938,0
1988-06-10,174.52999877929688,174.52999877929688,174.52999877929688,174.52999877929688,0
1988-06-13,172.74000549316406,172.74000549316406,172.74000549316406,172.74000549316406,0
1988-06-14,174.44000244140625,174.44000244140625,174.44000244140625,174.44000244140625,0
1988-06-15,173.58999633789062,173.58999633789062,173.58999633789062,173.58999633789062,0
1988-06-16,174.91000366210938,174.91000366210938,174.91000366210938,174.91000366210938,0
1988-06-17,174.9499969482422,174.9499969482422,174.9499969482422,174.9499969482422,0
1988-06-20,174.97999572753906,174.97999572753906,174.97999572753906,174.97999572753906,0
1988-06-21,175.75,175.75,175.75,175.75,0
1988-06-22,176.10000610351562,176.10000610351562,176.10000610351562,176.10000610351562,0
1988-06-23,174.72000122070312,174.72000122070312,174.72000122070312,174.72000122070312,0
1988-06-24,173.17999267578125,173.17999267578125,173.17999267578125,173.17999267578125,0
1988-06-27,175.6300048828125,175.6300048828125,175.6300048828125,175.6300048828125,0
1988-06-28,173.6999969482422,173.6999969482422,173.6999969482422,173.6999969482422,0
1988-06-29,170.8699951171875,170.8699951171875,170.8699951171875,170.8699951171875,0
1988-06-30,171.27000427246094,171.27000427246094,171.27000427246094,171.27000427246094,0
1988-07-01,171.57000732421875,171.57000732421875,171.57000732421875,171.57000732421875,0
1988-07-05,172.13999938964844,172.13999938964844,172.13999938964844,172.13999938964844,0
1988-07-06,174.33999633789062,174.33999633789062,174.33999633789062,174.33999633789062,0
1988-07-07,175.7899932861328,175.7899932861328,175.7899932861328,175.7899932861328,0
1988-07-08,173.75999450683594,173.75999450683594,173.75999450683594,173.75999450683594,0
1988-07-11,168.85000610351562,168.85000610351562,168.85000610351562,168.85000610351562,0
1988-07-12,169.58999633789062,169.58999633789062,169.58999633789062,169.58999633789062,0
1988-07-13,168.0500030517578,168.0500030517578,168.0500030517578,168.0500030517578,0
1988-07-14,170.02000427246094,170.02000427246094,170.02000427246094,170.02000427246094,0
1988-07-15,170.27999877929688,170.27999877929688,170.27999877929688,170.27999877929688,0
1988-07-18,172.3800048828125,172.3800048828125,172.3800048828125,172.3800048828125,0
1988-07-19,171.19000244140625,171.19000244140625,171.19000244140625,171.19000244140625,0
1988-07-20,171.5399932861328,171.5399932861328,171.5399932861328,171.5399932861328,0
1988-07-21,174.57000732421875,174.57000732421875,174.57000732421875,174.57000732421875,0
1988-07-22,175.0500030517578,175.0500030517578,175.0500030517578,175.0500030517578,0
1988-07-25,171.83999633789062,171.83999633789062,171.83999633789062,171.83999633789062,0
1988-07-26,167.2899932861328,167.2899932861328,167.2899932861328,167.2899932861328,0
1988-07-27,168.6699981689453,168.6699981689453,168.6699981689453,168.6699981689453,0
1988-07-28,166.9199981689453,166.9199981689453,166.9199981689453,166.9199981689453,0
1988-07-29,169.4499969482422,169.4499969482422,169.4499969482422,169.4499969482422,0
1988-08-01,170.08999633789062,170.08999633789062,170.08999633789062,170.08999633789062,0
1988-08-02,167.89999389648438,167.89999389648438,167.89999389648438,167.89999389648438,0
1988-08-03,165.44000244140625,165.44000244140625,165.44000244140625,165.44000244140625,0
1988-08-04,165.89999389648438,165.89999389648438,165.89999389648438,165.89999389648438,0
1988-08-05,167.6300048828125,167.6300048828125,167.6300048828125,167.6300048828125,0
1988-08-08,169.11000061035156,169.11000061035156,169.11000061035156,169.11000061035156,0
1988-08-09,168.4199981689453,168.4199981689453,168.4199981689453,168.4199981689453,0
1988-08-10,169.89999389648438,169.89999389648438,169.89999389648438,169.89999389648438,0
1988-08-11,170.00999450683594,170.00999450683594,170.00999450683594,170.00999450683594,0
1988-08-12,167.8300018310547,167.8300018310547,167.8300018310547,167.8300018310547,0
1988-08-15,169.82000732421875,169.82000732421875,169.82000732421875,169.82000732421875,0
1988-08-16,168.4600067138672,168.4600067138672,168.4600067138672,168.4600067138672,0
1988-08-17,168.86000061035156,168.86000061035156,168.86000061035156,168.86000061035156,0
1988-08-18,170.24000549316406,170.24000549316406,170.24000549316406,170.24000549316406,0
1988-08-19,170.67999267578125,170.67999267578125,170.67999267578125,170.67999267578125,0
1988-08-22,169.30999755859375,169.30999755859375,169.30999755859375,169.30999755859375,0
1988-08-23,168.1999969482422,168.1999969482422,168.1999969482422,168.1999969482422,0
1988-08-24,169.25999450683594,169.25999450683594,169.25999450683594,169.25999450683594,0
1988-08-25,167.77999877929688,167.77999877929688,167.77999877929688,167.77999877929688,0
1988-08-26,168.3699951171875,168.3699951171875,168.3699951171875,168.3699951171875,0
1988-08-29,167.52000427246094,167.52000427246094,167.52000427246094,167.52000427246094,0
1988-08-30,168.22999572753906,168.22999572753906,168.22999572753906,168.22999572753906,0
1988-08-31,167.55999755859375,167.55999755859375,167.55999755859375,167.55999755859375,0
1988-09-01,167.75999450683594,167.75999450683594,167.75999450683594,167.75999450683594,0
1988-09-02,166.85000610351562,166.85000610351562,166.85000610351562,166.85000610351562,0
1988-09-06,164.27000427246094,164.27000427246094,164.27000427246094,164.27000427246094,0
1988-09-07,164.80999755859375,164.80999755859375,164.80999755859375,164.80999755859375,0
1988-09-08,165.22000122070312,165.22000122070312,165.22000122070312,165.22000122070312,0
1988-09-09,162.58999633789062,162.58999633789062,162.58999633789062,162.58999633789062,0
1988-09-12,163.72000122070312,163.72000122070312,163.72000122070312,163.72000122070312,0
1988-09-13,165.83999633789062,165.83999633789062,165.83999633789062,165.83999633789062,0
1988-09-14,169.58999633789062,169.58999633789062,169.58999633789062,169.58999633789062,0
1988-09-15,167.11000061035156,167.11000061035156,167.11000061035156,167.11000061035156,0
1988-09-16,163.89999389648438,163.89999389648438,163.89999389648438,163.89999389648438,0
1988-09-19,162.6699981689453,162.6699981689453,162.6699981689453,162.6699981689453,0
1988-09-20,163.6699981689453,163.6699981689453,163.6699981689453,163.6699981689453,0
1988-09-21,164.1300048828125,164.1300048828125,164.1300048828125,164.1300048828125,0
1988-09-22,165.4499969482422,165.4499969482422,165.4499969482422,165.4499969482422,0
1988-09-23,163.47999572753906,163.47999572753906,163.47999572753906,163.47999572753906,0
1988-09-26,163.86000061035156,163.86000061035156,163.86000061035156,163.86000061035156,0
1988-09-27,164.2100067138672,164.2100067138672,164.2100067138672,164.2100067138672,0
1988-09-28,163.6199951171875,163.6199951171875,163.6199951171875,163.6199951171875,0
1988-09-29,163.5800018310547,163.5800018310547,163.5800018310547,163.5800018310547,0
1988-09-30,162.17999267578125,162.17999267578125,162.17999267578125,162.17999267578125,0
1988-10-03,161.16000366210938,161.16000366210938,161.16000366210938,161.16000366210938,0
1988-10-04,161.47000122070312,161.47000122070312,161.47000122070312,161.47000122070312,0
1988-10-05,159.38999938964844,159.38999938964844,159.38999938964844,159.38999938964844,0
1988-10-06,159.9600067138672,159.9600067138672,159.9600067138672,159.9600067138672,0
1988-10-07,160.4199981689453,160.4199981689453,160.4199981689453,160.4199981689453,0
1988-10-10,162.5,162.5,162.5,162.5,0
1988-10-11,162.0,162.0,162.0,162.0,0
1988-10-12,165.1699981689453,165.1699981689453,165.1699981689453,165.1699981689453,0
1988-10-13,166.27000427246094,166.27000427246094,166.27000427246094,166.27000427246094,0
1988-10-14,168.7899932861328,168.7899932861328,168.7899932861328,168.7899932861328,0
1988-10-17,170.3300018310547,170.3300018310547,170.3300018310547,170.3300018310547,0
1988-10-18,167.2100067138672,167.2100067138672,167.2100067138672,167.2100067138672,0
1988-10-19,171.02999877929688,171.02999877929688,171.02999877929688,171.02999877929688,0
1988-10-20,169.6300048828125,169.6300048828125,169.6300048828125,169.6300048828125,0
1988-10-21,169.6699981689453,169.6699981689453,169.6699981689453,169.6699981689453,0
1988-10-24,165.2899932861328,165.2899932861328,165.2899932861328,165.2899932861328,0
1988-10-25,165.27000427246094,165.27000427246094,165.27000427246094,165.27000427246094,0
1988-10-26,165.66000366210938,165.66000366210938,165.66000366210938,165.66000366210938,0
1988-10-27,166.19000244140625,166.19000244140625,166.19000244140625,166.19000244140625,0
1988-10-28,167.3800048828125,167.3800048828125,167.3800048828125,167.3800048828125,0
1988-10-31,166.99000549316406,166.99000549316406,166.99000549316406,166.99000549316406,0
1988-11-01,166.4600067138672,166.4600067138672,166.4600067138672,166.4600067138672,0
1988-11-02,168.1999969482422,168.1999969482422,168.1999969482422,168.1999969482422,0
1988-11-03,168.6199951171875,168.6199951171875,168.6199951171875,168.6199951171875,0
1988-11-04,169.67999267578125,169.67999267578125,169.67999267578125,169.67999267578125,0
1988-11-07,169.92999267578125,169.92999267578125,169.92999267578125,169.92999267578125,0
1988-11-08,168.86000061035156,168.86000061035156,168.86000061035156,168.86000061035156,0
1988-11-09,169.16000366210938,169.16000366210938,169.16000366210938,169.16000366210938,0
1988-11-10,168.16000366210938,168.16000366210938,168.16000366210938,168.16000366210938,0
1988-11-11,167.22000122070312,167.22000122070312,167.22000122070312,167.22000122070312,0
1988-11-14,168.7899932861328,168.7899932861328,168.7899932861328,168.7899932861328,0
1988-11-15,167.3000030517578,167.3000030517578,167.3000030517578,167.3000030517578,0
1988-11-16,166.80999755859375,166.80999755859375,166.80999755859375,166.80999755859375,0
1988-11-17,162.47000122070312,162.47000122070312,162.47000122070312,162.47000122070312,0
1988-11-18,161.94000244140625,161.94000244140625,161.94000244140625,161.94000244140625,0
1988-11-21,161.8000030517578,161.8000030517578,161.8000030517578,161.8000030517578,0
1988-11-22,166.27999877929688,166.27999877929688,166.27999877929688,166.27999877929688,0
1988-11-23,167.72999572753906,167.72999572753906,167.72999572753906,167.72999572753906,0
1988-11-25,168.44000244140625,168.44000244140625,168.44000244140625,168.44000244140625,0
1988-11-28,172.02999877929688,172.02999877929688,172.02999877929688,172.02999877929688,0
1988-11-29,171.92999267578125,171.92999267578125,171.92999267578125,171.92999267578125,0
1988-11-30,174.00999450683594,174.00999450683594,174.00999450683594,174.00999450683594,0
1988-12-01,175.41000366210938,175.41000366210938,175.41000366210938,175.41000366210938,0
1988-12-02,174.7100067138672,174.7100067138672,174.7100067138672,174.7100067138672,0
1988-12-05,173.02999877929688,173.02999877929688,173.02999877929688,173.02999877929688,0
1988-12-06,173.52000427246094,173.52000427246094,173.52000427246094,173.52000427246094,0
1988-12-07,174.25,174.25,174.25,174.25,0
1988-12-08,172.9499969482422,172.9499969482422,172.9499969482422,172.9499969482422,0
1988-12-09,175.6699981689453,175.6699981689453,175.6699981689453,175.6699981689453,0
1988-12-12,176.49000549316406,176.49000549316406,176.49000549316406,176.49000549316406,0
1988-12-13,174.4499969482422,174.4499969482422,174.4499969482422,174.4499969482422,0
1988-12-14,176.8800048828125,176.8800048828125,176.8800048828125,176.8800048828125,0
1988-12-15,175.9499969482422,175.9499969482422,175.9499969482422,175.9499969482422,0
1988-12-16,178.77999877929688,178.77999877929688,178.77999877929688,178.77999877929688,0
1988-12-19,178.25,178.25,178.25,178.25,0
1988-12-20,179.58999633789062,179.58999633789062,179.58999633789062,179.58999633789062,0
1988-12-21,180.49000549316406,180.49000549316406,180.49000549316406,180.49000549316406,0
1988-12-22,181.4499969482422,181.4499969482422,181.4499969482422,181.4499969482422,0
1988-12-23,182.97999572753906,182.97999572753906,182.97999572753906,182.97999572753906,0
1988-12-27,184.05999755859375,184.05999755859375,184.05999755859375,184.05999755859375,0
1988-12-28,183.3699951171875,183.3699951171875,183.3699951171875,183.3699951171875,0
1988-12-29,182.47999572753906,182.47999572753906,182.47999572753906,182.47999572753906,0
1988-12-30,184.41000366210938,184.41000366210938,184.41000366210938,184.41000366210938,0
1989-01-03,184.69000244140625,184.69000244140625,184.69000244140625,184.69000244140625,0
1989-01-04,184.27000427246094,184.27000427246094,184.27000427246094,184.27000427246094,0
1989-01-05,185.6699981689453,185.6699981689453,185.6699981689453,185.6699981689453,0
1989-01-06,185.75,185.75,185.75,185.75,0
1989-01-09,185.3000030517578,185.3000030517578,185.3000030517578,185.3000030517578,0
1989-01-10,184.5500030517578,184.5500030517578,184.5500030517578,184.5500030517578,0
1989-01-11,184.27999877929688,184.27999877929688,184.27999877929688,184.27999877929688,0
1989-01-12,184.35000610351562,184.35000610351562,184.35000610351562,184.35000610351562,0
1989-01-13,185.39999389648438,185.39999389648438,185.39999389648438,185.39999389648438,0
1989-01-16,185.4600067138672,185.4600067138672,185.4600067138672,185.4600067138672,0
1989-01-17,185.9600067138672,185.9600067138672,185.9600067138672,185.9600067138672,0
1989-01-18,187.8000030517578,187.8000030517578,187.8000030517578,187.8000030517578,0
1989-01-19,187.33999633789062,187.33999633789062,187.33999633789062,187.33999633789062,0
1989-01-20,185.8000030517578,185.8000030517578,185.8000030517578,185.8000030517578,0
1989-01-23,181.5800018310547,181.5800018310547,181.5800018310547,181.5800018310547,0
1989-01-24,181.8000030517578,181.8000030517578,181.8000030517578,181.8000030517578,0
1989-01-25,184.25,184.25,184.25,184.25,0
1989-01-26,181.75,181.75,181.75,181.75,0
1989-01-27,182.6999969482422,182.6999969482422,182.6999969482422,182.6999969482422,0
1989-01-30,181.9600067138672,181.9600067138672,181.9600067138672,181.9600067138672,0
1989-01-31,181.63999938964844,181.63999938964844,181.63999938964844,181.63999938964844,0
1989-02-01,183.02000427246094,183.02000427246094,183.02000427246094,183.02000427246094,0
1989-02-02,182.8000030517578,182.8000030517578,182.8000030517578,182.8000030517578,0
1989-02-03,182.4600067138672,182.4600067138672,182.4600067138672,182.4600067138672,0
1989-02-06,181.0,181.0,181.0,181.0,0
1989-02-07,181.47999572753906,181.47999572753906,181.47999572753906,181.47999572753906,0
1989-02-08,180.4199981689453,180.4199981689453,180.4199981689453,180.4199981689453,0
1989-02-09,178.63999938964844,178.63999938964844,178.63999938964844,178.63999938964844,0
1989-02-10,176.3300018310547,176.3300018310547,176.3300018310547,176.3300018310547,0
1989-02-13,177.19000244140625,177.19000244140625,177.19000244140625,177.19000244140625,0
1989-02-14,176.42999267578125,176.42999267578125,176.42999267578125,176.42999267578125,0
1989-02-15,179.22999572753906,179.22999572753906,179.22999572753906,179.22999572753906,0
1989-02-16,179.6999969482422,179.6999969482422,179.6999969482422,179.6999969482422,0
1989-02-17,181.27999877929688,181.27999877929688,181.27999877929688,181.27999877929688,0
1989-02-21,181.27000427246094,181.27000427246094,181.27000427246094,181.27000427246094,0
1989-02-22,183.22000122070312,183.22000122070312,183.22000122070312,183.22000122070312,0
1989-02-23,183.97999572753906,183.97999572753906,183.97999572753906,183.97999572753906,0
1989-02-24,185.3000030517578,185.3000030517578,185.3000030517578,185.3000030517578,0
1989-02-27,185.9499969482422,185.9499969482422,185.9499969482422,185.9499969482422,0
1989-02-28,186.38999938964844,186.38999938964844,186.38999938964844,186.38999938964844,0
1989-03-01,186.83999633789062,186.83999633789062,186.83999633789062,186.83999633789062,0
1989-03-02,189.38999938964844,189.38999938964844,189.38999938964844,189.38999938964844,0
1989-03-03,188.14999389648438,188.14999389648438,188.14999389648438,188.14999389648438,0
1989-03-06,188.7899932861328,188.7899932861328,188.7899932861328,188.7899932861328,0
1989-03-07,187.7100067138672,187.7100067138672,187.7100067138672,187.7100067138672,0
1989-03-08,188.19000244140625,188.19000244140625,188.19000244140625,188.19000244140625,0
1989-03-09,187.86000061035156,187.86000061035156,187.86000061035156,187.86000061035156,0
1989-03-10,188.7100067138672,188.7100067138672,188.7100067138672,188.7100067138672,0
1989-03-13,191.47999572753906,191.47999572753906,191.47999572753906,191.47999572753906,0
1989-03-14,191.9499969482422,191.9499969482422,191.9499969482422,191.9499969482422,0
1989-03-15,194.2100067138672,194.2100067138672,194.2100067138672,194.2100067138672,0
1989-03-16,194.22999572753906,194.22999572753906,194.22999572753906,194.22999572753906,0
1989-03-17,194.25999450683594,194.25999450683594,194.25999450683594,194.25999450683594,0
1989-03-20,193.35000610351562,193.35000610351562,193.35000610351562,193.35000610351562,0
1989-03-21,196.17999267578125,196.17999267578125,196.17999267578125,196.17999267578125,0
1989-03-22,195.5,195.5,195.5,195.5,0
1989-03-23,196.02999877929688,196.02999877929688,196.02999877929688,196.02999877929688,0
1989-03-27,197.8800048828125,197.8800048828125,197.8800048828125,197.8800048828125,0
1989-03-28,195.5399932861328,195.5399932861328,195.5399932861328,195.5399932861328,0
1989-03-29,197.49000549316406,197.49000549316406,197.49000549316406,197.49000549316406,0
1989-03-30,198.52999877929688,198.52999877929688,198.52999877929688,198.52999877929688,0
1989-03-31,197.6199951171875,197.6199951171875,197.6199951171875,197.6199951171875,0
1989-04-03,196.11000061035156,196.11000061035156,196.11000061035156,196.11000061035156,0
1989-04-04,198.05999755859375,198.05999755859375,198.05999755859375,198.05999755859375,0
1989-04-05,195.3000030517578,195.3000030517578,195.3000030517578,195.3000030517578,0
1989-04-06,193.47000122070312,193.47000122070312,193.47000122070312,193.47000122070312,0
1989-04-07,193.2100067138672,193.2100067138672,193.2100067138672,193.2100067138672,0
1989-04-10,195.80999755859375,195.80999755859375,195.80999755859375,195.80999755859375,0
1989-04-11,195.3300018310547,195.3300018310547,195.3300018310547,195.3300018310547,0
1989-04-12,195.27000427246094,195.27000427246094,195.27000427246094,195.27000427246094,0
1989-04-13,192.74000549316406,192.74000549316406,192.74000549316406,192.74000549316406,0
1989-04-14,195.05999755859375,195.05999755859375,195.05999755859375,195.05999755859375,0
1989-04-17,197.9499969482422,197.9499969482422,197.9499969482422,197.9499969482422,0
1989-04-18,198.17999267578125,198.17999267578125,198.17999267578125,198.17999267578125,0
1989-04-19,199.30999755859375,199.30999755859375,199.30999755859375,199.30999755859375,0
1989-04-20,200.32000732421875,200.32000732421875,200.32000732421875,200.32000732421875,0
1989-04-21,201.60000610351562,201.60000610351562,201.60000610351562,201.60000610351562,0
1989-04-24,197.92999267578125,197.92999267578125,197.92999267578125,197.92999267578125,0
1989-04-25,200.58999633789062,200.58999633789062,200.58999633789062,200.58999633789062,0
1989-04-26,199.82000732421875,199.82000732421875,199.82000732421875,199.82000732421875,0
1989-04-27,199.42999267578125,199.42999267578125,199.42999267578125,199.42999267578125,0
1989-04-28,197.61000061035156,197.61000061035156,197.61000061035156,197.61000061035156,0
1989-05-01,199.3800048828125,199.3800048828125,199.3800048828125,199.3800048828125,0
1989-05-02,196.4600067138672,196.4600067138672,196.4600067138672,196.4600067138672,0
1989-05-03,196.75,196.75,196.75,196.75,0
1989-05-04,198.25,198.25,198.25,198.25,0
1989-05-05,194.63999938964844,194.63999938964844,194.63999938964844,194.63999938964844,0
1989-05-08,191.19000244140625,191.19000244140625,191.19000244140625,191.19000244140625,0
1989-05-09,190.74000549316406,190.74000549316406,190.74000549316406,190.74000549316406,0
1989-05-10,189.19000244140625,189.19000244140625,189.19000244140625,189.19000244140625,0
1989-05-11,190.32000732421875,190.32000732421875,190.32000732421875,190.32000732421875,0
1989-05-12,190.30999755859375,190.30999755859375,190.30999755859375,190.30999755859375,0
1989-05-15,190.14999389648438,190.14999389648438,190.14999389648438,190.14999389648438,0
1989-05-16,189.2100067138672,189.2100067138672,189.2100067138672,189.2100067138672,0
1989-05-17,186.85000610351562,186.85000610351562,186.85000610351562,186.85000610351562,0
1989-05-18,186.99000549316406,186.99000549316406,186.99000549316406,186.99000549316406,0
1989-05-19,187.19000244140625,187.19000244140625,187.19000244140625,187.19000244140625,0
1989-05-22,184.4499969482422,184.4499969482422,184.4499969482422,184.4499969482422,0
1989-05-23,185.7100067138672,185.7100067138672,185.7100067138672,185.7100067138672,0
1989-05-24,188.41000366210938,188.41000366210938,188.41000366210938,188.41000366210938,0
1989-05-25,187.75,187.75,187.75,187.75,0
1989-05-26,187.64999389648438,187.64999389648438,187.64999389648438,187.64999389648438,0
1989-05-30,188.75999450683594,188.75999450683594,188.75999450683594,188.75999450683594,0
1989-05-31,188.5399932861328,188.5399932861328,188.5399932861328,188.5399932861328,0
1989-06-01,188.22999572753906,188.22999572753906,188.22999572753906,188.22999572753906,0
1989-06-02,190.6999969482422,190.6999969482422,190.6999969482422,190.6999969482422,0
1989-06-05,193.0500030517578,193.0500030517578,193.0500030517578,193.0500030517578,0
1989-06-06,191.49000549316406,191.49000549316406,191.49000549316406,191.49000549316406,0
1989-06-07,187.1199951171875,187.1199951171875,187.1199951171875,187.1199951171875,0
1989-06-08,187.52000427246094,187.52000427246094,187.52000427246094,187.52000427246094,0
1989-06-09,185.3300018310547,185.3300018310547,185.3300018310547,185.3300018310547,0
1989-06-12,181.86000061035156,181.86000061035156,181.86000061035156,181.86000061035156,0
1989-06-13,179.6999969482422,179.6999969482422,179.6999969482422,179.6999969482422,0
1989-06-14,182.0500030517578,182.0500030517578,182.0500030517578,182.0500030517578,0
1989-06-15,183.0800018310547,183.0800018310547,183.0800018310547,183.0800018310547,0
1989-06-16,182.1199951171875,182.1199951171875,182.1199951171875,182.1199951171875,0
1989-06-19,184.97999572753906,184.97999572753906,184.97999572753906,184.97999572753906,0
1989-06-20,184.08999633789062,184.08999633789062,184.08999633789062,184.08999633789062,0
1989-06-21,185.82000732421875,185.82000732421875,185.82000732421875,185.82000732421875,0
1989-06-22,187.08999633789062,187.08999633789062,187.08999633789062,187.08999633789062,0
1989-06-23,189.13999938964844,189.13999938964844,189.13999938964844,189.13999938964844,0
1989-06-26,190.74000549316406,190.74000549316406,190.74000549316406,190.74000549316406,0
1989-06-27,191.80999755859375,191.80999755859375,191.80999755859375,191.80999755859375,0
1989-06-28,189.25,189.25,189.25,189.25,0
1989-06-29,189.64999389648438,189.64999389648438,189.64999389648438,189.64999389648438,0
1989-06-30,189.27000427246094,189.27000427246094,189.27000427246094,189.27000427246094,0
1989-07-03,188.4499969482422,188.4499969482422,188.4499969482422,188.4499969482422,0
1989-07-05,190.22000122070312,190.22000122070312,190.22000122070312,190.22000122070312,0
1989-07-06,187.38999938964844,187.38999938964844,187.38999938964844,187.38999938964844,0
1989-07-07,187.14999389648438,187.14999389648438,187.14999389648438,187.14999389648438,0
1989-07-10,184.5399932861328,184.5399932861328,184.5399932861328,184.5399932861328,0
1989-07-11,183.75,183.75,183.75,183.75,0
1989-07-12,182.60000610351562,182.60000610351562,182.60000610351562,182.60000610351562,0
1989-07-13,184.36000061035156,184.36000061035156,184.36000061035156,184.36000061035156,0
1989-07-14,184.61000061035156,184.61000061035156,184.61000061035156,184.61000061035156,0
1989-07-17,185.44000244140625,185.44000244140625,185.44000244140625,185.44000244140625,0
1989-07-18,184.8000030517578,184.8000030517578,184.8000030517578,184.8000030517578,0
1989-07-19,184.42999267578125,184.42999267578125,184.42999267578125,184.42999267578125,0
1989-07-20,185.35000610351562,185.35000610351562,185.35000610351562,185.35000610351562,0
1989-07-21,184.50999450683594,184.50999450683594,184.50999450683594,184.50999450683594,0
1989-07-24,180.77999877929688,180.77999877929688,180.77999877929688,180.77999877929688,0
1989-07-25,179.52999877929688,179.52999877929688,179.52999877929688,179.52999877929688,0
1989-07-26,179.0500030517578,179.0500030517578,179.0500030517578,179.0500030517578,0
1989-07-27,179.19000244140625,179.19000244140625,179.19000244140625,179.19000244140625,0
1989-07-28,178.19000244140625,178.19000244140625,178.19000244140625,178.19000244140625,0
1989-07-31,179.5500030517578,179.5500030517578,179.5500030517578,179.5500030517578,0
1989-08-01,177.82000732421875,177.82000732421875,177.82000732421875,177.82000732421875,0
1989-08-02,179.22000122070312,179.22000122070312,179.22000122070312,179.22000122070312,0
1989-08-03,178.88999938964844,178.88999938964844,178.88999938964844,178.88999938964844,0
1989-08-04,178.5,178.5,178.5,178.5,0
1989-08-07,177.4199981689453,177.4199981689453,177.4199981689453,177.4199981689453,0
1989-08-08,177.9600067138672,177.9600067138672,177.9600067138672,177.9600067138672,0
1989-08-09,178.52999877929688,178.52999877929688,178.52999877929688,178.52999877929688,0
1989-08-10,179.77999877929688,179.77999877929688,179.77999877929688,179.77999877929688,0
1989-08-11,180.30999755859375,180.30999755859375,180.30999755859375,180.30999755859375,0
1989-08-14,179.69000244140625,179.69000244140625,179.69000244140625,179.69000244140625,0
1989-08-15,180.24000549316406,180.24000549316406,180.24000549316406,180.24000549316406,0
1989-08-16,181.75,181.75,181.75,181.75,0
1989-08-17,181.72000122070312,181.72000122070312,181.72000122070312,181.72000122070312,0
1989-08-18,181.5399932861328,181.5399932861328,181.5399932861328,181.5399932861328,0
1989-08-21,182.24000549316406,182.24000549316406,182.24000549316406,182.24000549316406,0
1989-08-22,183.14999389648438,183.14999389648438,183.14999389648438,183.14999389648438,0
1989-08-23,184.0500030517578,184.0500030517578,184.0500030517578,184.0500030517578,0
1989-08-24,183.3300018310547,183.3300018310547,183.3300018310547,183.3300018310547,0
1989-08-25,182.44000244140625,182.44000244140625,182.44000244140625,182.44000244140625,0
1989-08-28,182.1300048828125,182.1300048828125,182.1300048828125,182.1300048828125,0
1989-08-29,182.9199981689453,182.9199981689453,182.9199981689453,182.9199981689453,0
1989-08-30,183.50999450683594,183.50999450683594,183.50999450683594,183.50999450683594,0
1989-08-31,183.9499969482422,183.9499969482422,183.9499969482422,183.9499969482422,0
1989-09-01,183.22000122070312,183.22000122070312,183.22000122070312,183.22000122070312,0
1989-09-05,183.44000244140625,183.44000244140625,183.44000244140625,183.44000244140625,0
1989-09-06,185.10000610351562,185.10000610351562,185.10000610351562,185.10000610351562,0
1989-09-07,186.1300048828125,186.1300048828125,186.1300048828125,186.1300048828125,0
1989-09-08,187.38999938964844,187.38999938964844,187.38999938964844,187.38999938964844,0
1989-09-11,186.7899932861328,186.7899932861328,186.7899932861328,186.7899932861328,0
1989-09-12,186.41000366210938,186.41000366210938,186.41000366210938,186.41000366210938,0
1989-09-13,186.7899932861328,186.7899932861328,186.7899932861328,186.7899932861328,0
1989-09-14,186.5,186.5,186.5,186.5,0
1989-09-15,188.0500030517578,188.0500030517578,188.0500030517578,188.0500030517578,0
1989-09-18,188.11000061035156,188.11000061035156,188.11000061035156,188.11000061035156,0
1989-09-19,186.89999389648438,186.89999389648438,186.89999389648438,186.89999389648438,0
1989-09-20,189.5399932861328,189.5399932861328,189.5399932861328,189.5399932861328,0
1989-09-21,190.52999877929688,190.52999877929688,190.52999877929688,190.52999877929688,0
1989-09-22,189.07000732421875,189.07000732421875,189.07000732421875,189.07000732421875,0
1989-09-25,189.91000366210938,189.91000366210938,189.91000366210938,189.91000366210938,0
1989-09-26,190.0399932861328,190.0399932861328,190.0399932861328,190.0399932861328,0
1989-09-27,190.1999969482422,190.1999969482422,190.1999969482422,190.1999969482422,0
1989-09-28,191.66000366210938,191.66000366210938,191.66000366210938,191.66000366210938,0
1989-09-29,193.22000122070312,193.22000122070312,193.22000122070312,193.22000122070312,0
1989-10-02,192.35000610351562,192.35000610351562,192.35000610351562,192.35000610351562,0
1989-10-03,192.82000732421875,192.82000732421875,192.82000732421875,192.82000732421875,0
1989-10-04,191.8000030517578,191.8000030517578,191.8000030517578,191.8000030517578,0
1989-10-05,190.9499969482422,190.9499969482422,190.9499969482422,190.9499969482422,0
1989-10-06,190.27999877929688,190.27999877929688,190.27999877929688,190.27999877929688,0
1989-10-09,190.47999572753906,190.47999572753906,190.47999572753906,190.47999572753906,0
1989-10-10,191.66000366210938,191.66000366210938,191.66000366210938,191.66000366210938,0
1989-10-11,191.82000732421875,191.82000732421875,191.82000732421875,191.82000732421875,0
1989-10-12,193.38999938964844,193.38999938964844,193.38999938964844,193.38999938964844,0
1989-10-13,194.3699951171875,194.3699951171875,194.3699951171875,194.3699951171875,0
1989-10-16,192.7100067138672,192.7100067138672,192.7100067138672,192.7100067138672,0
1989-10-17,194.0800018310547,194.0800018310547,194.0800018310547,194.0800018310547,0
1989-10-18,193.32000732421875,193.32000732421875,193.32000732421875,193.32000732421875,0
1989-10-19,193.92999267578125,193.92999267578125,193.92999267578125,193.92999267578125,0
1989-10-20,192.6699981689453,192.6699981689453,192.6699981689453,192.6699981689453,0
1989-10-23,190.5800018310547,190.5800018310547,190.5800018310547,190.5800018310547,0
1989-10-24,190.00999450683594,190.00999450683594,190.00999450683594,190.00999450683594,0
1989-10-25,190.2100067138672,190.2100067138672,190.2100067138672,190.2100067138672,0
1989-10-26,188.4600067138672,188.4600067138672,188.4600067138672,188.4600067138672,0
1989-10-27,189.49000549316406,189.49000549316406,189.49000549316406,189.49000549316406,0
1989-10-30,188.67999267578125,188.67999267578125,188.67999267578125,188.67999267578125,0
1989-10-31,189.80999755859375,189.80999755859375,189.80999755859375,189.80999755859375,0
1989-11-01,191.47999572753906,191.47999572753906,191.47999572753906,191.47999572753906,0
1989-11-02,190.77999877929688,190.77999877929688,190.77999877929688,190.77999877929688,0
1989-11-03,191.27999877929688,191.27999877929688,191.27999877929688,191.27999877929688,0
1989-11-06,191.16000366210938,191.16000366210938,191.16000366210938,191.16000366210938,0
1989-11-07,191.5500030517578,191.5500030517578,191.5500030517578,191.5500030517578,0
1989-11-08,190.61000061035156,190.61000061035156,190.61000061035156,190.61000061035156,0
1989-11-09,191.22999572753906,191.22999572753906,191.22999572753906,191.22999572753906,0
1989-11-10,191.0500030517578,191.0500030517578,191.0500030517578,191.0500030517578,0
1989-11-13,190.24000549316406,190.24000549316406,190.24000549316406,190.24000549316406,0
1989-11-14,189.1999969482422,189.1999969482422,189.1999969482422,189.1999969482422,0
1989-11-15,190.0399932861328,190.0399932861328,190.0399932861328,190.0399932861328,0
1989-11-16,191.33999633789062,191.33999633789062,191.33999633789062,191.33999633789062,0
1989-11-17,192.5800018310547,192.5800018310547,192.5800018310547,192.5800018310547,0
1989-11-20,192.99000549316406,192.99000549316406,192.99000549316406,192.99000549316406,0
1989-11-21,193.0500030517578,193.0500030517578,193.0500030517578,193.0500030517578,0
1989-11-22,193.30999755859375,193.30999755859375,193.30999755859375,193.30999755859375,0
1989-11-24,193.85000610351562,193.85000610351562,193.85000610351562,193.85000610351562,0
1989-11-27,192.0,192.0,192.0,192.0,0
1989-11-28,189.72000122070312,189.72000122070312,189.72000122070312,189.72000122070312,0
1989-11-29,189.64999389648438,189.64999389648438,189.64999389648438,189.64999389648438,0
1989-11-30,192.0500030517578,192.0500030517578,192.0500030517578,192.0500030517578,0
1989-12-01,193.52999877929688,193.52999877929688,193.52999877929688,193.52999877929688,0
1989-12-04,193.07000732421875,193.07000732421875,193.07000732421875,193.07000732421875,0
1989-12-05,193.92999267578125,193.92999267578125,193.92999267578125,193.92999267578125,0
1989-12-06,195.0,195.0,195.0,195.0,0
1989-12-07,194.83999633789062,194.83999633789062,194.83999633789062,194.83999633789062,0
1989-12-08,194.4199981689453,194.4199981689453,194.4199981689453,194.4199981689453,0
1989-12-11,195.47000122070312,195.47000122070312,195.47000122070312,195.47000122070312,0
1989-12-12,194.97000122070312,194.97000122070312,194.97000122070312,194.97000122070312,0
1989-12-13,194.9600067138672,194.9600067138672,194.9600067138672,194.9600067138672,0
1989-12-14,194.41000366210938,194.41000366210938,194.41000366210938,194.41000366210938,0
1989-12-15,196.6300048828125,196.6300048828125,196.6300048828125,196.6300048828125,0
1989-12-18,200.08999633789062,200.08999633789062,200.08999633789062,200.08999633789062,0
1989-12-19,199.3699951171875,199.3699951171875,199.3699951171875,199.3699951171875,0
1989-12-20,198.11000061035156,198.11000061035156,198.11000061035156,198.11000061035156,0
1989-12-21,200.92999267578125,200.92999267578125,200.92999267578125,200.92999267578125,0
1989-12-22,200.55999755859375,200.55999755859375,200.55999755859375,200.55999755859375,0
1989-12-26,204.16000366210938,204.16000366210938,204.16000366210938,204.16000366210938,0
1989-12-27,206.1999969482422,206.1999969482422,206.1999969482422,206.1999969482422,0
1989-12-28,205.19000244140625,205.19000244140625,205.19000244140625,205.19000244140625,0
1989-12-29,207.25,207.25,207.25,207.25,0
1990-01-02,212.08999633789062,212.08999633789062,212.08999633789062,212.08999633789062,0
1990-01-03,215.63999938964844,215.63999938964844,215.63999938964844,215.63999938964844,0
1990-01-04,212.13999938964844,212.13999938964844,212.13999938964844,212.13999938964844,0
1990-01-05,206.9199981689453,206.9199981689453,206.9199981689453,206.9199981689453,0
1990-01-08,199.75,199.75,199.75,199.75,0
1990-01-09,200.39999389648438,200.39999389648438,200.39999389648438,200.39999389648438,0
1990-01-10,203.7100067138672,203.7100067138672,203.7100067138672,203.7100067138672,0
1990-01-11,203.86000061035156,203.86000061035156,203.86000061035156,203.86000061035156,0
1990-01-12,202.9199981689453,202.9199981689453,202.9199981689453,202.9199981689453,0
1990-01-15,200.0800018310547,200.0800018310547,200.0800018310547,200.0800018310547,0
1990-01-16,199.8300018310547,199.8300018310547,199.8300018310547,199.8300018310547,0
1990-01-17,197.6300048828125,197.6300048828125,197.6300048828125,197.6300048828125,0
1990-01-18,198.63999938964844,198.63999938964844,198.63999938964844,198.63999938964844,0
1990-01-19,200.3000030517578,200.3000030517578,200.3000030517578,200.3000030517578,0
1990-01-22,198.52000427246094,198.52000427246094,198.52000427246094,198.52000427246094,0
1990-01-23,197.17999267578125,197.17999267578125,197.17999267578125,197.17999267578125,0
1990-01-24,196.75,196.75,196.75,196.75,0
1990-01-25,198.72000122070312,198.72000122070312,198.72000122070312,198.72000122070312,0
1990-01-26,199.38999938964844,199.38999938964844,199.38999938964844,199.38999938964844,0
1990-01-29,200.5800018310547,200.5800018310547,200.5800018310547,200.5800018310547,0
1990-01-30,199.02000427246094,199.02000427246094,199.02000427246094,199.02000427246094,0
1990-01-31,198.8300018310547,198.8300018310547,198.8300018310547,198.8300018310547,0
1990-02-01,198.52000427246094,198.52000427246094,198.52000427246094,198.52000427246094,0
1990-02-02,200.9499969482422,200.9499969482422,200.9499969482422,200.9499969482422,0
1990-02-05,198.32000732421875,198.32000732421875,198.32000732421875,198.32000732421875,0
1990-02-06,198.22000122070312,198.22000122070312,198.22000122070312,198.22000122070312,0
1990-02-07,197.52999877929688,197.52999877929688,197.52999877929688,197.52999877929688,0
1990-02-08,196.5800018310547,196.5800018310547,196.5800018310547,196.5800018310547,0
1990-02-09,195.27999877929688,195.27999877929688,195.27999877929688,195.27999877929688,0
1990-02-12,197.02999877929688,197.02999877929688,197.02999877929688,197.02999877929688,0
1990-02-13,197.0,197.0,197.0,197.0,0
1990-02-14,197.89999389648438,197.89999389648438,197.89999389648438,197.89999389648438,0
1990-02-15,199.77000427246094,199.77000427246094,199.77000427246094,199.77000427246094,0
1990-02-16,198.47000122070312,198.47000122070312,198.47000122070312,198.47000122070312,0
1990-02-20,197.97000122070312,197.97000122070312,197.97000122070312,197.97000122070312,0
1990-02-21,196.8000030517578,196.8000030517578,196.8000030517578,196.8000030517578,0
1990-02-22,197.82000732421875,197.82000732421875,197.82000732421875,197.82000732421875,0
1990-02-23,197.3000030517578,197.3000030517578,197.3000030517578,197.3000030517578,0
1990-02-26,198.5500030517578,198.5500030517578,198.5500030517578,198.5500030517578,0
1990-02-27,196.67999267578125,196.67999267578125,196.67999267578125,196.67999267578125,0
1990-02-28,195.94000244140625,195.94000244140625,195.94000244140625,195.94000244140625,0
1990-03-01,192.86000061035156,192.86000061035156,192.86000061035156,192.86000061035156,0
1990-03-02,194.67999267578125,194.67999267578125,194.67999267578125,194.67999267578125,0
1990-03-05,197.91000366210938,197.91000366210938,197.91000366210938,197.91000366210938,0
1990-03-06,196.36000061035156,196.36000061035156,196.36000061035156,196.36000061035156,0
1990-03-07,195.72000122070312,195.72000122070312,195.72000122070312,195.72000122070312,0
1990-03-08,196.27000427246094,196.27000427246094,196.27000427246094,196.27000427246094,0
1990-03-09,194.66000366210938,194.66000366210938,194.66000366210938,194.66000366210938,0
1990-03-12,194.17999267578125,194.17999267578125,194.17999267578125,194.17999267578125,0
1990-03-13,194.27999877929688,194.27999877929688,194.27999877929688,194.27999877929688,0
1990-03-14,194.67999267578125,194.67999267578125,194.67999267578125,194.67999267578125,0
1990-03-15,197.52000427246094,197.52000427246094,197.52000427246094,197.52000427246094,0
1990-03-16,196.1300048828125,196.1300048828125,196.1300048828125,196.1300048828125,0
1990-03-19,195.47000122070312,195.47000122070312,195.47000122070312,195.47000122070312,0
1990-03-20,194.8000030517578,194.8000030517578,194.8000030517578,194.8000030517578,0
1990-03-21,195.85000610351562,195.85000610351562,195.85000610351562,195.85000610351562,0
1990-03-22,195.7100067138672,195.7100067138672,195.7100067138672,195.7100067138672,0
1990-03-23,197.61000061035156,197.61000061035156,197.61000061035156,197.61000061035156,0
1990-03-26,197.42999267578125,197.42999267578125,197.42999267578125,197.42999267578125,0
1990-03-27,197.33999633789062,197.33999633789062,197.33999633789062,197.33999633789062,0
1990-03-28,197.0,197.0,197.0,197.0,0
1990-03-29,197.5,197.5,197.5,197.5,0
1990-03-30,198.61000061035156,198.61000061035156,198.61000061035156,198.61000061035156,0
1990-04-02,200.39999389648438,200.39999389648438,200.39999389648438,200.39999389648438,0
1990-04-03,200.61000061035156,200.61000061035156,200.61000061035156,200.61000061035156,0
1990-04-04,198.5800018310547,198.5800018310547,198.5800018310547,198.5800018310547,0
1990-04-05,197.00999450683594,197.00999450683594,197.00999450683594,197.00999450683594,0
1990-04-06,195.8800048828125,195.8800048828125,195.8800048828125,195.8800048828125,0
1990-04-09,193.36000061035156,193.36000061035156,193.36000061035156,193.36000061035156,0
1990-04-10,190.9499969482422,190.9499969482422,190.9499969482422,190.9499969482422,0
1990-04-11,192.4499969482422,192.4499969482422,192.4499969482422,192.4499969482422,0
1990-04-12,190.82000732421875,190.82000732421875,190.82000732421875,190.82000732421875,0
1990-04-16,192.0500030517578,192.0500030517578,192.0500030517578,192.0500030517578,0
1990-04-17,191.47000122070312,191.47000122070312,191.47000122070312,191.47000122070312,0
1990-04-18,190.1199951171875,190.1199951171875,190.1199951171875,190.1199951171875,0
1990-04-19,193.72999572753906,193.72999572753906,193.72999572753906,193.72999572753906,0
1990-04-20,193.55999755859375,193.55999755859375,193.55999755859375,193.55999755859375,0
1990-04-23,195.36000061035156,195.36000061035156,195.36000061035156,195.36000061035156,0
1990-04-24,194.83999633789062,194.83999633789062,194.83999633789062,194.83999633789062,0
1990-04-25,193.57000732421875,193.57000732421875,193.57000732421875,193.57000732421875,0
1990-04-26,193.2899932861328,193.2899932861328,193.2899932861328,193.2899932861328,0
1990-04-27,193.82000732421875,193.82000732421875,193.82000732421875,193.82000732421875,0
1990-04-30,193.94000244140625,193.94000244140625,193.94000244140625,193.94000244140625,0
1990-05-01,196.17999267578125,196.17999267578125,196.17999267578125,196.17999267578125,0
1990-05-02,195.8800048828125,195.8800048828125,195.8800048828125,195.8800048828125,0
1990-05-03,192.99000549316406,192.99000549316406,192.99000549316406,192.99000549316406,0
1990-05-04,193.35000610351562,193.35000610351562,193.35000610351562,193.35000610351562,0
1990-05-07,195.22999572753906,195.22999572753906,195.22999572753906,195.22999572753906,0
1990-05-08,194.75999450683594,194.75999450683594,194.75999450683594,194.75999450683594,0
1990-05-09,197.27999877929688,197.27999877929688,197.27999877929688,197.27999877929688,0
1990-05-10,196.61000061035156,196.61000061035156,196.61000061035156,196.61000061035156,0
1990-05-11,194.47000122070312,194.47000122070312,194.47000122070312,194.47000122070312,0
1990-05-14,196.8300018310547,196.8300018310547,196.8300018310547,196.8300018310547,0
1990-05-15,196.72999572753906,196.72999572753906,196.72999572753906,196.72999572753906,0
1990-05-16,196.8000030517578,196.8000030517578,196.8000030517578,196.8000030517578,0
1990-05-17,197.44000244140625,197.44000244140625,197.44000244140625,197.44000244140625,0
1990-05-18,197.1699981689453,197.1699981689453,197.1699981689453,197.1699981689453,0
1990-05-21,195.6300048828125,195.6300048828125,195.6300048828125,195.6300048828125,0
1990-05-22,195.33999633789062,195.33999633789062,195.33999633789062,195.33999633789062,0
1990-05-23,191.94000244140625,191.94000244140625,191.94000244140625,191.94000244140625,0
1990-05-24,192.22999572753906,192.22999572753906,192.22999572753906,192.22999572753906,0
1990-05-25,192.02000427246094,192.02000427246094,192.02000427246094,192.02000427246094,0
1990-05-29,193.82000732421875,193.82000732421875,193.82000732421875,193.82000732421875,0
1990-05-30,193.33999633789062,193.33999633789062,193.33999633789062,193.33999633789062,0
1990-05-31,189.80999755859375,189.80999755859375,189.80999755859375,189.80999755859375,0
1990-06-01,189.2899932861328,189.2899932861328,189.2899932861328,189.2899932861328,0
1990-06-04,187.67999267578125,187.67999267578125,187.67999267578125,187.67999267578125,0
1990-06-05,186.57000732421875,186.57000732421875,186.57000732421875,186.57000732421875,0
1990-06-06,187.2100067138672,187.2100067138672,187.2100067138672,187.2100067138672,0
1990-06-07,185.72000122070312,185.72000122070312,185.72000122070312,185.72000122070312,0
1990-06-08,184.8800048828125,184.8800048828125,184.8800048828125,184.8800048828125,0
1990-06-11,184.5500030517578,184.5500030517578,184.5500030517578,184.5500030517578,0
1990-06-12,187.50999450683594,187.50999450683594,187.50999450683594,187.50999450683594,0
1990-06-13,187.3699951171875,187.3699951171875,187.3699951171875,187.3699951171875,0
1990-06-14,185.39999389648438,185.39999389648438,185.39999389648438,185.39999389648438,0
1990-06-15,184.52000427246094,184.52000427246094,184.52000427246094,184.52000427246094,0
1990-06-19,182.75999450683594,182.75999450683594,182.75999450683594,182.75999450683594,0
1990-06-20,182.66000366210938,182.66000366210938,182.66000366210938,182.66000366210938,0
1990-06-21,183.0800018310547,183.0800018310547,183.0800018310547,183.0800018310547,0
1990-06-22,184.86000061035156,184.86000061035156,184.86000061035156,184.86000061035156,0
1990-06-25,185.85000610351562,185.85000610351562,185.85000610351562,185.85000610351562,0
1990-06-26,184.4600067138672,184.4600067138672,184.4600067138672,184.4600067138672,0
1990-06-27,182.89999389648438,182.89999389648438,182.89999389648438,182.89999389648438,0
1990-06-28,184.67999267578125,184.67999267578125,184.67999267578125,184.67999267578125,0
1990-06-29,184.17999267578125,184.17999267578125,184.17999267578125,184.17999267578125,0
1990-07-02,184.47000122070312,184.47000122070312,184.47000122070312,184.47000122070312,0
1990-07-03,184.17999267578125,184.17999267578125,184.17999267578125,184.17999267578125,0
1990-07-05,182.7899932861328,182.7899932861328,182.7899932861328,182.7899932861328,0
1990-07-06,181.55999755859375,181.55999755859375,181.55999755859375,181.55999755859375,0
1990-07-09,181.88999938964844,181.88999938964844,181.88999938964844,181.88999938964844,0
1990-07-10,182.88999938964844,182.88999938964844,182.88999938964844,182.88999938964844,0
1990-07-11,184.42999267578125,184.42999267578125,184.42999267578125,184.42999267578125,0
1990-07-12,188.72999572753906,188.72999572753906,188.72999572753906,188.72999572753906,0
1990-07-13,190.89999389648438,190.89999389648438,190.89999389648438,190.89999389648438,0
1990-07-16,193.67999267578125,193.67999267578125,193.67999267578125,193.67999267578125,0
1990-07-17,193.39999389648438,193.39999389648438,193.39999389648438,193.39999389648438,0
1990-07-18,191.8000030517578,191.8000030517578,191.8000030517578,191.8000030517578,0
1990-07-19,192.08999633789062,192.08999633789062,192.08999633789062,192.08999633789062,0
1990-07-20,192.41000366210938,192.41000366210938,192.41000366210938,192.41000366210938,0
1990-07-23,193.64999389648438,193.64999389648438,193.64999389648438,193.64999389648438,0
1990-07-24,194.6300048828125,194.6300048828125,194.6300048828125,194.6300048828125,0
1990-07-25,194.82000732421875,194.82000732421875,194.82000732421875,194.82000732421875,0
1990-07-26,195.61000061035156,195.61000061035156,195.61000061035156,195.61000061035156,0
1990-07-27,194.42999267578125,194.42999267578125,194.42999267578125,194.42999267578125,0
1990-07-30,195.13999938964844,195.13999938964844,195.13999938964844,195.13999938964844,0
1990-07-31,196.8000030517578,196.8000030517578,196.8000030517578,196.8000030517578,0
1990-08-01,199.33999633789062,199.33999633789062,199.33999633789062,199.33999633789062,0
1990-08-02,205.16000366210938,205.16000366210938,205.16000366210938,205.16000366210938,0
1990-08-03,209.89999389648438,209.89999389648438,209.89999389648438,209.89999389648438,0
1990-08-06,226.32000732421875,226.32000732421875,226.32000732421875,226.32000732421875,0
1990-08-07,227.1999969482422,227.1999969482422,227.1999969482422,227.1999969482422,0
1990-08-08,216.0,216.0,216.0,216.0,0
1990-08-09,215.0,215.0,215.0,215.0,0
1990-08-10,218.57000732421875,218.57000732421875,218.57000732421875,218.57000732421875,0
1990-08-13,218.3300018310547,218.3300018310547,218.3300018310547,218.3300018310547,0
1990-08-14,219.3699951171875,219.3699951171875,219.3699951171875,219.3699951171875,0
1990-08-15,220.19000244140625,220.19000244140625,220.19000244140625,220.19000244140625,0
1990-08-16,224.22999572753906,224.22999572753906,224.22999572753906,224.22999572753906,0
1990-08-17,228.83999633789062,228.83999633789062,228.83999633789062,228.83999633789062,0
1990-08-20,233.39999389648438,233.39999389648438,233.39999389648438,233.39999389648438,0
1990-08-21,237.0399932861328,237.0399932861328,237.0399932861328,237.0399932861328,0
1990-08-22,247.1999969482422,247.1999969482422,247.1999969482422,247.1999969482422,0
1990-08-23,253.41000366210938,253.41000366210938,253.41000366210938,253.41000366210938,0
1990-08-24,247.00999450683594,247.00999450683594,247.00999450683594,247.00999450683594,0
1990-08-27,233.22999572753906,233.22999572753906,233.22999572753906,233.22999572753906,0
1990-08-28,229.47000122070312,229.47000122070312,229.47000122070312,229.47000122070312,0
1990-08-29,219.25,219.25,219.25,219.25,0
1990-08-30,223.4199981689453,223.4199981689453,223.4199981689453,223.4199981689453,0
1990-08-31,225.4499969482422,225.4499969482422,225.4499969482422,225.4499969482422,0
1990-09-04,236.4199981689453,236.4199981689453,236.4199981689453,236.4199981689453,0
1990-09-05,237.69000244140625,237.69000244140625,237.69000244140625,237.69000244140625,0
1990-09-06,245.22999572753906,245.22999572753906,245.22999572753906,245.22999572753906,0
1990-09-07,238.5,238.5,238.5,238.5,0
1990-09-10,242.14999389648438,242.14999389648438,242.14999389648438,242.14999389648438,0
1990-09-11,238.58999633789062,238.58999633789062,238.58999633789062,238.58999633789062,0
1990-09-12,237.8800048828125,237.8800048828125,237.8800048828125,237.8800048828125,0
1990-09-13,237.07000732421875,237.07000732421875,237.07000732421875,237.07000732421875,0
1990-09-14,237.5500030517578,237.5500030517578,237.5500030517578,237.5500030517578,0
1990-09-17,242.24000549316406,242.24000549316406,242.24000549316406,242.24000549316406,0
1990-09-18,243.50999450683594,243.50999450683594,243.50999450683594,243.50999450683594,0
1990-09-19,244.17999267578125,244.17999267578125,244.17999267578125,244.17999267578125,0
1990-09-20,247.0800018310547,247.0800018310547,247.0800018310547,247.0800018310547,0
1990-09-21,254.25999450683594,254.25999450683594,254.25999450683594,254.25999450683594,0
1990-09-24,263.44000244140625,263.44000244140625,263.44000244140625,263.44000244140625,0
1990-09-25,263.55999755859375,263.55999755859375,263.55999755859375,263.55999755859375,0
1990-09-26,266.7099914550781,266.7099914550781,266.7099914550781,266.7099914550781,0
1990-09-27,270.4100036621094,270.4100036621094,270.4100036621094,270.4100036621094,0
1990-09-28,270.19000244140625,270.19000244140625,270.19000244140625,270.19000244140625,0
1990-10-01,260.30999755859375,260.30999755859375,260.30999755859375,260.30999755859375,0
1990-10-02,247.42999267578125,247.42999267578125,247.42999267578125,247.42999267578125,0
1990-10-03,261.17999267578125,261.17999267578125,261.17999267578125,261.17999267578125,0
1990-10-04,259.3399963378906,259.3399963378906,259.3399963378906,259.3399963378906,0
1990-10-05,263.30999755859375,263.30999755859375,263.30999755859375,263.30999755859375,0
1990-10-08,265.4800109863281,265.4800109863281,265.4800109863281,265.4800109863281,0
1990-10-09,270.4100036621094,270.4100036621094,270.4100036621094,270.4100036621094,0
1990-10-10,262.04998779296875,262.04998779296875,262.04998779296875,262.04998779296875,0
1990-10-11,266.1400146484375,266.1400146484375,266.1400146484375,266.1400146484375,0
1990-10-12,265.1099853515625,265.1099853515625,265.1099853515625,265.1099853515625,0
1990-10-15,258.6300048828125,258.6300048828125,258.6300048828125,258.6300048828125,0
1990-10-16,261.7799987792969,261.7799987792969,261.7799987792969,261.7799987792969,0
1990-10-17,261.07000732421875,261.07000732421875,261.07000732421875,261.07000732421875,0
1990-10-18,252.91000366210938,252.91000366210938,252.91000366210938,252.91000366210938,0
1990-10-19,244.60000610351562,244.60000610351562,244.60000610351562,244.60000610351562,0
1990-10-22,233.05999755859375,233.05999755859375,233.05999755859375,233.05999755859375,0
1990-10-23,228.32000732421875,228.32000732421875,228.32000732421875,228.32000732421875,0
1990-10-24,236.22000122070312,236.22000122070312,236.22000122070312,236.22000122070312,0
1990-10-25,246.08999633789062,246.08999633789062,246.08999633789062,246.08999633789062,0
1990-10-26,242.66000366210938,242.66000366210938,242.66000366210938,242.66000366210938,0
1990-10-29,247.02000427246094,247.02000427246094,247.02000427246094,247.02000427246094,0
1990-10-30,247.11000061035156,247.11000061035156,247.11000061035156,247.11000061035156,0
1990-10-31,249.3699951171875,249.3699951171875,249.3699951171875,249.3699951171875,0
1990-11-01,250.0500030517578,250.0500030517578,250.0500030517578,250.0500030517578,0
1990-11-02,245.2100067138672,245.2100067138672,245.2100067138672,245.2100067138672,0
1990-11-05,238.4499969482422,238.4499969482422,238.4499969482422,238.4499969482422,0
1990-11-06,241.66000366210938,241.66000366210938,241.66000366210938,241.66000366210938,0
1990-11-07,251.3800048828125,251.3800048828125,251.3800048828125,251.3800048828125,0
1990-11-08,250.39999389648438,250.39999389648438,250.39999389648438,250.39999389648438,0
1990-11-09,243.30999755859375,243.30999755859375,243.30999755859375,243.30999755859375,0
1990-11-12,236.5800018310547,236.5800018310547,236.5800018310547,236.5800018310547,0
1990-11-13,238.1999969482422,238.1999969482422,238.1999969482422,238.1999969482422,0
1990-11-14,232.72999572753906,232.72999572753906,232.72999572753906,232.72999572753906,0
1990-11-15,232.0800018310547,232.0800018310547,232.0800018310547,232.0800018310547,0
1990-11-16,228.33999633789062,228.33999633789062,228.33999633789062,228.33999633789062,0
1990-11-19,232.60000610351562,232.60000610351562,232.60000610351562,232.60000610351562,0
1990-11-20,225.08999633789062,225.08999633789062,225.08999633789062,225.08999633789062,0
1990-11-21,228.08999633789062,228.08999633789062,228.08999633789062,228.08999633789062,0
1990-11-23,236.49000549316406,236.49000549316406,236.49000549316406,236.49000549316406,0
1990-11-26,240.97000122070312,240.97000122070312,240.97000122070312,240.97000122070312,0
1990-11-27,240.1999969482422,240.1999969482422,240.1999969482422,240.1999969482422,0
1990-11-28,240.72999572753906,240.72999572753906,240.72999572753906,240.72999572753906,0
1990-11-29,239.61000061035156,239.61000061035156,239.61000061035156,239.61000061035156,0
1990-11-30,227.61000061035156,227.61000061035156,227.61000061035156,227.61000061035156,0
1990-12-03,223.72000122070312,223.72000122070312,223.72000122070312,223.72000122070312,0
1990-12-04,228.49000549316406,228.49000549316406,228.49000549316406,228.49000549316406,0
1990-12-05,215.85000610351562,215.85000610351562,215.85000610351562,215.85000610351562,0
1990-12-06,212.44000244140625,212.44000244140625,212.44000244140625,212.44000244140625,0
1990-12-07,212.7100067138672,212.7100067138672,212.7100067138672,212.7100067138672,0
1990-12-10,215.35000610351562,215.35000610351562,215.35000610351562,215.35000610351562,0
1990-12-11,212.11000061035156,212.11000061035156,212.11000061035156,212.11000061035156,0
1990-12-12,206.85000610351562,206.85000610351562,206.85000610351562,206.85000610351562,0
1990-12-13,208.55999755859375,208.55999755859375,208.55999755859375,208.55999755859375,0
1990-12-14,209.67999267578125,209.67999267578125,209.67999267578125,209.67999267578125,0
1990-12-17,210.8699951171875,210.8699951171875,210.8699951171875,210.8699951171875,0
1990-12-18,212.91000366210938,212.91000366210938,212.91000366210938,212.91000366210938,0
1990-12-19,213.9600067138672,213.9600067138672,213.9600067138672,213.9600067138672,0
1990-12-20,212.5,212.5,212.5,212.5,0
1990-12-21,211.30999755859375,211.30999755859375,211.30999755859375,211.30999755859375,0
1990-12-24,211.36000061035156,211.36000061035156,211.36000061035156,211.36000061035156,0
1990-12-26,216.24000549316406,216.24000549316406,216.24000549316406,216.24000549316406,0
1990-12-27,215.5,215.5,215.5,215.5,0
1990-12-28,217.22999572753906,217.22999572753906,217.22999572753906,217.22999572753906,0
1990-12-31,219.97000122070312,219.97000122070312,219.97000122070312,219.97000122070312,0
1991-01-02,211.27999877929688,211.27999877929688,211.27999877929688,211.27999877929688,0
1991-01-03,206.94000244140625,206.94000244140625,206.94000244140625,206.94000244140625,0
1991-01-04,204.60000610351562,204.60000610351562,204.60000610351562,204.60000610351562,0
1991-01-07,216.67999267578125,216.67999267578125,216.67999267578125,216.67999267578125,0
1991-01-08,212.77000427246094,212.77000427246094,212.77000427246094,212.77000427246094,0
1991-01-09,215.2899932861328,215.2899932861328,215.2899932861328,215.2899932861328,0
1991-01-10,214.99000549316406,214.99000549316406,214.99000549316406,214.99000549316406,0
1991-01-11,212.36000061035156,212.36000061035156,212.36000061035156,212.36000061035156,0
1991-01-14,226.33999633789062,226.33999633789062,226.33999633789062,226.33999633789062,0
1991-01-15,221.39999389648438,221.39999389648438,221.39999389648438,221.39999389648438,0
1991-01-16,228.35000610351562,228.35000610351562,228.35000610351562,228.35000610351562,0
1991-01-17,189.8699951171875,189.8699951171875,189.8699951171875,189.8699951171875,0
1991-01-18,184.64999389648438,184.64999389648438,184.64999389648438,184.64999389648438,0
1991-01-21,188.9199981689453,188.9199981689453,188.9199981689453,188.9199981689453,0
1991-01-22,194.49000549316406,194.49000549316406,194.49000549316406,194.49000549316406,0
1991-01-23,194.9600067138672,194.9600067138672,194.9600067138672,194.9600067138672,0
1991-01-24,194.66000366210938,194.66000366210938,194.66000366210938,194.66000366210938,0
1991-01-25,194.27000427246094,194.27000427246094,194.27000427246094,194.27000427246094,0
1991-01-28,192.8699951171875,192.8699951171875,192.8699951171875,192.8699951171875,0
1991-01-29,195.7899932861328,195.7899932861328,195.7899932861328,195.7899932861328,0
1991-01-30,192.82000732421875,192.82000732421875,192.82000732421875,192.82000732421875,0
1991-01-31,194.4499969482422,194.4499969482422,194.4499969482422,194.4499969482422,0
1991-02-01,193.17999267578125,193.17999267578125,193.17999267578125,193.17999267578125,0
1991-02-04,193.02999877929688,193.02999877929688,193.02999877929688,193.02999877929688,0
1991-02-05,191.7899932861328,191.7899932861328,191.7899932861328,191.7899932861328,0
1991-02-06,195.14999389648438,195.14999389648438,195.14999389648438,195.14999389648438,0
1991-02-07,192.55999755859375,192.55999755859375,192.55999755859375,192.55999755859375,0
1991-02-08,194.27999877929688,194.27999877929688,194.27999877929688,194.27999877929688,0
1991-02-11,195.88999938964844,195.88999938964844,195.88999938964844,195.88999938964844,0
1991-02-12,195.92999267578125,195.92999267578125,195.92999267578125,195.92999267578125,0
1991-02-13,193.17999267578125,193.17999267578125,193.17999267578125,193.17999267578125,0
1991-02-14,192.16000366210938,192.16000366210938,192.16000366210938,192.16000366210938,0
1991-02-15,186.5500030517578,186.5500030517578,186.5500030517578,186.5500030517578,0
1991-02-19,185.8800048828125,185.8800048828125,185.8800048828125,185.8800048828125,0
1991-02-20,188.9199981689453,188.9199981689453,188.9199981689453,188.9199981689453,0
1991-02-21,184.9600067138672,184.9600067138672,184.9600067138672,184.9600067138672,0
1991-02-22,183.32000732421875,183.32000732421875,183.32000732421875,183.32000732421875,0
1991-02-25,184.3000030517578,184.3000030517578,184.3000030517578,184.3000030517578,0
1991-02-26,187.0500030517578,187.0500030517578,187.0500030517578,187.0500030517578,0
1991-02-27,189.3300018310547,189.3300018310547,189.3300018310547,189.3300018310547,0
1991-02-28,191.22999572753906,191.22999572753906,191.22999572753906,191.22999572753906,0
1991-03-01,192.3300018310547,192.3300018310547,192.3300018310547,192.3300018310547,0
1991-03-04,196.72000122070312,196.72000122070312,196.72000122070312,196.72000122070312,0
1991-03-05,199.19000244140625,199.19000244140625,199.19000244140625,199.19000244140625,0
1991-03-06,197.2899932861328,197.2899932861328,197.2899932861328,197.2899932861328,0
1991-03-07,195.69000244140625,195.69000244140625,195.69000244140625,195.69000244140625,0
1991-03-08,195.3000030517578,195.3000030517578,195.3000030517578,195.3000030517578,0
1991-03-11,193.10000610351562,193.10000610351562,193.10000610351562,193.10000610351562,0
1991-03-12,194.97000122070312,194.97000122070312,194.97000122070312,194.97000122070312,0
1991-03-13,195.82000732421875,195.82000732421875,195.82000732421875,195.82000732421875,0
1991-03-14,194.39999389648438,194.39999389648438,194.39999389648438,194.39999389648438,0
1991-03-15,192.88999938964844,192.88999938964844,192.88999938964844,192.88999938964844,0
1991-03-18,191.4199981689453,191.4199981689453,191.4199981689453,191.4199981689453,0
1991-03-19,194.86000061035156,194.86000061035156,194.86000061035156,194.86000061035156,0
1991-03-20,195.6699981689453,195.6699981689453,195.6699981689453,195.6699981689453,0
1991-03-21,197.27000427246094,197.27000427246094,197.27000427246094,197.27000427246094,0
1991-03-22,195.97999572753906,195.97999572753906,195.97999572753906,195.97999572753906,0
1991-03-25,193.00999450683594,193.00999450683594,193.00999450683594,193.00999450683594,0
1991-03-26,193.52999877929688,193.52999877929688,193.52999877929688,193.52999877929688,0
1991-03-27,192.97000122070312,192.97000122070312,192.97000122070312,192.97000122070312,0
1991-03-28,194.1300048828125,194.1300048828125,194.1300048828125,194.1300048828125,0
1991-04-01,192.8800048828125,192.8800048828125,192.8800048828125,192.8800048828125,0
1991-04-02,195.10000610351562,195.10000610351562,195.10000610351562,195.10000610351562,0
1991-04-03,193.19000244140625,193.19000244140625,193.19000244140625,193.19000244140625,0
1991-04-04,194.47999572753906,194.47999572753906,194.47999572753906,194.47999572753906,0
1991-04-05,194.50999450683594,194.50999450683594,194.50999450683594,194.50999450683594,0
1991-04-08,195.75999450683594,195.75999450683594,195.75999450683594,195.75999450683594,0
1991-04-09,195.2100067138672,195.2100067138672,195.2100067138672,195.2100067138672,0
1991-04-10,197.69000244140625,197.69000244140625,197.69000244140625,197.69000244140625,0
1991-04-11,196.0,196.0,196.0,196.0,0
1991-04-12,198.05999755859375,198.05999755859375,198.05999755859375,198.05999755859375,0
1991-04-15,199.94000244140625,199.94000244140625,199.94000244140625,199.94000244140625,0
1991-04-16,199.24000549316406,199.24000549316406,199.24000549316406,199.24000549316406,0
1991-04-17,199.75,199.75,199.75,199.75,0
1991-04-18,197.47999572753906,197.47999572753906,197.47999572753906,197.47999572753906,0
1991-04-19,197.9499969482422,197.9499969482422,197.9499969482422,197.9499969482422,0
1991-04-22,199.58999633789062,199.58999633789062,199.58999633789062,199.58999633789062,0
1991-04-23,197.64999389648438,197.64999389648438,197.64999389648438,197.64999389648438,0
1991-04-24,197.47000122070312,197.47000122070312,197.47000122070312,197.47000122070312,0
1991-04-25,197.6300048828125,197.6300048828125,197.6300048828125,197.6300048828125,0
1991-04-26,198.2100067138672,198.2100067138672,198.2100067138672,198.2100067138672,0
1991-04-29,197.74000549316406,197.74000549316406,197.74000549316406,197.74000549316406,0
1991-04-30,196.0,196.0,196.0,196.0,0
1991-05-01,197.58999633789062,197.58999633789062,197.58999633789062,197.58999633789062,0
1991-05-02,197.0,197.0,197.0,197.0,0
1991-05-03,198.14999389648438,198.14999389648438,198.14999389648438,198.14999389648438,0
1991-05-06,199.5800018310547,199.5800018310547,199.5800018310547,199.5800018310547,0
1991-05-07,198.0399932861328,198.0399932861328,198.0399932861328,198.0399932861328,0
1991-05-08,197.7100067138672,197.7100067138672,197.7100067138672,197.7100067138672,0
1991-05-09,198.5399932861328,198.5399932861328,198.5399932861328,198.5399932861328,0
1991-05-10,195.32000732421875,195.32000732421875,195.32000732421875,195.32000732421875,0
1991-05-13,194.50999450683594,194.50999450683594,194.50999450683594,194.50999450683594,0
1991-05-14,193.74000549316406,193.74000549316406,193.74000549316406,193.74000549316406,0
1991-05-15,194.0,194.0,194.0,194.0,0
1991-05-16,193.9199981689453,193.9199981689453,193.9199981689453,193.9199981689453,0
1991-05-17,194.35000610351562,194.35000610351562,194.35000610351562,194.35000610351562,0
1991-05-20,194.30999755859375,194.30999755859375,194.30999755859375,194.30999755859375,0
1991-05-21,194.1999969482422,194.1999969482422,194.1999969482422,194.1999969482422,0
1991-05-22,192.9199981689453,192.9199981689453,192.9199981689453,192.9199981689453,0
1991-05-23,193.67999267578125,193.67999267578125,193.67999267578125,193.67999267578125,0
1991-05-24,193.9499969482422,193.9499969482422,193.9499969482422,193.9499969482422,0
1991-05-28,194.57000732421875,194.57000732421875,194.57000732421875,194.57000732421875,0
1991-05-29,193.2899932861328,193.2899932861328,193.2899932861328,193.2899932861328,0
1991-05-30,194.02999877929688,194.02999877929688,194.02999877929688,194.02999877929688,0
1991-05-31,192.88999938964844,192.88999938964844,192.88999938964844,192.88999938964844,0
1991-06-03,193.1300048828125,193.1300048828125,193.1300048828125,193.1300048828125,0
1991-06-04,192.80999755859375,192.80999755859375,192.80999755859375,192.80999755859375,0
1991-06-05,189.86000061035156,189.86000061035156,189.86000061035156,189.86000061035156,0
1991-06-06,189.6199951171875,189.6199951171875,189.6199951171875,189.6199951171875,0
1991-06-07,189.27999877929688,189.27999877929688,189.27999877929688,189.27999877929688,0
1991-06-10,186.6699981689453,186.6699981689453,186.6699981689453,186.6699981689453,0
1991-06-11,187.1699981689453,187.1699981689453,187.1699981689453,187.1699981689453,0
1991-06-12,186.97999572753906,186.97999572753906,186.97999572753906,186.97999572753906,0
1991-06-13,185.50999450683594,185.50999450683594,185.50999450683594,185.50999450683594,0
1991-06-14,185.17999267578125,185.17999267578125,185.17999267578125,185.17999267578125,0
1991-06-17,185.94000244140625,185.94000244140625,185.94000244140625,185.94000244140625,0
1991-06-18,185.89999389648438,185.89999389648438,185.89999389648438,185.89999389648438,0
1991-06-19,184.97000122070312,184.97000122070312,184.97000122070312,184.97000122070312,0
1991-06-20,185.6199951171875,185.6199951171875,185.6199951171875,185.6199951171875,0
1991-06-21,184.75999450683594,184.75999450683594,184.75999450683594,184.75999450683594,0
1991-06-24,183.6199951171875,183.6199951171875,183.6199951171875,183.6199951171875,0
1991-06-25,184.27000427246094,184.27000427246094,184.27000427246094,184.27000427246094,0
1991-06-26,184.50999450683594,184.50999450683594,184.50999450683594,184.50999450683594,0
1991-06-27,185.63999938964844,185.63999938964844,185.63999938964844,185.63999938964844,0
1991-06-28,185.4499969482422,185.4499969482422,185.4499969482422,185.4499969482422,0
1991-07-01,186.11000061035156,186.11000061035156,186.11000061035156,186.11000061035156,0
1991-07-02,186.8800048828125,186.8800048828125,186.8800048828125,186.8800048828125,0
1991-07-03,185.5800018310547,185.5800018310547,185.5800018310547,185.5800018310547,0
1991-07-05,185.94000244140625,185.94000244140625,185.94000244140625,185.94000244140625,0
1991-07-08,186.7100067138672,186.7100067138672,186.7100067138672,186.7100067138672,0
1991-07-09,186.41000366210938,186.41000366210938,186.41000366210938,186.41000366210938,0
1991-07-10,186.92999267578125,186.92999267578125,186.92999267578125,186.92999267578125,0
1991-07-11,186.05999755859375,186.05999755859375,186.05999755859375,186.05999755859375,0
1991-07-12,188.6300048828125,188.6300048828125,188.6300048828125,188.6300048828125,0
1991-07-15,187.38999938964844,187.38999938964844,187.38999938964844,187.38999938964844,0
1991-07-16,188.52999877929688,188.52999877929688,188.52999877929688,188.52999877929688,0
1991-07-17,190.25999450683594,190.25999450683594,190.25999450683594,190.25999450683594,0
1991-07-18,189.13999938964844,189.13999938964844,189.13999938964844,189.13999938964844,0
1991-07-19,190.3300018310547,190.3300018310547,190.3300018310547,190.3300018310547,0
1991-07-22,190.0500030517578,190.0500030517578,190.0500030517578,190.0500030517578,0
1991-07-23,188.89999389648438,188.89999389648438,188.89999389648438,188.89999389648438,0
1991-07-24,189.32000732421875,189.32000732421875,189.32000732421875,189.32000732421875,0
1991-07-25,189.2100067138672,189.2100067138672,189.2100067138672,189.2100067138672,0
1991-07-26,189.66000366210938,189.66000366210938,189.66000366210938,189.66000366210938,0
1991-07-29,189.1699981689453,189.1699981689453,189.1699981689453,189.1699981689453,0
1991-07-30,189.7100067138672,189.7100067138672,189.7100067138672,189.7100067138672,0
1991-07-31,191.88999938964844,191.88999938964844,191.88999938964844,191.88999938964844,0
1991-08-01,190.8000030517578,190.8000030517578,190.8000030517578,190.8000030517578,0
1991-08-02,191.1999969482422,191.1999969482422,191.1999969482422,191.1999969482422,0
1991-08-05,191.00999450683594,191.00999450683594,191.00999450683594,191.00999450683594,0
1991-08-06,189.61000061035156,189.61000061035156,189.61000061035156,189.61000061035156,0
1991-08-07,188.66000366210938,188.66000366210938,188.66000366210938,188.66000366210938,0
1991-08-08,189.17999267578125,189.17999267578125,189.17999267578125,189.17999267578125,0
1991-08-09,189.52000427246094,189.52000427246094,189.52000427246094,189.52000427246094,0
1991-08-12,189.50999450683594,189.50999450683594,189.50999450683594,189.50999450683594,0
1991-08-13,188.74000549316406,188.74000549316406,188.74000549316406,188.74000549316406,0
1991-08-14,187.27999877929688,187.27999877929688,187.27999877929688,187.27999877929688,0
1991-08-15,188.36000061035156,188.36000061035156,188.36000061035156,188.36000061035156,0
1991-08-16,188.47999572753906,188.47999572753906,188.47999572753906,188.47999572753906,0
1991-08-19,192.33999633789062,192.33999633789062,192.33999633789062,192.33999633789062,0
1991-08-20,192.91000366210938,192.91000366210938,192.91000366210938,192.91000366210938,0
1991-08-21,190.22999572753906,190.22999572753906,190.22999572753906,190.22999572753906,0
1991-08-22,191.97999572753906,191.97999572753906,191.97999572753906,191.97999572753906,0
1991-08-23,191.75999450683594,191.75999450683594,191.75999450683594,191.75999450683594,0
1991-08-26,192.17999267578125,192.17999267578125,192.17999267578125,192.17999267578125,0
1991-08-27,191.8300018310547,191.8300018310547,191.8300018310547,191.8300018310547,0
1991-08-28,190.3000030517578,190.3000030517578,190.3000030517578,190.3000030517578,0
1991-08-29,190.92999267578125,190.92999267578125,190.92999267578125,190.92999267578125,0
1991-08-30,192.63999938964844,192.63999938964844,192.63999938964844,192.63999938964844,0
1991-09-03,192.16000366210938,192.16000366210938,192.16000366210938,192.16000366210938,0
1991-09-04,190.5500030517578,190.5500030517578,190.5500030517578,190.5500030517578,0
1991-09-05,190.60000610351562,190.60000610351562,190.60000610351562,190.60000610351562,0
1991-09-06,190.66000366210938,190.66000366210938,190.66000366210938,190.66000366210938,0
1991-09-09,189.72000122070312,189.72000122070312,189.72000122070312,189.72000122070312,0
1991-09-10,189.8800048828125,189.8800048828125,189.8800048828125,189.8800048828125,0
1991-09-11,190.85000610351562,190.85000610351562,190.85000610351562,190.85000610351562,0
1991-09-12,190.69000244140625,190.69000244140625,190.69000244140625,190.69000244140625,0
1991-09-13,191.3699951171875,191.3699951171875,191.3699951171875,191.3699951171875,0
1991-09-16,191.75,191.75,191.75,191.75,0
1991-09-17,190.42999267578125,190.42999267578125,190.42999267578125,190.42999267578125,0
1991-09-18,192.27000427246094,192.27000427246094,192.27000427246094,192.27000427246094,0
1991-09-19,192.27999877929688,192.27999877929688,192.27999877929688,192.27999877929688,0
1991-09-20,192.8800048828125,192.8800048828125,192.8800048828125,192.8800048828125,0
1991-09-23,193.5500030517578,193.5500030517578,193.5500030517578,193.5500030517578,0
1991-09-24,194.24000549316406,194.24000549316406,194.24000549316406,194.24000549316406,0
1991-09-25,194.57000732421875,194.57000732421875,194.57000732421875,194.57000732421875,0
1991-09-26,194.13999938964844,194.13999938964844,194.13999938964844,194.13999938964844,0
1991-09-27,194.89999389648438,194.89999389648438,194.89999389648438,194.89999389648438,0
1991-09-30,193.92999267578125,193.92999267578125,193.92999267578125,193.92999267578125,0
1991-10-01,193.94000244140625,193.94000244140625,193.94000244140625,193.94000244140625,0
1991-10-02,194.30999755859375,194.30999755859375,194.30999755859375,194.30999755859375,0
1991-10-03,195.5399932861328,195.5399932861328,195.5399932861328,195.5399932861328,0
1991-10-04,195.80999755859375,195.80999755859375,195.80999755859375,195.80999755859375,0
1991-10-07,197.22999572753906,197.22999572753906,197.22999572753906,197.22999572753906,0
1991-10-08,197.3699951171875,197.3699951171875,197.3699951171875,197.3699951171875,0
1991-10-09,197.67999267578125,197.67999267578125,197.67999267578125,197.67999267578125,0
1991-10-10,196.69000244140625,196.69000244140625,196.69000244140625,196.69000244140625,0
1991-10-11,196.92999267578125,196.92999267578125,196.92999267578125,196.92999267578125,0
1991-10-14,198.1300048828125,198.1300048828125,198.1300048828125,198.1300048828125,0
1991-10-15,198.92999267578125,198.92999267578125,198.92999267578125,198.92999267578125,0
1991-10-16,199.67999267578125,199.67999267578125,199.67999267578125,199.67999267578125,0
1991-10-17,200.69000244140625,200.69000244140625,200.69000244140625,200.69000244140625,0
1991-10-18,201.7100067138672,201.7100067138672,201.7100067138672,201.7100067138672,0
1991-10-21,201.77999877929688,201.77999877929688,201.77999877929688,201.77999877929688,0
1991-10-22,201.16000366210938,201.16000366210938,201.16000366210938,201.16000366210938,0
1991-10-23,198.82000732421875,198.82000732421875,198.82000732421875,198.82000732421875,0
1991-10-24,200.3300018310547,200.3300018310547,200.3300018310547,200.3300018310547,0
1991-10-25,198.14999389648438,198.14999389648438,198.14999389648438,198.14999389648438,0
1991-10-28,198.11000061035156,198.11000061035156,198.11000061035156,198.11000061035156,0
1991-10-29,197.86000061035156,197.86000061035156,197.86000061035156,197.86000061035156,0
1991-10-30,197.99000549316406,197.99000549316406,197.99000549316406,197.99000549316406,0
1991-10-31,198.5500030517578,198.5500030517578,198.5500030517578,198.5500030517578,0
1991-11-01,200.22000122070312,200.22000122070312,200.22000122070312,200.22000122070312,0
1991-11-04,200.2100067138672,200.2100067138672,200.2100067138672,200.2100067138672,0
1991-11-05,200.72000122070312,200.72000122070312,200.72000122070312,200.72000122070312,0
1991-11-06,198.8300018310547,198.8300018310547,198.8300018310547,198.8300018310547,0
1991-11-07,197.5,197.5,197.5,197.5,0
1991-11-08,197.1699981689453,197.1699981689453,197.1699981689453,197.1699981689453,0
1991-11-11,194.47000122070312,194.47000122070312,194.47000122070312,194.47000122070312,0
1991-11-12,193.75,193.75,193.75,193.75,0
1991-11-13,193.38999938964844,193.38999938964844,193.38999938964844,193.38999938964844,0
1991-11-14,194.8800048828125,194.8800048828125,194.8800048828125,194.8800048828125,0
1991-11-15,195.94000244140625,195.94000244140625,195.94000244140625,195.94000244140625,0
1991-11-18,193.88999938964844,193.88999938964844,193.88999938964844,193.88999938964844,0
1991-11-19,192.69000244140625,192.69000244140625,192.69000244140625,192.69000244140625,0
1991-11-20,193.33999633789062,193.33999633789062,193.33999633789062,193.33999633789062,0
1991-11-21,192.5800018310547,192.5800018310547,192.5800018310547,192.5800018310547,0
1991-11-22,190.13999938964844,190.13999938964844,190.13999938964844,190.13999938964844,0
1991-11-25,190.50999450683594,190.50999450683594,190.50999450683594,190.50999450683594,0
1991-11-26,188.91000366210938,188.91000366210938,188.91000366210938,188.91000366210938,0
1991-11-27,189.77999877929688,189.77999877929688,189.77999877929688,189.77999877929688,0
1991-11-29,190.10000610351562,190.10000610351562,190.10000610351562,190.10000610351562,0
1991-12-02,188.08999633789062,188.08999633789062,188.08999633789062,188.08999633789062,0
1991-12-03,185.1199951171875,185.1199951171875,185.1199951171875,185.1199951171875,0
1991-12-04,186.13999938964844,186.13999938964844,186.13999938964844,186.13999938964844,0
1991-12-05,184.22000122070312,184.22000122070312,184.22000122070312,184.22000122070312,0
1991-12-06,182.30999755859375,182.30999755859375,182.30999755859375,182.30999755859375,0
1991-12-09,179.49000549316406,179.49000549316406,179.49000549316406,179.49000549316406,0
1991-12-10,179.58999633789062,179.58999633789062,179.58999633789062,179.58999633789062,0
1991-12-11,179.94000244140625,179.94000244140625,179.94000244140625,179.94000244140625,0
1991-12-12,181.33999633789062,181.33999633789062,181.33999633789062,181.33999633789062,0
1991-12-13,182.3699951171875,182.3699951171875,182.3699951171875,182.3699951171875,0
1991-12-16,181.47999572753906,181.47999572753906,181.47999572753906,181.47999572753906,0
1991-12-17,180.3699951171875,180.3699951171875,180.3699951171875,180.3699951171875,0
1991-12-18,179.32000732421875,179.32000732421875,179.32000732421875,179.32000732421875,0
1991-12-19,177.38999938964844,177.38999938964844,177.38999938964844,177.38999938964844,0
1991-12-20,174.8000030517578,174.8000030517578,174.8000030517578,174.8000030517578,0
1991-12-23,176.30999755859375,176.30999755859375,176.30999755859375,176.30999755859375,0
1991-12-24,177.5500030517578,177.5500030517578,177.5500030517578,177.5500030517578,0
1991-12-26,174.92999267578125,174.92999267578125,174.92999267578125,174.92999267578125,0
1991-12-27,175.5800018310547,175.5800018310547,175.5800018310547,175.5800018310547,0
1991-12-30,174.42999267578125,174.42999267578125,174.42999267578125,174.42999267578125,0
1991-12-31,176.9199981689453,176.9199981689453,176.9199981689453,176.9199981689453,0
1992-01-02,177.8300018310547,177.8300018310547,177.8300018310547,177.8300018310547,0
1992-01-03,177.05999755859375,177.05999755859375,177.05999755859375,177.05999755859375,0
1992-01-06,177.22000122070312,177.22000122070312,177.22000122070312,177.22000122070312,0
1992-01-07,175.2899932861328,175.2899932861328,175.2899932861328,175.2899932861328,0
1992-01-08,172.64999389648438,172.64999389648438,172.64999389648438,172.64999389648438,0
1992-01-09,172.9600067138672,172.9600067138672,172.9600067138672,172.9600067138672,0
1992-01-10,175.85000610351562,175.85000610351562,175.85000610351562,175.85000610351562,0
1992-01-13,178.97000122070312,178.97000122070312,178.97000122070312,178.97000122070312,0
1992-01-14,177.52999877929688,177.52999877929688,177.52999877929688,177.52999877929688,0
1992-01-15,179.74000549316406,179.74000549316406,179.74000549316406,179.74000549316406,0
1992-01-16,180.8300018310547,180.8300018310547,180.8300018310547,180.8300018310547,0
1992-01-17,181.80999755859375,181.80999755859375,181.80999755859375,181.80999755859375,0
1992-01-20,180.66000366210938,180.66000366210938,180.66000366210938,180.66000366210938,0
1992-01-21,179.3300018310547,179.3300018310547,179.3300018310547,179.3300018310547,0
1992-01-22,180.5500030517578,180.5500030517578,180.5500030517578,180.5500030517578,0
1992-01-23,180.4499969482422,180.4499969482422,180.4499969482422,180.4499969482422,0
1992-01-24,182.16000366210938,182.16000366210938,182.16000366210938,182.16000366210938,0
1992-01-27,183.86000061035156,183.86000061035156,183.86000061035156,183.86000061035156,0
1992-01-28,182.41000366210938,182.41000366210938,182.41000366210938,182.41000366210938,0
1992-01-29,182.36000061035156,182.36000061035156,182.36000061035156,182.36000061035156,0
1992-01-30,181.57000732421875,181.57000732421875,181.57000732421875,181.57000732421875,0
1992-01-31,182.35000610351562,182.35000610351562,182.35000610351562,182.35000610351562,0
1992-02-03,182.94000244140625,182.94000244140625,182.94000244140625,182.94000244140625,0
1992-02-04,185.4499969482422,185.4499969482422,185.4499969482422,185.4499969482422,0
1992-02-05,186.33999633789062,186.33999633789062,186.33999633789062,186.33999633789062,0
1992-02-06,186.4600067138672,186.4600067138672,186.4600067138672,186.4600067138672,0
1992-02-07,188.4600067138672,188.4600067138672,188.4600067138672,188.4600067138672,0
1992-02-10,189.27999877929688,189.27999877929688,189.27999877929688,189.27999877929688,0
1992-02-11,185.75999450683594,185.75999450683594,185.75999450683594,185.75999450683594,0
1992-02-12,186.39999389648438,186.39999389648438,186.39999389648438,186.39999389648438,0
1992-02-13,187.9499969482422,187.9499969482422,187.9499969482422,187.9499969482422,0
1992-02-14,187.19000244140625,187.19000244140625,187.19000244140625,187.19000244140625,0
1992-02-18,181.3300018310547,181.3300018310547,181.3300018310547,181.3300018310547,0
1992-02-19,183.5,183.5,183.5,183.5,0
1992-02-20,183.61000061035156,183.61000061035156,183.61000061035156,183.61000061035156,0
1992-02-21,182.4600067138672,182.4600067138672,182.4600067138672,182.4600067138672,0
1992-02-24,179.91000366210938,179.91000366210938,179.91000366210938,179.91000366210938,0
1992-02-25,180.38999938964844,180.38999938964844,180.38999938964844,180.38999938964844,0
1992-02-26,180.32000732421875,180.32000732421875,180.32000732421875,180.32000732421875,0
1992-02-27,181.8699951171875,181.8699951171875,181.8699951171875,181.8699951171875,0
1992-02-28,181.77999877929688,181.77999877929688,181.77999877929688,181.77999877929688,0
1992-03-02,180.02000427246094,180.02000427246094,180.02000427246094,180.02000427246094,0
1992-03-03,180.8699951171875,180.8699951171875,180.8699951171875,180.8699951171875,0
1992-03-04,181.91000366210938,181.91000366210938,181.91000366210938,181.91000366210938,0
1992-03-05,181.64999389648438,181.64999389648438,181.64999389648438,181.64999389648438,0
1992-03-06,181.30999755859375,181.30999755859375,181.30999755859375,181.30999755859375,0
1992-03-09,182.39999389648438,182.39999389648438,182.39999389648438,182.39999389648438,0
1992-03-10,183.0,183.0,183.0,183.0,0
1992-03-11,181.94000244140625,181.94000244140625,181.94000244140625,181.94000244140625,0
1992-03-12,183.5500030517578,183.5500030517578,183.5500030517578,183.5500030517578,0
1992-03-13,184.6999969482422,184.6999969482422,184.6999969482422,184.6999969482422,0
1992-03-16,184.80999755859375,184.80999755859375,184.80999755859375,184.80999755859375,0
1992-03-17,184.86000061035156,184.86000061035156,184.86000061035156,184.86000061035156,0
1992-03-18,183.88999938964844,183.88999938964844,183.88999938964844,183.88999938964844,0
1992-03-19,185.33999633789062,185.33999633789062,185.33999633789062,185.33999633789062,0
1992-03-20,183.4199981689453,183.4199981689453,183.4199981689453,183.4199981689453,0
1992-03-23,183.6300048828125,183.6300048828125,183.6300048828125,183.6300048828125,0
1992-03-24,183.69000244140625,183.69000244140625,183.69000244140625,183.69000244140625,0
1992-03-25,183.02000427246094,183.02000427246094,183.02000427246094,183.02000427246094,0
1992-03-26,183.77000427246094,183.77000427246094,183.77000427246094,183.77000427246094,0
1992-03-27,183.19000244140625,183.19000244140625,183.19000244140625,183.19000244140625,0
1992-03-30,183.14999389648438,183.14999389648438,183.14999389648438,183.14999389648438,0
1992-03-31,184.74000549316406,184.74000549316406,184.74000549316406,184.74000549316406,0
1992-04-01,186.5,186.5,186.5,186.5,0
1992-04-02,186.30999755859375,186.30999755859375,186.30999755859375,186.30999755859375,0
1992-04-03,189.08999633789062,189.08999633789062,189.08999633789062,189.08999633789062,0
1992-04-06,189.9199981689453,189.9199981689453,189.9199981689453,189.9199981689453,0
1992-04-07,188.24000549316406,188.24000549316406,188.24000549316406,188.24000549316406,0
1992-04-08,189.52999877929688,189.52999877929688,189.52999877929688,189.52999877929688,0
1992-04-09,188.47999572753906,188.47999572753906,188.47999572753906,188.47999572753906,0
1992-04-10,188.6999969482422,188.6999969482422,188.6999969482422,188.6999969482422,0
1992-04-13,187.2899932861328,187.2899932861328,187.2899932861328,187.2899932861328,0
1992-04-14,185.6199951171875,185.6199951171875,185.6199951171875,185.6199951171875,0
1992-04-15,186.02000427246094,186.02000427246094,186.02000427246094,186.02000427246094,0
1992-04-16,187.8000030517578,187.8000030517578,187.8000030517578,187.8000030517578,0
1992-04-20,188.64999389648438,188.64999389648438,188.64999389648438,188.64999389648438,0
1992-04-21,189.05999755859375,189.05999755859375,189.05999755859375,189.05999755859375,0
1992-04-22,186.89999389648438,186.89999389648438,186.89999389648438,186.89999389648438,0
1992-04-23,187.97999572753906,187.97999572753906,187.97999572753906,187.97999572753906,0
1992-04-24,188.64999389648438,188.64999389648438,188.64999389648438,188.64999389648438,0
1992-04-27,188.63999938964844,188.63999938964844,188.63999938964844,188.63999938964844,0
1992-04-28,189.07000732421875,189.07000732421875,189.07000732421875,189.07000732421875,0
1992-04-29,189.7899932861328,189.7899932861328,189.7899932861328,189.7899932861328,0
1992-04-30,190.1199951171875,190.1199951171875,190.1199951171875,190.1199951171875,0
1992-05-01,190.6699981689453,190.6699981689453,190.6699981689453,190.6699981689453,0
1992-05-04,193.6199951171875,193.6199951171875,193.6199951171875,193.6199951171875,0
1992-05-05,191.63999938964844,191.63999938964844,191.63999938964844,191.63999938964844,0
1992-05-06,191.5399932861328,191.5399932861328,191.5399932861328,191.5399932861328,0
1992-05-07,191.97000122070312,191.97000122070312,191.97000122070312,191.97000122070312,0
1992-05-08,191.8300018310547,191.8300018310547,191.8300018310547,191.8300018310547,0
1992-05-11,191.69000244140625,191.69000244140625,191.69000244140625,191.69000244140625,0
1992-05-12,190.67999267578125,190.67999267578125,190.67999267578125,190.67999267578125,0
1992-05-13,190.02000427246094,190.02000427246094,190.02000427246094,190.02000427246094,0
1992-05-14,188.5500030517578,188.5500030517578,188.5500030517578,188.5500030517578,0
1992-05-15,188.8800048828125,188.8800048828125,188.8800048828125,188.8800048828125,0
1992-05-18,188.3800048828125,188.3800048828125,188.3800048828125,188.3800048828125,0
1992-05-19,185.72999572753906,185.72999572753906,185.72999572753906,185.72999572753906,0
1992-05-20,185.1699981689453,185.1699981689453,185.1699981689453,185.1699981689453,0
1992-05-21,186.72000122070312,186.72000122070312,186.72000122070312,186.72000122070312,0
1992-05-22,187.39999389648438,187.39999389648438,187.39999389648438,187.39999389648438,0
1992-05-26,192.64999389648438,192.64999389648438,192.64999389648438,192.64999389648438,0
1992-05-27,192.22000122070312,192.22000122070312,192.22000122070312,192.22000122070312,0
1992-05-28,192.05999755859375,192.05999755859375,192.05999755859375,192.05999755859375,0
1992-05-29,193.02000427246094,193.02000427246094,193.02000427246094,193.02000427246094,0
1992-06-01,193.0399932861328,193.0399932861328,193.0399932861328,193.0399932861328,0
1992-06-02,193.5800018310547,193.5800018310547,193.5800018310547,193.5800018310547,0
1992-06-03,195.63999938964844,195.63999938964844,195.63999938964844,195.63999938964844,0
1992-06-04,196.02999877929688,196.02999877929688,196.02999877929688,196.02999877929688,0
1992-06-05,195.8699951171875,195.8699951171875,195.8699951171875,195.8699951171875,0
1992-06-08,195.6300048828125,195.6300048828125,195.6300048828125,195.6300048828125,0
1992-06-09,195.08999633789062,195.08999633789062,195.08999633789062,195.08999633789062,0
1992-06-10,195.5,195.5,195.5,195.5,0
1992-06-11,194.36000061035156,194.36000061035156,194.36000061035156,194.36000061035156,0
1992-06-12,194.4499969482422,194.4499969482422,194.4499969482422,194.4499969482422,0
1992-06-15,193.8300018310547,193.8300018310547,193.8300018310547,193.8300018310547,0
1992-06-16,193.6300048828125,193.6300048828125,193.6300048828125,193.6300048828125,0
1992-06-17,194.44000244140625,194.44000244140625,194.44000244140625,194.44000244140625,0
1992-06-18,194.02000427246094,194.02000427246094,194.02000427246094,194.02000427246094,0
1992-06-19,194.66000366210938,194.66000366210938,194.66000366210938,194.66000366210938,0
1992-06-22,194.52000427246094,194.52000427246094,194.52000427246094,194.52000427246094,0
1992-06-23,194.7899932861328,194.7899932861328,194.7899932861328,194.7899932861328,0
1992-06-24,195.69000244140625,195.69000244140625,195.69000244140625,195.69000244140625,0
1992-06-25,194.6199951171875,194.6199951171875,194.6199951171875,194.6199951171875,0
1992-06-26,194.1999969482422,194.1999969482422,194.1999969482422,194.1999969482422,0
1992-06-29,193.75999450683594,193.75999450683594,193.75999450683594,193.75999450683594,0
1992-06-30,190.88999938964844,190.88999938964844,190.88999938964844,190.88999938964844,0
1992-07-01,191.2100067138672,191.2100067138672,191.2100067138672,191.2100067138672,0
1992-07-02,192.02000427246094,192.02000427246094,192.02000427246094,192.02000427246094,0
1992-07-06,190.22999572753906,190.22999572753906,190.22999572753906,190.22999572753906,0
1992-07-07,188.00999450683594,188.00999450683594,188.00999450683594,188.00999450683594,0
1992-07-08,187.1300048828125,187.1300048828125,187.1300048828125,187.1300048828125,0
1992-07-09,187.22999572753906,187.22999572753906,187.22999572753906,187.22999572753906,0
1992-07-10,186.49000549316406,186.49000549316406,186.49000549316406,186.49000549316406,0
1992-07-13,186.6699981689453,186.6699981689453,186.6699981689453,186.6699981689453,0
1992-07-14,187.14999389648438,187.14999389648438,187.14999389648438,187.14999389648438,0
1992-07-15,188.52999877929688,188.52999877929688,188.52999877929688,188.52999877929688,0
1992-07-16,188.92999267578125,188.92999267578125,188.92999267578125,188.92999267578125,0
1992-07-17,188.30999755859375,188.30999755859375,188.30999755859375,188.30999755859375,0
1992-07-20,188.39999389648438,188.39999389648438,188.39999389648438,188.39999389648438,0
1992-07-21,187.75999450683594,187.75999450683594,187.75999450683594,187.75999450683594,0
1992-07-22,188.8000030517578,188.8000030517578,188.8000030517578,188.8000030517578,0
1992-07-23,189.19000244140625,189.19000244140625,189.19000244140625,189.19000244140625,0
1992-07-24,189.41000366210938,189.41000366210938,189.41000366210938,189.41000366210938,0
1992-07-27,189.25999450683594,189.25999450683594,189.25999450683594,189.25999450683594,0
1992-07-28,188.8000030517578,188.8000030517578,188.8000030517578,188.8000030517578,0
1992-07-29,187.97999572753906,187.97999572753906,187.97999572753906,187.97999572753906,0
1992-07-30,186.94000244140625,186.94000244140625,186.94000244140625,186.94000244140625,0
1992-07-31,186.69000244140625,186.69000244140625,186.69000244140625,186.69000244140625,0
1992-08-03,185.72000122070312,185.72000122070312,185.72000122070312,185.72000122070312,0
1992-08-04,184.8000030517578,184.8000030517578,184.8000030517578,184.8000030517578,0
1992-08-05,183.88999938964844,183.88999938964844,183.88999938964844,183.88999938964844,0
1992-08-06,185.25,185.25,185.25,185.25,0
1992-08-07,184.22000122070312,184.22000122070312,184.22000122070312,184.22000122070312,0
1992-08-10,183.5,183.5,183.5,183.5,0
1992-08-11,182.89999389648438,182.89999389648438,182.89999389648438,182.89999389648438,0
1992-08-12,183.36000061035156,183.36000061035156,183.36000061035156,183.36000061035156,0
1992-08-13,184.64999389648438,184.64999389648438,184.64999389648438,184.64999389648438,0
1992-08-14,184.75,184.75,184.75,184.75,0
1992-08-17,185.49000549316406,185.49000549316406,185.49000549316406,185.49000549316406,0
1992-08-18,185.52000427246094,185.52000427246094,185.52000427246094,185.52000427246094,0
1992-08-19,184.39999389648438,184.39999389648438,184.39999389648438,184.39999389648438,0
1992-08-20,184.88999938964844,184.88999938964844,184.88999938964844,184.88999938964844,0
1992-08-21,183.77999877929688,183.77999877929688,183.77999877929688,183.77999877929688,0
1992-08-24,187.0399932861328,187.0399932861328,187.0399932861328,187.0399932861328,0
1992-08-25,185.16000366210938,185.16000366210938,185.16000366210938,185.16000366210938,0
1992-08-26,185.02000427246094,185.02000427246094,185.02000427246094,185.02000427246094,0
1992-08-27,184.24000549316406,184.24000549316406,184.24000549316406,184.24000549316406,0
1992-08-28,185.22999572753906,185.22999572753906,185.22999572753906,185.22999572753906,0
1992-08-31,186.39999389648438,186.39999389648438,186.39999389648438,186.39999389648438,0
1992-09-01,187.17999267578125,187.17999267578125,187.17999267578125,187.17999267578125,0
1992-09-02,188.17999267578125,188.17999267578125,188.17999267578125,188.17999267578125,0
1992-09-03,187.86000061035156,187.86000061035156,187.86000061035156,187.86000061035156,0
1992-09-04,188.44000244140625,188.44000244140625,188.44000244140625,188.44000244140625,0
1992-09-08,189.22999572753906,189.22999572753906,189.22999572753906,189.22999572753906,0
1992-09-09,188.49000549316406,188.49000549316406,188.49000549316406,188.49000549316406,0
1992-09-10,187.9600067138672,187.9600067138672,187.9600067138672,187.9600067138672,0
1992-09-11,187.6300048828125,187.6300048828125,187.6300048828125,187.6300048828125,0
1992-09-14,189.1199951171875,189.1199951171875,189.1199951171875,189.1199951171875,0
1992-09-15,188.72000122070312,188.72000122070312,188.72000122070312,188.72000122070312,0
1992-09-16,189.0,189.0,189.0,189.0,0
1992-09-17,188.05999755859375,188.05999755859375,188.05999755859375,188.05999755859375,0
1992-09-18,186.97999572753906,186.97999572753906,186.97999572753906,186.97999572753906,0
1992-09-21,187.02000427246094,187.02000427246094,187.02000427246094,187.02000427246094,0
1992-09-22,186.74000549316406,186.74000549316406,186.74000549316406,186.74000549316406,0
1992-09-23,187.6999969482422,187.6999969482422,187.6999969482422,187.6999969482422,0
1992-09-24,187.1999969482422,187.1999969482422,187.1999969482422,187.1999969482422,0
1992-09-25,186.91000366210938,186.91000366210938,186.91000366210938,186.91000366210938,0
1992-09-28,187.22999572753906,187.22999572753906,187.22999572753906,187.22999572753906,0
1992-09-29,186.75,186.75,186.75,186.75,0
1992-09-30,187.0500030517578,187.0500030517578,187.0500030517578,187.0500030517578,0
1992-10-01,188.02999877929688,188.02999877929688,188.02999877929688,188.02999877929688,0
1992-10-02,188.2100067138672,188.2100067138672,188.2100067138672,188.2100067138672,0
1992-10-05,186.99000549316406,186.99000549316406,186.99000549316406,186.99000549316406,0
1992-10-06,187.00999450683594,187.00999450683594,187.00999450683594,187.00999450683594,0
1992-10-07,187.33999633789062,187.33999633789062,187.33999633789062,187.33999633789062,0
1992-10-08,188.05999755859375,188.05999755859375,188.05999755859375,188.05999755859375,0
1992-10-09,190.0800018310547,190.0800018310547,190.0800018310547,190.0800018310547,0
1992-10-12,190.69000244140625,190.69000244140625,190.69000244140625,190.69000244140625,0
1992-10-13,189.36000061035156,189.36000061035156,189.36000061035156,189.36000061035156,0
1992-10-14,189.7100067138672,189.7100067138672,189.7100067138672,189.7100067138672,0
1992-10-15,190.77999877929688,190.77999877929688,190.77999877929688,190.77999877929688,0
1992-10-16,189.6199951171875,189.6199951171875,189.6199951171875,189.6199951171875,0
1992-10-19,189.4600067138672,189.4600067138672,189.4600067138672,189.4600067138672,0
1992-10-20,189.14999389648438,189.14999389648438,189.14999389648438,189.14999389648438,0
1992-10-21,187.1999969482422,187.1999969482422,187.1999969482422,187.1999969482422,0
1992-10-22,185.77000427246094,185.77000427246094,185.77000427246094,185.77000427246094,0
1992-10-23,184.86000061035156,184.86000061035156,184.86000061035156,184.86000061035156,0
1992-10-26,185.35000610351562,185.35000610351562,185.35000610351562,185.35000610351562,0
1992-10-27,184.57000732421875,184.57000732421875,184.57000732421875,184.57000732421875,0
1992-10-28,184.05999755859375,184.05999755859375,184.05999755859375,184.05999755859375,0
1992-10-29,182.14999389648438,182.14999389648438,182.14999389648438,182.14999389648438,0
1992-10-30,182.41000366210938,182.41000366210938,182.41000366210938,182.41000366210938,0
1992-11-02,183.9600067138672,183.9600067138672,183.9600067138672,183.9600067138672,0
1992-11-03,183.41000366210938,183.41000366210938,183.41000366210938,183.41000366210938,0
1992-11-04,181.35000610351562,181.35000610351562,181.35000610351562,181.35000610351562,0
1992-11-05,182.3000030517578,182.3000030517578,182.3000030517578,182.3000030517578,0
1992-11-06,180.49000549316406,180.49000549316406,180.49000549316406,180.49000549316406,0
1992-11-09,181.9199981689453,181.9199981689453,181.9199981689453,181.9199981689453,0
1992-11-10,180.9499969482422,180.9499969482422,180.9499969482422,180.9499969482422,0
1992-11-11,181.35000610351562,181.35000610351562,181.35000610351562,181.35000610351562,0
1992-11-12,180.94000244140625,180.94000244140625,180.94000244140625,180.94000244140625,0
1992-11-13,180.57000732421875,180.57000732421875,180.57000732421875,180.57000732421875,0
1992-11-16,182.50999450683594,182.50999450683594,182.50999450683594,182.50999450683594,0
1992-11-17,181.75999450683594,181.75999450683594,181.75999450683594,181.75999450683594,0
1992-11-18,180.92999267578125,180.92999267578125,180.92999267578125,180.92999267578125,0
1992-11-19,182.5399932861328,182.5399932861328,182.5399932861328,182.5399932861328,0
1992-11-20,182.5500030517578,182.5500030517578,182.5500030517578,182.5500030517578,0
1992-11-23,181.49000549316406,181.49000549316406,181.49000549316406,181.49000549316406,0
1992-11-24,181.47999572753906,181.47999572753906,181.47999572753906,181.47999572753906,0
1992-11-25,181.97999572753906,181.97999572753906,181.97999572753906,181.97999572753906,0
1992-11-27,181.72000122070312,181.72000122070312,181.72000122070312,181.72000122070312,0
1992-11-30,180.10000610351562,180.10000610351562,180.10000610351562,180.10000610351562,0
1992-12-01,178.24000549316406,178.24000549316406,178.24000549316406,178.24000549316406,0
1992-12-02,177.6300048828125,177.6300048828125,177.6300048828125,177.6300048828125,0
1992-12-03,176.02000427246094,176.02000427246094,176.02000427246094,176.02000427246094,0
1992-12-04,175.4199981689453,175.4199981689453,175.4199981689453,175.4199981689453,0
1992-12-07,177.35000610351562,177.35000610351562,177.35000610351562,177.35000610351562,0
1992-12-08,175.94000244140625,175.94000244140625,175.94000244140625,175.94000244140625,0
1992-12-09,176.30999755859375,176.30999755859375,176.30999755859375,176.30999755859375,0
1992-12-10,178.5,178.5,178.5,178.5,0
1992-12-11,178.4499969482422,178.4499969482422,178.4499969482422,178.4499969482422,0
1992-12-14,178.5500030517578,178.5500030517578,178.5500030517578,178.5500030517578,0
1992-12-15,177.92999267578125,177.92999267578125,177.92999267578125,177.92999267578125,0
1992-12-16,180.4499969482422,180.4499969482422,180.4499969482422,180.4499969482422,0
1992-12-17,181.49000549316406,181.49000549316406,181.49000549316406,181.49000549316406,0
1992-12-18,181.6199951171875,181.6199951171875,181.6199951171875,181.6199951171875,0
1992-12-21,182.4199981689453,182.4199981689453,182.4199981689453,182.4199981689453,0
1992-12-22,181.8699951171875,181.8699951171875,181.8699951171875,181.8699951171875,0
1992-12-23,182.9499969482422,182.9499969482422,182.9499969482422,182.9499969482422,0
1992-12-24,183.11000061035156,183.11000061035156,183.11000061035156,183.11000061035156,0
1992-12-28,182.1999969482422,182.1999969482422,182.1999969482422,182.1999969482422,0
1992-12-29,180.89999389648438,180.89999389648438,180.89999389648438,180.89999389648438,0
1992-12-30,180.77999877929688,180.77999877929688,180.77999877929688,180.77999877929688,0
1992-12-31,181.00999450683594,181.00999450683594,181.00999450683594,181.00999450683594,0
1993-01-04,179.27999877929688,179.27999877929688,179.27999877929688,179.27999877929688,0
1993-01-05,179.97999572753906,179.97999572753906,179.97999572753906,179.97999572753906,0
1993-01-06,178.88999938964844,178.88999938964844,178.88999938964844,178.88999938964844,0
1993-01-07,178.72000122070312,178.72000122070312,178.72000122070312,178.72000122070312,0
1993-01-08,179.07000732421875,179.07000732421875,179.07000732421875,179.07000732421875,0
1993-01-11,179.5800018310547,179.5800018310547,179.5800018310547,179.5800018310547,0
1993-01-12,177.5399932861328,177.5399932861328,177.5399932861328,177.5399932861328,0
1993-01-13,178.0500030517578,178.0500030517578,178.0500030517578,178.0500030517578,0
1993-01-14,179.02000427246094,179.02000427246094,179.02000427246094,179.02000427246094,0
1993-01-15,180.02000427246094,180.02000427246094,180.02000427246094,180.02000427246094,0
1993-01-18,179.67999267578125,179.67999267578125,179.67999267578125,179.67999267578125,0
1993-01-19,179.08999633789062,179.08999633789062,179.08999633789062,179.08999633789062,0
1993-01-20,178.00999450683594,178.00999450683594,178.00999450683594,178.00999450683594,0
1993-01-21,178.47999572753906,178.47999572753906,178.47999572753906,178.47999572753906,0
1993-01-22,178.61000061035156,178.61000061035156,178.61000061035156,178.61000061035156,0
1993-01-25,181.6999969482422,181.6999969482422,181.6999969482422,181.6999969482422,0
1993-01-26,181.52000427246094,181.52000427246094,181.52000427246094,181.52000427246094,0
1993-01-27,181.36000061035156,181.36000061035156,181.36000061035156,181.36000061035156,0
1993-01-28,183.82000732421875,183.82000732421875,183.82000732421875,183.82000732421875,0
1993-01-29,183.35000610351562,183.35000610351562,183.35000610351562,183.35000610351562,0
1993-02-01,183.38999938964844,183.38999938964844,183.38999938964844,183.38999938964844,0
1993-02-02,181.80999755859375,181.80999755859375,181.80999755859375,181.80999755859375,0
1993-02-03,181.97000122070312,181.97000122070312,181.97000122070312,181.97000122070312,0
1993-02-04,182.91000366210938,182.91000366210938,182.91000366210938,182.91000366210938,0
1993-02-05,182.61000061035156,182.61000061035156,182.61000061035156,182.61000061035156,0
1993-02-08,182.42999267578125,182.42999267578125,182.42999267578125,182.42999267578125,0
1993-02-09,182.8800048828125,182.8800048828125,182.8800048828125,182.8800048828125,0
1993-02-10,184.6999969482422,184.6999969482422,184.6999969482422,184.6999969482422,0
1993-02-11,184.94000244140625,184.94000244140625,184.94000244140625,184.94000244140625,0
1993-02-12,183.3300018310547,183.3300018310547,183.3300018310547,183.3300018310547,0
1993-02-16,181.58999633789062,181.58999633789062,181.58999633789062,181.58999633789062,0
1993-02-17,181.2899932861328,181.2899932861328,181.2899932861328,181.2899932861328,0
1993-02-18,182.00999450683594,182.00999450683594,182.00999450683594,182.00999450683594,0
1993-02-19,183.13999938964844,183.13999938964844,183.13999938964844,183.13999938964844,0
1993-02-22,185.1699981689453,185.1699981689453,185.1699981689453,185.1699981689453,0
1993-02-23,186.02000427246094,186.02000427246094,186.02000427246094,186.02000427246094,0
1993-02-24,185.97999572753906,185.97999572753906,185.97999572753906,185.97999572753906,0
1993-02-25,186.2899932861328,186.2899932861328,186.2899932861328,186.2899932861328,0
1993-02-26,186.5,186.5,186.5,186.5,0
1993-03-01,186.3000030517578,186.3000030517578,186.3000030517578,186.3000030517578,0
1993-03-02,186.2899932861328,186.2899932861328,186.2899932861328,186.2899932861328,0
1993-03-03,186.83999633789062,186.83999633789062,186.83999633789062,186.83999633789062,0
1993-03-04,189.69000244140625,189.69000244140625,189.69000244140625,189.69000244140625,0
1993-03-05,189.27999877929688,189.27999877929688,189.27999877929688,189.27999877929688,0
1993-03-08,188.3800048828125,188.3800048828125,188.3800048828125,188.3800048828125,0
1993-03-09,188.47999572753906,188.47999572753906,188.47999572753906,188.47999572753906,0
1993-03-10,187.6300048828125,187.6300048828125,187.6300048828125,187.6300048828125,0
1993-03-11,186.35000610351562,186.35000610351562,186.35000610351562,186.35000610351562,0
1993-03-12,187.38999938964844,187.38999938964844,187.38999938964844,187.38999938964844,0
1993-03-15,187.61000061035156,187.61000061035156,187.61000061035156,187.61000061035156,0
1993-03-16,187.57000732421875,187.57000732421875,187.57000732421875,187.57000732421875,0
1993-03-17,187.85000610351562,187.85000610351562,187.85000610351562,187.85000610351562,0
1993-03-18,189.38999938964844,189.38999938964844,189.38999938964844,189.38999938964844,0
1993-03-19,189.69000244140625,189.69000244140625,189.69000244140625,189.69000244140625,0
1993-03-22,187.27999877929688,187.27999877929688,187.27999877929688,187.27999877929688,0
1993-03-23,187.6999969482422,187.6999969482422,187.6999969482422,187.6999969482422,0
1993-03-24,188.39999389648438,188.39999389648438,188.39999389648438,188.39999389648438,0
1993-03-25,189.66000366210938,189.66000366210938,189.66000366210938,189.66000366210938,0
1993-03-26,189.85000610351562,189.85000610351562,189.85000610351562,189.85000610351562,0
1993-03-29,189.2899932861328,189.2899932861328,189.2899932861328,189.2899932861328,0
1993-03-30,188.80999755859375,188.80999755859375,188.80999755859375,188.80999755859375,0
1993-03-31,190.1699981689453,190.1699981689453,190.1699981689453,190.1699981689453,0
1993-04-01,190.50999450683594,190.50999450683594,190.50999450683594,190.50999450683594,0
1993-04-02,190.75,190.75,190.75,190.75,0
1993-04-05,189.67999267578125,189.67999267578125,189.67999267578125,189.67999267578125,0
1993-04-06,187.80999755859375,187.80999755859375,187.80999755859375,187.80999755859375,0
1993-04-07,187.82000732421875,187.82000732421875,187.82000732421875,187.82000732421875,0
1993-04-08,187.4499969482422,187.4499969482422,187.4499969482422,187.4499969482422,0
1993-04-12,188.67999267578125,188.67999267578125,188.67999267578125,188.67999267578125,0
1993-04-13,188.82000732421875,188.82000732421875,188.82000732421875,188.82000732421875,0
1993-04-14,188.57000732421875,188.57000732421875,188.57000732421875,188.57000732421875,0
1993-04-15,187.32000732421875,187.32000732421875,187.32000732421875,187.32000732421875,0
1993-04-16,186.00999450683594,186.00999450683594,186.00999450683594,186.00999450683594,0
1993-04-19,186.0,186.0,186.0,186.0,0
1993-04-20,185.9600067138672,185.9600067138672,185.9600067138672,185.9600067138672,0
1993-04-21,186.1999969482422,186.1999969482422,186.1999969482422,186.1999969482422,0
1993-04-22,185.57000732421875,185.57000732421875,185.57000732421875,185.57000732421875,0
1993-04-23,185.89999389648438,185.89999389648438,185.89999389648438,185.89999389648438,0
1993-04-26,186.41000366210938,186.41000366210938,186.41000366210938,186.41000366210938,0
1993-04-27,186.16000366210938,186.16000366210938,186.16000366210938,186.16000366210938,0
1993-04-28,185.92999267578125,185.92999267578125,185.92999267578125,185.92999267578125,0
1993-04-29,188.0500030517578,188.0500030517578,188.0500030517578,188.0500030517578,0
1993-04-30,187.6699981689453,187.6699981689453,187.6699981689453,187.6699981689453,0
1993-05-03,188.02999877929688,188.02999877929688,188.02999877929688,188.02999877929688,0
1993-05-04,186.8000030517578,186.8000030517578,186.8000030517578,186.8000030517578,0
1993-05-05,186.83999633789062,186.83999633789062,186.83999633789062,186.83999633789062,0
1993-05-06,187.24000549316406,187.24000549316406,187.24000549316406,187.24000549316406,0
1993-05-07,186.80999755859375,186.80999755859375,186.80999755859375,186.80999755859375,0
1993-05-10,186.3000030517578,186.3000030517578,186.3000030517578,186.3000030517578,0
1993-05-11,185.88999938964844,185.88999938964844,185.88999938964844,185.88999938964844,0
1993-05-12,185.42999267578125,185.42999267578125,185.42999267578125,185.42999267578125,0
1993-05-13,183.6300048828125,183.6300048828125,183.6300048828125,183.6300048828125,0
1993-05-14,182.82000732421875,182.82000732421875,182.82000732421875,182.82000732421875,0
1993-05-17,182.85000610351562,182.85000610351562,182.85000610351562,182.85000610351562,0
1993-05-18,182.07000732421875,182.07000732421875,182.07000732421875,182.07000732421875,0
1993-05-19,181.9600067138672,181.9600067138672,181.9600067138672,181.9600067138672,0
1993-05-20,183.42999267578125,183.42999267578125,183.42999267578125,183.42999267578125,0
1993-05-21,183.5500030517578,183.5500030517578,183.5500030517578,183.5500030517578,0
1993-05-24,182.19000244140625,182.19000244140625,182.19000244140625,182.19000244140625,0
1993-05-25,182.82000732421875,182.82000732421875,182.82000732421875,182.82000732421875,0
1993-05-26,182.05999755859375,182.05999755859375,182.05999755859375,182.05999755859375,0
1993-05-27,181.85000610351562,181.85000610351562,181.85000610351562,181.85000610351562,0
1993-05-28,181.22000122070312,181.22000122070312,181.22000122070312,181.22000122070312,0
1993-06-01,181.36000061035156,181.36000061035156,181.36000061035156,181.36000061035156,0
1993-06-02,180.5399932861328,180.5399932861328,180.5399932861328,180.5399932861328,0
1993-06-03,179.30999755859375,179.30999755859375,179.30999755859375,179.30999755859375,0
1993-06-04,180.02999877929688,180.02999877929688,180.02999877929688,180.02999877929688,0
1993-06-07,179.5800018310547,179.5800018310547,179.5800018310547,179.5800018310547,0
1993-06-08,179.5800018310547,179.5800018310547,179.5800018310547,179.5800018310547,0
1993-06-09,179.74000549316406,179.74000549316406,179.74000549316406,179.74000549316406,0
1993-06-10,178.1699981689453,178.1699981689453,178.1699981689453,178.1699981689453,0
1993-06-11,177.38999938964844,177.38999938964844,177.38999938964844,177.38999938964844,0
1993-06-14,176.82000732421875,176.82000732421875,176.82000732421875,176.82000732421875,0
1993-06-15,174.97000122070312,174.97000122070312,174.97000122070312,174.97000122070312,0
1993-06-16,175.85000610351562,175.85000610351562,175.85000610351562,175.85000610351562,0
1993-06-17,175.8000030517578,175.8000030517578,175.8000030517578,175.8000030517578,0
1993-06-18,175.80999755859375,175.80999755859375,175.80999755859375,175.80999755859375,0
1993-06-21,175.64999389648438,175.64999389648438,175.64999389648438,175.64999389648438,0
1993-06-22,174.66000366210938,174.66000366210938,174.66000366210938,174.66000366210938,0
1993-06-23,175.77999877929688,175.77999877929688,175.77999877929688,175.77999877929688,0
1993-06-24,176.0,176.0,176.0,176.0,0
1993-06-25,175.9199981689453,175.9199981689453,175.9199981689453,175.9199981689453,0
1993-06-28,176.22000122070312,176.22000122070312,176.22000122070312,176.22000122070312,0
1993-06-29,175.74000549316406,175.74000549316406,175.74000549316406,175.74000549316406,0
1993-06-30,175.97000122070312,175.97000122070312,175.97000122070312,175.97000122070312,0
1993-07-01,175.4499969482422,175.4499969482422,175.4499969482422,175.4499969482422,0
1993-07-02,175.22999572753906,175.22999572753906,175.22999572753906,175.22999572753906,0
1993-07-06,177.42999267578125,177.42999267578125,177.42999267578125,177.42999267578125,0
1993-07-07,176.02000427246094,176.02000427246094,176.02000427246094,176.02000427246094,0
1993-07-08,174.72000122070312,174.72000122070312,174.72000122070312,174.72000122070312,0
1993-07-09,174.7899932861328,174.7899932861328,174.7899932861328,174.7899932861328,0
1993-07-12,174.72999572753906,174.72999572753906,174.72999572753906,174.72999572753906,0
1993-07-13,174.3699951171875,174.3699951171875,174.3699951171875,174.3699951171875,0
1993-07-14,171.94000244140625,171.94000244140625,171.94000244140625,171.94000244140625,0
1993-07-15,172.10000610351562,172.10000610351562,172.10000610351562,172.10000610351562,0
1993-07-16,170.6999969482422,170.6999969482422,170.6999969482422,170.6999969482422,0
1993-07-19,174.17999267578125,174.17999267578125,174.17999267578125,174.17999267578125,0
1993-07-20,172.75,172.75,172.75,172.75,0
1993-07-21,173.14999389648438,173.14999389648438,173.14999389648438,173.14999389648438,0
1993-07-22,172.63999938964844,172.63999938964844,172.63999938964844,172.63999938964844,0
1993-07-23,173.72999572753906,173.72999572753906,173.72999572753906,173.72999572753906,0
1993-07-26,174.69000244140625,174.69000244140625,174.69000244140625,174.69000244140625,0
1993-07-27,176.60000610351562,176.60000610351562,176.60000610351562,176.60000610351562,0
1993-07-28,175.63999938964844,175.63999938964844,175.63999938964844,175.63999938964844,0
1993-07-29,175.38999938964844,175.38999938964844,175.38999938964844,175.38999938964844,0
1993-07-30,174.05999755859375,174.05999755859375,174.05999755859375,174.05999755859375,0
1993-08-02,174.85000610351562,174.85000610351562,174.85000610351562,174.85000610351562,0
1993-08-03,174.75999450683594,174.75999450683594,174.75999450683594,174.75999450683594,0
1993-08-04,174.57000732421875,174.57000732421875,174.57000732421875,174.57000732421875,0
1993-08-05,173.11000061035156,173.11000061035156,173.11000061035156,173.11000061035156,0
1993-08-06,173.27999877929688,173.27999877929688,173.27999877929688,173.27999877929688,0
1993-08-09,174.07000732421875,174.07000732421875,174.07000732421875,174.07000732421875,0
1993-08-10,173.64999389648438,173.64999389648438,173.64999389648438,173.64999389648438,0
1993-08-11,175.6199951171875,175.6199951171875,175.6199951171875,175.6199951171875,0
1993-08-12,176.22000122070312,176.22000122070312,176.22000122070312,176.22000122070312,0
1993-08-13,176.5399932861328,176.5399932861328,176.5399932861328,176.5399932861328,0
1993-08-16,175.55999755859375,175.55999755859375,175.55999755859375,175.55999755859375,0
1993-08-17,176.1699981689453,176.1699981689453,176.1699981689453,176.1699981689453,0
1993-08-18,174.99000549316406,174.99000549316406,174.99000549316406,174.99000549316406,0
1993-08-19,175.0500030517578,175.0500030517578,175.0500030517578,175.0500030517578,0
1993-08-20,175.52999877929688,175.52999877929688,175.52999877929688,175.52999877929688,0
1993-08-23,176.4600067138672,176.4600067138672,176.4600067138672,176.4600067138672,0
1993-08-24,175.75999450683594,175.75999450683594,175.75999450683594,175.75999450683594,0
1993-08-25,175.1300048828125,175.1300048828125,175.1300048828125,175.1300048828125,0
1993-08-26,175.3699951171875,175.3699951171875,175.3699951171875,175.3699951171875,0
1993-08-27,177.91000366210938,177.91000366210938,177.91000366210938,177.91000366210938,0
1993-08-30,177.88999938964844,177.88999938964844,177.88999938964844,177.88999938964844,0
1993-08-31,175.83999633789062,175.83999633789062,175.83999633789062,175.83999633789062,0
1993-09-01,174.3699951171875,174.3699951171875,174.3699951171875,174.3699951171875,0
1993-09-02,174.58999633789062,174.58999633789062,174.58999633789062,174.58999633789062,0
1993-09-03,174.11000061035156,174.11000061035156,174.11000061035156,174.11000061035156,0
1993-09-07,170.57000732421875,170.57000732421875,170.57000732421875,170.57000732421875,0
1993-09-08,171.27999877929688,171.27999877929688,171.27999877929688,171.27999877929688,0
1993-09-09,171.0500030517578,171.0500030517578,171.0500030517578,171.0500030517578,0
1993-09-10,170.83999633789062,170.83999633789062,170.83999633789062,170.83999633789062,0
1993-09-13,171.9600067138672,171.9600067138672,171.9600067138672,171.9600067138672,0
1993-09-14,171.77000427246094,171.77000427246094,171.77000427246094,171.77000427246094,0
1993-09-15,171.5,171.5,171.5,171.5,0
1993-09-16,171.3699951171875,171.3699951171875,171.3699951171875,171.3699951171875,0
1993-09-17,172.5399932861328,172.5399932861328,172.5399932861328,172.5399932861328,0
1993-09-20,174.64999389648438,174.64999389648438,174.64999389648438,174.64999389648438,0
1993-09-21,174.5500030517578,174.5500030517578,174.5500030517578,174.5500030517578,0
1993-09-22,172.8699951171875,172.8699951171875,172.8699951171875,172.8699951171875,0
1993-09-23,173.77000427246094,173.77000427246094,173.77000427246094,173.77000427246094,0
1993-09-24,173.3000030517578,173.3000030517578,173.3000030517578,173.3000030517578,0
1993-09-27,172.7100067138672,172.7100067138672,172.7100067138672,172.7100067138672,0
1993-09-28,173.19000244140625,173.19000244140625,173.19000244140625,173.19000244140625,0
1993-09-29,176.35000610351562,176.35000610351562,176.35000610351562,176.35000610351562,0
1993-09-30,177.36000061035156,177.36000061035156,177.36000061035156,177.36000061035156,0
1993-10-01,177.3300018310547,177.3300018310547,177.3300018310547,177.3300018310547,0
1993-10-04,176.8000030517578,176.8000030517578,176.8000030517578,176.8000030517578,0
1993-10-05,176.35000610351562,176.35000610351562,176.35000610351562,176.35000610351562,0
1993-10-06,176.39999389648438,176.39999389648438,176.39999389648438,176.39999389648438,0
1993-10-07,177.35000610351562,177.35000610351562,177.35000610351562,177.35000610351562,0
1993-10-08,177.8800048828125,177.8800048828125,177.8800048828125,177.8800048828125,0
1993-10-11,178.88999938964844,178.88999938964844,178.88999938964844,178.88999938964844,0
1993-10-12,179.6999969482422,179.6999969482422,179.6999969482422,179.6999969482422,0
1993-10-13,179.25999450683594,179.25999450683594,179.25999450683594,179.25999450683594,0
1993-10-14,178.5800018310547,178.5800018310547,178.5800018310547,178.5800018310547,0
1993-10-15,177.72999572753906,177.72999572753906,177.72999572753906,177.72999572753906,0
1993-10-18,176.99000549316406,176.99000549316406,176.99000549316406,176.99000549316406,0
1993-10-19,176.9499969482422,176.9499969482422,176.9499969482422,176.9499969482422,0
1993-10-20,177.19000244140625,177.19000244140625,177.19000244140625,177.19000244140625,0
1993-10-21,177.4199981689453,177.4199981689453,177.4199981689453,177.4199981689453,0
1993-10-22,175.5800018310547,175.5800018310547,175.5800018310547,175.5800018310547,0
1993-10-25,173.39999389648438,173.39999389648438,173.39999389648438,173.39999389648438,0
1993-10-26,172.6300048828125,172.6300048828125,172.6300048828125,172.6300048828125,0
1993-10-27,173.6300048828125,173.6300048828125,173.6300048828125,173.6300048828125,0
1993-10-28,172.2899932861328,172.2899932861328,172.2899932861328,172.2899932861328,0
1993-10-29,171.4199981689453,171.4199981689453,171.4199981689453,171.4199981689453,0
1993-11-01,173.0800018310547,173.0800018310547,173.0800018310547,173.0800018310547,0
1993-11-02,171.66000366210938,171.66000366210938,171.66000366210938,171.66000366210938,0
1993-11-03,171.89999389648438,171.89999389648438,171.89999389648438,171.89999389648438,0
1993-11-04,171.97999572753906,171.97999572753906,171.97999572753906,171.97999572753906,0
1993-11-05,171.2899932861328,171.2899932861328,171.2899932861328,171.2899932861328,0
1993-11-08,170.02999877929688,170.02999877929688,170.02999877929688,170.02999877929688,0
1993-11-09,170.0800018310547,170.0800018310547,170.0800018310547,170.0800018310547,0
1993-11-10,171.4600067138672,171.4600067138672,171.4600067138672,171.4600067138672,0
1993-11-11,173.92999267578125,173.92999267578125,173.92999267578125,173.92999267578125,0
1993-11-12,173.05999755859375,173.05999755859375,173.05999755859375,173.05999755859375,0
1993-11-15,173.1199951171875,173.1199951171875,173.1199951171875,173.1199951171875,0
1993-11-16,173.08999633789062,173.08999633789062,173.08999633789062,173.08999633789062,0
1993-11-17,175.0,175.0,175.0,175.0,0
1993-11-18,173.97999572753906,173.97999572753906,173.97999572753906,173.97999572753906,0
1993-11-19,173.77000427246094,173.77000427246094,173.77000427246094,173.77000427246094,0
1993-11-22,173.72000122070312,173.72000122070312,173.72000122070312,173.72000122070312,0
1993-11-23,171.11000061035156,171.11000061035156,171.11000061035156,171.11000061035156,0
1993-11-24,170.4499969482422,170.4499969482422,170.4499969482422,170.4499969482422,0
1993-11-26,170.5399932861328,170.5399932861328,170.5399932861328,170.5399932861328,0
1993-11-29,165.5500030517578,165.5500030517578,165.5500030517578,165.5500030517578,0
1993-11-30,165.07000732421875,165.07000732421875,165.07000732421875,165.07000732421875,0
1993-12-01,165.66000366210938,165.66000366210938,165.66000366210938,165.66000366210938,0
1993-12-02,163.6699981689453,163.6699981689453,163.6699981689453,163.6699981689453,0
1993-12-03,164.3000030517578,164.3000030517578,164.3000030517578,164.3000030517578,0
1993-12-06,162.75,162.75,162.75,162.75,0
1993-12-07,163.75,163.75,163.75,163.75,0
1993-12-08,163.60000610351562,163.60000610351562,163.60000610351562,163.60000610351562,0
1993-12-09,163.9499969482422,163.9499969482422,163.9499969482422,163.9499969482422,0
1993-12-10,166.80999755859375,166.80999755859375,166.80999755859375,166.80999755859375,0
1993-12-13,164.8300018310547,164.8300018310547,164.8300018310547,164.8300018310547,0
1993-12-14,165.25,165.25,165.25,165.25,0
1993-12-15,165.1999969482422,165.1999969482422,165.1999969482422,165.1999969482422,0
1993-12-16,164.94000244140625,164.94000244140625,164.94000244140625,164.94000244140625,0
1993-12-17,164.7100067138672,164.7100067138672,164.7100067138672,164.7100067138672,0
1993-12-20,164.2899932861328,164.2899932861328,164.2899932861328,164.2899932861328,0
1993-12-21,163.24000549316406,163.24000549316406,163.24000549316406,163.24000549316406,0
1993-12-22,164.27000427246094,164.27000427246094,164.27000427246094,164.27000427246094,0
1993-12-23,163.5399932861328,163.5399932861328,163.5399932861328,163.5399932861328,0
1993-12-27,162.3000030517578,162.3000030517578,162.3000030517578,162.3000030517578,0
1993-12-28,162.27000427246094,162.27000427246094,162.27000427246094,162.27000427246094,0
1993-12-29,164.22000122070312,164.22000122070312,164.22000122070312,164.22000122070312,0
1993-12-30,163.50999450683594,163.50999450683594,163.50999450683594,163.50999450683594,0
1993-12-31,163.5500030517578,163.5500030517578,163.5500030517578,163.5500030517578,0
1994-01-03,164.52999877929688,164.52999877929688,164.52999877929688,164.52999877929688,0
1994-01-04,165.7899932861328,165.7899932861328,165.7899932861328,165.7899932861328,0
1994-01-05,169.0500030517578,169.0500030517578,169.0500030517578,169.0500030517578,0
1994-01-06,169.77999877929688,169.77999877929688,169.77999877929688,169.77999877929688,0
1994-01-07,170.75999450683594,170.75999450683594,170.75999450683594,170.75999450683594,0
1994-01-10,168.27999877929688,168.27999877929688,168.27999877929688,168.27999877929688,0
1994-01-11,170.5399932861328,170.5399932861328,170.5399932861328,170.5399932861328,0
1994-01-12,169.3300018310547,169.3300018310547,169.3300018310547,169.3300018310547,0
1994-01-13,169.72999572753906,169.72999572753906,169.72999572753906,169.72999572753906,0
1994-01-14,172.1199951171875,172.1199951171875,172.1199951171875,172.1199951171875,0
1994-01-17,173.1300048828125,173.1300048828125,173.1300048828125,173.1300048828125,0
1994-01-18,170.60000610351562,170.60000610351562,170.60000610351562,170.60000610351562,0
1994-01-19,170.39999389648438,170.39999389648438,170.39999389648438,170.39999389648438,0
1994-01-20,169.86000061035156,169.86000061035156,169.86000061035156,169.86000061035156,0
1994-01-21,170.9199981689453,170.9199981689453,170.9199981689453,170.9199981689453,0
1994-01-24,173.1999969482422,173.1999969482422,173.1999969482422,173.1999969482422,0
1994-01-25,173.22000122070312,173.22000122070312,173.22000122070312,173.22000122070312,0
1994-01-26,175.67999267578125,175.67999267578125,175.67999267578125,175.67999267578125,0
1994-01-27,175.8699951171875,175.8699951171875,175.8699951171875,175.8699951171875,0
1994-01-28,176.85000610351562,176.85000610351562,176.85000610351562,176.85000610351562,0
1994-01-31,177.35000610351562,177.35000610351562,177.35000610351562,177.35000610351562,0
1994-02-01,180.85000610351562,180.85000610351562,180.85000610351562,180.85000610351562,0
1994-02-02,181.85000610351562,181.85000610351562,181.85000610351562,181.85000610351562,0
1994-02-03,178.6199951171875,178.6199951171875,178.6199951171875,178.6199951171875,0
1994-02-04,177.22999572753906,177.22999572753906,177.22999572753906,177.22999572753906,0
1994-02-07,175.02999877929688,175.02999877929688,175.02999877929688,175.02999877929688,0
1994-02-08,175.35000610351562,175.35000610351562,175.35000610351562,175.35000610351562,0
1994-02-09,172.77000427246094,172.77000427246094,172.77000427246094,172.77000427246094,0
1994-02-10,172.44000244140625,172.44000244140625,172.44000244140625,172.44000244140625,0
1994-02-11,172.72000122070312,172.72000122070312,172.72000122070312,172.72000122070312,0
1994-02-14,170.2899932861328,170.2899932861328,170.2899932861328,170.2899932861328,0
1994-02-15,170.13999938964844,170.13999938964844,170.13999938964844,170.13999938964844,0
1994-02-16,170.25999450683594,170.25999450683594,170.25999450683594,170.25999450683594,0
1994-02-17,170.4199981689453,170.4199981689453,170.4199981689453,170.4199981689453,0
1994-02-18,170.57000732421875,170.57000732421875,170.57000732421875,170.57000732421875,0
1994-02-22,171.91000366210938,171.91000366210938,171.91000366210938,171.91000366210938,0
1994-02-23,171.05999755859375,171.05999755859375,171.05999755859375,171.05999755859375,0
1994-02-24,173.08999633789062,173.08999633789062,173.08999633789062,173.08999633789062,0
1994-02-25,172.77999877929688,172.77999877929688,172.77999877929688,172.77999877929688,0
1994-02-28,171.22999572753906,171.22999572753906,171.22999572753906,171.22999572753906,0
1994-03-01,171.19000244140625,171.19000244140625,171.19000244140625,171.19000244140625,0
1994-03-02,170.77999877929688,170.77999877929688,170.77999877929688,170.77999877929688,0
1994-03-03,170.14999389648438,170.14999389648438,170.14999389648438,170.14999389648438,0
1994-03-04,170.52999877929688,170.52999877929688,170.52999877929688,170.52999877929688,0
1994-03-07,168.47000122070312,168.47000122070312,168.47000122070312,168.47000122070312,0
1994-03-08,168.77999877929688,168.77999877929688,168.77999877929688,168.77999877929688,0
1994-03-09,169.0399932861328,169.0399932861328,169.0399932861328,169.0399932861328,0
1994-03-10,168.86000061035156,168.86000061035156,168.86000061035156,168.86000061035156,0
1994-03-11,169.89999389648438,169.89999389648438,169.89999389648438,169.89999389648438,0
1994-03-14,169.75,169.75,169.75,169.75,0
1994-03-15,171.2899932861328,171.2899932861328,171.2899932861328,171.2899932861328,0
1994-03-16,172.83999633789062,172.83999633789062,172.83999633789062,172.83999633789062,0
1994-03-17,171.5399932861328,171.5399932861328,171.5399932861328,171.5399932861328,0
1994-03-18,171.63999938964844,171.63999938964844,171.63999938964844,171.63999938964844,0
1994-03-21,172.19000244140625,172.19000244140625,172.19000244140625,172.19000244140625,0
1994-03-22,172.3000030517578,172.3000030517578,172.3000030517578,172.3000030517578,0
1994-03-23,171.94000244140625,171.94000244140625,171.94000244140625,171.94000244140625,0
1994-03-24,171.6300048828125,171.6300048828125,171.6300048828125,171.6300048828125,0
1994-03-25,171.97000122070312,171.97000122070312,171.97000122070312,171.97000122070312,0
1994-03-28,167.60000610351562,167.60000610351562,167.60000610351562,167.60000610351562,0
1994-03-29,168.02999877929688,168.02999877929688,168.02999877929688,168.02999877929688,0
1994-03-30,168.2899932861328,168.2899932861328,168.2899932861328,168.2899932861328,0
1994-03-31,170.38999938964844,170.38999938964844,170.38999938964844,170.38999938964844,0
1994-04-04,174.4199981689453,174.4199981689453,174.4199981689453,174.4199981689453,0
1994-04-05,172.8800048828125,172.8800048828125,172.8800048828125,172.8800048828125,0
1994-04-06,173.5500030517578,173.5500030517578,173.5500030517578,173.5500030517578,0
1994-04-07,172.30999755859375,172.30999755859375,172.30999755859375,172.30999755859375,0
1994-04-08,171.82000732421875,171.82000732421875,171.82000732421875,171.82000732421875,0
1994-04-11,172.17999267578125,172.17999267578125,172.17999267578125,172.17999267578125,0
1994-04-12,171.97999572753906,171.97999572753906,171.97999572753906,171.97999572753906,0
1994-04-13,172.5800018310547,172.5800018310547,172.5800018310547,172.5800018310547,0
1994-04-14,173.75,173.75,173.75,173.75,0
1994-04-15,175.30999755859375,175.30999755859375,175.30999755859375,175.30999755859375,0
1994-04-18,174.9199981689453,174.9199981689453,174.9199981689453,174.9199981689453,0
1994-04-19,172.9199981689453,172.9199981689453,172.9199981689453,172.9199981689453,0
1994-04-20,173.35000610351562,173.35000610351562,173.35000610351562,173.35000610351562,0
1994-04-21,174.4499969482422,174.4499969482422,174.4499969482422,174.4499969482422,0
1994-04-22,176.13999938964844,176.13999938964844,176.13999938964844,176.13999938964844,0
1994-04-25,176.60000610351562,176.60000610351562,176.60000610351562,176.60000610351562,0
1994-04-26,174.27000427246094,174.27000427246094,174.27000427246094,174.27000427246094,0
1994-04-28,172.86000061035156,172.86000061035156,172.86000061035156,172.86000061035156,0
1994-04-29,174.55999755859375,174.55999755859375,174.55999755859375,174.55999755859375,0
1994-05-02,174.3000030517578,174.3000030517578,174.3000030517578,174.3000030517578,0
1994-05-03,172.83999633789062,172.83999633789062,172.83999633789062,172.83999633789062,0
1994-05-04,172.72999572753906,172.72999572753906,172.72999572753906,172.72999572753906,0
1994-05-05,173.3000030517578,173.3000030517578,173.3000030517578,173.3000030517578,0
1994-05-06,174.1699981689453,174.1699981689453,174.1699981689453,174.1699981689453,0
1994-05-09,174.64999389648438,174.64999389648438,174.64999389648438,174.64999389648438,0
1994-05-10,173.75999450683594,173.75999450683594,173.75999450683594,173.75999450683594,0
1994-05-11,174.14999389648438,174.14999389648438,174.14999389648438,174.14999389648438,0
1994-05-12,174.94000244140625,174.94000244140625,174.94000244140625,174.94000244140625,0
1994-05-13,175.0399932861328,175.0399932861328,175.0399932861328,175.0399932861328,0
1994-05-16,175.2899932861328,175.2899932861328,175.2899932861328,175.2899932861328,0
1994-05-17,174.5500030517578,174.5500030517578,174.5500030517578,174.5500030517578,0
1994-05-18,175.22000122070312,175.22000122070312,175.22000122070312,175.22000122070312,0
1994-05-19,176.33999633789062,176.33999633789062,176.33999633789062,176.33999633789062,0
1994-05-20,176.6699981689453,176.6699981689453,176.6699981689453,176.6699981689453,0
1994-05-23,177.4499969482422,177.4499969482422,177.4499969482422,177.4499969482422,0
1994-05-24,174.8300018310547,174.8300018310547,174.8300018310547,174.8300018310547,0
1994-05-25,172.61000061035156,172.61000061035156,172.61000061035156,172.61000061035156,0
1994-05-26,172.52000427246094,172.52000427246094,172.52000427246094,172.52000427246094,0
1994-05-27,173.80999755859375,173.80999755859375,173.80999755859375,173.80999755859375,0
1994-05-31,176.75999450683594,176.75999450683594,176.75999450683594,176.75999450683594,0
1994-06-01,175.5500030517578,175.5500030517578,175.5500030517578,175.5500030517578,0
1994-06-02,176.25,176.25,176.25,176.25,0
1994-06-03,174.67999267578125,174.67999267578125,174.67999267578125,174.67999267578125,0
1994-06-06,174.39999389648438,174.39999389648438,174.39999389648438,174.39999389648438,0
1994-06-07,173.3000030517578,173.3000030517578,173.3000030517578,173.3000030517578,0
1994-06-08,175.8000030517578,175.8000030517578,175.8000030517578,175.8000030517578,0
1994-06-09,176.0500030517578,176.0500030517578,176.0500030517578,176.0500030517578,0
1994-06-10,177.0399932861328,177.0399932861328,177.0399932861328,177.0399932861328,0
1994-06-13,178.50999450683594,178.50999450683594,178.50999450683594,178.50999450683594,0
1994-06-14,178.44000244140625,178.44000244140625,178.44000244140625,178.44000244140625,0
1994-06-15,182.5399932861328,182.5399932861328,182.5399932861328,182.5399932861328,0
1994-06-16,181.9499969482422,181.9499969482422,181.9499969482422,181.9499969482422,0
1994-06-17,184.3699951171875,184.3699951171875,184.3699951171875,184.3699951171875,0
1994-06-20,182.4600067138672,182.4600067138672,182.4600067138672,182.4600067138672,0
1994-06-21,180.6199951171875,180.6199951171875,180.6199951171875,180.6199951171875,0
1994-06-22,178.80999755859375,178.80999755859375,178.80999755859375,178.80999755859375,0
1994-06-23,178.86000061035156,178.86000061035156,178.86000061035156,178.86000061035156,0
1994-06-24,179.1999969482422,179.1999969482422,179.1999969482422,179.1999969482422,0
1994-06-27,177.4199981689453,177.4199981689453,177.4199981689453,177.4199981689453,0
1994-06-28,180.08999633789062,180.08999633789062,180.08999633789062,180.08999633789062,0
1994-06-29,178.30999755859375,178.30999755859375,178.30999755859375,178.30999755859375,0
1994-06-30,180.0800018310547,180.0800018310547,180.0800018310547,180.0800018310547,0
1994-07-01,180.57000732421875,180.57000732421875,180.57000732421875,180.57000732421875,0
1994-07-05,178.11000061035156,178.11000061035156,178.11000061035156,178.11000061035156,0
1994-07-06,176.47000122070312,176.47000122070312,176.47000122070312,176.47000122070312,0
1994-07-07,175.67999267578125,175.67999267578125,175.67999267578125,175.67999267578125,0
1994-07-08,176.88999938964844,176.88999938964844,176.88999938964844,176.88999938964844,0
1994-07-11,180.22000122070312,180.22000122070312,180.22000122070312,180.22000122070312,0
1994-07-12,181.19000244140625,181.19000244140625,181.19000244140625,181.19000244140625,0
1994-07-13,181.22000122070312,181.22000122070312,181.22000122070312,181.22000122070312,0
1994-07-14,181.52000427246094,181.52000427246094,181.52000427246094,181.52000427246094,0
1994-07-15,180.64999389648438,180.64999389648438,180.64999389648438,180.64999389648438,0
1994-07-18,179.64999389648438,179.64999389648438,179.64999389648438,179.64999389648438,0
1994-07-19,180.00999450683594,180.00999450683594,180.00999450683594,180.00999450683594,0
1994-07-20,178.9199981689453,178.9199981689453,178.9199981689453,178.9199981689453,0
1994-07-21,179.1999969482422,179.1999969482422,179.1999969482422,179.1999969482422,0
1994-07-22,179.82000732421875,179.82000732421875,179.82000732421875,179.82000732421875,0
1994-07-25,178.77000427246094,178.77000427246094,178.77000427246094,178.77000427246094,0
1994-07-26,178.6699981689453,178.6699981689453,178.6699981689453,178.6699981689453,0
1994-07-27,178.92999267578125,178.92999267578125,178.92999267578125,178.92999267578125,0
1994-07-28,179.75,179.75,179.75,179.75,0
1994-07-29,182.52000427246094,182.52000427246094,182.52000427246094,182.52000427246094,0
1994-08-01,183.99000549316406,183.99000549316406,183.99000549316406,183.99000549316406,0
1994-08-02,182.0399932861328,182.0399932861328,182.0399932861328,182.0399932861328,0
1994-08-03,180.6199951171875,180.6199951171875,180.6199951171875,180.6199951171875,0
1994-08-04,180.9499969482422,180.9499969482422,180.9499969482422,180.9499969482422,0
1994-08-05,177.67999267578125,177.67999267578125,177.67999267578125,177.67999267578125,0
1994-08-08,177.3000030517578,177.3000030517578,177.3000030517578,177.3000030517578,0
1994-08-09,177.64999389648438,177.64999389648438,177.64999389648438,177.64999389648438,0
1994-08-10,177.64999389648438,177.64999389648438,177.64999389648438,177.64999389648438,0
1994-08-11,176.75999450683594,176.75999450683594,176.75999450683594,176.75999450683594,0
1994-08-12,174.5399932861328,174.5399932861328,174.5399932861328,174.5399932861328,0
1994-08-15,174.47000122070312,174.47000122070312,174.47000122070312,174.47000122070312,0
1994-08-16,173.7100067138672,173.7100067138672,173.7100067138672,173.7100067138672,0
1994-08-17,175.57000732421875,175.57000732421875,175.57000732421875,175.57000732421875,0
1994-08-18,173.74000549316406,173.74000549316406,173.74000549316406,173.74000549316406,0
1994-08-19,171.77000427246094,171.77000427246094,171.77000427246094,171.77000427246094,0
1994-08-22,168.5500030517578,168.5500030517578,168.5500030517578,168.5500030517578,0
1994-08-23,168.52000427246094,168.52000427246094,168.52000427246094,168.52000427246094,0
1994-08-24,170.3000030517578,170.3000030517578,170.3000030517578,170.3000030517578,0
1994-08-25,169.55999755859375,169.55999755859375,169.55999755859375,169.55999755859375,0
1994-08-26,168.8699951171875,168.8699951171875,168.8699951171875,168.8699951171875,0
1994-08-29,170.91000366210938,170.91000366210938,170.91000366210938,170.91000366210938,0
1994-08-30,170.2899932861328,170.2899932861328,170.2899932861328,170.2899932861328,0
1994-08-31,170.25999450683594,170.25999450683594,170.25999450683594,170.25999450683594,0
1994-09-01,170.33999633789062,170.33999633789062,170.33999633789062,170.33999633789062,0
1994-09-02,169.92999267578125,169.92999267578125,169.92999267578125,169.92999267578125,0
1994-09-06,171.1999969482422,171.1999969482422,171.1999969482422,171.1999969482422,0
1994-09-07,171.8800048828125,171.8800048828125,171.8800048828125,171.8800048828125,0
1994-09-08,172.25999450683594,172.25999450683594,172.25999450683594,172.25999450683594,0
1994-09-09,172.33999633789062,172.33999633789062,172.33999633789062,172.33999633789062,0
1994-09-12,173.2899932861328,173.2899932861328,173.2899932861328,173.2899932861328,0
1994-09-13,172.22999572753906,172.22999572753906,172.22999572753906,172.22999572753906,0
1994-09-14,171.0399932861328,171.0399932861328,171.0399932861328,171.0399932861328,0
1994-09-15,169.3699951171875,169.3699951171875,169.3699951171875,169.3699951171875,0
1994-09-16,170.3800048828125,170.3800048828125,170.3800048828125,170.3800048828125,0
1994-09-19,171.66000366210938,171.66000366210938,171.66000366210938,171.66000366210938,0
1994-09-20,171.36000061035156,171.36000061035156,171.36000061035156,171.36000061035156,0
1994-09-21,170.32000732421875,170.32000732421875,170.32000732421875,170.32000732421875,0
1994-09-22,171.6300048828125,171.6300048828125,171.6300048828125,171.6300048828125,0
1994-09-23,171.58999633789062,171.58999633789062,171.58999633789062,171.58999633789062,0
1994-09-26,170.16000366210938,170.16000366210938,170.16000366210938,170.16000366210938,0
1994-09-27,169.0399932861328,169.0399932861328,169.0399932861328,169.0399932861328,0
1994-09-28,169.10000610351562,169.10000610351562,169.10000610351562,169.10000610351562,0
1994-09-29,170.3699951171875,170.3699951171875,170.3699951171875,170.3699951171875,0
1994-09-30,171.4199981689453,171.4199981689453,171.4199981689453,171.4199981689453,0
1994-10-03,171.22000122070312,171.22000122070312,171.22000122070312,171.22000122070312,0
1994-10-04,170.74000549316406,170.74000549316406,170.74000549316406,170.74000549316406,0
1994-10-05,169.99000549316406,169.99000549316406,169.99000549316406,169.99000549316406,0
1994-10-06,170.80999755859375,170.80999755859375,170.80999755859375,170.80999755859375,0
1994-10-07,172.0399932861328,172.0399932861328,172.0399932861328,172.0399932861328,0
1994-10-10,172.24000549316406,172.24000549316406,172.24000549316406,172.24000549316406,0
1994-10-11,173.55999755859375,173.55999755859375,173.55999755859375,173.55999755859375,0
1994-10-12,173.25999450683594,173.25999450683594,173.25999450683594,173.25999450683594,0
1994-10-13,174.3300018310547,174.3300018310547,174.3300018310547,174.3300018310547,0
1994-10-14,174.07000732421875,174.07000732421875,174.07000732421875,174.07000732421875,0
1994-10-17,174.61000061035156,174.61000061035156,174.61000061035156,174.61000061035156,0
1994-10-18,174.0500030517578,174.0500030517578,174.0500030517578,174.0500030517578,0
1994-10-19,174.74000549316406,174.74000549316406,174.74000549316406,174.74000549316406,0
1994-10-20,176.89999389648438,176.89999389648438,176.89999389648438,176.89999389648438,0
1994-10-21,175.3000030517578,175.3000030517578,175.3000030517578,175.3000030517578,0
1994-10-24,177.3699951171875,177.3699951171875,177.3699951171875,177.3699951171875,0
1994-10-25,177.57000732421875,177.57000732421875,177.57000732421875,177.57000732421875,0
1994-10-26,179.91000366210938,179.91000366210938,179.91000366210938,179.91000366210938,0
1994-10-27,180.11000061035156,180.11000061035156,180.11000061035156,180.11000061035156,0
1994-10-28,180.24000549316406,180.24000549316406,180.24000549316406,180.24000549316406,0
1994-10-31,179.0399932861328,179.0399932861328,179.0399932861328,179.0399932861328,0
1994-11-01,180.5,180.5,180.5,180.5,0
1994-11-02,180.7899932861328,180.7899932861328,180.7899932861328,180.7899932861328,0
1994-11-03,180.24000549316406,180.24000549316406,180.24000549316406,180.24000549316406,0
1994-11-04,179.60000610351562,179.60000610351562,179.60000610351562,179.60000610351562,0
1994-11-07,176.80999755859375,176.80999755859375,176.80999755859375,176.80999755859375,0
1994-11-08,178.9199981689453,178.9199981689453,178.9199981689453,178.9199981689453,0
1994-11-09,177.97999572753906,177.97999572753906,177.97999572753906,177.97999572753906,0
1994-11-10,179.02999877929688,179.02999877929688,179.02999877929688,179.02999877929688,0
1994-11-11,179.30999755859375,179.30999755859375,179.30999755859375,179.30999755859375,0
1994-11-14,177.49000549316406,177.49000549316406,177.49000549316406,177.49000549316406,0
1994-11-15,177.75,177.75,177.75,177.75,0
1994-11-16,175.22999572753906,175.22999572753906,175.22999572753906,175.22999572753906,0
1994-11-17,175.75999450683594,175.75999450683594,175.75999450683594,175.75999450683594,0
1994-11-18,176.19000244140625,176.19000244140625,176.19000244140625,176.19000244140625,0
1994-11-21,175.7100067138672,175.7100067138672,175.7100067138672,175.7100067138672,0
1994-11-22,177.0500030517578,177.0500030517578,177.0500030517578,177.0500030517578,0
1994-11-23,177.82000732421875,177.82000732421875,177.82000732421875,177.82000732421875,0
1994-11-25,177.5500030517578,177.5500030517578,177.5500030517578,177.5500030517578,0
1994-11-28,177.52999877929688,177.52999877929688,177.52999877929688,177.52999877929688,0
1994-11-29,175.92999267578125,175.92999267578125,175.92999267578125,175.92999267578125,0
1994-11-30,175.1699981689453,175.1699981689453,175.1699981689453,175.1699981689453,0
1994-12-01,174.17999267578125,174.17999267578125,174.17999267578125,174.17999267578125,0
1994-12-02,170.89999389648438,170.89999389648438,170.89999389648438,170.89999389648438,0
1994-12-05,170.94000244140625,170.94000244140625,170.94000244140625,170.94000244140625,0
1994-12-06,171.02000427246094,171.02000427246094,171.02000427246094,171.02000427246094,0
1994-12-07,172.67999267578125,172.67999267578125,172.67999267578125,172.67999267578125,0
1994-12-08,175.60000610351562,175.60000610351562,175.60000610351562,175.60000610351562,0
1994-12-09,176.22000122070312,176.22000122070312,176.22000122070312,176.22000122070312,0
1994-12-12,175.91000366210938,175.91000366210938,175.91000366210938,175.91000366210938,0
1994-12-13,174.22000122070312,174.22000122070312,174.22000122070312,174.22000122070312,0
1994-12-14,174.30999755859375,174.30999755859375,174.30999755859375,174.30999755859375,0
1994-12-15,174.4600067138672,174.4600067138672,174.4600067138672,174.4600067138672,0
1994-12-16,174.27000427246094,174.27000427246094,174.27000427246094,174.27000427246094,0
1994-12-19,172.91000366210938,172.91000366210938,172.91000366210938,172.91000366210938,0
1994-12-20,173.25999450683594,173.25999450683594,173.25999450683594,173.25999450683594,0
1994-12-21,173.91000366210938,173.91000366210938,173.91000366210938,173.91000366210938,0
1994-12-22,174.77999877929688,174.77999877929688,174.77999877929688,174.77999877929688,0
1994-12-23,175.3000030517578,175.3000030517578,175.3000030517578,175.3000030517578,0
1994-12-27,178.5800018310547,178.5800018310547,178.5800018310547,178.5800018310547,0
1994-12-28,179.69000244140625,179.69000244140625,179.69000244140625,179.69000244140625,0
1994-12-29,179.6300048828125,179.6300048828125,179.6300048828125,179.6300048828125,0
1994-12-30,180.75999450683594,180.75999450683594,180.75999450683594,180.75999450683594,0
1995-01-03,178.67999267578125,178.67999267578125,178.67999267578125,178.67999267578125,0
1995-01-04,177.8699951171875,177.8699951171875,177.8699951171875,177.8699951171875,0
1995-01-05,178.3800048828125,178.3800048828125,178.3800048828125,178.3800048828125,0
1995-01-06,176.9600067138672,176.9600067138672,176.9600067138672,176.9600067138672,0
1995-01-09,175.3300018310547,175.3300018310547,175.3300018310547,175.3300018310547,0
1995-01-10,175.05999755859375,175.05999755859375,175.05999755859375,175.05999755859375,0
1995-01-11,175.9600067138672,175.9600067138672,175.9600067138672,175.9600067138672,0
1995-01-12,175.6199951171875,175.6199951171875,175.6199951171875,175.6199951171875,0
1995-01-13,173.9199981689453,173.9199981689453,173.9199981689453,173.9199981689453,0
1995-01-16,175.75999450683594,175.75999450683594,175.75999450683594,175.75999450683594,0
1995-01-17,178.55999755859375,178.55999755859375,178.55999755859375,178.55999755859375,0
1995-01-18,179.24000549316406,179.24000549316406,179.24000549316406,179.24000549316406,0
1995-01-19,178.39999389648438,178.39999389648438,178.39999389648438,178.39999389648438,0
1995-01-20,179.25,179.25,179.25,179.25,0
1995-01-23,177.27000427246094,177.27000427246094,177.27000427246094,177.27000427246094,0
1995-01-24,177.89999389648438,177.89999389648438,177.89999389648438,177.89999389648438,0
1995-01-25,176.8800048828125,176.8800048828125,176.8800048828125,176.8800048828125,0
1995-01-26,176.75999450683594,176.75999450683594,176.75999450683594,176.75999450683594,0
1995-01-27,175.63999938964844,175.63999938964844,175.63999938964844,175.63999938964844,0
1995-01-30,175.4600067138672,175.4600067138672,175.4600067138672,175.4600067138672,0
1995-01-31,176.0,176.0,176.0,176.0,0
1995-02-01,176.13999938964844,176.13999938964844,176.13999938964844,176.13999938964844,0
1995-02-02,177.3000030517578,177.3000030517578,177.3000030517578,177.3000030517578,0
1995-02-03,178.4600067138672,178.4600067138672,178.4600067138672,178.4600067138672,0
1995-02-06,178.05999755859375,178.05999755859375,178.05999755859375,178.05999755859375,0
1995-02-07,175.86000061035156,175.86000061035156,175.86000061035156,175.86000061035156,0
1995-02-08,174.41000366210938,174.41000366210938,174.41000366210938,174.41000366210938,0
1995-02-09,175.92999267578125,175.92999267578125,175.92999267578125,175.92999267578125,0
1995-02-10,176.75999450683594,176.75999450683594,176.75999450683594,176.75999450683594,0
1995-02-13,175.14999389648438,175.14999389648438,175.14999389648438,175.14999389648438,0
1995-02-14,175.66000366210938,175.66000366210938,175.66000366210938,175.66000366210938,0
1995-02-15,175.17999267578125,175.17999267578125,175.17999267578125,175.17999267578125,0
1995-02-16,176.19000244140625,176.19000244140625,176.19000244140625,176.19000244140625,0
1995-02-17,177.42999267578125,177.42999267578125,177.42999267578125,177.42999267578125,0
1995-02-21,177.36000061035156,177.36000061035156,177.36000061035156,177.36000061035156,0
1995-02-22,177.83999633789062,177.83999633789062,177.83999633789062,177.83999633789062,0
1995-02-23,177.25999450683594,177.25999450683594,177.25999450683594,177.25999450683594,0
1995-02-24,178.02999877929688,178.02999877929688,178.02999877929688,178.02999877929688,0
1995-02-27,177.3300018310547,177.3300018310547,177.3300018310547,177.3300018310547,0
1995-02-28,177.11000061035156,177.11000061035156,177.11000061035156,177.11000061035156,0
1995-03-01,176.22000122070312,176.22000122070312,176.22000122070312,176.22000122070312,0
1995-03-02,175.6300048828125,175.6300048828125,175.6300048828125,175.6300048828125,0
1995-03-03,176.58999633789062,176.58999633789062,176.58999633789062,176.58999633789062,0
1995-03-06,176.32000732421875,176.32000732421875,176.32000732421875,176.32000732421875,0
1995-03-07,176.66000366210938,176.66000366210938,176.66000366210938,176.66000366210938,0
1995-03-08,175.4600067138672,175.4600067138672,175.4600067138672,175.4600067138672,0
1995-03-09,174.75,174.75,174.75,174.75,0
1995-03-10,174.32000732421875,174.32000732421875,174.32000732421875,174.32000732421875,0
1995-03-13,175.41000366210938,175.41000366210938,175.41000366210938,175.41000366210938,0
1995-03-14,174.5,174.5,174.5,174.5,0
1995-03-15,175.55999755859375,175.55999755859375,175.55999755859375,175.55999755859375,0
1995-03-16,176.36000061035156,176.36000061035156,176.36000061035156,176.36000061035156,0
1995-03-17,176.3699951171875,176.3699951171875,176.3699951171875,176.3699951171875,0
1995-03-20,177.00999450683594,177.00999450683594,177.00999450683594,177.00999450683594,0
1995-03-21,176.61000061035156,176.61000061035156,176.61000061035156,176.61000061035156,0
1995-03-22,179.89999389648438,179.89999389648438,179.89999389648438,179.89999389648438,0
1995-03-23,179.27999877929688,179.27999877929688,179.27999877929688,179.27999877929688,0
1995-03-24,177.94000244140625,177.94000244140625,177.94000244140625,177.94000244140625,0
1995-03-27,179.0,179.0,179.0,179.0,0
1995-03-28,178.47999572753906,178.47999572753906,178.47999572753906,178.47999572753906,0
1995-03-29,178.38999938964844,178.38999938964844,178.38999938964844,178.38999938964844,0
1995-03-30,178.9499969482422,178.9499969482422,178.9499969482422,178.9499969482422,0
1995-03-31,179.05999755859375,179.05999755859375,179.05999755859375,179.05999755859375,0
1995-04-03,179.14999389648438,179.14999389648438,179.14999389648438,179.14999389648438,0
1995-04-04,180.5500030517578,180.5500030517578,180.5500030517578,180.5500030517578,0
1995-04-05,181.77000427246094,181.77000427246094,181.77000427246094,181.77000427246094,0
1995-04-06,182.58999633789062,182.58999633789062,182.58999633789062,182.58999633789062,0
1995-04-07,182.27999877929688,182.27999877929688,182.27999877929688,182.27999877929688,0
1995-04-10,182.0399932861328,182.0399932861328,182.0399932861328,182.0399932861328,0
1995-04-11,183.22000122070312,183.22000122070312,183.22000122070312,183.22000122070312,0
1995-04-12,182.39999389648438,182.39999389648438,182.39999389648438,182.39999389648438,0
1995-04-13,180.4600067138672,180.4600067138672,180.4600067138672,180.4600067138672,0
1995-04-17,182.47000122070312,182.47000122070312,182.47000122070312,182.47000122070312,0
1995-04-18,183.30999755859375,183.30999755859375,183.30999755859375,183.30999755859375,0
1995-04-19,183.57000732421875,183.57000732421875,183.57000732421875,183.57000732421875,0
1995-04-20,183.6999969482422,183.6999969482422,183.6999969482422,183.6999969482422,0
1995-04-21,184.3000030517578,184.3000030517578,184.3000030517578,184.3000030517578,0
1995-04-24,183.88999938964844,183.88999938964844,183.88999938964844,183.88999938964844,0
1995-04-25,183.7100067138672,183.7100067138672,183.7100067138672,183.7100067138672,0
1995-04-26,182.44000244140625,182.44000244140625,182.44000244140625,182.44000244140625,0
1995-04-27,183.88999938964844,183.88999938964844,183.88999938964844,183.88999938964844,0
1995-04-28,183.6300048828125,183.6300048828125,183.6300048828125,183.6300048828125,0
1995-05-01,185.05999755859375,185.05999755859375,185.05999755859375,185.05999755859375,0
1995-05-02,183.2899932861328,183.2899932861328,183.2899932861328,183.2899932861328,0
1995-05-03,182.33999633789062,182.33999633789062,182.33999633789062,182.33999633789062,0
1995-05-04,183.16000366210938,183.16000366210938,183.16000366210938,183.16000366210938,0
1995-05-05,182.42999267578125,182.42999267578125,182.42999267578125,182.42999267578125,0
1995-05-08,181.97000122070312,181.97000122070312,181.97000122070312,181.97000122070312,0
1995-05-09,179.8699951171875,179.8699951171875,179.8699951171875,179.8699951171875,0
1995-05-10,180.55999755859375,180.55999755859375,180.55999755859375,180.55999755859375,0
1995-05-11,179.4199981689453,179.4199981689453,179.4199981689453,179.4199981689453,0
1995-05-12,180.44000244140625,180.44000244140625,180.44000244140625,180.44000244140625,0
1995-05-15,182.22999572753906,182.22999572753906,182.22999572753906,182.22999572753906,0
1995-05-16,183.2100067138672,183.2100067138672,183.2100067138672,183.2100067138672,0
1995-05-17,182.7899932861328,182.7899932861328,182.7899932861328,182.7899932861328,0
1995-05-18,184.05999755859375,184.05999755859375,184.05999755859375,184.05999755859375,0
1995-05-19,184.27000427246094,184.27000427246094,184.27000427246094,184.27000427246094,0
1995-05-22,184.85000610351562,184.85000610351562,184.85000610351562,184.85000610351562,0
1995-05-23,185.7899932861328,185.7899932861328,185.7899932861328,185.7899932861328,0
1995-05-24,184.41000366210938,184.41000366210938,184.41000366210938,184.41000366210938,0
1995-05-25,184.0800018310547,184.0800018310547,184.0800018310547,184.0800018310547,0
1995-05-26,181.9600067138672,181.9600067138672,181.9600067138672,181.9600067138672,0
1995-05-30,180.4600067138672,180.4600067138672,180.4600067138672,180.4600067138672,0
1995-05-31,180.80999755859375,180.80999755859375,180.80999755859375,180.80999755859375,0
1995-06-01,182.08999633789062,182.08999633789062,182.08999633789062,182.08999633789062,0
1995-06-02,182.4499969482422,182.4499969482422,182.4499969482422,182.4499969482422,0
1995-06-05,183.32000732421875,183.32000732421875,183.32000732421875,183.32000732421875,0
1995-06-06,181.9499969482422,181.9499969482422,181.9499969482422,181.9499969482422,0
1995-06-07,181.69000244140625,181.69000244140625,181.69000244140625,181.69000244140625,0
1995-06-08,180.83999633789062,180.83999633789062,180.83999633789062,180.83999633789062,0
1995-06-09,179.99000549316406,179.99000549316406,179.99000549316406,179.99000549316406,0
1995-06-12,179.61000061035156,179.61000061035156,179.61000061035156,179.61000061035156,0
1995-06-13,179.07000732421875,179.07000732421875,179.07000732421875,179.07000732421875,0
1995-06-14,180.1300048828125,180.1300048828125,180.1300048828125,180.1300048828125,0
1995-06-15,179.22999572753906,179.22999572753906,179.22999572753906,179.22999572753906,0
1995-06-16,177.82000732421875,177.82000732421875,177.82000732421875,177.82000732421875,0
1995-06-19,176.75999450683594,176.75999450683594,176.75999450683594,176.75999450683594,0
1995-06-20,176.6999969482422,176.6999969482422,176.6999969482422,176.6999969482422,0
1995-06-21,175.17999267578125,175.17999267578125,175.17999267578125,175.17999267578125,0
1995-06-22,175.64999389648438,175.64999389648438,175.64999389648438,175.64999389648438,0
1995-06-23,175.47000122070312,175.47000122070312,175.47000122070312,175.47000122070312,0
1995-06-26,175.0500030517578,175.0500030517578,175.0500030517578,175.0500030517578,0
1995-06-27,175.27999877929688,175.27999877929688,175.27999877929688,175.27999877929688,0
1995-06-28,176.49000549316406,176.49000549316406,176.49000549316406,176.49000549316406,0
1995-06-29,175.33999633789062,175.33999633789062,175.33999633789062,175.33999633789062,0
1995-06-30,174.49000549316406,174.49000549316406,174.49000549316406,174.49000549316406,0
1995-07-03,174.22999572753906,174.22999572753906,174.22999572753906,174.22999572753906,0
1995-07-05,171.86000061035156,171.86000061035156,171.86000061035156,171.86000061035156,0
1995-07-06,172.97000122070312,172.97000122070312,172.97000122070312,172.97000122070312,0
1995-07-07,171.85000610351562,171.85000610351562,171.85000610351562,171.85000610351562,0
1995-07-10,173.89999389648438,173.89999389648438,173.89999389648438,173.89999389648438,0
1995-07-11,173.5399932861328,173.5399932861328,173.5399932861328,173.5399932861328,0
1995-07-12,174.02999877929688,174.02999877929688,174.02999877929688,174.02999877929688,0
1995-07-13,172.3800048828125,172.3800048828125,172.3800048828125,172.3800048828125,0
1995-07-14,173.47000122070312,173.47000122070312,173.47000122070312,173.47000122070312,0
1995-07-17,173.9600067138672,173.9600067138672,173.9600067138672,173.9600067138672,0
1995-07-18,174.49000549316406,174.49000549316406,174.49000549316406,174.49000549316406,0
1995-07-19,173.3000030517578,173.3000030517578,173.3000030517578,173.3000030517578,0
1995-07-20,172.4199981689453,172.4199981689453,172.4199981689453,172.4199981689453,0
1995-07-21,173.10000610351562,173.10000610351562,173.10000610351562,173.10000610351562,0
1995-07-24,173.25999450683594,173.25999450683594,173.25999450683594,173.25999450683594,0
1995-07-25,173.19000244140625,173.19000244140625,173.19000244140625,173.19000244140625,0
1995-07-26,175.80999755859375,175.80999755859375,175.80999755859375,175.80999755859375,0
1995-07-27,175.88999938964844,175.88999938964844,175.88999938964844,175.88999938964844,0
1995-07-28,175.9600067138672,175.9600067138672,175.9600067138672,175.9600067138672,0
1995-07-31,177.33999633789062,177.33999633789062,177.33999633789062,177.33999633789062,0
1995-08-01,175.5399932861328,175.5399932861328,175.5399932861328,175.5399932861328,0
1995-08-02,175.0,175.0,175.0,175.0,0
1995-08-03,174.99000549316406,174.99000549316406,174.99000549316406,174.99000549316406,0
1995-08-04,174.89999389648438,174.89999389648438,174.89999389648438,174.89999389648438,0
1995-08-07,174.64999389648438,174.64999389648438,174.64999389648438,174.64999389648438,0
1995-08-08,175.16000366210938,175.16000366210938,175.16000366210938,175.16000366210938,0
1995-08-09,175.8800048828125,175.8800048828125,175.8800048828125,175.8800048828125,0
1995-08-10,175.80999755859375,175.80999755859375,175.80999755859375,175.80999755859375,0
1995-08-11,176.25,176.25,176.25,176.25,0
1995-08-14,175.6699981689453,175.6699981689453,175.6699981689453,175.6699981689453,0
1995-08-15,175.8000030517578,175.8000030517578,175.8000030517578,175.8000030517578,0
1995-08-16,175.3000030517578,175.3000030517578,175.3000030517578,175.3000030517578,0
1995-08-17,176.39999389648438,176.39999389648438,176.39999389648438,176.39999389648438,0
1995-08-18,177.3699951171875,177.3699951171875,177.3699951171875,177.3699951171875,0
1995-08-21,179.74000549316406,179.74000549316406,179.74000549316406,179.74000549316406,0
1995-08-22,179.77999877929688,179.77999877929688,179.77999877929688,179.77999877929688,0
1995-08-23,180.25999450683594,180.25999450683594,180.25999450683594,180.25999450683594,0
1995-08-24,179.9199981689453,179.9199981689453,179.9199981689453,179.9199981689453,0
1995-08-25,179.6999969482422,179.6999969482422,179.6999969482422,179.6999969482422,0
1995-08-28,178.97999572753906,178.97999572753906,178.97999572753906,178.97999572753906,0
1995-08-29,178.77000427246094,178.77000427246094,178.77000427246094,178.77000427246094,0
1995-08-30,178.57000732421875,178.57000732421875,178.57000732421875,178.57000732421875,0
1995-08-31,180.52999877929688,180.52999877929688,180.52999877929688,180.52999877929688,0
1995-09-01,181.5800018310547,181.5800018310547,181.5800018310547,181.5800018310547,0
1995-09-05,183.25,183.25,183.25,183.25,0
1995-09-06,181.50999450683594,181.50999450683594,181.50999450683594,181.50999450683594,0
1995-09-07,181.1199951171875,181.1199951171875,181.1199951171875,181.1199951171875,0
1995-09-08,181.75,181.75,181.75,181.75,0
1995-09-11,181.85000610351562,181.85000610351562,181.85000610351562,181.85000610351562,0
1995-09-12,183.1199951171875,183.1199951171875,183.1199951171875,183.1199951171875,0
1995-09-13,182.99000549316406,182.99000549316406,182.99000549316406,182.99000549316406,0
1995-09-14,183.3800048828125,183.3800048828125,183.3800048828125,183.3800048828125,0
1995-09-15,183.85000610351562,183.85000610351562,183.85000610351562,183.85000610351562,0
1995-09-18,184.47000122070312,184.47000122070312,184.47000122070312,184.47000122070312,0
1995-09-19,183.88999938964844,183.88999938964844,183.88999938964844,183.88999938964844,0
1995-09-20,182.50999450683594,182.50999450683594,182.50999450683594,182.50999450683594,0
1995-09-21,181.92999267578125,181.92999267578125,181.92999267578125,181.92999267578125,0
1995-09-22,180.13999938964844,180.13999938964844,180.13999938964844,180.13999938964844,0
1995-09-25,180.64999389648438,180.64999389648438,180.64999389648438,180.64999389648438,0
1995-09-26,180.3300018310547,180.3300018310547,180.3300018310547,180.3300018310547,0
1995-09-27,180.44000244140625,180.44000244140625,180.44000244140625,180.44000244140625,0
1995-09-28,181.55999755859375,181.55999755859375,181.55999755859375,181.55999755859375,0
1995-09-29,181.0800018310547,181.0800018310547,181.0800018310547,181.0800018310547,0
1995-10-02,182.83999633789062,182.83999633789062,182.83999633789062,182.83999633789062,0
1995-10-03,181.22000122070312,181.22000122070312,181.22000122070312,181.22000122070312,0
1995-10-04,180.58999633789062,180.58999633789062,180.58999633789062,180.58999633789062,0
1995-10-05,178.2100067138672,178.2100067138672,178.2100067138672,178.2100067138672,0
1995-10-06,178.44000244140625,178.44000244140625,178.44000244140625,178.44000244140625,0
1995-10-09,180.41000366210938,180.41000366210938,180.41000366210938,180.41000366210938,0
1995-10-10,180.39999389648438,180.39999389648438,180.39999389648438,180.39999389648438,0
1995-10-11,180.17999267578125,180.17999267578125,180.17999267578125,180.17999267578125,0
1995-10-12,179.61000061035156,179.61000061035156,179.61000061035156,179.61000061035156,0
1995-10-13,181.00999450683594,181.00999450683594,181.00999450683594,181.00999450683594,0
1995-10-16,180.85000610351562,180.85000610351562,180.85000610351562,180.85000610351562,0
1995-10-17,180.00999450683594,180.00999450683594,180.00999450683594,180.00999450683594,0
1995-10-18,179.89999389648438,179.89999389648438,179.89999389648438,179.89999389648438,0
1995-10-19,179.72999572753906,179.72999572753906,179.72999572753906,179.72999572753906,0
1995-10-20,180.6300048828125,180.6300048828125,180.6300048828125,180.6300048828125,0
1995-10-23,180.64999389648438,180.64999389648438,180.64999389648438,180.64999389648438,0
1995-10-24,180.47999572753906,180.47999572753906,180.47999572753906,180.47999572753906,0
1995-10-25,180.8800048828125,180.8800048828125,180.8800048828125,180.8800048828125,0
1995-10-26,182.38999938964844,182.38999938964844,182.38999938964844,182.38999938964844,0
1995-10-27,182.08999633789062,182.08999633789062,182.08999633789062,182.08999633789062,0
1995-10-30,182.7100067138672,182.7100067138672,182.7100067138672,182.7100067138672,0
1995-10-31,183.1199951171875,183.1199951171875,183.1199951171875,183.1199951171875,0
1995-11-01,183.52999877929688,183.52999877929688,183.52999877929688,183.52999877929688,0
1995-11-02,184.6999969482422,184.6999969482422,184.6999969482422,184.6999969482422,0
1995-11-03,183.9600067138672,183.9600067138672,183.9600067138672,183.9600067138672,0
1995-11-06,183.55999755859375,183.55999755859375,183.55999755859375,183.55999755859375,0
1995-11-07,183.66000366210938,183.66000366210938,183.66000366210938,183.66000366210938,0
1995-11-08,184.41000366210938,184.41000366210938,184.41000366210938,184.41000366210938,0
1995-11-09,184.11000061035156,184.11000061035156,184.11000061035156,184.11000061035156,0
1995-11-10,185.2899932861328,185.2899932861328,185.2899932861328,185.2899932861328,0
1995-11-13,184.99000549316406,184.99000549316406,184.99000549316406,184.99000549316406,0
1995-11-14,184.4199981689453,184.4199981689453,184.4199981689453,184.4199981689453,0
1995-11-15,184.55999755859375,184.55999755859375,184.55999755859375,184.55999755859375,0
1995-11-16,186.0800018310547,186.0800018310547,186.0800018310547,186.0800018310547,0
1995-11-17,187.9600067138672,187.9600067138672,187.9600067138672,187.9600067138672,0
1995-11-20,187.94000244140625,187.94000244140625,187.94000244140625,187.94000244140625,0
1995-11-21,187.27999877929688,187.27999877929688,187.27999877929688,187.27999877929688,0
1995-11-22,188.39999389648438,188.39999389648438,188.39999389648438,188.39999389648438,0
1995-11-24,188.6999969482422,188.6999969482422,188.6999969482422,188.6999969482422,0
1995-11-27,189.61000061035156,189.61000061035156,189.61000061035156,189.61000061035156,0
1995-11-28,188.25,188.25,188.25,188.25,0
1995-11-29,188.4499969482422,188.4499969482422,188.4499969482422,188.4499969482422,0
1995-11-30,187.92999267578125,187.92999267578125,187.92999267578125,187.92999267578125,0
1995-12-01,189.6999969482422,189.6999969482422,189.6999969482422,189.6999969482422,0
1995-12-04,191.2100067138672,191.2100067138672,191.2100067138672,191.2100067138672,0
1995-12-05,193.2100067138672,193.2100067138672,193.2100067138672,193.2100067138672,0
1995-12-06,193.39999389648438,193.39999389648438,193.39999389648438,193.39999389648438,0
1995-12-07,193.3800048828125,193.3800048828125,193.3800048828125,193.3800048828125,0
1995-12-08,194.4499969482422,194.4499969482422,194.4499969482422,194.4499969482422,0
1995-12-11,193.47999572753906,193.47999572753906,193.47999572753906,193.47999572753906,0
1995-12-12,193.22000122070312,193.22000122070312,193.22000122070312,193.22000122070312,0
1995-12-13,194.77000427246094,194.77000427246094,194.77000427246094,194.77000427246094,0
1995-12-14,195.27000427246094,195.27000427246094,195.27000427246094,195.27000427246094,0
1995-12-15,195.7100067138672,195.7100067138672,195.7100067138672,195.7100067138672,0
1995-12-18,197.91000366210938,197.91000366210938,197.91000366210938,197.91000366210938,0
1995-12-19,198.8699951171875,198.8699951171875,198.8699951171875,198.8699951171875,0
1995-12-20,200.35000610351562,200.35000610351562,200.35000610351562,200.35000610351562,0
1995-12-21,202.3000030517578,202.3000030517578,202.3000030517578,202.3000030517578,0
1995-12-22,198.80999755859375,198.80999755859375,198.80999755859375,198.80999755859375,0
1995-12-26,200.8800048828125,200.8800048828125,200.8800048828125,200.8800048828125,0
1995-12-27,206.7899932861328,206.7899932861328,206.7899932861328,206.7899932861328,0
1995-12-28,201.88999938964844,201.88999938964844,201.88999938964844,201.88999938964844,0
1995-12-29,203.5,203.5,203.5,203.5,0
1996-01-02,207.4199981689453,207.4199981689453,207.4199981689453,207.4199981689453,0
1996-01-03,208.83999633789062,208.83999633789062,208.83999633789062,208.83999633789062,0
1996-01-04,208.17999267578125,208.17999267578125,208.17999267578125,208.17999267578125,0
1996-01-05,208.88999938964844,208.88999938964844,208.88999938964844,208.88999938964844,0
1996-01-08,208.07000732421875,208.07000732421875,208.07000732421875,208.07000732421875,0
1996-01-09,204.36000061035156,204.36000061035156,204.36000061035156,204.36000061035156,0
1996-01-10,200.6699981689453,200.6699981689453,200.6699981689453,200.6699981689453,0
1996-01-11,194.02999877929688,194.02999877929688,194.02999877929688,194.02999877929688,0
1996-01-12,190.1300048828125,190.1300048828125,190.1300048828125,190.1300048828125,0
1996-01-15,187.11000061035156,187.11000061035156,187.11000061035156,187.11000061035156,0
1996-01-16,183.8800048828125,183.8800048828125,183.8800048828125,183.8800048828125,0
1996-01-17,186.8300018310547,186.8300018310547,186.8300018310547,186.8300018310547,0
1996-01-18,187.64999389648438,187.64999389648438,187.64999389648438,187.64999389648438,0
1996-01-19,186.7899932861328,186.7899932861328,186.7899932861328,186.7899932861328,0
1996-01-22,185.77999877929688,185.77999877929688,185.77999877929688,185.77999877929688,0
1996-01-23,187.4499969482422,187.4499969482422,187.4499969482422,187.4499969482422,0
1996-01-24,188.1300048828125,188.1300048828125,188.1300048828125,188.1300048828125,0
1996-01-25,184.97000122070312,184.97000122070312,184.97000122070312,184.97000122070312,0
1996-01-26,187.4499969482422,187.4499969482422,187.4499969482422,187.4499969482422,0
1996-01-29,190.66000366210938,190.66000366210938,190.66000366210938,190.66000366210938,0
1996-01-30,193.8300018310547,193.8300018310547,193.8300018310547,193.8300018310547,0
1996-01-31,196.80999755859375,196.80999755859375,196.80999755859375,196.80999755859375,0
1996-02-01,194.92999267578125,194.92999267578125,194.92999267578125,194.92999267578125,0
1996-02-02,195.44000244140625,195.44000244140625,195.44000244140625,195.44000244140625,0
1996-02-05,189.5,189.5,189.5,189.5,0
1996-02-06,193.52999877929688,193.52999877929688,193.52999877929688,193.52999877929688,0
1996-02-07,192.94000244140625,192.94000244140625,192.94000244140625,192.94000244140625,0
1996-02-08,192.1699981689453,192.1699981689453,192.1699981689453,192.1699981689453,0
1996-02-09,192.39999389648438,192.39999389648438,192.39999389648438,192.39999389648438,0
1996-02-12,191.25999450683594,191.25999450683594,191.25999450683594,191.25999450683594,0
1996-02-13,195.3300018310547,195.3300018310547,195.3300018310547,195.3300018310547,0
1996-02-14,194.66000366210938,194.66000366210938,194.66000366210938,194.66000366210938,0
1996-02-15,194.0399932861328,194.0399932861328,194.0399932861328,194.0399932861328,0
1996-02-16,192.99000549316406,192.99000549316406,192.99000549316406,192.99000549316406,0
1996-02-20,194.52999877929688,194.52999877929688,194.52999877929688,194.52999877929688,0
1996-02-21,197.0500030517578,197.0500030517578,197.0500030517578,197.0500030517578,0
1996-02-22,198.22999572753906,198.22999572753906,198.22999572753906,198.22999572753906,0
1996-02-23,195.66000366210938,195.66000366210938,195.66000366210938,195.66000366210938,0
1996-02-26,198.72000122070312,198.72000122070312,198.72000122070312,198.72000122070312,0
1996-02-27,199.22000122070312,199.22000122070312,199.22000122070312,199.22000122070312,0
1996-02-28,197.6699981689453,197.6699981689453,197.6699981689453,197.6699981689453,0
1996-02-29,197.6999969482422,197.6999969482422,197.6999969482422,197.6999969482422,0
1996-03-01,195.5,195.5,195.5,195.5,0
1996-03-04,195.14999389648438,195.14999389648438,195.14999389648438,195.14999389648438,0
1996-03-05,194.99000549316406,194.99000549316406,194.99000549316406,194.99000549316406,0
1996-03-06,196.58999633789062,196.58999633789062,196.58999633789062,196.58999633789062,0
1996-03-07,194.74000549316406,194.74000549316406,194.74000549316406,194.74000549316406,0
1996-03-08,193.67999267578125,193.67999267578125,193.67999267578125,193.67999267578125,0
1996-03-11,195.30999755859375,195.30999755859375,195.30999755859375,195.30999755859375,0
1996-03-12,195.7899932861328,195.7899932861328,195.7899932861328,195.7899932861328,0
1996-03-13,196.72000122070312,196.72000122070312,196.72000122070312,196.72000122070312,0
1996-03-14,197.1199951171875,197.1199951171875,197.1199951171875,197.1199951171875,0
1996-03-15,198.5,198.5,198.5,198.5,0
1996-03-18,202.75999450683594,202.75999450683594,202.75999450683594,202.75999450683594,0
1996-03-19,202.8800048828125,202.8800048828125,202.8800048828125,202.8800048828125,0
1996-03-20,203.88999938964844,203.88999938964844,203.88999938964844,203.88999938964844,0
1996-03-21,205.32000732421875,205.32000732421875,205.32000732421875,205.32000732421875,0
1996-03-22,207.9499969482422,207.9499969482422,207.9499969482422,207.9499969482422,0
1996-03-25,209.1300048828125,209.1300048828125,209.1300048828125,209.1300048828125,0
1996-03-26,208.07000732421875,208.07000732421875,208.07000732421875,208.07000732421875,0
1996-03-27,208.2100067138672,208.2100067138672,208.2100067138672,208.2100067138672,0
1996-03-28,206.1300048828125,206.1300048828125,206.1300048828125,206.1300048828125,0
1996-03-29,206.66000366210938,206.66000366210938,206.66000366210938,206.66000366210938,0
1996-04-01,209.25,209.25,209.25,209.25,0
1996-04-02,211.2100067138672,211.2100067138672,211.2100067138672,211.2100067138672,0
1996-04-03,210.8300018310547,210.8300018310547,210.8300018310547,210.8300018310547,0
1996-04-04,213.38999938964844,213.38999938964844,213.38999938964844,213.38999938964844,0
1996-04-08,214.0500030517578,214.0500030517578,214.0500030517578,214.0500030517578,0
1996-04-09,212.75999450683594,212.75999450683594,212.75999450683594,212.75999450683594,0
1996-04-10,215.5500030517578,215.5500030517578,215.5500030517578,215.5500030517578,0
1996-04-11,216.67999267578125,216.67999267578125,216.67999267578125,216.67999267578125,0
1996-04-12,213.1199951171875,213.1199951171875,213.1199951171875,213.1199951171875,0
1996-04-15,213.39999389648438,213.39999389648438,213.39999389648438,213.39999389648438,0
1996-04-16,208.5500030517578,208.5500030517578,208.5500030517578,208.5500030517578,0
1996-04-17,208.08999633789062,208.08999633789062,208.08999633789062,208.08999633789062,0
1996-04-18,207.74000549316406,207.74000549316406,207.74000549316406,207.74000549316406,0
1996-04-19,209.16000366210938,209.16000366210938,209.16000366210938,209.16000366210938,0
1996-04-22,212.35000610351562,212.35000610351562,212.35000610351562,212.35000610351562,0
1996-04-23,215.6199951171875,215.6199951171875,215.6199951171875,215.6199951171875,0
1996-04-24,214.77999877929688,214.77999877929688,214.77999877929688,214.77999877929688,0
1996-04-25,215.1699981689453,215.1699981689453,215.1699981689453,215.1699981689453,0
1996-04-26,214.6999969482422,214.6999969482422,214.6999969482422,214.6999969482422,0
1996-04-29,214.75,214.75,214.75,214.75,0
1996-04-30,209.3300018310547,209.3300018310547,209.3300018310547,209.3300018310547,0
1996-05-01,209.99000549316406,209.99000549316406,209.99000549316406,209.99000549316406,0
1996-05-02,208.7100067138672,208.7100067138672,208.7100067138672,208.7100067138672,0
1996-05-03,209.5,209.5,209.5,209.5,0
1996-05-06,209.0,209.0,209.0,209.0,0
1996-05-07,210.25999450683594,210.25999450683594,210.25999450683594,210.25999450683594,0
1996-05-08,210.58999633789062,210.58999633789062,210.58999633789062,210.58999633789062,0
1996-05-09,209.92999267578125,209.92999267578125,209.92999267578125,209.92999267578125,0
1996-05-10,209.32000732421875,209.32000732421875,209.32000732421875,209.32000732421875,0
1996-05-13,211.3699951171875,211.3699951171875,211.3699951171875,211.3699951171875,0
1996-05-14,210.74000549316406,210.74000549316406,210.74000549316406,210.74000549316406,0
1996-05-15,210.4199981689453,210.4199981689453,210.4199981689453,210.4199981689453,0
1996-05-16,208.0,208.0,208.0,208.0,0
1996-05-17,207.61000061035156,207.61000061035156,207.61000061035156,207.61000061035156,0
1996-05-20,212.02999877929688,212.02999877929688,212.02999877929688,212.02999877929688,0
1996-05-21,209.72999572753906,209.72999572753906,209.72999572753906,209.72999572753906,0
1996-05-22,211.08999633789062,211.08999633789062,211.08999633789062,211.08999633789062,0
1996-05-23,210.39999389648438,210.39999389648438,210.39999389648438,210.39999389648438,0
1996-05-24,210.85000610351562,210.85000610351562,210.85000610351562,210.85000610351562,0
1996-05-28,209.19000244140625,209.19000244140625,209.19000244140625,209.19000244140625,0
1996-05-29,207.10000610351562,207.10000610351562,207.10000610351562,207.10000610351562,0
1996-05-30,203.92999267578125,203.92999267578125,203.92999267578125,203.92999267578125,0
1996-05-31,203.8699951171875,203.8699951171875,203.8699951171875,203.8699951171875,0
1996-06-03,203.52000427246094,203.52000427246094,203.52000427246094,203.52000427246094,0
1996-06-04,203.30999755859375,203.30999755859375,203.30999755859375,203.30999755859375,0
1996-06-05,200.08999633789062,200.08999633789062,200.08999633789062,200.08999633789062,0
1996-06-06,201.22000122070312,201.22000122070312,201.22000122070312,201.22000122070312,0
1996-06-07,203.4499969482422,203.4499969482422,203.4499969482422,203.4499969482422,0
1996-06-10,204.47000122070312,204.47000122070312,204.47000122070312,204.47000122070312,0
1996-06-11,201.47000122070312,201.47000122070312,201.47000122070312,201.47000122070312,0
1996-06-12,199.75999450683594,199.75999450683594,199.75999450683594,199.75999450683594,0
1996-06-13,199.4199981689453,199.4199981689453,199.4199981689453,199.4199981689453,0
1996-06-14,199.44000244140625,199.44000244140625,199.44000244140625,199.44000244140625,0
1996-06-17,202.6199951171875,202.6199951171875,202.6199951171875,202.6199951171875,0
1996-06-18,202.4499969482422,202.4499969482422,202.4499969482422,202.4499969482422,0
1996-06-19,200.1199951171875,200.1199951171875,200.1199951171875,200.1199951171875,0
1996-06-20,200.82000732421875,200.82000732421875,200.82000732421875,200.82000732421875,0
1996-06-21,200.97000122070312,200.97000122070312,200.97000122070312,200.97000122070312,0
1996-06-24,200.6300048828125,200.6300048828125,200.6300048828125,200.6300048828125,0
1996-06-25,199.97000122070312,199.97000122070312,199.97000122070312,199.97000122070312,0
1996-06-26,202.08999633789062,202.08999633789062,202.08999633789062,202.08999633789062,0
1996-06-27,204.27000427246094,204.27000427246094,204.27000427246094,204.27000427246094,0
1996-06-28,206.52000427246094,206.52000427246094,206.52000427246094,206.52000427246094,0
1996-07-01,207.52000427246094,207.52000427246094,207.52000427246094,207.52000427246094,0
1996-07-02,206.36000061035156,206.36000061035156,206.36000061035156,206.36000061035156,0
1996-07-03,208.17999267578125,208.17999267578125,208.17999267578125,208.17999267578125,0
1996-07-05,207.8800048828125,207.8800048828125,207.8800048828125,207.8800048828125,0
1996-07-08,207.57000732421875,207.57000732421875,207.57000732421875,207.57000732421875,0
1996-07-09,207.4600067138672,207.4600067138672,207.4600067138672,207.4600067138672,0
1996-07-10,208.57000732421875,208.57000732421875,208.57000732421875,208.57000732421875,0
1996-07-11,209.6999969482422,209.6999969482422,209.6999969482422,209.6999969482422,0
1996-07-12,210.44000244140625,210.44000244140625,210.44000244140625,210.44000244140625,0
1996-07-15,211.00999450683594,211.00999450683594,211.00999450683594,211.00999450683594,0
1996-07-16,209.1999969482422,209.1999969482422,209.1999969482422,209.1999969482422,0
1996-07-17,205.66000366210938,205.66000366210938,205.66000366210938,205.66000366210938,0
1996-07-18,201.74000549316406,201.74000549316406,201.74000549316406,201.74000549316406,0
1996-07-19,198.5399932861328,198.5399932861328,198.5399932861328,198.5399932861328,0
1996-07-22,195.5800018310547,195.5800018310547,195.5800018310547,195.5800018310547,0
1996-07-23,198.7899932861328,198.7899932861328,198.7899932861328,198.7899932861328,0
1996-07-24,196.2899932861328,196.2899932861328,196.2899932861328,196.2899932861328,0
1996-07-25,196.3300018310547,196.3300018310547,196.3300018310547,196.3300018310547,0
1996-07-26,193.00999450683594,193.00999450683594,193.00999450683594,193.00999450683594,0
1996-07-29,192.52000427246094,192.52000427246094,192.52000427246094,192.52000427246094,0
1996-07-30,193.75,193.75,193.75,193.75,0
1996-07-31,194.64999389648438,194.64999389648438,194.64999389648438,194.64999389648438,0
1996-08-01,198.75,198.75,198.75,198.75,0
1996-08-02,200.47999572753906,200.47999572753906,200.47999572753906,200.47999572753906,0
1996-08-05,198.0399932861328,198.0399932861328,198.0399932861328,198.0399932861328,0
1996-08-06,196.88999938964844,196.88999938964844,196.88999938964844,196.88999938964844,0
1996-08-07,197.02999877929688,197.02999877929688,197.02999877929688,197.02999877929688,0
1996-08-08,197.91000366210938,197.91000366210938,197.91000366210938,197.91000366210938,0
1996-08-09,198.2899932861328,198.2899932861328,198.2899932861328,198.2899932861328,0
1996-08-12,201.00999450683594,201.00999450683594,201.00999450683594,201.00999450683594,0
1996-08-13,200.64999389648438,200.64999389648438,200.64999389648438,200.64999389648438,0
1996-08-14,199.80999755859375,199.80999755859375,199.80999755859375,199.80999755859375,0
1996-08-15,198.30999755859375,198.30999755859375,198.30999755859375,198.30999755859375,0
1996-08-16,201.3800048828125,201.3800048828125,201.3800048828125,201.3800048828125,0
1996-08-19,204.14999389648438,204.14999389648438,204.14999389648438,204.14999389648438,0
1996-08-20,200.75999450683594,200.75999450683594,200.75999450683594,200.75999450683594,0
1996-08-21,199.0,199.0,199.0,199.0,0
1996-08-22,199.91000366210938,199.91000366210938,199.91000366210938,199.91000366210938,0
1996-08-23,199.49000549316406,199.49000549316406,199.49000549316406,199.49000549316406,0
1996-08-26,197.60000610351562,197.60000610351562,197.60000610351562,197.60000610351562,0
1996-08-27,196.6999969482422,196.6999969482422,196.6999969482422,196.6999969482422,0
1996-08-28,196.52000427246094,196.52000427246094,196.52000427246094,196.52000427246094,0
1996-08-29,199.05999755859375,199.05999755859375,199.05999755859375,199.05999755859375,0
1996-08-30,198.52000427246094,198.52000427246094,198.52000427246094,198.52000427246094,0
1996-09-03,201.11000061035156,201.11000061035156,201.11000061035156,201.11000061035156,0
1996-09-04,199.07000732421875,199.07000732421875,199.07000732421875,199.07000732421875,0
1996-09-05,200.47000122070312,200.47000122070312,200.47000122070312,200.47000122070312,0
1996-09-06,202.72999572753906,202.72999572753906,202.72999572753906,202.72999572753906,0
1996-09-09,202.44000244140625,202.44000244140625,202.44000244140625,202.44000244140625,0
1996-09-10,202.99000549316406,202.99000549316406,202.99000549316406,202.99000549316406,0
1996-09-11,204.30999755859375,204.30999755859375,204.30999755859375,204.30999755859375,0
1996-09-12,205.10000610351562,205.10000610351562,205.10000610351562,205.10000610351562,0
1996-09-13,203.63999938964844,203.63999938964844,203.63999938964844,203.63999938964844,0
1996-09-16,200.32000732421875,200.32000732421875,200.32000732421875,200.32000732421875,0
1996-09-17,200.08999633789062,200.08999633789062,200.08999633789062,200.08999633789062,0
1996-09-18,203.22000122070312,203.22000122070312,203.22000122070312,203.22000122070312,0
1996-09-19,201.9600067138672,201.9600067138672,201.9600067138672,201.9600067138672,0
1996-09-20,201.25,201.25,201.25,201.25,0
1996-09-23,200.02000427246094,200.02000427246094,200.02000427246094,200.02000427246094,0
1996-09-24,203.07000732421875,203.07000732421875,203.07000732421875,203.07000732421875,0
1996-09-25,204.99000549316406,204.99000549316406,204.99000549316406,204.99000549316406,0
1996-09-26,204.33999633789062,204.33999633789062,204.33999633789062,204.33999633789062,0
1996-09-27,206.17999267578125,206.17999267578125,206.17999267578125,206.17999267578125,0
1996-09-30,205.22000122070312,205.22000122070312,205.22000122070312,205.22000122070312,0
1996-10-01,204.30999755859375,204.30999755859375,204.30999755859375,204.30999755859375,0
1996-10-02,204.14999389648438,204.14999389648438,204.14999389648438,204.14999389648438,0
1996-10-03,208.42999267578125,208.42999267578125,208.42999267578125,208.42999267578125,0
1996-10-04,208.75,208.75,208.75,208.75,0
1996-10-07,211.38999938964844,211.38999938964844,211.38999938964844,211.38999938964844,0
1996-10-08,213.47999572753906,213.47999572753906,213.47999572753906,213.47999572753906,0
1996-10-09,211.64999389648438,211.64999389648438,211.64999389648438,211.64999389648438,0
1996-10-10,207.3800048828125,207.3800048828125,207.3800048828125,207.3800048828125,0
1996-10-11,208.47999572753906,208.47999572753906,208.47999572753906,208.47999572753906,0
1996-10-14,210.55999755859375,210.55999755859375,210.55999755859375,210.55999755859375,0
1996-10-15,211.64999389648438,211.64999389648438,211.64999389648438,211.64999389648438,0
1996-10-16,209.4600067138672,209.4600067138672,209.4600067138672,209.4600067138672,0
1996-10-17,210.0800018310547,210.0800018310547,210.0800018310547,210.0800018310547,0
1996-10-18,210.86000061035156,210.86000061035156,210.86000061035156,210.86000061035156,0
1996-10-21,211.0800018310547,211.0800018310547,211.0800018310547,211.0800018310547,0
1996-10-22,213.22999572753906,213.22999572753906,213.22999572753906,213.22999572753906,0
1996-10-23,210.6999969482422,210.6999969482422,210.6999969482422,210.6999969482422,0
1996-10-24,207.57000732421875,207.57000732421875,207.57000732421875,207.57000732421875,0
1996-10-25,211.17999267578125,211.17999267578125,211.17999267578125,211.17999267578125,0
1996-10-28,211.44000244140625,211.44000244140625,211.44000244140625,211.44000244140625,0
1996-10-29,210.1699981689453,210.1699981689453,210.1699981689453,210.1699981689453,0
1996-10-30,210.82000732421875,210.82000732421875,210.82000732421875,210.82000732421875,0
1996-10-31,204.9199981689453,204.9199981689453,204.9199981689453,204.9199981689453,0
1996-11-01,203.75,203.75,203.75,203.75,0
1996-11-04,202.25,202.25,202.25,202.25,0
1996-11-05,202.4600067138672,202.4600067138672,202.4600067138672,202.4600067138672,0
1996-11-06,203.05999755859375,203.05999755859375,203.05999755859375,203.05999755859375,0
1996-11-07,203.13999938964844,203.13999938964844,203.13999938964844,203.13999938964844,0
1996-11-08,206.07000732421875,206.07000732421875,206.07000732421875,206.07000732421875,0
1996-11-11,206.1999969482422,206.1999969482422,206.1999969482422,206.1999969482422,0
1996-11-12,205.19000244140625,205.19000244140625,205.19000244140625,205.19000244140625,0
1996-11-13,208.22000122070312,208.22000122070312,208.22000122070312,208.22000122070312,0
1996-11-14,210.99000549316406,210.99000549316406,210.99000549316406,210.99000549316406,0
1996-11-15,211.33999633789062,211.33999633789062,211.33999633789062,211.33999633789062,0
1996-11-18,210.02999877929688,210.02999877929688,210.02999877929688,210.02999877929688,0
1996-11-19,215.77999877929688,215.77999877929688,215.77999877929688,215.77999877929688,0
1996-11-20,215.1699981689453,215.1699981689453,215.1699981689453,215.1699981689453,0
1996-11-21,217.0800018310547,217.0800018310547,217.0800018310547,217.0800018310547,0
1996-11-22,218.52000427246094,218.52000427246094,218.52000427246094,218.52000427246094,0
1996-11-25,218.25999450683594,218.25999450683594,218.25999450683594,218.25999450683594,0
1996-11-26,220.00999450683594,220.00999450683594,220.00999450683594,220.00999450683594,0
1996-11-27,219.52000427246094,219.52000427246094,219.52000427246094,219.52000427246094,0
1996-11-29,218.97999572753906,218.97999572753906,218.97999572753906,218.97999572753906,0
1996-12-02,218.8699951171875,218.8699951171875,218.8699951171875,218.8699951171875,0
1996-12-03,220.47000122070312,220.47000122070312,220.47000122070312,220.47000122070312,0
1996-12-04,221.22999572753906,221.22999572753906,221.22999572753906,221.22999572753906,0
1996-12-05,227.75999450683594,227.75999450683594,227.75999450683594,227.75999450683594,0
1996-12-06,222.50999450683594,222.50999450683594,222.50999450683594,222.50999450683594,0
1996-12-09,216.5399932861328,216.5399932861328,216.5399932861328,216.5399932861328,0
1996-12-10,214.5399932861328,214.5399932861328,214.5399932861328,214.5399932861328,0
1996-12-11,211.4600067138672,211.4600067138672,211.4600067138672,211.4600067138672,0
1996-12-12,212.1999969482422,212.1999969482422,212.1999969482422,212.1999969482422,0
1996-12-13,217.75999450683594,217.75999450683594,217.75999450683594,217.75999450683594,0
1996-12-16,227.66000366210938,227.66000366210938,227.66000366210938,227.66000366210938,0
1996-12-17,223.6999969482422,223.6999969482422,223.6999969482422,223.6999969482422,0
1996-12-18,224.85000610351562,224.85000610351562,224.85000610351562,224.85000610351562,0
1996-12-19,228.41000366210938,228.41000366210938,228.41000366210938,228.41000366210938,0
1996-12-20,228.2899932861328,228.2899932861328,228.2899932861328,228.2899932861328,0
1996-12-23,224.0500030517578,224.0500030517578,224.0500030517578,224.0500030517578,0
1996-12-24,225.36000061035156,225.36000061035156,225.36000061035156,225.36000061035156,0
1996-12-26,220.72000122070312,220.72000122070312,220.72000122070312,220.72000122070312,0
1996-12-27,216.11000061035156,216.11000061035156,216.11000061035156,216.11000061035156,0
1996-12-30,212.24000549316406,212.24000549316406,212.24000549316406,212.24000549316406,0
1996-12-31,215.25999450683594,215.25999450683594,215.25999450683594,215.25999450683594,0
1997-01-02,217.07000732421875,217.07000732421875,217.07000732421875,217.07000732421875,0
1997-01-03,218.9499969482422,218.9499969482422,218.9499969482422,218.9499969482422,0
1997-01-06,228.86000061035156,228.86000061035156,228.86000061035156,228.86000061035156,0
1997-01-07,224.36000061035156,224.36000061035156,224.36000061035156,224.36000061035156,0
1997-01-08,226.52000427246094,226.52000427246094,226.52000427246094,226.52000427246094,0
1997-01-09,223.4600067138672,223.4600067138672,223.4600067138672,223.4600067138672,0
1997-01-10,219.0399932861328,219.0399932861328,219.0399932861328,219.0399932861328,0
1997-01-13,214.88999938964844,214.88999938964844,214.88999938964844,214.88999938964844,0
1997-01-14,214.9499969482422,214.9499969482422,214.9499969482422,214.9499969482422,0
1997-01-15,219.75,219.75,219.75,219.75,0
1997-01-16,214.75,214.75,214.75,214.75,0
1997-01-17,212.52000427246094,212.52000427246094,212.52000427246094,212.52000427246094,0
1997-01-20,210.9600067138672,210.9600067138672,210.9600067138672,210.9600067138672,0
1997-01-21,208.3699951171875,208.3699951171875,208.3699951171875,208.3699951171875,0
1997-01-22,209.05999755859375,209.05999755859375,209.05999755859375,209.05999755859375,0
1997-01-23,207.60000610351562,207.60000610351562,207.60000610351562,207.60000610351562,0
1997-01-24,207.4600067138672,207.4600067138672,207.4600067138672,207.4600067138672,0
1997-01-27,208.39999389648438,208.39999389648438,208.39999389648438,208.39999389648438,0
1997-01-28,206.99000549316406,206.99000549316406,206.99000549316406,206.99000549316406,0
1997-01-29,207.05999755859375,207.05999755859375,207.05999755859375,207.05999755859375,0
1997-01-30,209.02999877929688,209.02999877929688,209.02999877929688,209.02999877929688,0
1997-01-31,204.91000366210938,204.91000366210938,204.91000366210938,204.91000366210938,0
1997-02-03,203.82000732421875,203.82000732421875,203.82000732421875,203.82000732421875,0
1997-02-04,205.32000732421875,205.32000732421875,205.32000732421875,205.32000732421875,0
1997-02-05,204.14999389648438,204.14999389648438,204.14999389648438,204.14999389648438,0
1997-02-06,200.14999389648438,200.14999389648438,200.14999389648438,200.14999389648438,0
1997-02-07,194.7100067138672,194.7100067138672,194.7100067138672,194.7100067138672,0
1997-02-10,195.08999633789062,195.08999633789062,195.08999633789062,195.08999633789062,0
1997-02-11,195.89999389648438,195.89999389648438,195.89999389648438,195.89999389648438,0
1997-02-12,192.8300018310547,192.8300018310547,192.8300018310547,192.8300018310547,0
1997-02-13,192.38999938964844,192.38999938964844,192.38999938964844,192.38999938964844,0
1997-02-14,192.7899932861328,192.7899932861328,192.7899932861328,192.7899932861328,0
1997-02-18,193.41000366210938,193.41000366210938,193.41000366210938,193.41000366210938,0
1997-02-19,195.1699981689453,195.1699981689453,195.1699981689453,195.1699981689453,0
1997-02-20,192.55999755859375,192.55999755859375,192.55999755859375,192.55999755859375,0
1997-02-21,192.4499969482422,192.4499969482422,192.4499969482422,192.4499969482422,0
1997-02-24,188.69000244140625,188.69000244140625,188.69000244140625,188.69000244140625,0
1997-02-25,191.0800018310547,191.0800018310547,191.0800018310547,191.0800018310547,0
1997-02-26,191.75999450683594,191.75999450683594,191.75999450683594,191.75999450683594,0
1997-02-27,190.75999450683594,190.75999450683594,190.75999450683594,190.75999450683594,0
1997-02-28,188.82000732421875,188.82000732421875,188.82000732421875,188.82000732421875,0
1997-03-03,188.8300018310547,188.8300018310547,188.8300018310547,188.8300018310547,0
1997-03-04,191.67999267578125,191.67999267578125,191.67999267578125,191.67999267578125,0
1997-03-05,189.27999877929688,189.27999877929688,189.27999877929688,189.27999877929688,0
1997-03-06,191.86000061035156,191.86000061035156,191.86000061035156,191.86000061035156,0
1997-03-07,194.07000732421875,194.07000732421875,194.07000732421875,194.07000732421875,0
1997-03-10,192.7100067138672,192.7100067138672,192.7100067138672,192.7100067138672,0
1997-03-11,192.00999450683594,192.00999450683594,192.00999450683594,192.00999450683594,0
1997-03-12,192.97999572753906,192.97999572753906,192.97999572753906,192.97999572753906,0
1997-03-13,192.86000061035156,192.86000061035156,192.86000061035156,192.86000061035156,0
1997-03-14,195.38999938964844,195.38999938964844,195.38999938964844,195.38999938964844,0
1997-03-17,192.5,192.5,192.5,192.5,0
1997-03-18,194.9499969482422,194.9499969482422,194.9499969482422,194.9499969482422,0
1997-03-19,195.80999755859375,195.80999755859375,195.80999755859375,195.80999755859375,0
1997-03-20,196.32000732421875,196.32000732421875,196.32000732421875,196.32000732421875,0
1997-03-21,194.19000244140625,194.19000244140625,194.19000244140625,194.19000244140625,0
1997-03-24,192.27999877929688,192.27999877929688,192.27999877929688,192.27999877929688,0
1997-03-25,193.22000122070312,193.22000122070312,193.22000122070312,193.22000122070312,0
1997-03-26,191.9600067138672,191.9600067138672,191.9600067138672,191.9600067138672,0
1997-03-27,193.44000244140625,193.44000244140625,193.44000244140625,193.44000244140625,0
1997-03-31,192.42999267578125,192.42999267578125,192.42999267578125,192.42999267578125,0
1997-04-01,191.36000061035156,191.36000061035156,191.36000061035156,191.36000061035156,0
1997-04-02,187.92999267578125,187.92999267578125,187.92999267578125,187.92999267578125,0
1997-04-03,187.5,187.5,187.5,187.5,0
1997-04-04,186.5500030517578,186.5500030517578,186.5500030517578,186.5500030517578,0
1997-04-07,187.10000610351562,187.10000610351562,187.10000610351562,187.10000610351562,0
1997-04-08,187.07000732421875,187.07000732421875,187.07000732421875,187.07000732421875,0
1997-04-09,187.6199951171875,187.6199951171875,187.6199951171875,187.6199951171875,0
1997-04-10,189.60000610351562,189.60000610351562,189.60000610351562,189.60000610351562,0
1997-04-11,189.6199951171875,189.6199951171875,189.6199951171875,189.6199951171875,0
1997-04-14,191.77999877929688,191.77999877929688,191.77999877929688,191.77999877929688,0
1997-04-15,190.85000610351562,190.85000610351562,190.85000610351562,190.85000610351562,0
1997-04-16,189.1999969482422,189.1999969482422,189.1999969482422,189.1999969482422,0
1997-04-17,191.49000549316406,191.49000549316406,191.49000549316406,191.49000549316406,0
1997-04-18,193.69000244140625,193.69000244140625,193.69000244140625,193.69000244140625,0
1997-04-21,194.97999572753906,194.97999572753906,194.97999572753906,194.97999572753906,0
1997-04-22,194.13999938964844,194.13999938964844,194.13999938964844,194.13999938964844,0
1997-04-23,193.19000244140625,193.19000244140625,193.19000244140625,193.19000244140625,0
1997-04-24,194.1300048828125,194.1300048828125,194.1300048828125,194.1300048828125,0
1997-04-25,194.33999633789062,194.33999633789062,194.33999633789062,194.33999633789062,0
1997-04-28,192.7100067138672,192.7100067138672,192.7100067138672,192.7100067138672,0
1997-04-29,195.6699981689453,195.6699981689453,195.6699981689453,195.6699981689453,0
1997-04-30,196.77000427246094,196.77000427246094,196.77000427246094,196.77000427246094,0
1997-05-01,196.7899932861328,196.7899932861328,196.7899932861328,196.7899932861328,0
1997-05-02,194.75999450683594,194.75999450683594,194.75999450683594,194.75999450683594,0
1997-05-05,194.0,194.0,194.0,194.0,0
1997-05-06,194.75999450683594,194.75999450683594,194.75999450683594,194.75999450683594,0
1997-05-07,195.5800018310547,195.5800018310547,195.5800018310547,195.5800018310547,0
1997-05-08,197.3000030517578,197.3000030517578,197.3000030517578,197.3000030517578,0
1997-05-09,197.80999755859375,197.80999755859375,197.80999755859375,197.80999755859375,0
1997-05-12,200.02000427246094,200.02000427246094,200.02000427246094,200.02000427246094,0
1997-05-13,199.82000732421875,199.82000732421875,199.82000732421875,199.82000732421875,0
1997-05-14,199.8699951171875,199.8699951171875,199.8699951171875,199.8699951171875,0
1997-05-15,199.27999877929688,199.27999877929688,199.27999877929688,199.27999877929688,0
1997-05-16,202.94000244140625,202.94000244140625,202.94000244140625,202.94000244140625,0
1997-05-19,201.86000061035156,201.86000061035156,201.86000061035156,201.86000061035156,0
1997-05-20,199.72999572753906,199.72999572753906,199.72999572753906,199.72999572753906,0
1997-05-21,201.25999450683594,201.25999450683594,201.25999450683594,201.25999450683594,0
1997-05-22,200.9199981689453,200.9199981689453,200.9199981689453,200.9199981689453,0
1997-05-23,200.75,200.75,200.75,200.75,0
1997-05-27,198.41000366210938,198.41000366210938,198.41000366210938,198.41000366210938,0
1997-05-28,198.82000732421875,198.82000732421875,198.82000732421875,198.82000732421875,0
1997-05-29,198.85000610351562,198.85000610351562,198.85000610351562,198.85000610351562,0
1997-05-30,197.3699951171875,197.3699951171875,197.3699951171875,197.3699951171875,0
1997-06-02,195.50999450683594,195.50999450683594,195.50999450683594,195.50999450683594,0
1997-06-03,193.4199981689453,193.4199981689453,193.4199981689453,193.4199981689453,0
1997-06-04,192.1999969482422,192.1999969482422,192.1999969482422,192.1999969482422,0
1997-06-05,190.75999450683594,190.75999450683594,190.75999450683594,190.75999450683594,0
1997-06-06,187.77000427246094,187.77000427246094,187.77000427246094,187.77000427246094,0
1997-06-09,186.8000030517578,186.8000030517578,186.8000030517578,186.8000030517578,0
1997-06-10,185.80999755859375,185.80999755859375,185.80999755859375,185.80999755859375,0
1997-06-11,184.99000549316406,184.99000549316406,184.99000549316406,184.99000549316406,0
1997-06-12,184.58999633789062,184.58999633789062,184.58999633789062,184.58999633789062,0
1997-06-13,185.4199981689453,185.4199981689453,185.4199981689453,185.4199981689453,0
1997-06-16,185.10000610351562,185.10000610351562,185.10000610351562,185.10000610351562,0
1997-06-17,186.38999938964844,186.38999938964844,186.38999938964844,186.38999938964844,0
1997-06-18,184.0800018310547,184.0800018310547,184.0800018310547,184.0800018310547,0
1997-06-19,184.3300018310547,184.3300018310547,184.3300018310547,184.3300018310547,0
1997-06-20,183.6300048828125,183.6300048828125,183.6300048828125,183.6300048828125,0
1997-06-23,184.19000244140625,184.19000244140625,184.19000244140625,184.19000244140625,0
1997-06-24,184.25,184.25,184.25,184.25,0
1997-06-25,185.3000030517578,185.3000030517578,185.3000030517578,185.3000030517578,0
1997-06-26,182.52999877929688,182.52999877929688,182.52999877929688,182.52999877929688,0
1997-06-27,184.1699981689453,184.1699981689453,184.1699981689453,184.1699981689453,0
1997-06-30,185.1699981689453,185.1699981689453,185.1699981689453,185.1699981689453,0
1997-07-01,185.5800018310547,185.5800018310547,185.5800018310547,185.5800018310547,0
1997-07-02,185.32000732421875,185.32000732421875,185.32000732421875,185.32000732421875,0
1997-07-03,182.8300018310547,182.8300018310547,182.8300018310547,182.8300018310547,0
1997-07-07,181.14999389648438,181.14999389648438,181.14999389648438,181.14999389648438,0
1997-07-08,182.77999877929688,182.77999877929688,182.77999877929688,182.77999877929688,0
1997-07-09,182.72000122070312,182.72000122070312,182.72000122070312,182.72000122070312,0
1997-07-10,181.9600067138672,181.9600067138672,181.9600067138672,181.9600067138672,0
1997-07-11,182.63999938964844,182.63999938964844,182.63999938964844,182.63999938964844,0
1997-07-14,182.99000549316406,182.99000549316406,182.99000549316406,182.99000549316406,0
1997-07-15,184.99000549316406,184.99000549316406,184.99000549316406,184.99000549316406,0
1997-07-16,184.58999633789062,184.58999633789062,184.58999633789062,184.58999633789062,0
1997-07-17,185.57000732421875,185.57000732421875,185.57000732421875,185.57000732421875,0
1997-07-18,184.27999877929688,184.27999877929688,184.27999877929688,184.27999877929688,0
1997-07-21,182.75999450683594,182.75999450683594,182.75999450683594,182.75999450683594,0
1997-07-22,183.9600067138672,183.9600067138672,183.9600067138672,183.9600067138672,0
1997-07-23,185.6999969482422,185.6999969482422,185.6999969482422,185.6999969482422,0
1997-07-24,186.94000244140625,186.94000244140625,186.94000244140625,186.94000244140625,0
1997-07-25,188.1999969482422,188.1999969482422,188.1999969482422,188.1999969482422,0
1997-07-28,189.4499969482422,189.4499969482422,189.4499969482422,189.4499969482422,0
1997-07-29,189.3699951171875,189.3699951171875,189.3699951171875,189.3699951171875,0
1997-07-30,191.6199951171875,191.6199951171875,191.6199951171875,191.6199951171875,0
1997-07-31,192.2899932861328,192.2899932861328,192.2899932861328,192.2899932861328,0
1997-08-01,194.52000427246094,194.52000427246094,194.52000427246094,194.52000427246094,0
1997-08-04,198.0,198.0,198.0,198.0,0
1997-08-05,197.36000061035156,197.36000061035156,197.36000061035156,197.36000061035156,0
1997-08-06,196.33999633789062,196.33999633789062,196.33999633789062,196.33999633789062,0
1997-08-07,195.3699951171875,195.3699951171875,195.3699951171875,195.3699951171875,0
1997-08-08,194.1999969482422,194.1999969482422,194.1999969482422,194.1999969482422,0
1997-08-11,194.42999267578125,194.42999267578125,194.42999267578125,194.42999267578125,0
1997-08-12,194.13999938964844,194.13999938964844,194.13999938964844,194.13999938964844,0
1997-08-13,195.39999389648438,195.39999389648438,195.39999389648438,195.39999389648438,0
1997-08-14,194.52000427246094,194.52000427246094,194.52000427246094,194.52000427246094,0
1997-08-15,193.85000610351562,193.85000610351562,193.85000610351562,193.85000610351562,0
1997-08-18,192.5500030517578,192.5500030517578,192.5500030517578,192.5500030517578,0
1997-08-19,194.8800048828125,194.8800048828125,194.8800048828125,194.8800048828125,0
1997-08-20,193.86000061035156,193.86000061035156,193.86000061035156,193.86000061035156,0
1997-08-21,191.4600067138672,191.4600067138672,191.4600067138672,191.4600067138672,0
1997-08-22,192.99000549316406,192.99000549316406,192.99000549316406,192.99000549316406,0
1997-08-25,191.02999877929688,191.02999877929688,191.02999877929688,191.02999877929688,0
1997-08-26,190.9199981689453,190.9199981689453,190.9199981689453,190.9199981689453,0
1997-08-27,192.97000122070312,192.97000122070312,192.97000122070312,192.97000122070312,0
1997-08-28,194.89999389648438,194.89999389648438,194.89999389648438,194.89999389648438,0
1997-08-29,195.77000427246094,195.77000427246094,195.77000427246094,195.77000427246094,0
1997-09-02,197.50999450683594,197.50999450683594,197.50999450683594,197.50999450683594,0
1997-09-03,197.63999938964844,197.63999938964844,197.63999938964844,197.63999938964844,0
1997-09-04,194.24000549316406,194.24000549316406,194.24000549316406,194.24000549316406,0
1997-09-05,195.24000549316406,195.24000549316406,195.24000549316406,195.24000549316406,0
1997-09-08,194.25,194.25,194.25,194.25,0
1997-09-09,194.72000122070312,194.72000122070312,194.72000122070312,194.72000122070312,0
1997-09-10,194.60000610351562,194.60000610351562,194.60000610351562,194.60000610351562,0
1997-09-11,196.0800018310547,196.0800018310547,196.0800018310547,196.0800018310547,0
1997-09-12,195.9600067138672,195.9600067138672,195.9600067138672,195.9600067138672,0
1997-09-15,194.99000549316406,194.99000549316406,194.99000549316406,194.99000549316406,0
1997-09-16,195.19000244140625,195.19000244140625,195.19000244140625,195.19000244140625,0
1997-09-17,194.25999450683594,194.25999450683594,194.25999450683594,194.25999450683594,0
1997-09-18,196.1999969482422,196.1999969482422,196.1999969482422,196.1999969482422,0
1997-09-19,195.24000549316406,195.24000549316406,195.24000549316406,195.24000549316406,0
1997-09-22,197.8300018310547,197.8300018310547,197.8300018310547,197.8300018310547,0
1997-09-23,198.4499969482422,198.4499969482422,198.4499969482422,198.4499969482422,0
1997-09-24,198.3800048828125,198.3800048828125,198.3800048828125,198.3800048828125,0
1997-09-25,203.05999755859375,203.05999755859375,203.05999755859375,203.05999755859375,0
1997-09-26,203.8000030517578,203.8000030517578,203.8000030517578,203.8000030517578,0
1997-09-29,202.00999450683594,202.00999450683594,202.00999450683594,202.00999450683594,0
1997-09-30,201.72999572753906,201.72999572753906,201.72999572753906,201.72999572753906,0
1997-10-01,201.42999267578125,201.42999267578125,201.42999267578125,201.42999267578125,0
1997-10-02,203.91000366210938,203.91000366210938,203.91000366210938,203.91000366210938,0
1997-10-03,207.5399932861328,207.5399932861328,207.5399932861328,207.5399932861328,0
1997-10-06,202.82000732421875,202.82000732421875,202.82000732421875,202.82000732421875,0
1997-10-07,202.30999755859375,202.30999755859375,202.30999755859375,202.30999755859375,0
1997-10-08,203.99000549316406,203.99000549316406,203.99000549316406,203.99000549316406,0
1997-10-09,204.60000610351562,204.60000610351562,204.60000610351562,204.60000610351562,0
1997-10-10,207.3300018310547,207.3300018310547,207.3300018310547,207.3300018310547,0
1997-10-13,205.11000061035156,205.11000061035156,205.11000061035156,205.11000061035156,0
1997-10-14,202.14999389648438,202.14999389648438,202.14999389648438,202.14999389648438,0
1997-10-15,202.16000366210938,202.16000366210938,202.16000366210938,202.16000366210938,0
1997-10-16,205.69000244140625,205.69000244140625,205.69000244140625,205.69000244140625,0
1997-10-17,204.1199951171875,204.1199951171875,204.1199951171875,204.1199951171875,0
1997-10-20,206.55999755859375,206.55999755859375,206.55999755859375,206.55999755859375,0
1997-10-21,206.8800048828125,206.8800048828125,206.8800048828125,206.8800048828125,0
1997-10-22,211.02000427246094,211.02000427246094,211.02000427246094,211.02000427246094,0
1997-10-23,208.1699981689453,208.1699981689453,208.1699981689453,208.1699981689453,0
1997-10-24,208.88999938964844,208.88999938964844,208.88999938964844,208.88999938964844,0
1997-10-27,211.4600067138672,211.4600067138672,211.4600067138672,211.4600067138672,0
1997-10-28,204.69000244140625,204.69000244140625,204.69000244140625,204.69000244140625,0
1997-10-29,205.61000061035156,205.61000061035156,205.61000061035156,205.61000061035156,0
1997-10-30,207.63999938964844,207.63999938964844,207.63999938964844,207.63999938964844,0
1997-10-31,208.14999389648438,208.14999389648438,208.14999389648438,208.14999389648438,0
1997-11-03,205.6300048828125,205.6300048828125,205.6300048828125,205.6300048828125,0
1997-11-04,204.7899932861328,204.7899932861328,204.7899932861328,204.7899932861328,0
1997-11-05,204.08999633789062,204.08999633789062,204.08999633789062,204.08999633789062,0
1997-11-06,203.66000366210938,203.66000366210938,203.66000366210938,203.66000366210938,0
1997-11-07,203.52999877929688,203.52999877929688,203.52999877929688,203.52999877929688,0
1997-11-10,204.33999633789062,204.33999633789062,204.33999633789062,204.33999633789062,0
1997-11-11,206.0,206.0,206.0,206.0,0
1997-11-12,205.6699981689453,205.6699981689453,205.6699981689453,205.6699981689453,0
1997-11-13,204.47999572753906,204.47999572753906,204.47999572753906,204.47999572753906,0
1997-11-14,202.58999633789062,202.58999633789062,202.58999633789062,202.58999633789062,0
1997-11-17,199.6300048828125,199.6300048828125,199.6300048828125,199.6300048828125,0
1997-11-18,198.63999938964844,198.63999938964844,198.63999938964844,198.63999938964844,0
1997-11-19,196.72999572753906,196.72999572753906,196.72999572753906,196.72999572753906,0
1997-11-20,192.3000030517578,192.3000030517578,192.3000030517578,192.3000030517578,0
1997-11-21,193.74000549316406,193.74000549316406,193.74000549316406,193.74000549316406,0
1997-11-24,192.7100067138672,192.7100067138672,192.7100067138672,192.7100067138672,0
1997-11-25,191.6699981689453,191.6699981689453,191.6699981689453,191.6699981689453,0
1997-11-26,188.82000732421875,188.82000732421875,188.82000732421875,188.82000732421875,0
1997-11-28,188.69000244140625,188.69000244140625,188.69000244140625,188.69000244140625,0
1997-12-01,189.3800048828125,189.3800048828125,189.3800048828125,189.3800048828125,0
1997-12-02,188.94000244140625,188.94000244140625,188.94000244140625,188.94000244140625,0
1997-12-03,187.4499969482422,187.4499969482422,187.4499969482422,187.4499969482422,0
1997-12-04,185.00999450683594,185.00999450683594,185.00999450683594,185.00999450683594,0
1997-12-05,185.72999572753906,185.72999572753906,185.72999572753906,185.72999572753906,0
1997-12-08,185.89999389648438,185.89999389648438,185.89999389648438,185.89999389648438,0
1997-12-09,186.44000244140625,186.44000244140625,186.44000244140625,186.44000244140625,0
1997-12-10,183.0,183.0,183.0,183.0,0
1997-12-11,181.7100067138672,181.7100067138672,181.7100067138672,181.7100067138672,0
1997-12-12,181.11000061035156,181.11000061035156,181.11000061035156,181.11000061035156,0
1997-12-15,179.80999755859375,179.80999755859375,179.80999755859375,179.80999755859375,0
1997-12-16,180.75,180.75,180.75,180.75,0
1997-12-17,181.74000549316406,181.74000549316406,181.74000549316406,181.74000549316406,0
1997-12-18,182.1199951171875,182.1199951171875,182.1199951171875,182.1199951171875,0
1997-12-19,181.7899932861328,181.7899932861328,181.7899932861328,181.7899932861328,0
1997-12-22,179.02000427246094,179.02000427246094,179.02000427246094,179.02000427246094,0
1997-12-23,177.9199981689453,177.9199981689453,177.9199981689453,177.9199981689453,0
1997-12-24,178.7100067138672,178.7100067138672,178.7100067138672,178.7100067138672,0
1997-12-26,178.39999389648438,178.39999389648438,178.39999389648438,178.39999389648438,0
1997-12-29,176.4199981689453,176.4199981689453,176.4199981689453,176.4199981689453,0
1997-12-30,175.72999572753906,175.72999572753906,175.72999572753906,175.72999572753906,0
1997-12-31,175.6199951171875,175.6199951171875,175.6199951171875,175.6199951171875,0
1998-01-02,173.2899932861328,173.2899932861328,173.2899932861328,173.2899932861328,0
1998-01-05,171.58999633789062,171.58999633789062,171.58999633789062,171.58999633789062,0
1998-01-06,170.8699951171875,170.8699951171875,170.8699951171875,170.8699951171875,0
1998-01-07,170.17999267578125,170.17999267578125,170.17999267578125,170.17999267578125,0
1998-01-08,169.32000732421875,169.32000732421875,169.32000732421875,169.32000732421875,0
1998-01-09,168.4600067138672,168.4600067138672,168.4600067138672,168.4600067138672,0
1998-01-12,167.27000427246094,167.27000427246094,167.27000427246094,167.27000427246094,0
1998-01-13,169.02999877929688,169.02999877929688,169.02999877929688,169.02999877929688,0
1998-01-14,169.80999755859375,169.80999755859375,169.80999755859375,169.80999755859375,0
1998-01-15,169.63999938964844,169.63999938964844,169.63999938964844,169.63999938964844,0
1998-01-16,171.00999450683594,171.00999450683594,171.00999450683594,171.00999450683594,0
1998-01-20,170.5,170.5,170.5,170.5,0
1998-01-21,169.52000427246094,169.52000427246094,169.52000427246094,169.52000427246094,0
1998-01-22,169.05999755859375,169.05999755859375,169.05999755859375,169.05999755859375,0
1998-01-23,168.63999938964844,168.63999938964844,168.63999938964844,168.63999938964844,0
1998-01-26,172.60000610351562,172.60000610351562,172.60000610351562,172.60000610351562,0
1998-01-27,172.8300018310547,172.8300018310547,172.8300018310547,172.8300018310547,0
1998-01-28,174.13999938964844,174.13999938964844,174.13999938964844,174.13999938964844,0
1998-01-29,176.8699951171875,176.8699951171875,176.8699951171875,176.8699951171875,0
1998-01-30,174.25999450683594,174.25999450683594,174.25999450683594,174.25999450683594,0
1998-02-02,174.05999755859375,174.05999755859375,174.05999755859375,174.05999755859375,0
1998-02-03,171.16000366210938,171.16000366210938,171.16000366210938,171.16000366210938,0
1998-02-04,170.1699981689453,170.1699981689453,170.1699981689453,170.1699981689453,0
1998-02-05,171.10000610351562,171.10000610351562,171.10000610351562,171.10000610351562,0
1998-02-06,171.64999389648438,171.64999389648438,171.64999389648438,171.64999389648438,0
1998-02-09,171.36000061035156,171.36000061035156,171.36000061035156,171.36000061035156,0
1998-02-10,171.52999877929688,171.52999877929688,171.52999877929688,171.52999877929688,0
1998-02-11,170.60000610351562,170.60000610351562,170.60000610351562,170.60000610351562,0
1998-02-12,171.0500030517578,171.0500030517578,171.0500030517578,171.0500030517578,0
1998-02-13,170.83999633789062,170.83999633789062,170.83999633789062,170.83999633789062,0
1998-02-17,167.85000610351562,167.85000610351562,167.85000610351562,167.85000610351562,0
1998-02-18,170.30999755859375,170.30999755859375,170.30999755859375,170.30999755859375,0
1998-02-19,169.8000030517578,169.8000030517578,169.8000030517578,169.8000030517578,0
1998-02-20,168.47999572753906,168.47999572753906,168.47999572753906,168.47999572753906,0
1998-02-23,164.24000549316406,164.24000549316406,164.24000549316406,164.24000549316406,0
1998-02-24,163.47000122070312,163.47000122070312,163.47000122070312,163.47000122070312,0
1998-02-25,164.49000549316406,164.49000549316406,164.49000549316406,164.49000549316406,0
1998-02-26,164.19000244140625,164.19000244140625,164.19000244140625,164.19000244140625,0
1998-02-27,165.10000610351562,165.10000610351562,165.10000610351562,165.10000610351562,0
1998-03-02,164.9499969482422,164.9499969482422,164.9499969482422,164.9499969482422,0
1998-03-03,163.7100067138672,163.7100067138672,163.7100067138672,163.7100067138672,0
1998-03-04,163.4499969482422,163.4499969482422,163.4499969482422,163.4499969482422,0
1998-03-05,162.8699951171875,162.8699951171875,162.8699951171875,162.8699951171875,0
1998-03-06,161.75999450683594,161.75999450683594,161.75999450683594,161.75999450683594,0
1998-03-09,160.22000122070312,160.22000122070312,160.22000122070312,160.22000122070312,0
1998-03-10,160.8300018310547,160.8300018310547,160.8300018310547,160.8300018310547,0
1998-03-11,161.8699951171875,161.8699951171875,161.8699951171875,161.8699951171875,0
1998-03-12,162.55999755859375,162.55999755859375,162.55999755859375,162.55999755859375,0
1998-03-13,161.69000244140625,161.69000244140625,161.69000244140625,161.69000244140625,0
1998-03-16,158.5,158.5,158.5,158.5,0
1998-03-17,158.0800018310547,158.0800018310547,158.0800018310547,158.0800018310547,0
1998-03-18,162.9499969482422,162.9499969482422,162.9499969482422,162.9499969482422,0
1998-03-19,162.39999389648438,162.39999389648438,162.39999389648438,162.39999389648438,0
1998-03-20,162.6300048828125,162.6300048828125,162.6300048828125,162.6300048828125,0
1998-03-23,170.9600067138672,170.9600067138672,170.9600067138672,170.9600067138672,0
1998-03-24,167.99000549316406,167.99000549316406,167.99000549316406,167.99000549316406,0
1998-03-25,169.72999572753906,169.72999572753906,169.72999572753906,169.72999572753906,0
1998-03-26,170.66000366210938,170.66000366210938,170.66000366210938,170.66000366210938,0
1998-03-27,170.52999877929688,170.52999877929688,170.52999877929688,170.52999877929688,0
1998-03-30,169.0500030517578,169.0500030517578,169.0500030517578,169.0500030517578,0
1998-03-31,166.72000122070312,166.72000122070312,166.72000122070312,166.72000122070312,0
1998-04-01,165.42999267578125,165.42999267578125,165.42999267578125,165.42999267578125,0
1998-04-02,166.2899932861328,166.2899932861328,166.2899932861328,166.2899932861328,0
1998-04-03,166.86000061035156,166.86000061035156,166.86000061035156,166.86000061035156,0
1998-04-06,163.6699981689453,163.6699981689453,163.6699981689453,163.6699981689453,0
1998-04-07,164.07000732421875,164.07000732421875,164.07000732421875,164.07000732421875,0
1998-04-08,166.05999755859375,166.05999755859375,166.05999755859375,166.05999755859375,0
1998-04-09,166.7100067138672,166.7100067138672,166.7100067138672,166.7100067138672,0
1998-04-13,165.4199981689453,165.4199981689453,165.4199981689453,165.4199981689453,0
1998-04-14,165.8699951171875,165.8699951171875,165.8699951171875,165.8699951171875,0
1998-04-15,167.8699951171875,167.8699951171875,167.8699951171875,167.8699951171875,0
1998-04-16,169.32000732421875,169.32000732421875,169.32000732421875,169.32000732421875,0
1998-04-17,167.8800048828125,167.8800048828125,167.8800048828125,167.8800048828125,0
1998-04-20,167.61000061035156,167.61000061035156,167.61000061035156,167.61000061035156,0
1998-04-21,169.05999755859375,169.05999755859375,169.05999755859375,169.05999755859375,0
1998-04-22,165.8699951171875,165.8699951171875,165.8699951171875,165.8699951171875,0
1998-04-23,164.14999389648438,164.14999389648438,164.14999389648438,164.14999389648438,0
1998-04-24,163.99000549316406,163.99000549316406,163.99000549316406,163.99000549316406,0
1998-04-27,164.3300018310547,164.3300018310547,164.3300018310547,164.3300018310547,0
1998-04-28,166.2100067138672,166.2100067138672,166.2100067138672,166.2100067138672,0
1998-04-29,164.05999755859375,164.05999755859375,164.05999755859375,164.05999755859375,0
1998-04-30,163.89999389648438,163.89999389648438,163.89999389648438,163.89999389648438,0
1998-05-01,166.52000427246094,166.52000427246094,166.52000427246094,166.52000427246094,0
1998-05-04,166.38999938964844,166.38999938964844,166.38999938964844,166.38999938964844,0
1998-05-05,165.0399932861328,165.0399932861328,165.0399932861328,165.0399932861328,0
1998-05-06,164.2899932861328,164.2899932861328,164.2899932861328,164.2899932861328,0
1998-05-07,163.97000122070312,163.97000122070312,163.97000122070312,163.97000122070312,0
1998-05-08,163.83999633789062,163.83999633789062,163.83999633789062,163.83999633789062,0
1998-05-11,163.83999633789062,163.83999633789062,163.83999633789062,163.83999633789062,0
1998-05-12,164.80999755859375,164.80999755859375,164.80999755859375,164.80999755859375,0
1998-05-13,164.0399932861328,164.0399932861328,164.0399932861328,164.0399932861328,0
1998-05-14,164.41000366210938,164.41000366210938,164.41000366210938,164.41000366210938,0
1998-05-15,162.08999633789062,162.08999633789062,162.08999633789062,162.08999633789062,0
1998-05-18,160.5,160.5,160.5,160.5,0
1998-05-19,160.08999633789062,160.08999633789062,160.08999633789062,160.08999633789062,0
1998-05-20,157.38999938964844,157.38999938964844,157.38999938964844,157.38999938964844,0
1998-05-21,158.0,158.0,158.0,158.0,0
1998-05-22,158.72999572753906,158.72999572753906,158.72999572753906,158.72999572753906,0
1998-05-26,157.02999877929688,157.02999877929688,157.02999877929688,157.02999877929688,0
1998-05-27,156.8800048828125,156.8800048828125,156.8800048828125,156.8800048828125,0
1998-05-28,156.4499969482422,156.4499969482422,156.4499969482422,156.4499969482422,0
1998-05-29,158.27000427246094,158.27000427246094,158.27000427246094,158.27000427246094,0
1998-06-01,157.11000061035156,157.11000061035156,157.11000061035156,157.11000061035156,0
1998-06-02,156.97000122070312,156.97000122070312,156.97000122070312,156.97000122070312,0
1998-06-03,155.8800048828125,155.8800048828125,155.8800048828125,155.8800048828125,0
1998-06-04,156.52999877929688,156.52999877929688,156.52999877929688,156.52999877929688,0
1998-06-05,156.44000244140625,156.44000244140625,156.44000244140625,156.44000244140625,0
1998-06-08,154.63999938964844,154.63999938964844,154.63999938964844,154.63999938964844,0
1998-06-09,152.94000244140625,152.94000244140625,152.94000244140625,152.94000244140625,0
1998-06-10,152.64999389648438,152.64999389648438,152.64999389648438,152.64999389648438,0
1998-06-11,152.1999969482422,152.1999969482422,152.1999969482422,152.1999969482422,0
1998-06-12,152.61000061035156,152.61000061035156,152.61000061035156,152.61000061035156,0
1998-06-15,149.4600067138672,149.4600067138672,149.4600067138672,149.4600067138672,0
1998-06-16,150.0500030517578,150.0500030517578,150.0500030517578,150.0500030517578,0
1998-06-17,153.25999450683594,153.25999450683594,153.25999450683594,153.25999450683594,0
1998-06-18,151.4499969482422,151.4499969482422,151.4499969482422,151.4499969482422,0
1998-06-19,153.3800048828125,153.3800048828125,153.3800048828125,153.3800048828125,0
1998-06-22,155.02999877929688,155.02999877929688,155.02999877929688,155.02999877929688,0
1998-06-23,158.69000244140625,158.69000244140625,158.69000244140625,158.69000244140625,0
1998-06-24,158.8800048828125,158.8800048828125,158.8800048828125,158.8800048828125,0
1998-06-25,155.89999389648438,155.89999389648438,155.89999389648438,155.89999389648438,0
1998-06-26,155.5399932861328,155.5399932861328,155.5399932861328,155.5399932861328,0
1998-06-29,154.27000427246094,154.27000427246094,154.27000427246094,154.27000427246094,0
1998-06-30,155.1999969482422,155.1999969482422,155.1999969482422,155.1999969482422,0
1998-07-01,154.9600067138672,154.9600067138672,154.9600067138672,154.9600067138672,0
1998-07-02,154.85000610351562,154.85000610351562,154.85000610351562,154.85000610351562,0
1998-07-06,152.4499969482422,152.4499969482422,152.4499969482422,152.4499969482422,0
1998-07-07,151.8800048828125,151.8800048828125,151.8800048828125,151.8800048828125,0
1998-07-08,152.6199951171875,152.6199951171875,152.6199951171875,152.6199951171875,0
1998-07-09,152.22999572753906,152.22999572753906,152.22999572753906,152.22999572753906,0
1998-07-10,150.92999267578125,150.92999267578125,150.92999267578125,150.92999267578125,0
1998-07-13,150.7100067138672,150.7100067138672,150.7100067138672,150.7100067138672,0
1998-07-14,152.57000732421875,152.57000732421875,152.57000732421875,152.57000732421875,0
1998-07-15,152.36000061035156,152.36000061035156,152.36000061035156,152.36000061035156,0
1998-07-16,150.8699951171875,150.8699951171875,150.8699951171875,150.8699951171875,0
1998-07-17,150.5500030517578,150.5500030517578,150.5500030517578,150.5500030517578,0
1998-07-20,147.11000061035156,147.11000061035156,147.11000061035156,147.11000061035156,0
1998-07-21,147.07000732421875,147.07000732421875,147.07000732421875,147.07000732421875,0
1998-07-22,146.9499969482422,146.9499969482422,146.9499969482422,146.9499969482422,0
1998-07-23,145.42999267578125,145.42999267578125,145.42999267578125,145.42999267578125,0
1998-07-24,145.72000122070312,145.72000122070312,145.72000122070312,145.72000122070312,0
1998-07-27,145.9199981689453,145.9199981689453,145.9199981689453,145.9199981689453,0
1998-07-28,145.3800048828125,145.3800048828125,145.3800048828125,145.3800048828125,0
1998-07-29,144.2100067138672,144.2100067138672,144.2100067138672,144.2100067138672,0
1998-07-30,144.47999572753906,144.47999572753906,144.47999572753906,144.47999572753906,0
1998-07-31,143.60000610351562,143.60000610351562,143.60000610351562,143.60000610351562,0
1998-08-03,141.22000122070312,141.22000122070312,141.22000122070312,141.22000122070312,0
1998-08-04,142.07000732421875,142.07000732421875,142.07000732421875,142.07000732421875,0
1998-08-05,141.83999633789062,141.83999633789062,141.83999633789062,141.83999633789062,0
1998-08-06,142.72999572753906,142.72999572753906,142.72999572753906,142.72999572753906,0
1998-08-07,144.1199951171875,144.1199951171875,144.1199951171875,144.1199951171875,0
1998-08-10,141.52000427246094,141.52000427246094,141.52000427246094,141.52000427246094,0
1998-08-11,139.67999267578125,139.67999267578125,139.67999267578125,139.67999267578125,0
1998-08-12,140.1300048828125,140.1300048828125,140.1300048828125,140.1300048828125,0
1998-08-13,142.55999755859375,142.55999755859375,142.55999755859375,142.55999755859375,0
1998-08-14,142.8800048828125,142.8800048828125,142.8800048828125,142.8800048828125,0
1998-08-17,143.14999389648438,143.14999389648438,143.14999389648438,143.14999389648438,0
1998-08-18,141.80999755859375,141.80999755859375,141.80999755859375,141.80999755859375,0
1998-08-19,141.47999572753906,141.47999572753906,141.47999572753906,141.47999572753906,0
1998-08-20,143.22000122070312,143.22000122070312,143.22000122070312,143.22000122070312,0
1998-08-21,140.6199951171875,140.6199951171875,140.6199951171875,140.6199951171875,0
1998-08-24,141.44000244140625,141.44000244140625,141.44000244140625,141.44000244140625,0
1998-08-25,141.02000427246094,141.02000427246094,141.02000427246094,141.02000427246094,0
1998-08-26,139.61000061035156,139.61000061035156,139.61000061035156,139.61000061035156,0
1998-08-27,137.57000732421875,137.57000732421875,137.57000732421875,137.57000732421875,0
1998-08-28,137.9199981689453,137.9199981689453,137.9199981689453,137.9199981689453,0
1998-08-31,136.9600067138672,136.9600067138672,136.9600067138672,136.9600067138672,0
1998-09-01,139.35000610351562,139.35000610351562,139.35000610351562,139.35000610351562,0
1998-09-02,138.8000030517578,138.8000030517578,138.8000030517578,138.8000030517578,0
1998-09-03,143.14999389648438,143.14999389648438,143.14999389648438,143.14999389648438,0
1998-09-04,142.99000549316406,142.99000549316406,142.99000549316406,142.99000549316406,0
1998-09-08,143.61000061035156,143.61000061035156,143.61000061035156,143.61000061035156,0
1998-09-09,143.13999938964844,143.13999938964844,143.13999938964844,143.13999938964844,0
1998-09-10,147.10000610351562,147.10000610351562,147.10000610351562,147.10000610351562,0
1998-09-11,146.42999267578125,146.42999267578125,146.42999267578125,146.42999267578125,0
1998-09-14,147.82000732421875,147.82000732421875,147.82000732421875,147.82000732421875,0
1998-09-15,149.60000610351562,149.60000610351562,149.60000610351562,149.60000610351562,0
1998-09-16,149.24000549316406,149.24000549316406,149.24000549316406,149.24000549316406,0
1998-09-17,149.64999389648438,149.64999389648438,149.64999389648438,149.64999389648438,0
1998-09-18,152.47000122070312,152.47000122070312,152.47000122070312,152.47000122070312,0
1998-09-21,152.2100067138672,152.2100067138672,152.2100067138672,152.2100067138672,0
1998-09-22,153.1999969482422,153.1999969482422,153.1999969482422,153.1999969482422,0
1998-09-23,152.52999877929688,152.52999877929688,152.52999877929688,152.52999877929688,0
1998-09-24,153.66000366210938,153.66000366210938,153.66000366210938,153.66000366210938,0
1998-09-25,152.69000244140625,152.69000244140625,152.69000244140625,152.69000244140625,0
1998-09-28,152.24000549316406,152.24000549316406,152.24000549316406,152.24000549316406,0
1998-09-29,153.33999633789062,153.33999633789062,153.33999633789062,153.33999633789062,0
1998-09-30,153.77000427246094,153.77000427246094,153.77000427246094,153.77000427246094,0
1998-10-01,150.77000427246094,150.77000427246094,150.77000427246094,150.77000427246094,0
1998-10-02,152.25,152.25,152.25,152.25,0
1998-10-05,151.57000732421875,151.57000732421875,151.57000732421875,151.57000732421875,0
1998-10-06,152.24000549316406,152.24000549316406,152.24000549316406,152.24000549316406,0
1998-10-07,152.17999267578125,152.17999267578125,152.17999267578125,152.17999267578125,0
1998-10-08,149.3800048828125,149.3800048828125,149.3800048828125,149.3800048828125,0
1998-10-09,150.7100067138672,150.7100067138672,150.7100067138672,150.7100067138672,0
1998-10-12,149.77999877929688,149.77999877929688,149.77999877929688,149.77999877929688,0
1998-10-13,150.58999633789062,150.58999633789062,150.58999633789062,150.58999633789062,0
1998-10-14,149.38999938964844,149.38999938964844,149.38999938964844,149.38999938964844,0
1998-10-15,149.41000366210938,149.41000366210938,149.41000366210938,149.41000366210938,0
1998-10-16,150.16000366210938,150.16000366210938,150.16000366210938,150.16000366210938,0
1998-10-19,146.9199981689453,146.9199981689453,146.9199981689453,146.9199981689453,0
1998-10-20,146.9499969482422,146.9499969482422,146.9499969482422,146.9499969482422,0
1998-10-21,148.69000244140625,148.69000244140625,148.69000244140625,148.69000244140625,0
1998-10-22,148.25999450683594,148.25999450683594,148.25999450683594,148.25999450683594,0
1998-10-23,148.72000122070312,148.72000122070312,148.72000122070312,148.72000122070312,0
1998-10-26,149.99000549316406,149.99000549316406,149.99000549316406,149.99000549316406,0
1998-10-27,148.2100067138672,148.2100067138672,148.2100067138672,148.2100067138672,0
1998-10-28,148.5500030517578,148.5500030517578,148.5500030517578,148.5500030517578,0
1998-10-29,147.80999755859375,147.80999755859375,147.80999755859375,147.80999755859375,0
1998-10-30,148.49000549316406,148.49000549316406,148.49000549316406,148.49000549316406,0
1998-11-02,148.25,148.25,148.25,148.25,0
1998-11-03,148.22999572753906,148.22999572753906,148.22999572753906,148.22999572753906,0
1998-11-04,147.85000610351562,147.85000610351562,147.85000610351562,147.85000610351562,0
1998-11-05,147.89999389648438,147.89999389648438,147.89999389648438,147.89999389648438,0
1998-11-06,148.19000244140625,148.19000244140625,148.19000244140625,148.19000244140625,0
1998-11-09,146.5399932861328,146.5399932861328,146.5399932861328,146.5399932861328,0
1998-11-10,148.07000732421875,148.07000732421875,148.07000732421875,148.07000732421875,0
1998-11-11,148.75,148.75,148.75,148.75,0
1998-11-12,150.85000610351562,150.85000610351562,150.85000610351562,150.85000610351562,0
1998-11-13,149.14999389648438,149.14999389648438,149.14999389648438,149.14999389648438,0
1998-11-16,145.19000244140625,145.19000244140625,145.19000244140625,145.19000244140625,0
1998-11-17,143.50999450683594,143.50999450683594,143.50999450683594,143.50999450683594,0
1998-11-18,143.16000366210938,143.16000366210938,143.16000366210938,143.16000366210938,0
1998-11-19,142.83999633789062,142.83999633789062,142.83999633789062,142.83999633789062,0
1998-11-20,142.60000610351562,142.60000610351562,142.60000610351562,142.60000610351562,0
1998-11-23,139.2899932861328,139.2899932861328,139.2899932861328,139.2899932861328,0
1998-11-24,138.13999938964844,138.13999938964844,138.13999938964844,138.13999938964844,0
1998-11-25,137.49000549316406,137.49000549316406,137.49000549316406,137.49000549316406,0
1998-11-27,137.63999938964844,137.63999938964844,137.63999938964844,137.63999938964844,0
1998-11-30,133.47999572753906,133.47999572753906,133.47999572753906,133.47999572753906,0
1998-12-01,133.1300048828125,133.1300048828125,133.1300048828125,133.1300048828125,0
1998-12-02,133.02000427246094,133.02000427246094,133.02000427246094,133.02000427246094,0
1998-12-03,132.57000732421875,132.57000732421875,132.57000732421875,132.57000732421875,0
1998-12-04,132.3300018310547,132.3300018310547,132.3300018310547,132.3300018310547,0
1998-12-07,133.88999938964844,133.88999938964844,133.88999938964844,133.88999938964844,0
1998-12-08,132.4199981689453,132.4199981689453,132.4199981689453,132.4199981689453,0
1998-12-09,131.47000122070312,131.47000122070312,131.47000122070312,131.47000122070312,0
1998-12-10,130.22000122070312,130.22000122070312,130.22000122070312,130.22000122070312,0
1998-12-11,130.41000366210938,130.41000366210938,130.41000366210938,130.41000366210938,0
1998-12-14,132.99000549316406,132.99000549316406,132.99000549316406,132.99000549316406,0
1998-12-15,133.42999267578125,133.42999267578125,133.42999267578125,133.42999267578125,0
1998-12-16,136.9600067138672,136.9600067138672,136.9600067138672,136.9600067138672,0
1998-12-17,131.36000061035156,131.36000061035156,131.36000061035156,131.36000061035156,0
1998-12-18,131.0,131.0,131.0,131.0,0
1998-12-21,128.88999938964844,128.88999938964844,128.88999938964844,128.88999938964844,0
1998-12-22,129.05999755859375,129.05999755859375,129.05999755859375,129.05999755859375,0
1998-12-23,129.91000366210938,129.91000366210938,129.91000366210938,129.91000366210938,0
1998-12-24,129.94000244140625,129.94000244140625,129.94000244140625,129.94000244140625,0
1998-12-28,130.66000366210938,130.66000366210938,130.66000366210938,130.66000366210938,0
1998-12-29,131.97999572753906,131.97999572753906,131.97999572753906,131.97999572753906,0
1998-12-30,131.6699981689453,131.6699981689453,131.6699981689453,131.6699981689453,0
1998-12-31,133.02000427246094,133.02000427246094,133.02000427246094,133.02000427246094,0
1999-01-04,134.75999450683594,134.75999450683594,134.75999450683594,134.75999450683594,0
1999-01-05,133.5800018310547,133.5800018310547,133.5800018310547,133.5800018310547,0
1999-01-06,137.5399932861328,137.5399932861328,137.5399932861328,137.5399932861328,0
1999-01-07,137.80999755859375,137.80999755859375,137.80999755859375,137.80999755859375,0
1999-01-08,138.75,138.75,138.75,138.75,0
1999-01-11,140.44000244140625,140.44000244140625,140.44000244140625,140.44000244140625,0
1999-01-12,138.4199981689453,138.4199981689453,138.4199981689453,138.4199981689453,0
1999-01-13,135.6199951171875,135.6199951171875,135.6199951171875,135.6199951171875,0
1999-01-14,135.39999389648438,135.39999389648438,135.39999389648438,135.39999389648438,0
1999-01-15,135.0800018310547,135.0800018310547,135.0800018310547,135.0800018310547,0
1999-01-19,133.5800018310547,133.5800018310547,133.5800018310547,133.5800018310547,0
1999-01-20,132.44000244140625,132.44000244140625,132.44000244140625,132.44000244140625,0
1999-01-21,134.63999938964844,134.63999938964844,134.63999938964844,134.63999938964844,0
1999-01-22,135.25,135.25,135.25,135.25,0
1999-01-25,133.4499969482422,133.4499969482422,133.4499969482422,133.4499969482422,0
1999-01-26,132.1699981689453,132.1699981689453,132.1699981689453,132.1699981689453,0
1999-01-27,133.1699981689453,133.1699981689453,133.1699981689453,133.1699981689453,0
1999-01-28,134.36000061035156,134.36000061035156,134.36000061035156,134.36000061035156,0
1999-01-29,135.27000427246094,135.27000427246094,135.27000427246094,135.27000427246094,0
1999-02-01,133.49000549316406,133.49000549316406,133.49000549316406,133.49000549316406,0
1999-02-02,133.91000366210938,133.91000366210938,133.91000366210938,133.91000366210938,0
1999-02-03,133.92999267578125,133.92999267578125,133.92999267578125,133.92999267578125,0
1999-02-04,133.1199951171875,133.1199951171875,133.1199951171875,133.1199951171875,0
1999-02-05,133.0399932861328,133.0399932861328,133.0399932861328,133.0399932861328,0
1999-02-08,133.10000610351562,133.10000610351562,133.10000610351562,133.10000610351562,0
1999-02-09,132.83999633789062,132.83999633789062,132.83999633789062,132.83999633789062,0
1999-02-10,132.97000122070312,132.97000122070312,132.97000122070312,132.97000122070312,0
1999-02-11,133.11000061035156,133.11000061035156,133.11000061035156,133.11000061035156,0
1999-02-12,132.8699951171875,132.8699951171875,132.8699951171875,132.8699951171875,0
1999-02-16,130.0,130.0,130.0,130.0,0
1999-02-17,130.2899932861328,130.2899932861328,130.2899932861328,130.2899932861328,0
1999-02-18,132.2100067138672,132.2100067138672,132.2100067138672,132.2100067138672,0
1999-02-19,131.41000366210938,131.41000366210938,131.41000366210938,131.41000366210938,0
1999-02-22,131.19000244140625,131.19000244140625,131.19000244140625,131.19000244140625,0
1999-02-23,133.08999633789062,133.08999633789062,133.08999633789062,133.08999633789062,0
1999-02-24,132.6999969482422,132.6999969482422,132.6999969482422,132.6999969482422,0
1999-02-25,133.24000549316406,133.24000549316406,133.24000549316406,133.24000549316406,0
1999-02-26,130.80999755859375,130.80999755859375,130.80999755859375,130.80999755859375,0
1999-03-01,131.11000061035156,131.11000061035156,131.11000061035156,131.11000061035156,0
1999-03-02,132.6199951171875,132.6199951171875,132.6199951171875,132.6199951171875,0
1999-03-03,134.16000366210938,134.16000366210938,134.16000366210938,134.16000366210938,0
1999-03-04,136.25999450683594,136.25999450683594,136.25999450683594,136.25999450683594,0
1999-03-05,137.22000122070312,137.22000122070312,137.22000122070312,137.22000122070312,0
1999-03-08,139.27000427246094,139.27000427246094,139.27000427246094,139.27000427246094,0
1999-03-09,140.22000122070312,140.22000122070312,140.22000122070312,140.22000122070312,0
1999-03-10,144.72999572753906,144.72999572753906,144.72999572753906,144.72999572753906,0
1999-03-11,142.97000122070312,142.97000122070312,142.97000122070312,142.97000122070312,0
1999-03-12,142.8800048828125,142.8800048828125,142.8800048828125,142.8800048828125,0
1999-03-15,142.0,142.0,142.0,142.0,0
1999-03-16,142.4199981689453,142.4199981689453,142.4199981689453,142.4199981689453,0
1999-03-17,145.57000732421875,145.57000732421875,145.57000732421875,145.57000732421875,0
1999-03-18,145.25,145.25,145.25,145.25,0
1999-03-19,146.41000366210938,146.41000366210938,146.41000366210938,146.41000366210938,0
1999-03-22,149.27000427246094,149.27000427246094,149.27000427246094,149.27000427246094,0
1999-03-23,148.22999572753906,148.22999572753906,148.22999572753906,148.22999572753906,0
1999-03-24,147.0399932861328,147.0399932861328,147.0399932861328,147.0399932861328,0
1999-03-25,149.5,149.5,149.5,149.5,0
1999-03-26,152.2100067138672,152.2100067138672,152.2100067138672,152.2100067138672,0
1999-03-29,152.89999389648438,152.89999389648438,152.89999389648438,152.89999389648438,0
1999-03-30,154.3000030517578,154.3000030517578,154.3000030517578,154.3000030517578,0
1999-03-31,153.94000244140625,153.94000244140625,153.94000244140625,153.94000244140625,0
1999-04-01,152.86000061035156,152.86000061035156,152.86000061035156,152.86000061035156,0
1999-04-05,153.9199981689453,153.9199981689453,153.9199981689453,153.9199981689453,0
1999-04-06,153.86000061035156,153.86000061035156,153.86000061035156,153.86000061035156,0
1999-04-07,150.2899932861328,150.2899932861328,150.2899932861328,150.2899932861328,0
1999-04-08,149.25999450683594,149.25999450683594,149.25999450683594,149.25999450683594,0
1999-04-09,152.72000122070312,152.72000122070312,152.72000122070312,152.72000122070312,0
1999-04-12,152.11000061035156,152.11000061035156,152.11000061035156,152.11000061035156,0
1999-04-13,153.80999755859375,153.80999755859375,153.80999755859375,153.80999755859375,0
1999-04-14,152.52000427246094,152.52000427246094,152.52000427246094,152.52000427246094,0
1999-04-15,154.17999267578125,154.17999267578125,154.17999267578125,154.17999267578125,0
1999-04-16,155.72999572753906,155.72999572753906,155.72999572753906,155.72999572753906,0
1999-04-19,157.1199951171875,157.1199951171875,157.1199951171875,157.1199951171875,0
1999-04-20,156.5500030517578,156.5500030517578,156.5500030517578,156.5500030517578,0
1999-04-21,157.74000549316406,157.74000549316406,157.74000549316406,157.74000549316406,0
1999-04-22,158.24000549316406,158.24000549316406,158.24000549316406,158.24000549316406,0
1999-04-23,157.74000549316406,157.74000549316406,157.74000549316406,157.74000549316406,0
1999-04-26,156.75999450683594,156.75999450683594,156.75999450683594,156.75999450683594,0
1999-04-27,157.27000427246094,157.27000427246094,157.27000427246094,157.27000427246094,0
1999-04-28,160.02000427246094,160.02000427246094,160.02000427246094,160.02000427246094,0
1999-04-29,160.75999450683594,160.75999450683594,160.75999450683594,160.75999450683594,0
1999-04-30,160.97999572753906,160.97999572753906,160.97999572753906,160.97999572753906,0
1999-05-03,161.6300048828125,161.6300048828125,161.6300048828125,161.6300048828125,0
1999-05-04,162.3300018310547,162.3300018310547,162.3300018310547,162.3300018310547,0
1999-05-05,162.44000244140625,162.44000244140625,162.44000244140625,162.44000244140625,0
1999-05-06,159.83999633789062,159.83999633789062,159.83999633789062,159.83999633789062,0
1999-05-07,158.8000030517578,158.8000030517578,158.8000030517578,158.8000030517578,0
1999-05-10,160.05999755859375,160.05999755859375,160.05999755859375,160.05999755859375,0
1999-05-11,158.6999969482422,158.6999969482422,158.6999969482422,158.6999969482422,0
1999-05-12,156.94000244140625,156.94000244140625,156.94000244140625,156.94000244140625,0
1999-05-13,158.8699951171875,158.8699951171875,158.8699951171875,158.8699951171875,0
1999-05-14,158.50999450683594,158.50999450683594,158.50999450683594,158.50999450683594,0
1999-05-17,157.9199981689453,157.9199981689453,157.9199981689453,157.9199981689453,0
1999-05-18,154.72000122070312,154.72000122070312,154.72000122070312,154.72000122070312,0
1999-05-19,153.8699951171875,153.8699951171875,153.8699951171875,153.8699951171875,0
1999-05-20,153.88999938964844,153.88999938964844,153.88999938964844,153.88999938964844,0
1999-05-21,154.75999450683594,154.75999450683594,154.75999450683594,154.75999450683594,0
1999-05-24,152.1699981689453,152.1699981689453,152.1699981689453,152.1699981689453,0
1999-05-25,152.6199951171875,152.6199951171875,152.6199951171875,152.6199951171875,0
1999-05-26,153.52000427246094,153.52000427246094,153.52000427246094,153.52000427246094,0
1999-05-27,152.6999969482422,152.6999969482422,152.6999969482422,152.6999969482422,0
1999-05-28,152.22000122070312,152.22000122070312,152.22000122070312,152.22000122070312,0
1999-06-01,149.99000549316406,149.99000549316406,149.99000549316406,149.99000549316406,0
1999-06-02,151.97000122070312,151.97000122070312,151.97000122070312,151.97000122070312,0
1999-06-03,152.64999389648438,152.64999389648438,152.64999389648438,152.64999389648438,0
1999-06-04,155.1199951171875,155.1199951171875,155.1199951171875,155.1199951171875,0
1999-06-07,157.94000244140625,157.94000244140625,157.94000244140625,157.94000244140625,0
1999-06-08,157.1999969482422,157.1999969482422,157.1999969482422,157.1999969482422,0
1999-06-09,158.9499969482422,158.9499969482422,158.9499969482422,158.9499969482422,0
1999-06-10,158.57000732421875,158.57000732421875,158.57000732421875,158.57000732421875,0
1999-06-11,161.49000549316406,161.49000549316406,161.49000549316406,161.49000549316406,0
1999-06-14,161.66000366210938,161.66000366210938,161.66000366210938,161.66000366210938,0
1999-06-15,161.69000244140625,161.69000244140625,161.69000244140625,161.69000244140625,0
1999-06-16,159.32000732421875,159.32000732421875,159.32000732421875,159.32000732421875,0
1999-06-17,159.99000549316406,159.99000549316406,159.99000549316406,159.99000549316406,0
1999-06-18,159.86000061035156,159.86000061035156,159.86000061035156,159.86000061035156,0
1999-06-21,158.30999755859375,158.30999755859375,158.30999755859375,158.30999755859375,0
1999-06-22,157.8000030517578,157.8000030517578,157.8000030517578,157.8000030517578,0
1999-06-23,160.25,160.25,160.25,160.25,0
1999-06-24,159.5,159.5,159.5,159.5,0
1999-06-25,159.6199951171875,159.6199951171875,159.6199951171875,159.6199951171875,0
1999-06-28,158.63999938964844,158.63999938964844,158.63999938964844,158.63999938964844,0
1999-06-29,159.7899932861328,159.7899932861328,159.7899932861328,159.7899932861328,0
1999-06-30,163.36000061035156,163.36000061035156,163.36000061035156,163.36000061035156,0
1999-07-01,162.64999389648438,162.64999389648438,162.64999389648438,162.64999389648438,0
1999-07-02,162.6199951171875,162.6199951171875,162.6199951171875,162.6199951171875,0
1999-07-06,161.57000732421875,161.57000732421875,161.57000732421875,161.57000732421875,0
1999-07-07,162.0,162.0,162.0,162.0,0
1999-07-08,162.19000244140625,162.19000244140625,162.19000244140625,162.19000244140625,0
1999-07-09,162.77999877929688,162.77999877929688,162.77999877929688,162.77999877929688,0
1999-07-12,162.9199981689453,162.9199981689453,162.9199981689453,162.9199981689453,0
1999-07-13,163.9600067138672,163.9600067138672,163.9600067138672,163.9600067138672,0
1999-07-14,163.6699981689453,163.6699981689453,163.6699981689453,163.6699981689453,0
1999-07-15,165.22999572753906,165.22999572753906,165.22999572753906,165.22999572753906,0
1999-07-16,165.8699951171875,165.8699951171875,165.8699951171875,165.8699951171875,0
1999-07-19,166.0500030517578,166.0500030517578,166.0500030517578,166.0500030517578,0
1999-07-20,162.8300018310547,162.8300018310547,162.8300018310547,162.8300018310547,0
1999-07-21,163.49000549316406,163.49000549316406,163.49000549316406,163.49000549316406,0
1999-07-22,165.91000366210938,165.91000366210938,165.91000366210938,165.91000366210938,0
1999-07-23,170.4199981689453,170.4199981689453,170.4199981689453,170.4199981689453,0
1999-07-26,169.33999633789062,169.33999633789062,169.33999633789062,169.33999633789062,0
1999-07-27,168.0,168.0,168.0,168.0,0
1999-07-28,168.80999755859375,168.80999755859375,168.80999755859375,168.80999755859375,0
1999-07-29,170.60000610351562,170.60000610351562,170.60000610351562,170.60000610351562,0
1999-07-30,169.1699981689453,169.1699981689453,169.1699981689453,169.1699981689453,0
1999-08-02,171.1999969482422,171.1999969482422,171.1999969482422,171.1999969482422,0
1999-08-03,170.9199981689453,170.9199981689453,170.9199981689453,170.9199981689453,0
1999-08-04,172.94000244140625,172.94000244140625,172.94000244140625,172.94000244140625,0
1999-08-05,173.6300048828125,173.6300048828125,173.6300048828125,173.6300048828125,0
1999-08-06,175.6999969482422,175.6999969482422,175.6999969482422,175.6999969482422,0
1999-08-09,177.69000244140625,177.69000244140625,177.69000244140625,177.69000244140625,0
1999-08-10,178.35000610351562,178.35000610351562,178.35000610351562,178.35000610351562,0
1999-08-11,178.75,178.75,178.75,178.75,0
1999-08-12,177.55999755859375,177.55999755859375,177.55999755859375,177.55999755859375,0
1999-08-13,178.92999267578125,178.92999267578125,178.92999267578125,178.92999267578125,0
1999-08-16,178.22999572753906,178.22999572753906,178.22999572753906,178.22999572753906,0
1999-08-17,179.9199981689453,179.9199981689453,179.9199981689453,179.9199981689453,0
1999-08-18,179.4199981689453,179.4199981689453,179.4199981689453,179.4199981689453,0
1999-08-19,181.11000061035156,181.11000061035156,181.11000061035156,181.11000061035156,0
1999-08-20,180.92999267578125,180.92999267578125,180.92999267578125,180.92999267578125,0
1999-08-23,181.39999389648438,181.39999389648438,181.39999389648438,181.39999389648438,0
1999-08-24,179.83999633789062,179.83999633789062,179.83999633789062,179.83999633789062,0
1999-08-25,176.44000244140625,176.44000244140625,176.44000244140625,176.44000244140625,0
1999-08-26,177.35000610351562,177.35000610351562,177.35000610351562,177.35000610351562,0
1999-08-27,178.1199951171875,178.1199951171875,178.1199951171875,178.1199951171875,0
1999-08-30,180.74000549316406,180.74000549316406,180.74000549316406,180.74000549316406,0
1999-08-31,181.6199951171875,181.6199951171875,181.6199951171875,181.6199951171875,0
1999-09-01,181.25,181.25,181.25,181.25,0
1999-09-02,178.25,178.25,178.25,178.25,0
1999-09-03,180.5,180.5,180.5,180.5,0
1999-09-07,184.8699951171875,184.8699951171875,184.8699951171875,184.8699951171875,0
1999-09-08,184.50999450683594,184.50999450683594,184.50999450683594,184.50999450683594,0
1999-09-09,187.8000030517578,187.8000030517578,187.8000030517578,187.8000030517578,0
1999-09-10,189.14999389648438,189.14999389648438,189.14999389648438,189.14999389648438,0
1999-09-13,190.30999755859375,190.30999755859375,190.30999755859375,190.30999755859375,0
1999-09-14,188.3800048828125,188.3800048828125,188.3800048828125,188.3800048828125,0
1999-09-15,187.6300048828125,187.6300048828125,187.6300048828125,187.6300048828125,0
1999-09-16,187.8000030517578,187.8000030517578,187.8000030517578,187.8000030517578,0
1999-09-17,188.77000427246094,188.77000427246094,188.77000427246094,188.77000427246094,0
1999-09-20,186.9199981689453,186.9199981689453,186.9199981689453,186.9199981689453,0
1999-09-21,186.52000427246094,186.52000427246094,186.52000427246094,186.52000427246094,0
1999-09-22,187.36000061035156,187.36000061035156,187.36000061035156,187.36000061035156,0
1999-09-23,191.75999450683594,191.75999450683594,191.75999450683594,191.75999450683594,0
1999-09-24,191.83999633789062,191.83999633789062,191.83999633789062,191.83999633789062,0
1999-09-27,192.47000122070312,192.47000122070312,192.47000122070312,192.47000122070312,0
1999-09-28,192.2899932861328,192.2899932861328,192.2899932861328,192.2899932861328,0
1999-09-29,192.97999572753906,192.97999572753906,192.97999572753906,192.97999572753906,0
1999-09-30,191.05999755859375,191.05999755859375,191.05999755859375,191.05999755859375,0
1999-10-01,191.07000732421875,191.07000732421875,191.07000732421875,191.07000732421875,0
1999-10-04,187.38999938964844,187.38999938964844,187.38999938964844,187.38999938964844,0
1999-10-05,185.69000244140625,185.69000244140625,185.69000244140625,185.69000244140625,0
1999-10-06,185.00999450683594,185.00999450683594,185.00999450683594,185.00999450683594,0
1999-10-07,182.0399932861328,182.0399932861328,182.0399932861328,182.0399932861328,0
1999-10-08,175.80999755859375,175.80999755859375,175.80999755859375,175.80999755859375,0
1999-10-11,178.0800018310547,178.0800018310547,178.0800018310547,178.0800018310547,0
1999-10-12,184.30999755859375,184.30999755859375,184.30999755859375,184.30999755859375,0
1999-10-13,187.72999572753906,187.72999572753906,187.72999572753906,187.72999572753906,0
1999-10-14,184.41000366210938,184.41000366210938,184.41000366210938,184.41000366210938,0
1999-10-15,186.5399932861328,186.5399932861328,186.5399932861328,186.5399932861328,0
1999-10-18,185.88999938964844,185.88999938964844,185.88999938964844,185.88999938964844,0
1999-10-19,185.5399932861328,185.5399932861328,185.5399932861328,185.5399932861328,0
1999-10-20,185.08999633789062,185.08999633789062,185.08999633789062,185.08999633789062,0
1999-10-21,185.60000610351562,185.60000610351562,185.60000610351562,185.60000610351562,0
1999-10-22,188.99000549316406,188.99000549316406,188.99000549316406,188.99000549316406,0
1999-10-25,188.39999389648438,188.39999389648438,188.39999389648438,188.39999389648438,0
1999-10-26,187.2100067138672,187.2100067138672,187.2100067138672,187.2100067138672,0
1999-10-27,186.52000427246094,186.52000427246094,186.52000427246094,186.52000427246094,0
1999-10-28,180.91000366210938,180.91000366210938,180.91000366210938,180.91000366210938,0
1999-10-29,181.38999938964844,181.38999938964844,181.38999938964844,181.38999938964844,0
1999-11-01,183.60000610351562,183.60000610351562,183.60000610351562,183.60000610351562,0
1999-11-02,182.7899932861328,182.7899932861328,182.7899932861328,182.7899932861328,0
1999-11-03,184.25,184.25,184.25,184.25,0
1999-11-04,185.92999267578125,185.92999267578125,185.92999267578125,185.92999267578125,0
1999-11-05,185.74000549316406,185.74000549316406,185.74000549316406,185.74000549316406,0
1999-11-08,186.2899932861328,186.2899932861328,186.2899932861328,186.2899932861328,0
1999-11-09,189.6699981689453,189.6699981689453,189.6699981689453,189.6699981689453,0
1999-11-10,191.75,191.75,191.75,191.75,0
1999-11-11,191.10000610351562,191.10000610351562,191.10000610351562,191.10000610351562,0
1999-11-12,193.83999633789062,193.83999633789062,193.83999633789062,193.83999633789062,0
1999-11-15,194.97999572753906,194.97999572753906,194.97999572753906,194.97999572753906,0
1999-11-16,195.85000610351562,195.85000610351562,195.85000610351562,195.85000610351562,0
1999-11-17,197.39999389648438,197.39999389648438,197.39999389648438,197.39999389648438,0
1999-11-18,193.9199981689453,193.9199981689453,193.9199981689453,193.9199981689453,0
1999-11-19,196.5500030517578,196.5500030517578,196.5500030517578,196.5500030517578,0
1999-11-22,198.9199981689453,198.9199981689453,198.9199981689453,198.9199981689453,0
1999-11-23,197.0399932861328,197.0399932861328,197.0399932861328,197.0399932861328,0
1999-11-24,198.30999755859375,198.30999755859375,198.30999755859375,198.30999755859375,0
1999-11-26,197.97999572753906,197.97999572753906,197.97999572753906,197.97999572753906,0
1999-11-29,194.77000427246094,194.77000427246094,194.77000427246094,194.77000427246094,0
1999-11-30,189.66000366210938,189.66000366210938,189.66000366210938,189.66000366210938,0
1999-12-01,190.97999572753906,190.97999572753906,190.97999572753906,190.97999572753906,0
1999-12-02,194.5,194.5,194.5,194.5,0
1999-12-03,194.02000427246094,194.02000427246094,194.02000427246094,194.02000427246094,0
1999-12-06,196.77000427246094,196.77000427246094,196.77000427246094,196.77000427246094,0
1999-12-07,194.63999938964844,194.63999938964844,194.63999938964844,194.63999938964844,0
1999-12-08,195.0800018310547,195.0800018310547,195.0800018310547,195.0800018310547,0
1999-12-09,192.22999572753906,192.22999572753906,192.22999572753906,192.22999572753906,0
1999-12-10,189.49000549316406,189.49000549316406,189.49000549316406,189.49000549316406,0
1999-12-13,189.72000122070312,189.72000122070312,189.72000122070312,189.72000122070312,0
1999-12-14,192.11000061035156,192.11000061035156,192.11000061035156,192.11000061035156,0
1999-12-15,193.99000549316406,193.99000549316406,193.99000549316406,193.99000549316406,0
1999-12-16,197.22000122070312,197.22000122070312,197.22000122070312,197.22000122070312,0
1999-12-17,197.77000427246094,197.77000427246094,197.77000427246094,197.77000427246094,0
1999-12-20,197.72999572753906,197.72999572753906,197.72999572753906,197.72999572753906,0
1999-12-21,196.5,196.5,196.5,196.5,0
1999-12-22,193.80999755859375,193.80999755859375,193.80999755859375,193.80999755859375,0
1999-12-23,195.24000549316406,195.24000549316406,195.24000549316406,195.24000549316406,0
1999-12-27,195.89999389648438,195.89999389648438,195.89999389648438,195.89999389648438,0
1999-12-28,197.57000732421875,197.57000732421875,197.57000732421875,197.57000732421875,0
1999-12-29,197.27999877929688,197.27999877929688,197.27999877929688,197.27999877929688,0
1999-12-30,194.5399932861328,194.5399932861328,194.5399932861328,194.5399932861328,0
1999-12-31,194.5399932861328,194.5399932861328,194.5399932861328,194.5399932861328,0
2000-01-03,194.22000122070312,194.22000122070312,194.22000122070312,194.22000122070312,0
2000-01-04,192.3699951171875,192.3699951171875,192.3699951171875,192.3699951171875,0
2000-01-05,190.52000427246094,190.52000427246094,190.52000427246094,190.52000427246094,0
2000-01-06,190.4199981689453,190.4199981689453,190.4199981689453,190.4199981689453,0
2000-01-07,188.5500030517578,188.5500030517578,188.5500030517578,188.5500030517578,0
2000-01-10,189.8300018310547,189.8300018310547,189.8300018310547,189.8300018310547,0
2000-01-11,193.4600067138672,193.4600067138672,193.4600067138672,193.4600067138672,0
2000-01-12,195.75999450683594,195.75999450683594,195.75999450683594,195.75999450683594,0
2000-01-13,197.14999389648438,197.14999389648438,197.14999389648438,197.14999389648438,0
2000-01-14,202.0800018310547,202.0800018310547,202.0800018310547,202.0800018310547,0
2000-01-18,205.86000061035156,205.86000061035156,205.86000061035156,205.86000061035156,0
2000-01-19,206.88999938964844,206.88999938964844,206.88999938964844,206.88999938964844,0
2000-01-20,208.30999755859375,208.30999755859375,208.30999755859375,208.30999755859375,0
2000-01-21,208.4600067138672,208.4600067138672,208.4600067138672,208.4600067138672,0
2000-01-24,206.75,206.75,206.75,206.75,0
2000-01-25,209.0,209.0,209.0,209.0,0
2000-01-26,206.58999633789062,206.58999633789062,206.58999633789062,206.58999633789062,0
2000-01-27,205.0,205.0,205.0,205.0,0
2000-01-28,204.44000244140625,204.44000244140625,204.44000244140625,204.44000244140625,0
2000-01-31,206.3699951171875,206.3699951171875,206.3699951171875,206.3699951171875,0
2000-02-01,209.33999633789062,209.33999633789062,209.33999633789062,209.33999633789062,0
2000-02-02,206.89999389648438,206.89999389648438,206.89999389648438,206.89999389648438,0
2000-02-03,208.72000122070312,208.72000122070312,208.72000122070312,208.72000122070312,0
2000-02-04,212.2100067138672,212.2100067138672,212.2100067138672,212.2100067138672,0
2000-02-07,208.97999572753906,208.97999572753906,208.97999572753906,208.97999572753906,0
2000-02-08,205.60000610351562,205.60000610351562,205.60000610351562,205.60000610351562,0
2000-02-09,208.3000030517578,208.3000030517578,208.3000030517578,208.3000030517578,0
2000-02-10,211.0800018310547,211.0800018310547,211.0800018310547,211.0800018310547,0
2000-02-11,210.63999938964844,210.63999938964844,210.63999938964844,210.63999938964844,0
2000-02-14,212.77999877929688,212.77999877929688,212.77999877929688,212.77999877929688,0
2000-02-15,212.44000244140625,212.44000244140625,212.44000244140625,212.44000244140625,0
2000-02-16,213.02999877929688,213.02999877929688,213.02999877929688,213.02999877929688,0
2000-02-17,210.67999267578125,210.67999267578125,210.67999267578125,210.67999267578125,0
2000-02-18,209.75999450683594,209.75999450683594,209.75999450683594,209.75999450683594,0
2000-02-22,210.57000732421875,210.57000732421875,210.57000732421875,210.57000732421875,0
2000-02-23,211.44000244140625,211.44000244140625,211.44000244140625,211.44000244140625,0
2000-02-24,213.57000732421875,213.57000732421875,213.57000732421875,213.57000732421875,0
2000-02-25,214.6300048828125,214.6300048828125,214.6300048828125,214.6300048828125,0
2000-02-28,214.22999572753906,214.22999572753906,214.22999572753906,214.22999572753906,0
2000-02-29,216.00999450683594,216.00999450683594,216.00999450683594,216.00999450683594,0
2000-03-01,222.50999450683594,222.50999450683594,222.50999450683594,222.50999450683594,0
2000-03-02,222.1699981689453,222.1699981689453,222.1699981689453,222.1699981689453,0
2000-03-03,221.94000244140625,221.94000244140625,221.94000244140625,221.94000244140625,0
2000-03-06,224.61000061035156,224.61000061035156,224.61000061035156,224.61000061035156,0
2000-03-07,230.39999389648438,230.39999389648438,230.39999389648438,230.39999389648438,0
2000-03-08,217.7899932861328,217.7899932861328,217.7899932861328,217.7899932861328,0
2000-03-09,219.02000427246094,219.02000427246094,219.02000427246094,219.02000427246094,0
2000-03-10,216.8300018310547,216.8300018310547,216.8300018310547,216.8300018310547,0
2000-03-13,216.8699951171875,216.8699951171875,216.8699951171875,216.8699951171875,0
2000-03-14,216.0,216.0,216.0,216.0,0
2000-03-15,213.1699981689453,213.1699981689453,213.1699981689453,213.1699981689453,0
2000-03-16,214.00999450683594,214.00999450683594,214.00999450683594,214.00999450683594,0
2000-03-17,213.6699981689453,213.6699981689453,213.6699981689453,213.6699981689453,0
2000-03-20,207.02999877929688,207.02999877929688,207.02999877929688,207.02999877929688,0
2000-03-21,208.22000122070312,208.22000122070312,208.22000122070312,208.22000122070312,0
2000-03-22,207.4199981689453,207.4199981689453,207.4199981689453,207.4199981689453,0
2000-03-23,206.99000549316406,206.99000549316406,206.99000549316406,206.99000549316406,0
2000-03-24,209.3300018310547,209.3300018310547,209.3300018310547,209.3300018310547,0
2000-03-27,209.14999389648438,209.14999389648438,209.14999389648438,209.14999389648438,0
2000-03-28,207.4199981689453,207.4199981689453,207.4199981689453,207.4199981689453,0
2000-03-29,203.9199981689453,203.9199981689453,203.9199981689453,203.9199981689453,0
2000-03-30,205.02000427246094,205.02000427246094,205.02000427246094,205.02000427246094,0
2000-03-31,206.8800048828125,206.8800048828125,206.8800048828125,206.8800048828125,0
2000-04-03,204.67999267578125,204.67999267578125,204.67999267578125,204.67999267578125,0
2000-04-04,199.52999877929688,199.52999877929688,199.52999877929688,199.52999877929688,0
2000-04-05,201.22999572753906,201.22999572753906,201.22999572753906,201.22999572753906,0
2000-04-06,200.0800018310547,200.0800018310547,200.0800018310547,200.0800018310547,0
2000-04-07,198.05999755859375,198.05999755859375,198.05999755859375,198.05999755859375,0
2000-04-10,193.10000610351562,193.10000610351562,193.10000610351562,193.10000610351562,0
2000-04-11,193.38999938964844,193.38999938964844,193.38999938964844,193.38999938964844,0
2000-04-12,199.3800048828125,199.3800048828125,199.3800048828125,199.3800048828125,0
2000-04-13,199.47999572753906,199.47999572753906,199.47999572753906,199.47999572753906,0
2000-04-14,197.3699951171875,197.3699951171875,197.3699951171875,197.3699951171875,0
2000-04-17,198.89999389648438,198.89999389648438,198.89999389648438,198.89999389648438,0
2000-04-18,200.1199951171875,200.1199951171875,200.1199951171875,200.1199951171875,0
2000-04-19,204.19000244140625,204.19000244140625,204.19000244140625,204.19000244140625,0
2000-04-20,204.27000427246094,204.27000427246094,204.27000427246094,204.27000427246094,0
2000-04-24,205.00999450683594,205.00999450683594,205.00999450683594,205.00999450683594,0
2000-04-25,202.86000061035156,202.86000061035156,202.86000061035156,202.86000061035156,0
2000-04-26,200.25999450683594,200.25999450683594,200.25999450683594,200.25999450683594,0
2000-04-27,202.05999755859375,202.05999755859375,202.05999755859375,202.05999755859375,0
2000-04-28,203.2100067138672,203.2100067138672,203.2100067138672,203.2100067138672,0
2000-05-01,205.4600067138672,205.4600067138672,205.4600067138672,205.4600067138672,0
2000-05-02,210.22999572753906,210.22999572753906,210.22999572753906,210.22999572753906,0
2000-05-03,208.61000061035156,208.61000061035156,208.61000061035156,208.61000061035156,0
2000-05-04,209.9199981689453,209.9199981689453,209.9199981689453,209.9199981689453,0
2000-05-05,209.60000610351562,209.60000610351562,209.60000610351562,209.60000610351562,0
2000-05-08,212.69000244140625,212.69000244140625,212.69000244140625,212.69000244140625,0
2000-05-09,215.1300048828125,215.1300048828125,215.1300048828125,215.1300048828125,0
2000-05-10,215.22999572753906,215.22999572753906,215.22999572753906,215.22999572753906,0
2000-05-11,219.02999877929688,219.02999877929688,219.02999877929688,219.02999877929688,0
2000-05-12,220.66000366210938,220.66000366210938,220.66000366210938,220.66000366210938,0
2000-05-15,221.52000427246094,221.52000427246094,221.52000427246094,221.52000427246094,0
2000-05-16,222.1300048828125,222.1300048828125,222.1300048828125,222.1300048828125,0
2000-05-17,222.44000244140625,222.44000244140625,222.44000244140625,222.44000244140625,0
2000-05-18,225.5800018310547,225.5800018310547,225.5800018310547,225.5800018310547,0
2000-05-19,224.77999877929688,224.77999877929688,224.77999877929688,224.77999877929688,0
2000-05-22,220.74000549316406,220.74000549316406,220.74000549316406,220.74000549316406,0
2000-05-23,221.14999389648438,221.14999389648438,221.14999389648438,221.14999389648438,0
2000-05-24,226.4600067138672,226.4600067138672,226.4600067138672,226.4600067138672,0
2000-05-25,229.02000427246094,229.02000427246094,229.02000427246094,229.02000427246094,0
2000-05-26,227.72000122070312,227.72000122070312,227.72000122070312,227.72000122070312,0
2000-05-30,227.75999450683594,227.75999450683594,227.75999450683594,227.75999450683594,0
2000-05-31,223.1999969482422,223.1999969482422,223.1999969482422,223.1999969482422,0
2000-06-01,226.1999969482422,226.1999969482422,226.1999969482422,226.1999969482422,0
2000-06-02,227.25,227.25,227.25,227.25,0
2000-06-05,226.1699981689453,226.1699981689453,226.1699981689453,226.1699981689453,0
2000-06-06,226.14999389648438,226.14999389648438,226.14999389648438,226.14999389648438,0
2000-06-07,224.1999969482422,224.1999969482422,224.1999969482422,224.1999969482422,0
2000-06-08,224.36000061035156,224.36000061035156,224.36000061035156,224.36000061035156,0
2000-06-09,225.7100067138672,225.7100067138672,225.7100067138672,225.7100067138672,0
2000-06-12,229.3000030517578,229.3000030517578,229.3000030517578,229.3000030517578,0
2000-06-13,231.27999877929688,231.27999877929688,231.27999877929688,231.27999877929688,0
2000-06-14,230.7899932861328,230.7899932861328,230.7899932861328,230.7899932861328,0
2000-06-15,231.0399932861328,231.0399932861328,231.0399932861328,231.0399932861328,0
2000-06-16,227.38999938964844,227.38999938964844,227.38999938964844,227.38999938964844,0
2000-06-19,223.89999389648438,223.89999389648438,223.89999389648438,223.89999389648438,0
2000-06-20,227.94000244140625,227.94000244140625,227.94000244140625,227.94000244140625,0
2000-06-21,231.91000366210938,231.91000366210938,231.91000366210938,231.91000366210938,0
2000-06-22,236.2100067138672,236.2100067138672,236.2100067138672,236.2100067138672,0
2000-06-23,235.58999633789062,235.58999633789062,235.58999633789062,235.58999633789062,0
2000-06-26,233.74000549316406,233.74000549316406,233.74000549316406,233.74000549316406,0
2000-06-27,236.02000427246094,236.02000427246094,236.02000427246094,236.02000427246094,0
2000-06-28,234.33999633789062,234.33999633789062,234.33999633789062,234.33999633789062,0
2000-06-29,237.8300018310547,237.8300018310547,237.8300018310547,237.8300018310547,0
2000-06-30,235.7100067138672,235.7100067138672,235.7100067138672,235.7100067138672,0
2000-07-03,235.39999389648438,235.39999389648438,235.39999389648438,235.39999389648438,0
2000-07-05,226.7100067138672,226.7100067138672,226.7100067138672,226.7100067138672,0
2000-07-06,223.82000732421875,223.82000732421875,223.82000732421875,223.82000732421875,0
2000-07-07,225.6999969482422,225.6999969482422,225.6999969482422,225.6999969482422,0
2000-07-10,223.3699951171875,223.3699951171875,223.3699951171875,223.3699951171875,0
2000-07-11,223.69000244140625,223.69000244140625,223.69000244140625,223.69000244140625,0
2000-07-12,223.99000549316406,223.99000549316406,223.99000549316406,223.99000549316406,0
2000-07-13,227.0800018310547,227.0800018310547,227.0800018310547,227.0800018310547,0
2000-07-14,225.5500030517578,225.5500030517578,225.5500030517578,225.5500030517578,0
2000-07-17,222.7899932861328,222.7899932861328,222.7899932861328,222.7899932861328,0
2000-07-18,226.92999267578125,226.92999267578125,226.92999267578125,226.92999267578125,0
2000-07-19,224.74000549316406,224.74000549316406,224.74000549316406,224.74000549316406,0
2000-07-20,222.83999633789062,222.83999633789062,222.83999633789062,222.83999633789062,0
2000-07-21,218.39999389648438,218.39999389648438,218.39999389648438,218.39999389648438,0
2000-07-24,214.72999572753906,214.72999572753906,214.72999572753906,214.72999572753906,0
2000-07-25,214.02000427246094,214.02000427246094,214.02000427246094,214.02000427246094,0
2000-07-26,214.39999389648438,214.39999389648438,214.39999389648438,214.39999389648438,0
2000-07-27,215.77000427246094,215.77000427246094,215.77000427246094,215.77000427246094,0
2000-07-28,216.5500030517578,216.5500030517578,216.5500030517578,216.5500030517578,0
2000-07-31,213.3300018310547,213.3300018310547,213.3300018310547,213.3300018310547,0
2000-08-01,215.32000732421875,215.32000732421875,215.32000732421875,215.32000732421875,0
2000-08-02,218.5,218.5,218.5,218.5,0
2000-08-03,219.7100067138672,219.7100067138672,219.7100067138672,219.7100067138672,0
2000-08-04,224.17999267578125,224.17999267578125,224.17999267578125,224.17999267578125,0
2000-08-07,220.22999572753906,220.22999572753906,220.22999572753906,220.22999572753906,0
2000-08-08,221.50999450683594,221.50999450683594,221.50999450683594,221.50999450683594,0
2000-08-09,225.7100067138672,225.7100067138672,225.7100067138672,225.7100067138672,0
2000-08-10,229.30999755859375,229.30999755859375,229.30999755859375,229.30999755859375,0
2000-08-11,228.8800048828125,228.8800048828125,228.8800048828125,228.8800048828125,0
2000-08-14,229.92999267578125,229.92999267578125,229.92999267578125,229.92999267578125,0
2000-08-15,229.02999877929688,229.02999877929688,229.02999877929688,229.02999877929688,0
2000-08-16,230.22000122070312,230.22000122070312,230.22000122070312,230.22000122070312,0
2000-08-17,231.92999267578125,231.92999267578125,231.92999267578125,231.92999267578125,0
2000-08-18,233.41000366210938,233.41000366210938,233.41000366210938,233.41000366210938,0
2000-08-21,236.80999755859375,236.80999755859375,236.80999755859375,236.80999755859375,0
2000-08-22,232.72999572753906,232.72999572753906,232.72999572753906,232.72999572753906,0
2000-08-23,237.02999877929688,237.02999877929688,237.02999877929688,237.02999877929688,0
2000-08-24,235.74000549316406,235.74000549316406,235.74000549316406,235.74000549316406,0
2000-08-25,237.80999755859375,237.80999755859375,237.80999755859375,237.80999755859375,0
2000-08-28,240.99000549316406,240.99000549316406,240.99000549316406,240.99000549316406,0
2000-08-29,241.80999755859375,241.80999755859375,241.80999755859375,241.80999755859375,0
2000-08-30,244.7100067138672,244.7100067138672,244.7100067138672,244.7100067138672,0
2000-08-31,244.39999389648438,244.39999389648438,244.39999389648438,244.39999389648438,0
2000-09-01,245.30999755859375,245.30999755859375,245.30999755859375,245.30999755859375,0
2000-09-05,248.38999938964844,248.38999938964844,248.38999938964844,248.38999938964844,0
2000-09-06,252.61000061035156,252.61000061035156,252.61000061035156,252.61000061035156,0
2000-09-07,255.0,255.0,255.0,255.0,0
2000-09-08,247.5,247.5,247.5,247.5,0
2000-09-11,253.85000610351562,253.85000610351562,253.85000610351562,253.85000610351562,0
2000-09-12,250.1199951171875,250.1199951171875,250.1199951171875,250.1199951171875,0
2000-09-13,246.50999450683594,246.50999450683594,246.50999450683594,246.50999450683594,0
2000-09-14,247.3800048828125,247.3800048828125,247.3800048828125,247.3800048828125,0
2000-09-15,252.69000244140625,252.69000244140625,252.69000244140625,252.69000244140625,0
2000-09-18,255.91000366210938,255.91000366210938,255.91000366210938,255.91000366210938,0
2000-09-19,253.35000610351562,253.35000610351562,253.35000610351562,253.35000610351562,0
2000-09-20,253.52999877929688,253.52999877929688,253.52999877929688,253.52999877929688,0
2000-09-21,249.55999755859375,249.55999755859375,249.55999755859375,249.55999755859375,0
2000-09-22,244.0399932861328,244.0399932861328,244.0399932861328,244.0399932861328,0
2000-09-25,241.05999755859375,241.05999755859375,241.05999755859375,241.05999755859375,0
2000-09-26,241.02999877929688,241.02999877929688,241.02999877929688,241.02999877929688,0
2000-09-27,241.69000244140625,241.69000244140625,241.69000244140625,241.69000244140625,0
2000-09-28,235.02999877929688,235.02999877929688,235.02999877929688,235.02999877929688,0
2000-09-29,237.47999572753906,237.47999572753906,237.47999572753906,237.47999572753906,0
2000-10-02,243.5399932861328,243.5399932861328,243.5399932861328,243.5399932861328,0
2000-10-03,243.4499969482422,243.4499969482422,243.4499969482422,243.4499969482422,0
2000-10-04,240.8300018310547,240.8300018310547,240.8300018310547,240.8300018310547,0
2000-10-05,236.7100067138672,236.7100067138672,236.7100067138672,236.7100067138672,0
2000-10-06,236.85000610351562,236.85000610351562,236.85000610351562,236.85000610351562,0
2000-10-09,241.4600067138672,241.4600067138672,241.4600067138672,241.4600067138672,0
2000-10-10,247.8699951171875,247.8699951171875,247.8699951171875,247.8699951171875,0
2000-10-11,250.66000366210938,250.66000366210938,250.66000366210938,250.66000366210938,0
2000-10-12,261.2699890136719,261.2699890136719,261.2699890136719,261.2699890136719,0
2000-10-13,253.16000366210938,253.16000366210938,253.16000366210938,253.16000366210938,0
2000-10-16,245.4600067138672,245.4600067138672,245.4600067138672,245.4600067138672,0
2000-10-17,245.16000366210938,245.16000366210938,245.16000366210938,245.16000366210938,0
2000-10-18,244.02999877929688,244.02999877929688,244.02999877929688,244.02999877929688,0
2000-10-19,240.1699981689453,240.1699981689453,240.1699981689453,240.1699981689453,0
2000-10-20,243.5399932861328,243.5399932861328,243.5399932861328,243.5399932861328,0
2000-10-23,246.77000427246094,246.77000427246094,246.77000427246094,246.77000427246094,0
2000-10-24,244.5399932861328,244.5399932861328,244.5399932861328,244.5399932861328,0
2000-10-25,241.16000366210938,241.16000366210938,241.16000366210938,241.16000366210938,0
2000-10-26,242.35000610351562,242.35000610351562,242.35000610351562,242.35000610351562,0
2000-10-27,237.69000244140625,237.69000244140625,237.69000244140625,237.69000244140625,0
2000-10-30,237.25999450683594,237.25999450683594,237.25999450683594,237.25999450683594,0
2000-10-31,236.7100067138672,236.7100067138672,236.7100067138672,236.7100067138672,0
2000-11-01,239.38999938964844,239.38999938964844,239.38999938964844,239.38999938964844,0
2000-11-02,237.6999969482422,237.6999969482422,237.6999969482422,237.6999969482422,0
2000-11-03,239.5399932861328,239.5399932861328,239.5399932861328,239.5399932861328,0
2000-11-06,239.9499969482422,239.9499969482422,239.9499969482422,239.9499969482422,0
2000-11-07,243.22000122070312,243.22000122070312,243.22000122070312,243.22000122070312,0
2000-11-08,244.13999938964844,244.13999938964844,244.13999938964844,244.13999938964844,0
2000-11-09,247.4499969482422,247.4499969482422,247.4499969482422,247.4499969482422,0
2000-11-10,247.17999267578125,247.17999267578125,247.17999267578125,247.17999267578125,0
2000-11-13,249.32000732421875,249.32000732421875,249.32000732421875,249.32000732421875,0
2000-11-14,252.9600067138672,252.9600067138672,252.9600067138672,252.9600067138672,0
2000-11-15,258.0799865722656,258.0799865722656,258.0799865722656,258.0799865722656,0
2000-11-16,254.22999572753906,254.22999572753906,254.22999572753906,254.22999572753906,0
2000-11-17,257.989990234375,257.989990234375,257.989990234375,257.989990234375,0
2000-11-20,260.2699890136719,260.2699890136719,260.2699890136719,260.2699890136719,0
2000-11-21,261.0,261.0,261.0,261.0,0
2000-11-22,262.6499938964844,262.6499938964844,262.6499938964844,262.6499938964844,0
2000-11-24,262.9100036621094,262.9100036621094,262.9100036621094,262.9100036621094,0
2000-11-27,261.94000244140625,261.94000244140625,261.94000244140625,261.94000244140625,0
2000-11-28,255.0500030517578,255.0500030517578,255.0500030517578,255.0500030517578,0
2000-11-29,256.29998779296875,256.29998779296875,256.29998779296875,256.29998779296875,0
2000-11-30,256.3800048828125,256.3800048828125,256.3800048828125,256.3800048828125,0
2000-12-01,249.92999267578125,249.92999267578125,249.92999267578125,249.92999267578125,0
2000-12-04,252.38999938964844,252.38999938964844,252.38999938964844,252.38999938964844,0
2000-12-05,245.97999572753906,245.97999572753906,245.97999572753906,245.97999572753906,0
2000-12-06,253.47999572753906,253.47999572753906,253.47999572753906,253.47999572753906,0
2000-12-07,249.8699951171875,249.8699951171875,249.8699951171875,249.8699951171875,0
2000-12-08,246.66000366210938,246.66000366210938,246.66000366210938,246.66000366210938,0
2000-12-11,254.3699951171875,254.3699951171875,254.3699951171875,254.3699951171875,0
2000-12-12,246.91000366210938,246.91000366210938,246.91000366210938,246.91000366210938,0
2000-12-13,239.66000366210938,239.66000366210938,239.66000366210938,239.66000366210938,0
2000-12-14,234.47999572753906,234.47999572753906,234.47999572753906,234.47999572753906,0
2000-12-15,241.80999755859375,241.80999755859375,241.80999755859375,241.80999755859375,0
2000-12-18,245.3300018310547,245.3300018310547,245.3300018310547,245.3300018310547,0
2000-12-19,244.83999633789062,244.83999633789062,244.83999633789062,244.83999633789062,0
2000-12-20,236.99000549316406,236.99000549316406,236.99000549316406,236.99000549316406,0
2000-12-21,239.66000366210938,239.66000366210938,239.66000366210938,239.66000366210938,0
2000-12-22,238.80999755859375,238.80999755859375,238.80999755859375,238.80999755859375,0
2000-12-26,241.4499969482422,241.4499969482422,241.4499969482422,241.4499969482422,0
2000-12-27,242.75999450683594,242.75999450683594,242.75999450683594,242.75999450683594,0
2000-12-28,240.50999450683594,240.50999450683594,240.50999450683594,240.50999450683594,0
2000-12-29,246.9199981689453,246.9199981689453,246.9199981689453,246.9199981689453,0
2001-01-02,239.3000030517578,239.3000030517578,239.3000030517578,239.3000030517578,0
2001-01-03,240.5800018310547,240.5800018310547,240.5800018310547,240.5800018310547,0
2001-01-04,245.32000732421875,245.32000732421875,245.32000732421875,245.32000732421875,0
2001-01-05,246.2100067138672,246.2100067138672,246.2100067138672,246.2100067138672,0
2001-01-08,244.6699981689453,244.6699981689453,244.6699981689453,244.6699981689453,0
2001-01-09,244.80999755859375,244.80999755859375,244.80999755859375,244.80999755859375,0
2001-01-10,246.39999389648438,246.39999389648438,246.39999389648438,246.39999389648438,0
2001-01-11,243.27999877929688,243.27999877929688,243.27999877929688,243.27999877929688,0
2001-01-12,242.19000244140625,242.19000244140625,242.19000244140625,242.19000244140625,0
2001-01-16,239.47000122070312,239.47000122070312,239.47000122070312,239.47000122070312,0
2001-01-17,230.67999267578125,230.67999267578125,230.67999267578125,230.67999267578125,0
2001-01-18,235.1699981689453,235.1699981689453,235.1699981689453,235.1699981689453,0
2001-01-19,241.57000732421875,241.57000732421875,241.57000732421875,241.57000732421875,0
2001-01-22,240.55999755859375,240.55999755859375,240.55999755859375,240.55999755859375,0
2001-01-23,237.16000366210938,237.16000366210938,237.16000366210938,237.16000366210938,0
2001-01-24,235.1199951171875,235.1199951171875,235.1199951171875,235.1199951171875,0
2001-01-25,236.72000122070312,236.72000122070312,236.72000122070312,236.72000122070312,0
2001-01-26,238.10000610351562,238.10000610351562,238.10000610351562,238.10000610351562,0
2001-01-29,230.9600067138672,230.9600067138672,230.9600067138672,230.9600067138672,0
2001-01-30,230.72999572753906,230.72999572753906,230.72999572753906,230.72999572753906,0
2001-01-31,226.97000122070312,226.97000122070312,226.97000122070312,226.97000122070312,0
2001-02-01,235.24000549316406,235.24000549316406,235.24000549316406,235.24000549316406,0
2001-02-02,242.9499969482422,242.9499969482422,242.9499969482422,242.9499969482422,0
2001-02-05,234.83999633789062,234.83999633789062,234.83999633789062,234.83999633789062,0
2001-02-06,234.9600067138672,234.9600067138672,234.9600067138672,234.9600067138672,0
2001-02-07,240.69000244140625,240.69000244140625,240.69000244140625,240.69000244140625,0
2001-02-08,241.1199951171875,241.1199951171875,241.1199951171875,241.1199951171875,0
2001-02-09,238.69000244140625,238.69000244140625,238.69000244140625,238.69000244140625,0
2001-02-12,234.4499969482422,234.4499969482422,234.4499969482422,234.4499969482422,0
2001-02-13,235.2100067138672,235.2100067138672,235.2100067138672,235.2100067138672,0
2001-02-14,231.11000061035156,231.11000061035156,231.11000061035156,231.11000061035156,0
2001-02-15,227.9499969482422,227.9499969482422,227.9499969482422,227.9499969482422,0
2001-02-16,228.92999267578125,228.92999267578125,228.92999267578125,228.92999267578125,0
2001-02-20,226.67999267578125,226.67999267578125,226.67999267578125,226.67999267578125,0
2001-02-21,224.77000427246094,224.77000427246094,224.77000427246094,224.77000427246094,0
2001-02-22,225.14999389648438,225.14999389648438,225.14999389648438,225.14999389648438,0
2001-02-23,226.0800018310547,226.0800018310547,226.0800018310547,226.0800018310547,0
2001-02-26,223.75999450683594,223.75999450683594,223.75999450683594,223.75999450683594,0
2001-02-27,224.0,224.0,224.0,224.0,0
2001-02-28,221.99000549316406,221.99000549316406,221.99000549316406,221.99000549316406,0
2001-03-01,222.80999755859375,222.80999755859375,222.80999755859375,222.80999755859375,0
2001-03-02,224.25,224.25,224.25,224.25,0
2001-03-05,227.97999572753906,227.97999572753906,227.97999572753906,227.97999572753906,0
2001-03-06,227.1300048828125,227.1300048828125,227.1300048828125,227.1300048828125,0
2001-03-07,229.38999938964844,229.38999938964844,229.38999938964844,229.38999938964844,0
2001-03-08,226.66000366210938,226.66000366210938,226.66000366210938,226.66000366210938,0
2001-03-09,223.92999267578125,223.92999267578125,223.92999267578125,223.92999267578125,0
2001-03-12,224.22999572753906,224.22999572753906,224.22999572753906,224.22999572753906,0
2001-03-13,221.8000030517578,221.8000030517578,221.8000030517578,221.8000030517578,0
2001-03-14,216.25,216.25,216.25,216.25,0
2001-03-15,215.6999969482422,215.6999969482422,215.6999969482422,215.6999969482422,0
2001-03-16,216.08999633789062,216.08999633789062,216.08999633789062,216.08999633789062,0
2001-03-19,214.14999389648438,214.14999389648438,214.14999389648438,214.14999389648438,0
2001-03-20,214.63999938964844,214.63999938964844,214.63999938964844,214.63999938964844,0
2001-03-21,215.7899932861328,215.7899932861328,215.7899932861328,215.7899932861328,0
2001-03-22,215.02999877929688,215.02999877929688,215.02999877929688,215.02999877929688,0
2001-03-23,218.94000244140625,218.94000244140625,218.94000244140625,218.94000244140625,0
2001-03-26,220.05999755859375,220.05999755859375,220.05999755859375,220.05999755859375,0
2001-03-27,223.50999450683594,223.50999450683594,223.50999450683594,223.50999450683594,0
2001-03-28,216.91000366210938,216.91000366210938,216.91000366210938,216.91000366210938,0
2001-03-29,215.22000122070312,215.22000122070312,215.22000122070312,215.22000122070312,0
2001-03-30,212.74000549316406,212.74000549316406,212.74000549316406,212.74000549316406,0
2001-04-02,210.80999755859375,210.80999755859375,210.80999755859375,210.80999755859375,0
2001-04-03,213.86000061035156,213.86000061035156,213.86000061035156,213.86000061035156,0
2001-04-04,219.0500030517578,219.0500030517578,219.0500030517578,219.0500030517578,0
2001-04-05,221.14999389648438,221.14999389648438,221.14999389648438,221.14999389648438,0
2001-04-06,219.72000122070312,219.72000122070312,219.72000122070312,219.72000122070312,0
2001-04-09,221.74000549316406,221.74000549316406,221.74000549316406,221.74000549316406,0
2001-04-10,227.5800018310547,227.5800018310547,227.5800018310547,227.5800018310547,0
2001-04-11,226.3300018310547,226.3300018310547,226.3300018310547,226.3300018310547,0
2001-04-12,227.27999877929688,227.27999877929688,227.27999877929688,227.27999877929688,0
2001-04-16,230.52000427246094,230.52000427246094,230.52000427246094,230.52000427246094,0
2001-04-17,228.1999969482422,228.1999969482422,228.1999969482422,228.1999969482422,0
2001-04-18,226.69000244140625,226.69000244140625,226.69000244140625,226.69000244140625,0
2001-04-19,225.0500030517578,225.0500030517578,225.0500030517578,225.0500030517578,0
2001-04-20,223.05999755859375,223.05999755859375,223.05999755859375,223.05999755859375,0
2001-04-23,222.6699981689453,222.6699981689453,222.6699981689453,222.6699981689453,0
2001-04-24,219.9600067138672,219.9600067138672,219.9600067138672,219.9600067138672,0
2001-04-25,221.02000427246094,221.02000427246094,221.02000427246094,221.02000427246094,0
2001-04-26,225.10000610351562,225.10000610351562,225.10000610351562,225.10000610351562,0
2001-04-27,224.10000610351562,224.10000610351562,224.10000610351562,224.10000610351562,0
2001-04-30,224.22999572753906,224.22999572753906,224.22999572753906,224.22999572753906,0
2001-05-01,225.94000244140625,225.94000244140625,225.94000244140625,225.94000244140625,0
2001-05-02,221.1300048828125,221.1300048828125,221.1300048828125,221.1300048828125,0
2001-05-03,224.35000610351562,224.35000610351562,224.35000610351562,224.35000610351562,0
2001-05-04,224.14999389648438,224.14999389648438,224.14999389648438,224.14999389648438,0
2001-05-07,220.9600067138672,220.9600067138672,220.9600067138672,220.9600067138672,0
2001-05-08,219.75999450683594,219.75999450683594,219.75999450683594,219.75999450683594,0
2001-05-09,221.5800018310547,221.5800018310547,221.5800018310547,221.5800018310547,0
2001-05-10,223.19000244140625,223.19000244140625,223.19000244140625,223.19000244140625,0
2001-05-11,221.9499969482422,221.9499969482422,221.9499969482422,221.9499969482422,0
2001-05-14,222.3000030517578,222.3000030517578,222.3000030517578,222.3000030517578,0
2001-05-15,224.5800018310547,224.5800018310547,224.5800018310547,224.5800018310547,0
2001-05-16,222.42999267578125,222.42999267578125,222.42999267578125,222.42999267578125,0
2001-05-17,223.02999877929688,223.02999877929688,223.02999877929688,223.02999877929688,0
2001-05-18,227.60000610351562,227.60000610351562,227.60000610351562,227.60000610351562,0
2001-05-21,226.64999389648438,226.64999389648438,226.64999389648438,226.64999389648438,0
2001-05-22,225.22999572753906,225.22999572753906,225.22999572753906,225.22999572753906,0
2001-05-23,224.25999450683594,224.25999450683594,224.25999450683594,224.25999450683594,0
2001-05-24,220.0800018310547,220.0800018310547,220.0800018310547,220.0800018310547,0
2001-05-25,218.38999938964844,218.38999938964844,218.38999938964844,218.38999938964844,0
2001-05-29,218.24000549316406,218.24000549316406,218.24000549316406,218.24000549316406,0
2001-05-30,218.3800048828125,218.3800048828125,218.3800048828125,218.3800048828125,0
2001-05-31,217.6199951171875,217.6199951171875,217.6199951171875,217.6199951171875,0
2001-06-01,216.83999633789062,216.83999633789062,216.83999633789062,216.83999633789062,0
2001-06-04,217.30999755859375,217.30999755859375,217.30999755859375,217.30999755859375,0
2001-06-05,217.14999389648438,217.14999389648438,217.14999389648438,217.14999389648438,0
2001-06-06,214.67999267578125,214.67999267578125,214.67999267578125,214.67999267578125,0
2001-06-07,214.60000610351562,214.60000610351562,214.60000610351562,214.60000610351562,0
2001-06-08,217.85000610351562,217.85000610351562,217.85000610351562,217.85000610351562,0
2001-06-11,221.3000030517578,221.3000030517578,221.3000030517578,221.3000030517578,0
2001-06-12,223.14999389648438,223.14999389648438,223.14999389648438,223.14999389648438,0
2001-06-13,221.44000244140625,221.44000244140625,221.44000244140625,221.44000244140625,0
2001-06-14,221.38999938964844,221.38999938964844,221.38999938964844,221.38999938964844,0
2001-06-15,218.75999450683594,218.75999450683594,218.75999450683594,218.75999450683594,0
2001-06-18,214.86000061035156,214.86000061035156,214.86000061035156,214.86000061035156,0
2001-06-19,215.0399932861328,215.0399932861328,215.0399932861328,215.0399932861328,0
2001-06-20,208.1999969482422,208.1999969482422,208.1999969482422,208.1999969482422,0
2001-06-21,208.19000244140625,208.19000244140625,208.19000244140625,208.19000244140625,0
2001-06-22,208.60000610351562,208.60000610351562,208.60000610351562,208.60000610351562,0
2001-06-25,208.49000549316406,208.49000549316406,208.49000549316406,208.49000549316406,0
2001-06-26,207.74000549316406,207.74000549316406,207.74000549316406,207.74000549316406,0
2001-06-27,201.25999450683594,201.25999450683594,201.25999450683594,201.25999450683594,0
2001-06-28,200.49000549316406,200.49000549316406,200.49000549316406,200.49000549316406,0
2001-06-29,202.66000366210938,202.66000366210938,202.66000366210938,202.66000366210938,0
2001-07-02,201.1699981689453,201.1699981689453,201.1699981689453,201.1699981689453,0
2001-07-03,201.92999267578125,201.92999267578125,201.92999267578125,201.92999267578125,0
2001-07-05,204.07000732421875,204.07000732421875,204.07000732421875,204.07000732421875,0
2001-07-06,208.9499969482422,208.9499969482422,208.9499969482422,208.9499969482422,0
2001-07-09,206.57000732421875,206.57000732421875,206.57000732421875,206.57000732421875,0
2001-07-10,206.3699951171875,206.3699951171875,206.3699951171875,206.3699951171875,0
2001-07-11,205.7899932861328,205.7899932861328,205.7899932861328,205.7899932861328,0
2001-07-12,206.67999267578125,206.67999267578125,206.67999267578125,206.67999267578125,0
2001-07-13,203.6999969482422,203.6999969482422,203.6999969482422,203.6999969482422,0
2001-07-16,201.30999755859375,201.30999755859375,201.30999755859375,201.30999755859375,0
2001-07-17,201.88999938964844,201.88999938964844,201.88999938964844,201.88999938964844,0
2001-07-18,198.27999877929688,198.27999877929688,198.27999877929688,198.27999877929688,0
2001-07-19,196.4499969482422,196.4499969482422,196.4499969482422,196.4499969482422,0
2001-07-20,199.3000030517578,199.3000030517578,199.3000030517578,199.3000030517578,0
2001-07-23,199.89999389648438,199.89999389648438,199.89999389648438,199.89999389648438,0
2001-07-24,200.41000366210938,200.41000366210938,200.41000366210938,200.41000366210938,0
2001-07-25,204.2899932861328,204.2899932861328,204.2899932861328,204.2899932861328,0
2001-07-26,203.61000061035156,203.61000061035156,203.61000061035156,203.61000061035156,0
2001-07-27,204.30999755859375,204.30999755859375,204.30999755859375,204.30999755859375,0
2001-07-30,203.19000244140625,203.19000244140625,203.19000244140625,203.19000244140625,0
2001-07-31,201.72000122070312,201.72000122070312,201.72000122070312,201.72000122070312,0
2001-08-01,201.52000427246094,201.52000427246094,201.52000427246094,201.52000427246094,0
2001-08-02,205.74000549316406,205.74000549316406,205.74000549316406,205.74000549316406,0
2001-08-03,203.75,203.75,203.75,203.75,0
2001-08-06,204.33999633789062,204.33999633789062,204.33999633789062,204.33999633789062,0
2001-08-07,205.32000732421875,205.32000732421875,205.32000732421875,205.32000732421875,0
2001-08-08,204.25999450683594,204.25999450683594,204.25999450683594,204.25999450683594,0
2001-08-09,204.36000061035156,204.36000061035156,204.36000061035156,204.36000061035156,0
2001-08-10,206.4199981689453,206.4199981689453,206.4199981689453,206.4199981689453,0
2001-08-13,206.22999572753906,206.22999572753906,206.22999572753906,206.22999572753906,0
2001-08-14,206.9199981689453,206.9199981689453,206.9199981689453,206.9199981689453,0
2001-08-15,206.97999572753906,206.97999572753906,206.97999572753906,206.97999572753906,0
2001-08-16,205.38999938964844,205.38999938964844,205.38999938964844,205.38999938964844,0
2001-08-17,201.2899932861328,201.2899932861328,201.2899932861328,201.2899932861328,0
2001-08-20,201.72000122070312,201.72000122070312,201.72000122070312,201.72000122070312,0
2001-08-21,203.63999938964844,203.63999938964844,203.63999938964844,203.63999938964844,0
2001-08-22,201.35000610351562,201.35000610351562,201.35000610351562,201.35000610351562,0
2001-08-23,202.52999877929688,202.52999877929688,202.52999877929688,202.52999877929688,0
2001-08-24,203.52000427246094,203.52000427246094,203.52000427246094,203.52000427246094,0
2001-08-27,202.22000122070312,202.22000122070312,202.22000122070312,202.22000122070312,0
2001-08-28,203.1999969482422,203.1999969482422,203.1999969482422,203.1999969482422,0
2001-08-29,203.1300048828125,203.1300048828125,203.1300048828125,203.1300048828125,0
2001-08-30,200.2899932861328,200.2899932861328,200.2899932861328,200.2899932861328,0
2001-08-31,203.0,203.0,203.0,203.0,0
2001-09-04,201.4199981689453,201.4199981689453,201.4199981689453,201.4199981689453,0
2001-09-05,202.1699981689453,202.1699981689453,202.1699981689453,202.1699981689453,0
2001-09-06,203.9600067138672,203.9600067138672,203.9600067138672,203.9600067138672,0
2001-09-07,206.5500030517578,206.5500030517578,206.5500030517578,206.5500030517578,0
2001-09-10,205.00999450683594,205.00999450683594,205.00999450683594,205.00999450683594,0
2001-09-17,210.36000061035156,210.36000061035156,210.36000061035156,210.36000061035156,0
2001-09-18,204.27000427246094,204.27000427246094,204.27000427246094,204.27000427246094,0
2001-09-19,197.97000122070312,197.97000122070312,197.97000122070312,197.97000122070312,0
2001-09-20,197.02000427246094,197.02000427246094,197.02000427246094,197.02000427246094,0
2001-09-21,193.94000244140625,193.94000244140625,193.94000244140625,193.94000244140625,0
2001-09-24,176.91000366210938,176.91000366210938,176.91000366210938,176.91000366210938,0
2001-09-25,176.4499969482422,176.4499969482422,176.4499969482422,176.4499969482422,0
2001-09-26,179.0,179.0,179.0,179.0,0
2001-09-27,179.9199981689453,179.9199981689453,179.9199981689453,179.9199981689453,0
2001-09-28,181.72000122070312,181.72000122070312,181.72000122070312,181.72000122070312,0
2001-10-01,180.5,180.5,180.5,180.5,0
2001-10-02,178.42999267578125,178.42999267578125,178.42999267578125,178.42999267578125,0
2001-10-03,176.4600067138672,176.4600067138672,176.4600067138672,176.4600067138672,0
2001-10-04,179.38999938964844,179.38999938964844,179.38999938964844,179.38999938964844,0
2001-10-05,177.89999389648438,177.89999389648438,177.89999389648438,177.89999389648438,0
2001-10-08,178.44000244140625,178.44000244140625,178.44000244140625,178.44000244140625,0
2001-10-09,179.44000244140625,179.44000244140625,179.44000244140625,179.44000244140625,0
2001-10-10,180.6199951171875,180.6199951171875,180.6199951171875,180.6199951171875,0
2001-10-11,184.1199951171875,184.1199951171875,184.1199951171875,184.1199951171875,0
2001-10-12,179.16000366210938,179.16000366210938,179.16000366210938,179.16000366210938,0
2001-10-15,176.9499969482422,176.9499969482422,176.9499969482422,176.9499969482422,0
2001-10-16,177.5399932861328,177.5399932861328,177.5399932861328,177.5399932861328,0
2001-10-17,176.02000427246094,176.02000427246094,176.02000427246094,176.02000427246094,0
2001-10-18,174.00999450683594,174.00999450683594,174.00999450683594,174.00999450683594,0
2001-10-19,177.82000732421875,177.82000732421875,177.82000732421875,177.82000732421875,0
2001-10-22,177.58999633789062,177.58999633789062,177.58999633789062,177.58999633789062,0
2001-10-23,175.8300018310547,175.8300018310547,175.8300018310547,175.8300018310547,0
2001-10-24,178.77000427246094,178.77000427246094,178.77000427246094,178.77000427246094,0
2001-10-25,177.4600067138672,177.4600067138672,177.4600067138672,177.4600067138672,0
2001-10-26,177.7899932861328,177.7899932861328,177.7899932861328,177.7899932861328,0
2001-10-29,179.0399932861328,179.0399932861328,179.0399932861328,179.0399932861328,0
2001-10-30,177.35000610351562,177.35000610351562,177.35000610351562,177.35000610351562,0
2001-10-31,175.3800048828125,175.3800048828125,175.3800048828125,175.3800048828125,0
2001-11-01,172.0500030517578,172.0500030517578,172.0500030517578,172.0500030517578,0
2001-11-02,170.66000366210938,170.66000366210938,170.66000366210938,170.66000366210938,0
2001-11-05,168.22000122070312,168.22000122070312,168.22000122070312,168.22000122070312,0
2001-11-06,167.16000366210938,167.16000366210938,167.16000366210938,167.16000366210938,0
2001-11-07,168.8000030517578,168.8000030517578,168.8000030517578,168.8000030517578,0
2001-11-08,174.52999877929688,174.52999877929688,174.52999877929688,174.52999877929688,0
2001-11-09,179.5399932861328,179.5399932861328,179.5399932861328,179.5399932861328,0
2001-11-12,175.07000732421875,175.07000732421875,175.07000732421875,175.07000732421875,0
2001-11-13,178.83999633789062,178.83999633789062,178.83999633789062,178.83999633789062,0
2001-11-14,171.0,171.0,171.0,171.0,0
2001-11-15,161.9600067138672,161.9600067138672,161.9600067138672,161.9600067138672,0
2001-11-16,165.00999450683594,165.00999450683594,165.00999450683594,165.00999450683594,0
2001-11-19,165.99000549316406,165.99000549316406,165.99000549316406,165.99000549316406,0
2001-11-20,169.1699981689453,169.1699981689453,169.1699981689453,169.1699981689453,0
2001-11-21,168.30999755859375,168.30999755859375,168.30999755859375,168.30999755859375,0
2001-11-23,169.1199951171875,169.1199951171875,169.1199951171875,169.1199951171875,0
2001-11-26,166.49000549316406,166.49000549316406,166.49000549316406,166.49000549316406,0
2001-11-27,169.88999938964844,169.88999938964844,169.88999938964844,169.88999938964844,0
2001-11-28,167.32000732421875,167.32000732421875,167.32000732421875,167.32000732421875,0
2001-11-29,165.00999450683594,165.00999450683594,165.00999450683594,165.00999450683594,0
2001-11-30,169.5800018310547,169.5800018310547,169.5800018310547,169.5800018310547,0
2001-12-03,171.19000244140625,171.19000244140625,171.19000244140625,171.19000244140625,0
2001-12-04,168.55999755859375,168.55999755859375,168.55999755859375,168.55999755859375,0
2001-12-05,167.5,167.5,167.5,167.5,0
2001-12-06,163.52000427246094,163.52000427246094,163.52000427246094,163.52000427246094,0
2001-12-07,165.47999572753906,165.47999572753906,165.47999572753906,165.47999572753906,0
2001-12-10,163.6300048828125,163.6300048828125,163.6300048828125,163.6300048828125,0
2001-12-11,163.39999389648438,163.39999389648438,163.39999389648438,163.39999389648438,0
2001-12-12,163.99000549316406,163.99000549316406,163.99000549316406,163.99000549316406,0
2001-12-13,163.69000244140625,163.69000244140625,163.69000244140625,163.69000244140625,0
2001-12-14,168.80999755859375,168.80999755859375,168.80999755859375,168.80999755859375,0
2001-12-17,168.14999389648438,168.14999389648438,168.14999389648438,168.14999389648438,0
2001-12-18,168.38999938964844,168.38999938964844,168.38999938964844,168.38999938964844,0
2001-12-19,169.1199951171875,169.1199951171875,169.1199951171875,169.1199951171875,0
2001-12-20,167.0,167.0,167.0,167.0,0
2001-12-21,169.38999938964844,169.38999938964844,169.38999938964844,169.38999938964844,0
2001-12-24,169.66000366210938,169.66000366210938,169.66000366210938,169.66000366210938,0
2001-12-26,174.75999450683594,174.75999450683594,174.75999450683594,174.75999450683594,0
2001-12-27,173.3000030517578,173.3000030517578,173.3000030517578,173.3000030517578,0
2001-12-28,172.4499969482422,172.4499969482422,172.4499969482422,172.4499969482422,0
2001-12-31,169.16000366210938,169.16000366210938,169.16000366210938,169.16000366210938,0
2002-01-02,173.2100067138672,173.2100067138672,173.2100067138672,173.2100067138672,0
2002-01-03,170.32000732421875,170.32000732421875,170.32000732421875,170.32000732421875,0
2002-01-04,175.50999450683594,175.50999450683594,175.50999450683594,175.50999450683594,0
2002-01-07,175.44000244140625,175.44000244140625,175.44000244140625,175.44000244140625,0
2002-01-08,174.9199981689453,174.9199981689453,174.9199981689453,174.9199981689453,0
2002-01-09,171.17999267578125,171.17999267578125,171.17999267578125,171.17999267578125,0
2002-01-10,172.24000549316406,172.24000549316406,172.24000549316406,172.24000549316406,0
2002-01-11,170.94000244140625,170.94000244140625,170.94000244140625,170.94000244140625,0
2002-01-14,167.72999572753906,167.72999572753906,167.72999572753906,167.72999572753906,0
2002-01-15,168.22000122070312,168.22000122070312,168.22000122070312,168.22000122070312,0
2002-01-16,169.4199981689453,169.4199981689453,169.4199981689453,169.4199981689453,0
2002-01-17,165.0800018310547,165.0800018310547,165.0800018310547,165.0800018310547,0
2002-01-18,164.5399932861328,164.5399932861328,164.5399932861328,164.5399932861328,0
2002-01-22,164.41000366210938,164.41000366210938,164.41000366210938,164.41000366210938,0
2002-01-23,166.47000122070312,166.47000122070312,166.47000122070312,166.47000122070312,0
2002-01-24,167.3800048828125,167.3800048828125,167.3800048828125,167.3800048828125,0
2002-01-25,168.38999938964844,168.38999938964844,168.38999938964844,168.38999938964844,0
2002-01-28,167.52000427246094,167.52000427246094,167.52000427246094,167.52000427246094,0
2002-01-29,165.86000061035156,165.86000061035156,165.86000061035156,165.86000061035156,0
2002-01-30,163.6199951171875,163.6199951171875,163.6199951171875,163.6199951171875,0
2002-01-31,166.02999877929688,166.02999877929688,166.02999877929688,166.02999877929688,0
2002-02-01,170.24000549316406,170.24000549316406,170.24000549316406,170.24000549316406,0
2002-02-04,168.6999969482422,168.6999969482422,168.6999969482422,168.6999969482422,0
2002-02-05,168.39999389648438,168.39999389648438,168.39999389648438,168.39999389648438,0
2002-02-06,166.99000549316406,166.99000549316406,166.99000549316406,166.99000549316406,0
2002-02-07,167.25999450683594,167.25999450683594,167.25999450683594,167.25999450683594,0
2002-02-08,170.83999633789062,170.83999633789062,170.83999633789062,170.83999633789062,0
2002-02-11,176.1199951171875,176.1199951171875,176.1199951171875,176.1199951171875,0
2002-02-12,174.7899932861328,174.7899932861328,174.7899932861328,174.7899932861328,0
2002-02-13,176.7100067138672,176.7100067138672,176.7100067138672,176.7100067138672,0
2002-02-14,175.94000244140625,175.94000244140625,175.94000244140625,175.94000244140625,0
2002-02-15,176.10000610351562,176.10000610351562,176.10000610351562,176.10000610351562,0
2002-02-19,174.25,174.25,174.25,174.25,0
2002-02-20,171.67999267578125,171.67999267578125,171.67999267578125,171.67999267578125,0
2002-02-21,173.97999572753906,173.97999572753906,173.97999572753906,173.97999572753906,0
2002-02-22,174.1300048828125,174.1300048828125,174.1300048828125,174.1300048828125,0
2002-02-25,170.52999877929688,170.52999877929688,170.52999877929688,170.52999877929688,0
2002-02-26,174.16000366210938,174.16000366210938,174.16000366210938,174.16000366210938,0
2002-02-27,174.97000122070312,174.97000122070312,174.97000122070312,174.97000122070312,0
2002-02-28,176.52999877929688,176.52999877929688,176.52999877929688,176.52999877929688,0
2002-03-01,180.3000030517578,180.3000030517578,180.3000030517578,180.3000030517578,0
2002-03-04,181.07000732421875,181.07000732421875,181.07000732421875,181.07000732421875,0
2002-03-05,184.2899932861328,184.2899932861328,184.2899932861328,184.2899932861328,0
2002-03-06,184.97999572753906,184.97999572753906,184.97999572753906,184.97999572753906,0
2002-03-07,189.47000122070312,189.47000122070312,189.47000122070312,189.47000122070312,0
2002-03-08,190.30999755859375,190.30999755859375,190.30999755859375,190.30999755859375,0
2002-03-11,194.27000427246094,194.27000427246094,194.27000427246094,194.27000427246094,0
2002-03-12,193.80999755859375,193.80999755859375,193.80999755859375,193.80999755859375,0
2002-03-13,193.49000549316406,193.49000549316406,193.49000549316406,193.49000549316406,0
2002-03-14,195.1300048828125,195.1300048828125,195.1300048828125,195.1300048828125,0
2002-03-15,195.69000244140625,195.69000244140625,195.69000244140625,195.69000244140625,0
2002-03-18,199.0500030517578,199.0500030517578,199.0500030517578,199.0500030517578,0
2002-03-19,198.39999389648438,198.39999389648438,198.39999389648438,198.39999389648438,0
2002-03-20,196.58999633789062,196.58999633789062,196.58999633789062,196.58999633789062,0
2002-03-21,200.1199951171875,200.1199951171875,200.1199951171875,200.1199951171875,0
2002-03-22,198.05999755859375,198.05999755859375,198.05999755859375,198.05999755859375,0
2002-03-25,196.8699951171875,196.8699951171875,196.8699951171875,196.8699951171875,0
2002-03-26,198.30999755859375,198.30999755859375,198.30999755859375,198.30999755859375,0
2002-03-27,200.27000427246094,200.27000427246094,200.27000427246094,200.27000427246094,0
2002-03-28,201.22999572753906,201.22999572753906,201.22999572753906,201.22999572753906,0
2002-04-01,204.60000610351562,204.60000610351562,204.60000610351562,204.60000610351562,0
2002-04-02,210.08999633789062,210.08999633789062,210.08999633789062,210.08999633789062,0
2002-04-03,207.4199981689453,207.4199981689453,207.4199981689453,207.4199981689453,0
2002-04-04,202.69000244140625,202.69000244140625,202.69000244140625,202.69000244140625,0
2002-04-05,199.66000366210938,199.66000366210938,199.66000366210938,199.66000366210938,0
2002-04-08,201.6300048828125,201.6300048828125,201.6300048828125,201.6300048828125,0
2002-04-09,198.4499969482422,198.4499969482422,198.4499969482422,198.4499969482422,0
2002-04-10,198.75,198.75,198.75,198.75,0
2002-04-11,193.27000427246094,193.27000427246094,193.27000427246094,193.27000427246094,0
2002-04-12,186.57000732421875,186.57000732421875,186.57000732421875,186.57000732421875,0
2002-04-15,192.8800048828125,192.8800048828125,192.8800048828125,192.8800048828125,0
2002-04-16,194.00999450683594,194.00999450683594,194.00999450683594,194.00999450683594,0
2002-04-17,199.10000610351562,199.10000610351562,199.10000610351562,199.10000610351562,0
2002-04-18,199.72999572753906,199.72999572753906,199.72999572753906,199.72999572753906,0
2002-04-19,200.1999969482422,200.1999969482422,200.1999969482422,200.1999969482422,0
2002-04-22,200.3000030517578,200.3000030517578,200.3000030517578,200.3000030517578,0
2002-04-23,200.99000549316406,200.99000549316406,200.99000549316406,200.99000549316406,0
2002-04-24,198.66000366210938,198.66000366210938,198.66000366210938,198.66000366210938,0
2002-04-25,199.25,199.25,199.25,199.25,0
2002-04-26,201.0399932861328,201.0399932861328,201.0399932861328,201.0399932861328,0
2002-04-29,203.60000610351562,203.60000610351562,203.60000610351562,203.60000610351562,0
2002-04-30,204.22999572753906,204.22999572753906,204.22999572753906,204.22999572753906,0
2002-05-01,201.39999389648438,201.39999389648438,201.39999389648438,201.39999389648438,0
2002-05-02,198.47000122070312,198.47000122070312,198.47000122070312,198.47000122070312,0
2002-05-03,200.0800018310547,200.0800018310547,200.0800018310547,200.0800018310547,0
2002-05-06,198.0800018310547,198.0800018310547,198.0800018310547,198.0800018310547,0
2002-05-07,199.7899932861328,199.7899932861328,199.7899932861328,199.7899932861328,0
2002-05-08,203.5500030517578,203.5500030517578,203.5500030517578,203.5500030517578,0
2002-05-09,202.72999572753906,202.72999572753906,202.72999572753906,202.72999572753906,0
2002-05-10,204.75,204.75,204.75,204.75,0
2002-05-13,206.67999267578125,206.67999267578125,206.67999267578125,206.67999267578125,0
2002-05-14,210.3699951171875,210.3699951171875,210.3699951171875,210.3699951171875,0
2002-05-15,204.82000732421875,204.82000732421875,204.82000732421875,204.82000732421875,0
2002-05-16,203.9199981689453,203.9199981689453,203.9199981689453,203.9199981689453,0
2002-05-17,203.6999969482422,203.6999969482422,203.6999969482422,203.6999969482422,0
2002-05-20,203.44000244140625,203.44000244140625,203.44000244140625,203.44000244140625,0
2002-05-21,199.2100067138672,199.2100067138672,199.2100067138672,199.2100067138672,0
2002-05-22,199.42999267578125,199.42999267578125,199.42999267578125,199.42999267578125,0
2002-05-23,198.86000061035156,198.86000061035156,198.86000061035156,198.86000061035156,0
2002-05-24,197.3800048828125,197.3800048828125,197.3800048828125,197.3800048828125,0
2002-05-28,194.7899932861328,194.7899932861328,194.7899932861328,194.7899932861328,0
2002-05-29,197.5800018310547,197.5800018310547,197.5800018310547,197.5800018310547,0
2002-05-30,191.35000610351562,191.35000610351562,191.35000610351562,191.35000610351562,0
2002-05-31,194.2899932861328,194.2899932861328,194.2899932861328,194.2899932861328,0
2002-06-03,193.97999572753906,193.97999572753906,193.97999572753906,193.97999572753906,0
2002-06-04,194.97000122070312,194.97000122070312,194.97000122070312,194.97000122070312,0
2002-06-05,193.4600067138672,193.4600067138672,193.4600067138672,193.4600067138672,0
2002-06-06,192.86000061035156,192.86000061035156,192.86000061035156,192.86000061035156,0
2002-06-07,192.41000366210938,192.41000366210938,192.41000366210938,192.41000366210938,0
2002-06-10,190.52000427246094,190.52000427246094,190.52000427246094,190.52000427246094,0
2002-06-11,190.0,190.0,190.0,190.0,0
2002-06-12,192.3699951171875,192.3699951171875,192.3699951171875,192.3699951171875,0
2002-06-13,198.32000732421875,198.32000732421875,198.32000732421875,198.32000732421875,0
2002-06-14,199.75,199.75,199.75,199.75,0
2002-06-17,200.63999938964844,200.63999938964844,200.63999938964844,200.63999938964844,0
2002-06-18,197.91000366210938,197.91000366210938,197.91000366210938,197.91000366210938,0
2002-06-19,197.49000549316406,197.49000549316406,197.49000549316406,197.49000549316406,0
2002-06-20,198.44000244140625,198.44000244140625,198.44000244140625,198.44000244140625,0
2002-06-21,197.2899932861328,197.2899932861328,197.2899932861328,197.2899932861328,0
2002-06-24,201.66000366210938,201.66000366210938,201.66000366210938,201.66000366210938,0
2002-06-25,201.4199981689453,201.4199981689453,201.4199981689453,201.4199981689453,0
2002-06-26,201.75999450683594,201.75999450683594,201.75999450683594,201.75999450683594,0
2002-06-27,202.58999633789062,202.58999633789062,202.58999633789062,202.58999633789062,0
2002-06-28,202.77999877929688,202.77999877929688,202.77999877929688,202.77999877929688,0
2002-07-01,203.80999755859375,203.80999755859375,203.80999755859375,203.80999755859375,0
2002-07-02,203.55999755859375,203.55999755859375,203.55999755859375,203.55999755859375,0
2002-07-03,203.2899932861328,203.2899932861328,203.2899932861328,203.2899932861328,0
2002-07-05,203.8000030517578,203.8000030517578,203.8000030517578,203.8000030517578,0
2002-07-08,198.9600067138672,198.9600067138672,198.9600067138672,198.9600067138672,0
2002-07-09,199.9499969482422,199.9499969482422,199.9499969482422,199.9499969482422,0
2002-07-10,202.60000610351562,202.60000610351562,202.60000610351562,202.60000610351562,0
2002-07-11,202.7899932861328,202.7899932861328,202.7899932861328,202.7899932861328,0
2002-07-12,204.52000427246094,204.52000427246094,204.52000427246094,204.52000427246094,0
2002-07-15,203.30999755859375,203.30999755859375,203.30999755859375,203.30999755859375,0
2002-07-16,207.0399932861328,207.0399932861328,207.0399932861328,207.0399932861328,0
2002-07-17,207.3300018310547,207.3300018310547,207.3300018310547,207.3300018310547,0
2002-07-18,206.9499969482422,206.9499969482422,206.9499969482422,206.9499969482422,0
2002-07-19,207.3300018310547,207.3300018310547,207.3300018310547,207.3300018310547,0
2002-07-22,203.52999877929688,203.52999877929688,203.52999877929688,203.52999877929688,0
2002-07-23,200.35000610351562,200.35000610351562,200.35000610351562,200.35000610351562,0
2002-07-24,203.25,203.25,203.25,203.25,0
2002-07-25,202.0800018310547,202.0800018310547,202.0800018310547,202.0800018310547,0
2002-07-26,200.85000610351562,200.85000610351562,200.85000610351562,200.85000610351562,0
2002-07-29,199.8300018310547,199.8300018310547,199.8300018310547,199.8300018310547,0
2002-07-30,203.58999633789062,203.58999633789062,203.58999633789062,203.58999633789062,0
2002-07-31,203.39999389648438,203.39999389648438,203.39999389648438,203.39999389648438,0
2002-08-01,200.2899932861328,200.2899932861328,200.2899932861328,200.2899932861328,0
2002-08-02,201.64999389648438,201.64999389648438,201.64999389648438,201.64999389648438,0
2002-08-05,199.1699981689453,199.1699981689453,199.1699981689453,199.1699981689453,0
2002-08-06,201.91000366210938,201.91000366210938,201.91000366210938,201.91000366210938,0
2002-08-07,199.27000427246094,199.27000427246094,199.27000427246094,199.27000427246094,0
2002-08-08,199.97999572753906,199.97999572753906,199.97999572753906,199.97999572753906,0
2002-08-09,201.35000610351562,201.35000610351562,201.35000610351562,201.35000610351562,0
2002-08-12,206.0,206.0,206.0,206.0,0
2002-08-13,206.88999938964844,206.88999938964844,206.88999938964844,206.88999938964844,0
2002-08-14,207.72999572753906,207.72999572753906,207.72999572753906,207.72999572753906,0
2002-08-15,212.6199951171875,212.6199951171875,212.6199951171875,212.6199951171875,0
2002-08-16,212.77999877929688,212.77999877929688,212.77999877929688,212.77999877929688,0
2002-08-19,213.83999633789062,213.83999633789062,213.83999633789062,213.83999633789062,0
2002-08-20,212.4199981689453,212.4199981689453,212.4199981689453,212.4199981689453,0
2002-08-21,214.8300018310547,214.8300018310547,214.8300018310547,214.8300018310547,0
2002-08-22,215.1300048828125,215.1300048828125,215.1300048828125,215.1300048828125,0
2002-08-23,214.2899932861328,214.2899932861328,214.2899932861328,214.2899932861328,0
2002-08-26,217.13999938964844,217.13999938964844,217.13999938964844,217.13999938964844,0
2002-08-27,215.8300018310547,215.8300018310547,215.8300018310547,215.8300018310547,0
2002-08-28,213.41000366210938,213.41000366210938,213.41000366210938,213.41000366210938,0
2002-08-29,214.3300018310547,214.3300018310547,214.3300018310547,214.3300018310547,0
2002-08-30,215.22999572753906,215.22999572753906,215.22999572753906,215.22999572753906,0
2002-09-03,209.6999969482422,209.6999969482422,209.6999969482422,209.6999969482422,0
2002-09-04,213.32000732421875,213.32000732421875,213.32000732421875,213.32000732421875,0
2002-09-05,217.72999572753906,217.72999572753906,217.72999572753906,217.72999572753906,0
2002-09-06,221.0,221.0,221.0,221.0,0
2002-09-09,223.83999633789062,223.83999633789062,223.83999633789062,223.83999633789062,0
2002-09-10,224.7899932861328,224.7899932861328,224.7899932861328,224.7899932861328,0
2002-09-11,225.16000366210938,225.16000366210938,225.16000366210938,225.16000366210938,0
2002-09-12,221.69000244140625,221.69000244140625,221.69000244140625,221.69000244140625,0
2002-09-13,225.8300018310547,225.8300018310547,225.8300018310547,225.8300018310547,0
2002-09-16,225.61000061035156,225.61000061035156,225.61000061035156,225.61000061035156,0
2002-09-17,223.88999938964844,223.88999938964844,223.88999938964844,223.88999938964844,0
2002-09-18,226.4199981689453,226.4199981689453,226.4199981689453,226.4199981689453,0
2002-09-19,225.8800048828125,225.8800048828125,225.8800048828125,225.8800048828125,0
2002-09-20,225.50999450683594,225.50999450683594,225.50999450683594,225.50999450683594,0
2002-09-23,228.5800018310547,228.5800018310547,228.5800018310547,228.5800018310547,0
2002-09-24,228.1699981689453,228.1699981689453,228.1699981689453,228.1699981689453,0
2002-09-25,226.66000366210938,226.66000366210938,226.66000366210938,226.66000366210938,0
2002-09-26,226.8800048828125,226.8800048828125,226.8800048828125,226.8800048828125,0
2002-09-27,227.94000244140625,227.94000244140625,227.94000244140625,227.94000244140625,0
2002-09-30,227.52999877929688,227.52999877929688,227.52999877929688,227.52999877929688,0
2002-10-01,229.1199951171875,229.1199951171875,229.1199951171875,229.1199951171875,0
2002-10-02,228.38999938964844,228.38999938964844,228.38999938964844,228.38999938964844,0
2002-10-03,222.72000122070312,222.72000122070312,222.72000122070312,222.72000122070312,0
2002-10-04,221.91000366210938,221.91000366210938,221.91000366210938,221.91000366210938,0
2002-10-07,222.60000610351562,222.60000610351562,222.60000610351562,222.60000610351562,0
2002-10-08,223.5399932861328,223.5399932861328,223.5399932861328,223.5399932861328,0
2002-10-09,223.2899932861328,223.2899932861328,223.2899932861328,223.2899932861328,0
2002-10-10,220.9600067138672,220.9600067138672,220.9600067138672,220.9600067138672,0
2002-10-11,224.02999877929688,224.02999877929688,224.02999877929688,224.02999877929688,0
2002-10-14,227.27000427246094,227.27000427246094,227.27000427246094,227.27000427246094,0
2002-10-15,228.02000427246094,228.02000427246094,228.02000427246094,228.02000427246094,0
2002-10-16,227.3800048828125,227.3800048828125,227.3800048828125,227.3800048828125,0
2002-10-17,228.3300018310547,228.3300018310547,228.3300018310547,228.3300018310547,0
2002-10-18,227.72999572753906,227.72999572753906,227.72999572753906,227.72999572753906,0
2002-10-21,221.82000732421875,221.82000732421875,221.82000732421875,221.82000732421875,0
2002-10-22,220.0500030517578,220.0500030517578,220.0500030517578,220.0500030517578,0
2002-10-23,220.99000549316406,220.99000549316406,220.99000549316406,220.99000549316406,0
2002-10-24,221.16000366210938,221.16000366210938,221.16000366210938,221.16000366210938,0
2002-10-25,216.5800018310547,216.5800018310547,216.5800018310547,216.5800018310547,0
2002-10-28,217.66000366210938,217.66000366210938,217.66000366210938,217.66000366210938,0
2002-10-29,215.42999267578125,215.42999267578125,215.42999267578125,215.42999267578125,0
2002-10-30,215.9499969482422,215.9499969482422,215.9499969482422,215.9499969482422,0
2002-10-31,217.4199981689453,217.4199981689453,217.4199981689453,217.4199981689453,0
2002-11-01,217.11000061035156,217.11000061035156,217.11000061035156,217.11000061035156,0
2002-11-04,215.08999633789062,215.08999633789062,215.08999633789062,215.08999633789062,0
2002-11-05,211.3000030517578,211.3000030517578,211.3000030517578,211.3000030517578,0
2002-11-06,209.25999450683594,209.25999450683594,209.25999450683594,209.25999450683594,0
2002-11-07,207.5399932861328,207.5399932861328,207.5399932861328,207.5399932861328,0
2002-11-08,207.8300018310547,207.8300018310547,207.8300018310547,207.8300018310547,0
2002-11-11,208.0800018310547,208.0800018310547,208.0800018310547,208.0800018310547,0
2002-11-12,207.67999267578125,207.67999267578125,207.67999267578125,207.67999267578125,0
2002-11-13,204.5800018310547,204.5800018310547,204.5800018310547,204.5800018310547,0
2002-11-14,205.33999633789062,205.33999633789062,205.33999633789062,205.33999633789062,0
2002-11-15,207.24000549316406,207.24000549316406,207.24000549316406,207.24000549316406,0
2002-11-18,212.9600067138672,212.9600067138672,212.9600067138672,212.9600067138672,0
2002-11-19,212.6199951171875,212.6199951171875,212.6199951171875,212.6199951171875,0
2002-11-20,215.13999938964844,215.13999938964844,215.13999938964844,215.13999938964844,0
2002-11-21,216.52000427246094,216.52000427246094,216.52000427246094,216.52000427246094,0
2002-11-22,218.41000366210938,218.41000366210938,218.41000366210938,218.41000366210938,0
2002-11-25,215.66000366210938,215.66000366210938,215.66000366210938,215.66000366210938,0
2002-11-26,215.75,215.75,215.75,215.75,0
2002-11-27,217.8000030517578,217.8000030517578,217.8000030517578,217.8000030517578,0
2002-11-29,217.50999450683594,217.50999450683594,217.50999450683594,217.50999450683594,0
2002-12-02,220.10000610351562,220.10000610351562,220.10000610351562,220.10000610351562,0
2002-12-03,219.08999633789062,219.08999633789062,219.08999633789062,219.08999633789062,0
2002-12-04,216.60000610351562,216.60000610351562,216.60000610351562,216.60000610351562,0
2002-12-05,219.0500030517578,219.0500030517578,219.0500030517578,219.0500030517578,0
2002-12-06,217.16000366210938,217.16000366210938,217.16000366210938,217.16000366210938,0
2002-12-09,217.9499969482422,217.9499969482422,217.9499969482422,217.9499969482422,0
2002-12-10,221.8300018310547,221.8300018310547,221.8300018310547,221.8300018310547,0
2002-12-11,221.22000122070312,221.22000122070312,221.22000122070312,221.22000122070312,0
2002-12-12,225.5399932861328,225.5399932861328,225.5399932861328,225.5399932861328,0
2002-12-13,228.9199981689453,228.9199981689453,228.9199981689453,228.9199981689453,0
2002-12-16,235.72999572753906,235.72999572753906,235.72999572753906,235.72999572753906,0
2002-12-17,234.7100067138672,234.7100067138672,234.7100067138672,234.7100067138672,0
2002-12-18,236.99000549316406,236.99000549316406,236.99000549316406,236.99000549316406,0
2002-12-19,235.77999877929688,235.77999877929688,235.77999877929688,235.77999877929688,0
2002-12-20,236.05999755859375,236.05999755859375,236.05999755859375,236.05999755859375,0
2002-12-23,242.00999450683594,242.00999450683594,242.00999450683594,242.00999450683594,0
2002-12-24,243.14999389648438,243.14999389648438,243.14999389648438,243.14999389648438,0
2002-12-26,243.0399932861328,243.0399932861328,243.0399932861328,243.0399932861328,0
2002-12-27,243.75999450683594,243.75999450683594,243.75999450683594,243.75999450683594,0
2002-12-30,236.75,236.75,236.75,236.75,0
2002-12-31,235.14999389648438,235.14999389648438,235.14999389648438,235.14999389648438,0
2003-01-02,240.85000610351562,240.85000610351562,240.85000610351562,240.85000610351562,0
2003-01-03,246.8800048828125,246.8800048828125,246.8800048828125,246.8800048828125,0
2003-01-06,240.72999572753906,240.72999572753906,240.72999572753906,240.72999572753906,0
2003-01-07,237.32000732421875,237.32000732421875,237.32000732421875,237.32000732421875,0
2003-01-08,235.72000122070312,235.72000122070312,235.72000122070312,235.72000122070312,0
2003-01-09,241.66000366210938,241.66000366210938,241.66000366210938,241.66000366210938,0
2003-01-10,237.9499969482422,237.9499969482422,237.9499969482422,237.9499969482422,0
2003-01-13,240.00999450683594,240.00999450683594,240.00999450683594,240.00999450683594,0
2003-01-14,240.0399932861328,240.0399932861328,240.0399932861328,240.0399932861328,0
2003-01-15,243.8000030517578,243.8000030517578,243.8000030517578,243.8000030517578,0
2003-01-16,246.3000030517578,246.3000030517578,246.3000030517578,246.3000030517578,0
2003-01-17,246.22999572753906,246.22999572753906,246.22999572753906,246.22999572753906,0
2003-01-21,246.50999450683594,246.50999450683594,246.50999450683594,246.50999450683594,0
2003-01-22,246.86000061035156,246.86000061035156,246.86000061035156,246.86000061035156,0
2003-01-23,244.16000366210938,244.16000366210938,244.16000366210938,244.16000366210938,0
2003-01-24,248.7100067138672,248.7100067138672,248.7100067138672,248.7100067138672,0
2003-01-27,244.24000549316406,244.24000549316406,244.24000549316406,244.24000549316406,0
2003-01-28,246.8000030517578,246.8000030517578,246.8000030517578,246.8000030517578,0
2003-01-29,252.9199981689453,252.9199981689453,252.9199981689453,252.9199981689453,0
2003-01-30,254.14999389648438,254.14999389648438,254.14999389648438,254.14999389648438,0
2003-01-31,253.4499969482422,253.4499969482422,253.4499969482422,253.4499969482422,0
2003-02-03,251.4499969482422,251.4499969482422,251.4499969482422,251.4499969482422,0
2003-02-04,255.44000244140625,255.44000244140625,255.44000244140625,255.44000244140625,0
2003-02-05,257.2900085449219,257.2900085449219,257.2900085449219,257.2900085449219,0
2003-02-06,259.510009765625,259.510009765625,259.510009765625,259.510009765625,0
2003-02-07,264.8999938964844,264.8999938964844,264.8999938964844,264.8999938964844,0
2003-02-10,260.17999267578125,260.17999267578125,260.17999267578125,260.17999267578125,0
2003-02-11,262.8900146484375,262.8900146484375,262.8900146484375,262.8900146484375,0
2003-02-12,259.5799865722656,259.5799865722656,259.5799865722656,259.5799865722656,0
2003-02-13,260.19000244140625,260.19000244140625,260.19000244140625,260.19000244140625,0
2003-02-14,261.2300109863281,261.2300109863281,261.2300109863281,261.2300109863281,0
2003-02-18,261.1000061035156,261.1000061035156,261.1000061035156,261.1000061035156,0
2003-02-19,263.20001220703125,263.20001220703125,263.20001220703125,263.20001220703125,0
2003-02-20,259.8800048828125,259.8800048828125,259.8800048828125,259.8800048828125,0
2003-02-21,265.6600036621094,265.6600036621094,265.6600036621094,265.6600036621094,0
2003-02-24,276.6700134277344,276.6700134277344,276.6700134277344,276.6700134277344,0
2003-02-25,268.1199951171875,268.1199951171875,268.1199951171875,268.1199951171875,0
2003-02-26,277.6000061035156,277.6000061035156,277.6000061035156,277.6000061035156,0
2003-02-27,276.0899963378906,276.0899963378906,276.0899963378906,276.0899963378906,0
2003-02-28,278.57000732421875,278.57000732421875,278.57000732421875,278.57000732421875,0
2003-03-03,271.0899963378906,271.0899963378906,271.0899963378906,271.0899963378906,0
2003-03-04,273.79998779296875,273.79998779296875,273.79998779296875,273.79998779296875,0
2003-03-05,272.3399963378906,272.3399963378906,272.3399963378906,272.3399963378906,0
2003-03-06,273.1300048828125,273.1300048828125,273.1300048828125,273.1300048828125,0
2003-03-07,276.1499938964844,276.1499938964844,276.1499938964844,276.1499938964844,0
2003-03-10,270.3699951171875,270.3699951171875,270.3699951171875,270.3699951171875,0
2003-03-11,263.3900146484375,263.3900146484375,263.3900146484375,263.3900146484375,0
2003-03-12,264.32000732421875,264.32000732421875,264.32000732421875,264.32000732421875,0
2003-03-13,253.86000061035156,253.86000061035156,253.86000061035156,253.86000061035156,0
2003-03-14,248.1999969482422,248.1999969482422,248.1999969482422,248.1999969482422,0
2003-03-17,243.99000549316406,243.99000549316406,243.99000549316406,243.99000549316406,0
2003-03-18,233.5800018310547,233.5800018310547,233.5800018310547,233.5800018310547,0
2003-03-19,230.99000549316406,230.99000549316406,230.99000549316406,230.99000549316406,0
2003-03-20,225.8800048828125,225.8800048828125,225.8800048828125,225.8800048828125,0
2003-03-21,218.5800018310547,218.5800018310547,218.5800018310547,218.5800018310547,0
2003-03-24,225.27000427246094,225.27000427246094,225.27000427246094,225.27000427246094,0
2003-03-25,221.05999755859375,221.05999755859375,221.05999755859375,221.05999755859375,0
2003-03-26,223.10000610351562,223.10000610351562,223.10000610351562,223.10000610351562,0
2003-03-27,230.42999267578125,230.42999267578125,230.42999267578125,230.42999267578125,0
2003-03-28,228.99000549316406,228.99000549316406,228.99000549316406,228.99000549316406,0
2003-03-31,232.27999877929688,232.27999877929688,232.27999877929688,232.27999877929688,0
2003-04-01,227.36000061035156,227.36000061035156,227.36000061035156,227.36000061035156,0
2003-04-02,222.1999969482422,222.1999969482422,222.1999969482422,222.1999969482422,0
2003-04-03,222.72999572753906,222.72999572753906,222.72999572753906,222.72999572753906,0
2003-04-04,221.47999572753906,221.47999572753906,221.47999572753906,221.47999572753906,0
2003-04-07,220.25,220.25,220.25,220.25,0
2003-04-08,219.61000061035156,219.61000061035156,219.61000061035156,219.61000061035156,0
2003-04-09,223.5800018310547,223.5800018310547,223.5800018310547,223.5800018310547,0
2003-04-10,219.63999938964844,219.63999938964844,219.63999938964844,219.63999938964844,0
2003-04-11,220.9199981689453,220.9199981689453,220.9199981689453,220.9199981689453,0
2003-04-14,221.25,221.25,221.25,221.25,0
2003-04-15,224.4499969482422,224.4499969482422,224.4499969482422,224.4499969482422,0
2003-04-16,224.2899932861328,224.2899932861328,224.2899932861328,224.2899932861328,0
2003-04-17,228.8000030517578,228.8000030517578,228.8000030517578,228.8000030517578,0
2003-04-21,230.17999267578125,230.17999267578125,230.17999267578125,230.17999267578125,0
2003-04-22,226.5399932861328,226.5399932861328,226.5399932861328,226.5399932861328,0
2003-04-23,220.77999877929688,220.77999877929688,220.77999877929688,220.77999877929688,0
2003-04-24,220.11000061035156,220.11000061035156,220.11000061035156,220.11000061035156,0
2003-04-25,219.0800018310547,219.0800018310547,219.0800018310547,219.0800018310547,0
2003-04-28,213.66000366210938,213.66000366210938,213.66000366210938,213.66000366210938,0
2003-04-29,212.58999633789062,212.58999633789062,212.58999633789062,212.58999633789062,0
2003-04-30,215.63999938964844,215.63999938964844,215.63999938964844,215.63999938964844,0
2003-05-01,215.9199981689453,215.9199981689453,215.9199981689453,215.9199981689453,0
2003-05-02,213.94000244140625,213.94000244140625,213.94000244140625,213.94000244140625,0
2003-05-05,218.8800048828125,218.8800048828125,218.8800048828125,218.8800048828125,0
2003-05-06,216.3300018310547,216.3300018310547,216.3300018310547,216.3300018310547,0
2003-05-07,219.02000427246094,219.02000427246094,219.02000427246094,219.02000427246094,0
2003-05-08,222.66000366210938,222.66000366210938,222.66000366210938,222.66000366210938,0
2003-05-09,226.89999389648438,226.89999389648438,226.89999389648438,226.89999389648438,0
2003-05-12,226.8000030517578,226.8000030517578,226.8000030517578,226.8000030517578,0
2003-05-13,232.24000549316406,232.24000549316406,232.24000549316406,232.24000549316406,0
2003-05-14,235.0399932861328,235.0399932861328,235.0399932861328,235.0399932861328,0
2003-05-15,233.17999267578125,233.17999267578125,233.17999267578125,233.17999267578125,0
2003-05-16,234.27000427246094,234.27000427246094,234.27000427246094,234.27000427246094,0
2003-05-19,231.0399932861328,231.0399932861328,231.0399932861328,231.0399932861328,0
2003-05-20,231.50999450683594,231.50999450683594,231.50999450683594,231.50999450683594,0
2003-05-21,234.91000366210938,234.91000366210938,234.91000366210938,234.91000366210938,0
2003-05-22,233.05999755859375,233.05999755859375,233.05999755859375,233.05999755859375,0
2003-05-23,234.14999389648438,234.14999389648438,234.14999389648438,234.14999389648438,0
2003-05-27,233.50999450683594,233.50999450683594,233.50999450683594,233.50999450683594,0
2003-05-28,230.27999877929688,230.27999877929688,230.27999877929688,230.27999877929688,0
2003-05-29,232.9499969482422,232.9499969482422,232.9499969482422,232.9499969482422,0
2003-05-30,235.24000549316406,235.24000549316406,235.24000549316406,235.24000549316406,0
2003-06-02,240.63999938964844,240.63999938964844,240.63999938964844,240.63999938964844,0
2003-06-03,239.77000427246094,239.77000427246094,239.77000427246094,239.77000427246094,0
2003-06-04,236.97000122070312,236.97000122070312,236.97000122070312,236.97000122070312,0
2003-06-05,240.7100067138672,240.7100067138672,240.7100067138672,240.7100067138672,0
2003-06-06,242.4199981689453,242.4199981689453,242.4199981689453,242.4199981689453,0
2003-06-09,241.64999389648438,241.64999389648438,241.64999389648438,241.64999389648438,0
2003-06-10,242.52999877929688,242.52999877929688,242.52999877929688,242.52999877929688,0
2003-06-11,242.86000061035156,242.86000061035156,242.86000061035156,242.86000061035156,0
2003-06-12,235.83999633789062,235.83999633789062,235.83999633789062,235.83999633789062,0
2003-06-13,230.75,230.75,230.75,230.75,0
2003-06-16,231.5,231.5,231.5,231.5,0
2003-06-17,232.2100067138672,232.2100067138672,232.2100067138672,232.2100067138672,0
2003-06-18,229.52999877929688,229.52999877929688,229.52999877929688,229.52999877929688,0
2003-06-19,230.13999938964844,230.13999938964844,230.13999938964844,230.13999938964844,0
2003-06-20,232.94000244140625,232.94000244140625,232.94000244140625,232.94000244140625,0
2003-06-23,231.49000549316406,231.49000549316406,231.49000549316406,231.49000549316406,0
2003-06-24,228.8000030517578,228.8000030517578,228.8000030517578,228.8000030517578,0
2003-06-25,234.3800048828125,234.3800048828125,234.3800048828125,234.3800048828125,0
2003-06-26,227.7899932861328,227.7899932861328,227.7899932861328,227.7899932861328,0
2003-06-27,229.22999572753906,229.22999572753906,229.22999572753906,229.22999572753906,0
2003-06-30,233.1999969482422,233.1999969482422,233.1999969482422,233.1999969482422,0
2003-07-01,233.82000732421875,233.82000732421875,233.82000732421875,233.82000732421875,0
2003-07-02,232.72000122070312,232.72000122070312,232.72000122070312,232.72000122070312,0
2003-07-03,233.47000122070312,233.47000122070312,233.47000122070312,233.47000122070312,0
2003-07-07,233.22000122070312,233.22000122070312,233.22000122070312,233.22000122070312,0
2003-07-08,234.50999450683594,234.50999450683594,234.50999450683594,234.50999450683594,0
2003-07-09,237.8800048828125,237.8800048828125,237.8800048828125,237.8800048828125,0
2003-07-10,236.27000427246094,236.27000427246094,236.27000427246094,236.27000427246094,0
2003-07-11,236.55999755859375,236.55999755859375,236.55999755859375,236.55999755859375,0
2003-07-14,235.7899932861328,235.7899932861328,235.7899932861328,235.7899932861328,0
2003-07-15,234.9199981689453,234.9199981689453,234.9199981689453,234.9199981689453,0
2003-07-16,231.49000549316406,231.49000549316406,231.49000549316406,231.49000549316406,0
2003-07-17,233.25999450683594,233.25999450683594,233.25999450683594,233.25999450683594,0
2003-07-18,234.99000549316406,234.99000549316406,234.99000549316406,234.99000549316406,0
2003-07-21,234.5800018310547,234.5800018310547,234.5800018310547,234.5800018310547,0
2003-07-22,227.52000427246094,227.52000427246094,227.52000427246094,227.52000427246094,0
2003-07-23,229.02000427246094,229.02000427246094,229.02000427246094,229.02000427246094,0
2003-07-24,230.66000366210938,230.66000366210938,230.66000366210938,230.66000366210938,0
2003-07-25,230.91000366210938,230.91000366210938,230.91000366210938,230.91000366210938,0
2003-07-28,231.0399932861328,231.0399932861328,231.0399932861328,231.0399932861328,0
2003-07-29,231.2899932861328,231.2899932861328,231.2899932861328,231.2899932861328,0
2003-07-30,232.85000610351562,232.85000610351562,232.85000610351562,232.85000610351562,0
2003-07-31,233.16000366210938,233.16000366210938,233.16000366210938,233.16000366210938,0
2003-08-01,241.80999755859375,241.80999755859375,241.80999755859375,241.80999755859375,0
2003-08-04,238.63999938964844,238.63999938964844,238.63999938964844,238.63999938964844,0
2003-08-05,240.4600067138672,240.4600067138672,240.4600067138672,240.4600067138672,0
2003-08-06,239.4199981689453,239.4199981689453,239.4199981689453,239.4199981689453,0
2003-08-07,243.89999389648438,243.89999389648438,243.89999389648438,243.89999389648438,0
2003-08-08,242.42999267578125,242.42999267578125,242.42999267578125,242.42999267578125,0
2003-08-11,242.00999450683594,242.00999450683594,242.00999450683594,242.00999450683594,0
2003-08-12,242.91000366210938,242.91000366210938,242.91000366210938,242.91000366210938,0
2003-08-13,238.91000366210938,238.91000366210938,238.91000366210938,238.91000366210938,0
2003-08-14,238.38999938964844,238.38999938964844,238.38999938964844,238.38999938964844,0
2003-08-15,238.11000061035156,238.11000061035156,238.11000061035156,238.11000061035156,0
2003-08-18,238.77999877929688,238.77999877929688,238.77999877929688,238.77999877929688,0
2003-08-19,237.89999389648438,237.89999389648438,237.89999389648438,237.89999389648438,0
2003-08-20,240.88999938964844,240.88999938964844,240.88999938964844,240.88999938964844,0
2003-08-21,245.3800048828125,245.3800048828125,245.3800048828125,245.3800048828125,0
2003-08-22,245.91000366210938,245.91000366210938,245.91000366210938,245.91000366210938,0
2003-08-25,243.47999572753906,243.47999572753906,243.47999572753906,243.47999572753906,0
2003-08-26,244.2100067138672,244.2100067138672,244.2100067138672,244.2100067138672,0
2003-08-27,240.58999633789062,240.58999633789062,240.58999633789062,240.58999633789062,0
2003-08-28,241.9600067138672,241.9600067138672,241.9600067138672,241.9600067138672,0
2003-08-29,242.4600067138672,242.4600067138672,242.4600067138672,242.4600067138672,0
2003-09-02,232.17999267578125,232.17999267578125,232.17999267578125,232.17999267578125,0
2003-09-03,233.1699981689453,233.1699981689453,233.1699981689453,233.1699981689453,0
2003-09-04,232.14999389648438,232.14999389648438,232.14999389648438,232.14999389648438,0
2003-09-05,231.58999633789062,231.58999633789062,231.58999633789062,231.58999633789062,0
2003-09-08,231.3300018310547,231.3300018310547,231.3300018310547,231.3300018310547,0
2003-09-09,232.91000366210938,232.91000366210938,232.91000366210938,232.91000366210938,0
2003-09-10,234.75999450683594,234.75999450683594,234.75999450683594,234.75999450683594,0
2003-09-11,231.8300018310547,231.8300018310547,231.8300018310547,231.8300018310547,0
2003-09-12,229.41000366210938,229.41000366210938,229.41000366210938,229.41000366210938,0
2003-09-15,228.64999389648438,228.64999389648438,228.64999389648438,228.64999389648438,0
2003-09-16,225.4199981689453,225.4199981689453,225.4199981689453,225.4199981689453,0
2003-09-17,222.80999755859375,222.80999755859375,222.80999755859375,222.80999755859375,0
2003-09-18,221.8300018310547,221.8300018310547,221.8300018310547,221.8300018310547,0
2003-09-19,221.3000030517578,221.3000030517578,221.3000030517578,221.3000030517578,0
2003-09-22,222.49000549316406,222.49000549316406,222.49000549316406,222.49000549316406,0
2003-09-23,222.35000610351562,222.35000610351562,222.35000610351562,222.35000610351562,0
2003-09-24,228.10000610351562,228.10000610351562,228.10000610351562,228.10000610351562,0
2003-09-25,228.22000122070312,228.22000122070312,228.22000122070312,228.22000122070312,0
2003-09-26,226.82000732421875,226.82000732421875,226.82000732421875,226.82000732421875,0
2003-09-29,229.42999267578125,229.42999267578125,229.42999267578125,229.42999267578125,0
2003-09-30,232.6300048828125,232.6300048828125,232.6300048828125,232.6300048828125,0
2003-10-01,233.27000427246094,233.27000427246094,233.27000427246094,233.27000427246094,0
2003-10-02,235.33999633789062,235.33999633789062,235.33999633789062,235.33999633789062,0
2003-10-03,237.7100067138672,237.7100067138672,237.7100067138672,237.7100067138672,0
2003-10-06,238.30999755859375,238.30999755859375,238.30999755859375,238.30999755859375,0
2003-10-07,240.07000732421875,240.07000732421875,240.07000732421875,240.07000732421875,0
2003-10-08,238.66000366210938,238.66000366210938,238.66000366210938,238.66000366210938,0
2003-10-09,246.60000610351562,246.60000610351562,246.60000610351562,246.60000610351562,0
2003-10-10,252.2899932861328,252.2899932861328,252.2899932861328,252.2899932861328,0
2003-10-13,252.94000244140625,252.94000244140625,252.94000244140625,252.94000244140625,0
2003-10-14,251.4499969482422,251.4499969482422,251.4499969482422,251.4499969482422,0
2003-10-15,251.19000244140625,251.19000244140625,251.19000244140625,251.19000244140625,0
2003-10-16,249.57000732421875,249.57000732421875,249.57000732421875,249.57000732421875,0
2003-10-17,243.41000366210938,243.41000366210938,243.41000366210938,243.41000366210938,0
2003-10-20,241.00999450683594,241.00999450683594,241.00999450683594,241.00999450683594,0
2003-10-21,241.32000732421875,241.32000732421875,241.32000732421875,241.32000732421875,0
2003-10-22,240.50999450683594,240.50999450683594,240.50999450683594,240.50999450683594,0
2003-10-23,243.27000427246094,243.27000427246094,243.27000427246094,243.27000427246094,0
2003-10-24,242.52999877929688,242.52999877929688,242.52999877929688,242.52999877929688,0
2003-10-27,240.5399932861328,240.5399932861328,240.5399932861328,240.5399932861328,0
2003-10-28,239.5800018310547,239.5800018310547,239.5800018310547,239.5800018310547,0
2003-10-29,238.4600067138672,238.4600067138672,238.4600067138672,238.4600067138672,0
2003-10-30,234.8000030517578,234.8000030517578,234.8000030517578,234.8000030517578,0
2003-10-31,238.49000549316406,238.49000549316406,238.49000549316406,238.49000549316406,0
2003-11-03,235.6300048828125,235.6300048828125,235.6300048828125,235.6300048828125,0
2003-11-04,234.9600067138672,234.9600067138672,234.9600067138672,234.9600067138672,0
2003-11-05,243.4499969482422,243.4499969482422,243.4499969482422,243.4499969482422,0
2003-11-06,241.3699951171875,241.3699951171875,241.3699951171875,241.3699951171875,0
2003-11-07,244.7899932861328,244.7899932861328,244.7899932861328,244.7899932861328,0
2003-11-10,245.38999938964844,245.38999938964844,245.38999938964844,245.38999938964844,0
2003-11-11,248.1300048828125,248.1300048828125,248.1300048828125,248.1300048828125,0
2003-11-12,248.72000122070312,248.72000122070312,248.72000122070312,248.72000122070312,0
2003-11-13,251.27000427246094,251.27000427246094,251.27000427246094,251.27000427246094,0
2003-11-14,254.9199981689453,254.9199981689453,254.9199981689453,254.9199981689453,0
2003-11-17,250.08999633789062,250.08999633789062,250.08999633789062,250.08999633789062,0
2003-11-18,256.2200012207031,256.2200012207031,256.2200012207031,256.2200012207031,0
2003-11-19,251.58999633789062,251.58999633789062,251.58999633789062,251.58999633789062,0
2003-11-20,249.97000122070312,249.97000122070312,249.97000122070312,249.97000122070312,0
2003-11-21,249.35000610351562,249.35000610351562,249.35000610351562,249.35000610351562,0
2003-11-24,241.3300018310547,241.3300018310547,241.3300018310547,241.3300018310547,0
2003-11-25,241.94000244140625,241.94000244140625,241.94000244140625,241.94000244140625,0
2003-11-26,244.63999938964844,244.63999938964844,244.63999938964844,244.63999938964844,0
2003-11-28,245.8000030517578,245.8000030517578,245.8000030517578,245.8000030517578,0
2003-12-01,246.9499969482422,246.9499969482422,246.9499969482422,246.9499969482422,0
2003-12-02,252.52999877929688,252.52999877929688,252.52999877929688,252.52999877929688,0
2003-12-03,254.97999572753906,254.97999572753906,254.97999572753906,254.97999572753906,0
2003-12-04,258.05999755859375,258.05999755859375,258.05999755859375,258.05999755859375,0
2003-12-05,254.44000244140625,254.44000244140625,254.44000244140625,254.44000244140625,0
2003-12-08,264.260009765625,264.260009765625,264.260009765625,264.260009765625,0
2003-12-09,261.489990234375,261.489990234375,261.489990234375,261.489990234375,0
2003-12-10,261.17999267578125,261.17999267578125,261.17999267578125,261.17999267578125,0
2003-12-11,259.9100036621094,259.9100036621094,259.9100036621094,259.9100036621094,0
2003-12-12,267.80999755859375,267.80999755859375,267.80999755859375,267.80999755859375,0
2003-12-15,267.80999755859375,267.80999755859375,267.80999755859375,267.80999755859375,0
2003-12-16,265.760009765625,265.760009765625,265.760009765625,265.760009765625,0
2003-12-17,269.3800048828125,269.3800048828125,269.3800048828125,269.3800048828125,0
2003-12-18,271.69000244140625,271.69000244140625,271.69000244140625,271.69000244140625,0
2003-12-19,268.2699890136719,268.2699890136719,268.2699890136719,268.2699890136719,0
2003-12-22,259.05999755859375,259.05999755859375,259.05999755859375,259.05999755859375,0
2003-12-23,258.2099914550781,258.2099914550781,258.2099914550781,258.2099914550781,0
2003-12-24,261.1000061035156,261.1000061035156,261.1000061035156,261.1000061035156,0
2003-12-26,261.44000244140625,261.44000244140625,261.44000244140625,261.44000244140625,0
2003-12-29,259.4100036621094,259.4100036621094,259.4100036621094,259.4100036621094,0
2003-12-30,263.0,263.0,263.0,263.0,0
2003-12-31,260.5400085449219,260.5400085449219,260.5400085449219,260.5400085449219,0
2004-01-02,261.6600036621094,261.6600036621094,261.6600036621094,261.6600036621094,0
2004-01-05,271.8500061035156,271.8500061035156,271.8500061035156,271.8500061035156,0
2004-01-06,272.2300109863281,272.2300109863281,272.2300109863281,272.2300109863281,0
2004-01-07,270.4599914550781,270.4599914550781,270.4599914550781,270.4599914550781,0
2004-01-08,273.55999755859375,273.55999755859375,273.55999755859375,273.55999755859375,0
2004-01-09,276.3299865722656,276.3299865722656,276.3299865722656,276.3299865722656,0
2004-01-12,276.04998779296875,276.04998779296875,276.04998779296875,276.04998779296875,0
2004-01-13,271.05999755859375,271.05999755859375,271.05999755859375,271.05999755859375,0
2004-01-14,270.2200012207031,270.2200012207031,270.2200012207031,270.2200012207031,0
2004-01-15,261.07000732421875,261.07000732421875,261.07000732421875,261.07000732421875,0
2004-01-16,268.510009765625,268.510009765625,268.510009765625,268.510009765625,0
2004-01-20,274.739990234375,274.739990234375,274.739990234375,274.739990234375,0
2004-01-21,273.3800048828125,273.3800048828125,273.3800048828125,273.3800048828125,0
2004-01-22,272.5899963378906,272.5899963378906,272.5899963378906,272.5899963378906,0
2004-01-23,272.54998779296875,272.54998779296875,272.54998779296875,272.54998779296875,0
2004-01-26,267.92999267578125,267.92999267578125,267.92999267578125,267.92999267578125,0
2004-01-27,266.2300109863281,266.2300109863281,266.2300109863281,266.2300109863281,0
2004-01-28,263.7699890136719,263.7699890136719,263.7699890136719,263.7699890136719,0
2004-01-29,259.6700134277344,259.6700134277344,259.6700134277344,259.6700134277344,0
2004-01-30,260.0899963378906,260.0899963378906,260.0899963378906,260.0899963378906,0
2004-02-02,266.5400085449219,266.5400085449219,266.5400085449219,266.5400085449219,0
2004-02-03,263.79998779296875,263.79998779296875,263.79998779296875,263.79998779296875,0
2004-02-04,259.5299987792969,259.5299987792969,259.5299987792969,259.5299987792969,0
2004-02-05,259.5199890136719,259.5199890136719,259.5199890136719,259.5199890136719,0
2004-02-06,256.6300048828125,256.6300048828125,256.6300048828125,256.6300048828125,0
2004-02-09,258.3399963378906,258.3399963378906,258.3399963378906,258.3399963378906,0
2004-02-10,262.1499938964844,262.1499938964844,262.1499938964844,262.1499938964844,0
2004-02-11,262.8999938964844,262.8999938964844,262.8999938964844,262.8999938964844,0
2004-02-12,264.3800048828125,264.3800048828125,264.3800048828125,264.3800048828125,0
2004-02-13,267.4800109863281,267.4800109863281,267.4800109863281,267.4800109863281,0
2004-02-17,269.7699890136719,269.7699890136719,269.7699890136719,269.7699890136719,0
2004-02-18,268.30999755859375,268.30999755859375,268.30999755859375,268.30999755859375,0
2004-02-19,268.82000732421875,268.82000732421875,268.82000732421875,268.82000732421875,0
2004-02-20,266.2099914550781,266.2099914550781,266.2099914550781,266.2099914550781,0
2004-02-23,267.20001220703125,267.20001220703125,267.20001220703125,267.20001220703125,0
2004-02-24,269.0,269.0,269.0,269.0,0
2004-02-25,274.30999755859375,274.30999755859375,274.30999755859375,274.30999755859375,0
2004-02-26,275.69000244140625,275.69000244140625,275.69000244140625,275.69000244140625,0
2004-02-27,278.6600036621094,278.6600036621094,278.6600036621094,278.6600036621094,0
2004-03-01,282.9800109863281,282.9800109863281,282.9800109863281,282.9800109863281,0
2004-03-02,280.92999267578125,280.92999267578125,280.92999267578125,280.92999267578125,0
2004-03-03,274.25,274.25,274.25,274.25,0
2004-03-04,277.7900085449219,277.7900085449219,277.7900085449219,277.7900085449219,0
2004-03-05,279.8500061035156,279.8500061035156,279.8500061035156,279.8500061035156,0
2004-03-08,274.7099914550781,274.7099914550781,274.7099914550781,274.7099914550781,0
2004-03-09,273.1000061035156,273.1000061035156,273.1000061035156,273.1000061035156,0
2004-03-10,272.1499938964844,272.1499938964844,272.1499938964844,272.1499938964844,0
2004-03-11,277.4200134277344,277.4200134277344,277.4200134277344,277.4200134277344,0
2004-03-12,274.3699951171875,274.3699951171875,274.3699951171875,274.3699951171875,0
2004-03-15,281.3399963378906,281.3399963378906,281.3399963378906,281.3399963378906,0
2004-03-16,281.82000732421875,281.82000732421875,281.82000732421875,281.82000732421875,0
2004-03-17,286.8500061035156,286.8500061035156,286.8500061035156,286.8500061035156,0
2004-03-18,286.17999267578125,286.17999267578125,286.17999267578125,286.17999267578125,0
2004-03-19,286.2900085449219,286.2900085449219,286.2900085449219,286.2900085449219,0
2004-03-22,285.05999755859375,285.05999755859375,285.05999755859375,285.05999755859375,0
2004-03-23,286.2300109863281,286.2300109863281,286.2300109863281,286.2300109863281,0
2004-03-24,283.7900085449219,283.7900085449219,283.7900085449219,283.7900085449219,0
2004-03-25,276.6000061035156,276.6000061035156,276.6000061035156,276.6000061035156,0
2004-03-26,278.05999755859375,278.05999755859375,278.05999755859375,278.05999755859375,0
2004-03-29,276.9100036621094,276.9100036621094,276.9100036621094,276.9100036621094,0
2004-03-30,283.3399963378906,283.3399963378906,283.3399963378906,283.3399963378906,0
2004-03-31,282.1199951171875,282.1199951171875,282.1199951171875,282.1199951171875,0
2004-04-01,276.7799987792969,276.7799987792969,276.7799987792969,276.7799987792969,0
2004-04-02,276.0,276.0,276.0,276.0,0
2004-04-05,275.0799865722656,275.0799865722656,275.0799865722656,275.0799865722656,0
2004-04-06,278.4200134277344,278.4200134277344,278.4200134277344,278.4200134277344,0
2004-04-07,283.95001220703125,283.95001220703125,283.95001220703125,283.95001220703125,0
2004-04-08,288.2200012207031,288.2200012207031,288.2200012207031,288.2200012207031,0
2004-04-12,290.1600036621094,290.1600036621094,290.1600036621094,290.1600036621094,0
2004-04-13,285.2300109863281,285.2300109863281,285.2300109863281,285.2300109863281,0
2004-04-14,285.94000244140625,285.94000244140625,285.94000244140625,285.94000244140625,0
2004-04-15,287.04998779296875,287.04998779296875,287.04998779296875,287.04998779296875,0
2004-04-16,286.510009765625,286.510009765625,286.510009765625,286.510009765625,0
2004-04-19,285.2300109863281,285.2300109863281,285.2300109863281,285.2300109863281,0
2004-04-20,283.82000732421875,283.82000732421875,283.82000732421875,283.82000732421875,0
2004-04-21,278.3900146484375,278.3900146484375,278.3900146484375,278.3900146484375,0
2004-04-22,282.8599853515625,282.8599853515625,282.8599853515625,282.8599853515625,0
2004-04-23,281.2099914550781,281.2099914550781,281.2099914550781,281.2099914550781,0
2004-04-26,284.8699951171875,284.8699951171875,284.8699951171875,284.8699951171875,0
2004-04-27,289.20001220703125,289.20001220703125,289.20001220703125,289.20001220703125,0
2004-04-28,288.0199890136719,288.0199890136719,288.0199890136719,288.0199890136719,0
2004-04-29,288.7300109863281,288.7300109863281,288.7300109863281,288.7300109863281,0
2004-04-30,289.510009765625,289.510009765625,289.510009765625,289.510009765625,0
2004-05-03,294.94000244140625,294.94000244140625,294.94000244140625,294.94000244140625,0
2004-05-04,300.8500061035156,300.8500061035156,300.8500061035156,300.8500061035156,0
2004-05-05,303.239990234375,303.239990234375,303.239990234375,303.239990234375,0
2004-05-06,301.55999755859375,301.55999755859375,301.55999755859375,301.55999755859375,0
2004-05-07,303.8599853515625,303.8599853515625,303.8599853515625,303.8599853515625,0
2004-05-10,296.2799987792969,296.2799987792969,296.2799987792969,296.2799987792969,0
2004-05-11,301.94000244140625,301.94000244140625,301.94000244140625,301.94000244140625,0
2004-05-12,304.7900085449219,304.7900085449219,304.7900085449219,304.7900085449219,0
2004-05-13,306.07000732421875,306.07000732421875,306.07000732421875,306.07000732421875,0
2004-05-14,305.6099853515625,305.6099853515625,305.6099853515625,305.6099853515625,0
2004-05-17,305.6099853515625,305.6099853515625,305.6099853515625,305.6099853515625,0
2004-05-18,300.1000061035156,300.1000061035156,300.1000061035156,300.1000061035156,0
2004-05-19,308.44000244140625,308.44000244140625,308.44000244140625,308.44000244140625,0
2004-05-20,303.7799987792969,303.7799987792969,303.7799987792969,303.7799987792969,0
2004-05-21,300.19000244140625,300.19000244140625,300.19000244140625,300.19000244140625,0
2004-05-24,310.8800048828125,310.8800048828125,310.8800048828125,310.8800048828125,0
2004-05-25,307.8800048828125,307.8800048828125,307.8800048828125,307.8800048828125,0
2004-05-26,306.3299865722656,306.3299865722656,306.3299865722656,306.3299865722656,0
2004-05-27,300.0799865722656,300.0799865722656,300.0799865722656,300.0799865722656,0
2004-05-28,301.4100036621094,301.4100036621094,301.4100036621094,301.4100036621094,0
2004-06-01,315.6000061035156,315.6000061035156,315.6000061035156,315.6000061035156,0
2004-06-02,303.9700012207031,303.9700012207031,303.9700012207031,303.9700012207031,0
2004-06-03,298.6600036621094,298.6600036621094,298.6600036621094,298.6600036621094,0
2004-06-04,294.5799865722656,294.5799865722656,294.5799865722656,294.5799865722656,0
2004-06-07,295.239990234375,295.239990234375,295.239990234375,295.239990234375,0
2004-06-08,288.9700012207031,288.9700012207031,288.9700012207031,288.9700012207031,0
2004-06-09,289.5,289.5,289.5,289.5,0
2004-06-10,292.20001220703125,292.20001220703125,292.20001220703125,292.20001220703125,0
2004-06-14,289.3299865722656,289.3299865722656,289.3299865722656,289.3299865722656,0
2004-06-15,287.1000061035156,287.1000061035156,287.1000061035156,287.1000061035156,0
2004-06-16,289.2799987792969,289.2799987792969,289.2799987792969,289.2799987792969,0
2004-06-17,295.8900146484375,295.8900146484375,295.8900146484375,295.8900146484375,0
2004-06-18,296.0899963378906,296.0899963378906,296.0899963378906,296.0899963378906,0
2004-06-21,290.5400085449219,290.5400085449219,290.5400085449219,290.5400085449219,0
2004-06-22,292.1000061035156,292.1000061035156,292.1000061035156,292.1000061035156,0
2004-06-23,291.0,291.0,291.0,291.0,0
2004-06-24,293.8999938964844,293.8999938964844,293.8999938964844,293.8999938964844,0
2004-06-25,291.7200012207031,291.7200012207031,291.7200012207031,291.7200012207031,0
2004-06-28,283.4100036621094,283.4100036621094,283.4100036621094,283.4100036621094,0
2004-06-29,280.3399963378906,280.3399963378906,280.3399963378906,280.3399963378906,0
2004-06-30,286.3599853515625,286.3599853515625,286.3599853515625,286.3599853515625,0
2004-07-01,294.25,294.25,294.25,294.25,0
2004-07-02,293.2099914550781,293.2099914550781,293.2099914550781,293.2099914550781,0
2004-07-06,299.92999267578125,299.92999267578125,299.92999267578125,299.92999267578125,0
2004-07-07,297.9200134277344,297.9200134277344,297.9200134277344,297.9200134277344,0
2004-07-08,301.04998779296875,301.04998779296875,301.04998779296875,301.04998779296875,0
2004-07-09,298.7300109863281,298.7300109863281,298.7300109863281,298.7300109863281,0
2004-07-12,295.260009765625,295.260009765625,295.260009765625,295.260009765625,0
2004-07-13,293.6499938964844,293.6499938964844,293.6499938964844,293.6499938964844,0
2004-07-14,300.9100036621094,300.9100036621094,300.9100036621094,300.9100036621094,0
2004-07-15,298.6499938964844,298.6499938964844,298.6499938964844,298.6499938964844,0
2004-07-16,299.7699890136719,299.7699890136719,299.7699890136719,299.7699890136719,0
2004-07-19,299.8599853515625,299.8599853515625,299.8599853515625,299.8599853515625,0
2004-07-20,295.2300109863281,295.2300109863281,295.2300109863281,295.2300109863281,0
2004-07-21,294.8599853515625,294.8599853515625,294.8599853515625,294.8599853515625,0
2004-07-22,299.80999755859375,299.80999755859375,299.80999755859375,299.80999755859375,0
2004-07-23,301.2300109863281,301.2300109863281,301.2300109863281,301.2300109863281,0
2004-07-26,298.6099853515625,298.6099853515625,298.6099853515625,298.6099853515625,0
2004-07-27,299.8800048828125,299.8800048828125,299.8800048828125,299.8800048828125,0
2004-07-28,304.95001220703125,304.95001220703125,304.95001220703125,304.95001220703125,0
2004-07-29,304.04998779296875,304.04998779296875,304.04998779296875,304.04998779296875,0
2004-07-30,307.4800109863281,307.4800109863281,307.4800109863281,307.4800109863281,0
2004-08-02,305.9599914550781,305.9599914550781,305.9599914550781,305.9599914550781,0
2004-08-03,307.4200134277344,307.4200134277344,307.4200134277344,307.4200134277344,0
2004-08-04,300.82000732421875,300.82000732421875,300.82000732421875,300.82000732421875,0
2004-08-05,307.6000061035156,307.6000061035156,307.6000061035156,307.6000061035156,0
2004-08-06,304.760009765625,304.760009765625,304.760009765625,304.760009765625,0
2004-08-09,308.8500061035156,308.8500061035156,308.8500061035156,308.8500061035156,0
2004-08-10,307.3500061035156,307.3500061035156,307.3500061035156,307.3500061035156,0
2004-08-11,306.75,306.75,306.75,306.75,0
2004-08-12,309.17999267578125,309.17999267578125,309.17999267578125,309.17999267578125,0
2004-08-13,315.260009765625,315.260009765625,315.260009765625,315.260009765625,0
2004-08-16,312.79998779296875,312.79998779296875,312.79998779296875,312.79998779296875,0
2004-08-17,315.3900146484375,315.3900146484375,315.3900146484375,315.3900146484375,0
2004-08-18,315.3399963378906,315.3399963378906,315.3399963378906,315.3399963378906,0
2004-08-19,322.05999755859375,322.05999755859375,322.05999755859375,322.05999755859375,0
2004-08-20,318.4100036621094,318.4100036621094,318.4100036621094,318.4100036621094,0
2004-08-23,314.82000732421875,314.82000732421875,314.82000732421875,314.82000732421875,0
2004-08-24,310.7099914550781,310.7099914550781,310.7099914550781,310.7099914550781,0
2004-08-25,302.3599853515625,302.3599853515625,302.3599853515625,302.3599853515625,0
2004-08-26,299.1400146484375,299.1400146484375,299.1400146484375,299.1400146484375,0
2004-08-27,298.6199951171875,298.6199951171875,298.6199951171875,298.6199951171875,0
2004-08-30,297.1099853515625,297.1099853515625,297.1099853515625,297.1099853515625,0
2004-08-31,295.6000061035156,295.6000061035156,295.6000061035156,295.6000061035156,0
2004-09-01,303.7900085449219,303.7900085449219,303.7900085449219,303.7900085449219,0
2004-09-02,302.5199890136719,302.5199890136719,302.5199890136719,302.5199890136719,0
2004-09-03,300.0799865722656,300.0799865722656,300.0799865722656,300.0799865722656,0
2004-09-07,297.44000244140625,297.44000244140625,297.44000244140625,297.44000244140625,0
2004-09-08,296.3399963378906,296.3399963378906,296.3399963378906,296.3399963378906,0
2004-09-09,305.7099914550781,305.7099914550781,305.7099914550781,305.7099914550781,0
2004-09-10,299.05999755859375,299.05999755859375,299.05999755859375,299.05999755859375,0
2004-09-13,305.92999267578125,305.92999267578125,305.92999267578125,305.92999267578125,0
2004-09-14,309.2699890136719,309.2699890136719,309.2699890136719,309.2699890136719,0
2004-09-15,305.1400146484375,305.1400146484375,305.1400146484375,305.1400146484375,0
2004-09-16,305.9599914550781,305.9599914550781,305.9599914550781,305.9599914550781,0
2004-09-17,314.010009765625,314.010009765625,314.010009765625,314.010009765625,0
2004-09-20,316.3999938964844,316.3999938964844,316.3999938964844,316.3999938964844,0
2004-09-21,322.6000061035156,322.6000061035156,322.6000061035156,322.6000061035156,0
2004-09-22,329.55999755859375,329.55999755859375,329.55999755859375,329.55999755859375,0
2004-09-23,330.20001220703125,330.20001220703125,330.20001220703125,330.20001220703125,0
2004-09-24,329.69000244140625,329.69000244140625,329.69000244140625,329.69000244140625,0
2004-09-27,332.17999267578125,332.17999267578125,332.17999267578125,332.17999267578125,0
2004-09-28,335.2200012207031,335.2200012207031,335.2200012207031,335.2200012207031,0
2004-09-29,337.2900085449219,337.2900085449219,337.2900085449219,337.2900085449219,0
2004-09-30,337.7300109863281,337.7300109863281,337.7300109863281,337.7300109863281,0
2004-10-01,339.29998779296875,339.29998779296875,339.29998779296875,339.29998779296875,0
2004-10-04,337.20001220703125,337.20001220703125,337.20001220703125,337.20001220703125,0
2004-10-05,344.3599853515625,344.3599853515625,344.3599853515625,344.3599853515625,0
2004-10-06,347.8599853515625,347.8599853515625,347.8599853515625,347.8599853515625,0
2004-10-07,352.2900085449219,352.2900085449219,352.2900085449219,352.2900085449219,0
2004-10-08,356.3699951171875,356.3699951171875,356.3699951171875,356.3699951171875,0
2004-10-11,358.45001220703125,358.45001220703125,358.45001220703125,358.45001220703125,0
2004-10-12,353.2699890136719,353.2699890136719,353.2699890136719,353.2699890136719,0
2004-10-13,356.70001220703125,356.70001220703125,356.70001220703125,356.70001220703125,0
2004-10-14,360.9100036621094,360.9100036621094,360.9100036621094,360.9100036621094,0
2004-10-15,361.1300048828125,361.1300048828125,361.1300048828125,361.1300048828125,0
2004-10-18,355.3500061035156,355.3500061035156,355.3500061035156,355.3500061035156,0
2004-10-19,356.8699951171875,356.8699951171875,356.8699951171875,356.8699951171875,0
2004-10-20,365.4100036621094,365.4100036621094,365.4100036621094,365.4100036621094,0
2004-10-21,367.1400146484375,367.1400146484375,367.1400146484375,367.1400146484375,0
2004-10-22,371.05999755859375,371.05999755859375,371.05999755859375,371.05999755859375,0
2004-10-25,367.42999267578125,367.42999267578125,367.42999267578125,367.42999267578125,0
2004-10-26,373.20001220703125,373.20001220703125,373.20001220703125,373.20001220703125,0
2004-10-27,359.4599914550781,359.4599914550781,359.4599914550781,359.4599914550781,0
2004-10-28,352.4700012207031,352.4700012207031,352.4700012207031,352.4700012207031,0
2004-10-29,355.25,355.25,355.25,355.25,0
2004-11-01,346.95001220703125,346.95001220703125,346.95001220703125,346.95001220703125,0
2004-11-02,344.04998779296875,344.04998779296875,344.04998779296875,344.04998779296875,0
2004-11-03,350.25,350.25,350.25,350.25,0
2004-11-04,340.0899963378906,340.0899963378906,340.0899963378906,340.0899963378906,0
2004-11-05,342.1099853515625,342.1099853515625,342.1099853515625,342.1099853515625,0
2004-11-08,339.82000732421875,339.82000732421875,339.82000732421875,339.82000732421875,0
2004-11-09,333.6400146484375,333.6400146484375,333.6400146484375,333.6400146484375,0
2004-11-10,342.44000244140625,342.44000244140625,342.44000244140625,342.44000244140625,0
2004-11-11,336.239990234375,336.239990234375,336.239990234375,336.239990234375,0
2004-11-12,335.5,335.5,335.5,335.5,0
2004-11-15,334.510009765625,334.510009765625,334.510009765625,334.510009765625,0
2004-11-16,330.5199890136719,330.5199890136719,330.5199890136719,330.5199890136719,0
2004-11-17,337.57000732421875,337.57000732421875,337.57000732421875,337.57000732421875,0
2004-11-18,334.0799865722656,334.0799865722656,334.0799865722656,334.0799865722656,0
2004-11-19,344.32000732421875,344.32000732421875,344.32000732421875,344.32000732421875,0
2004-11-22,340.7200012207031,340.7200012207031,340.7200012207031,340.7200012207031,0
2004-11-23,343.010009765625,343.010009765625,343.010009765625,343.010009765625,0
2004-11-24,350.07000732421875,350.07000732421875,350.07000732421875,350.07000732421875,0
2004-11-26,349.4100036621094,349.4100036621094,349.4100036621094,349.4100036621094,0
2004-11-29,347.1300048828125,347.1300048828125,347.1300048828125,347.1300048828125,0
2004-11-30,342.5,342.5,342.5,342.5,0
2004-12-01,326.5899963378906,326.5899963378906,326.5899963378906,326.5899963378906,0
2004-12-02,311.7699890136719,311.7699890136719,311.7699890136719,311.7699890136719,0
2004-12-03,309.0400085449219,309.0400085449219,309.0400085449219,309.0400085449219,0
2004-12-06,311.3599853515625,311.3599853515625,311.3599853515625,311.3599853515625,0
2004-12-07,303.239990234375,303.239990234375,303.239990234375,303.239990234375,0
2004-12-08,305.7900085449219,305.7900085449219,305.7900085449219,305.7900085449219,0
2004-12-09,310.739990234375,310.739990234375,310.739990234375,310.739990234375,0
2004-12-10,303.4599914550781,303.4599914550781,303.4599914550781,303.4599914550781,0
2004-12-13,309.3399963378906,309.3399963378906,309.3399963378906,309.3399963378906,0
2004-12-14,312.7799987792969,312.7799987792969,312.7799987792969,312.7799987792969,0
2004-12-15,323.45001220703125,323.45001220703125,323.45001220703125,323.45001220703125,0
2004-12-16,320.44000244140625,320.44000244140625,320.44000244140625,320.44000244140625,0
2004-12-17,332.5,332.5,332.5,332.5,0
2004-12-20,326.4700012207031,326.4700012207031,326.4700012207031,326.4700012207031,0
2004-12-21,326.239990234375,326.239990234375,326.239990234375,326.239990234375,0
2004-12-22,319.3800048828125,319.3800048828125,319.3800048828125,319.3800048828125,0
2004-12-23,318.2099914550781,318.2099914550781,318.2099914550781,318.2099914550781,0
2004-12-27,305.1400146484375,305.1400146484375,305.1400146484375,305.1400146484375,0
2004-12-28,306.7900085449219,306.7900085449219,306.7900085449219,306.7900085449219,0
2004-12-29,310.7200012207031,310.7200012207031,310.7200012207031,310.7200012207031,0
2004-12-30,310.6600036621094,310.6600036621094,310.6600036621094,310.6600036621094,0
2004-12-31,310.4700012207031,310.4700012207031,310.4700012207031,310.4700012207031,0
2005-01-03,304.19000244140625,304.19000244140625,304.19000244140625,304.19000244140625,0
2005-01-04,308.79998779296875,308.79998779296875,308.79998779296875,308.79998779296875,0
2005-01-05,306.25,306.25,306.25,306.25,0
2005-01-06,317.20001220703125,317.20001220703125,317.20001220703125,317.20001220703125,0
2005-01-07,316.8399963378906,316.8399963378906,316.8399963378906,316.8399963378906,0
2005-01-10,317.8800048828125,317.8800048828125,317.8800048828125,317.8800048828125,0
2005-01-11,319.0199890136719,319.0199890136719,319.0199890136719,319.0199890136719,0
2005-01-12,320.3399963378906,320.3399963378906,320.3399963378906,320.3399963378906,0
2005-01-13,330.3800048828125,330.3800048828125,330.3800048828125,330.3800048828125,0
2005-01-14,330.45001220703125,330.45001220703125,330.45001220703125,330.45001220703125,0
2005-01-18,329.2699890136719,329.2699890136719,329.2699890136719,329.2699890136719,0
2005-01-19,328.2200012207031,328.2200012207031,328.2200012207031,328.2200012207031,0
2005-01-20,326.1700134277344,326.1700134277344,326.1700134277344,326.1700134277344,0
2005-01-21,331.92999267578125,331.92999267578125,331.92999267578125,331.92999267578125,0
2005-01-24,334.3399963378906,334.3399963378906,334.3399963378906,334.3399963378906,0
2005-01-25,338.1700134277344,338.1700134277344,338.1700134277344,338.1700134277344,0
2005-01-26,336.1099853515625,336.1099853515625,336.1099853515625,336.1099853515625,0
2005-01-27,334.7900085449219,334.7900085449219,334.7900085449219,334.7900085449219,0
2005-01-28,326.989990234375,326.989990234375,326.989990234375,326.989990234375,0
2005-01-31,331.4800109863281,331.4800109863281,331.4800109863281,331.4800109863281,0
2005-02-01,326.82000732421875,326.82000732421875,326.82000732421875,326.82000732421875,0
2005-02-02,323.8299865722656,323.8299865722656,323.8299865722656,323.8299865722656,0
2005-02-03,320.8999938964844,320.8999938964844,320.8999938964844,320.8999938964844,0
2005-02-04,320.3500061035156,320.3500061035156,320.3500061035156,320.3500061035156,0
2005-02-07,315.6600036621094,315.6600036621094,315.6600036621094,315.6600036621094,0
2005-02-08,318.1000061035156,318.1000061035156,318.1000061035156,318.1000061035156,0
2005-02-09,319.989990234375,319.989990234375,319.989990234375,319.989990234375,0
2005-02-10,328.80999755859375,328.80999755859375,328.80999755859375,328.80999755859375,0
2005-02-11,329.32000732421875,329.32000732421875,329.32000732421875,329.32000732421875,0
2005-02-14,330.3399963378906,330.3399963378906,330.3399963378906,330.3399963378906,0
2005-02-15,330.5299987792969,330.5299987792969,330.5299987792969,330.5299987792969,0
2005-02-16,334.1199951171875,334.1199951171875,334.1199951171875,334.1199951171875,0
2005-02-17,331.4100036621094,331.4100036621094,331.4100036621094,331.4100036621094,0
2005-02-18,334.6000061035156,334.6000061035156,334.6000061035156,334.6000061035156,0
2005-02-22,348.6700134277344,348.6700134277344,348.6700134277344,348.6700134277344,0
2005-02-23,350.0400085449219,350.0400085449219,350.0400085449219,350.0400085449219,0
2005-02-24,350.6000061035156,350.6000061035156,350.6000061035156,350.6000061035156,0
2005-02-25,352.9100036621094,352.9100036621094,352.9100036621094,352.9100036621094,0
2005-02-28,355.8500061035156,355.8500061035156,355.8500061035156,355.8500061035156,0
2005-03-01,355.0799865722656,355.0799865722656,355.0799865722656,355.0799865722656,0
2005-03-02,362.0899963378906,362.0899963378906,362.0899963378906,362.0899963378906,0
2005-03-03,364.7799987792969,364.7799987792969,364.7799987792969,364.7799987792969,0
2005-03-04,365.05999755859375,365.05999755859375,365.05999755859375,365.05999755859375,0
2005-03-07,365.3399963378906,365.3399963378906,365.3399963378906,365.3399963378906,0
2005-03-08,371.5799865722656,371.5799865722656,371.5799865722656,371.5799865722656,0
2005-03-09,373.6700134277344,373.6700134277344,373.6700134277344,373.6700134277344,0
2005-03-10,368.82000732421875,368.82000732421875,368.82000732421875,368.82000732421875,0
2005-03-11,374.0,374.0,374.0,374.0,0
2005-03-14,376.07000732421875,376.07000732421875,376.07000732421875,376.07000732421875,0
2005-03-15,378.5799865722656,378.5799865722656,378.5799865722656,378.5799865722656,0
2005-03-16,384.9800109863281,384.9800109863281,384.9800109863281,384.9800109863281,0
2005-03-17,384.82000732421875,384.82000732421875,384.82000732421875,384.82000732421875,0
2005-03-18,385.260009765625,385.260009765625,385.260009765625,385.260009765625,0
2005-03-21,385.1400146484375,385.1400146484375,385.1400146484375,385.1400146484375,0
2005-03-22,380.4200134277344,380.4200134277344,380.4200134277344,380.4200134277344,0
2005-03-23,371.6700134277344,371.6700134277344,371.6700134277344,371.6700134277344,0
2005-03-24,374.8999938964844,374.8999938964844,374.8999938964844,374.8999938964844,0
2005-03-28,372.2900085449219,372.2900085449219,372.2900085449219,372.2900085449219,0
2005-03-29,373.4200134277344,373.4200134277344,373.4200134277344,373.4200134277344,0
2005-03-30,374.260009765625,374.260009765625,374.260009765625,374.260009765625,0
2005-03-31,383.6199951171875,383.6199951171875,383.6199951171875,383.6199951171875,0
2005-04-01,391.6000061035156,391.6000061035156,391.6000061035156,391.6000061035156,0
2005-04-04,389.44000244140625,389.44000244140625,389.44000244140625,389.44000244140625,0
2005-04-05,384.8699951171875,384.8699951171875,384.8699951171875,384.8699951171875,0
2005-04-06,382.9100036621094,382.9100036621094,382.9100036621094,382.9100036621094,0
2005-04-07,374.9100036621094,374.9100036621094,374.9100036621094,374.9100036621094,0
2005-04-08,370.1099853515625,370.1099853515625,370.1099853515625,370.1099853515625,0
2005-04-11,372.95001220703125,372.95001220703125,372.95001220703125,372.95001220703125,0
2005-04-12,367.6600036621094,367.6600036621094,367.6600036621094,367.6600036621094,0
2005-04-13,361.20001220703125,361.20001220703125,361.20001220703125,361.20001220703125,0
2005-04-14,364.4100036621094,364.4100036621094,364.4100036621094,364.4100036621094,0
2005-04-15,360.8500061035156,360.8500061035156,360.8500061035156,360.8500061035156,0
2005-04-18,357.8399963378906,357.8399963378906,357.8399963378906,357.8399963378906,0
2005-04-19,369.0199890136719,369.0199890136719,369.0199890136719,369.0199890136719,0
2005-04-20,372.42999267578125,372.42999267578125,372.42999267578125,372.42999267578125,0
2005-04-21,373.5899963378906,373.5899963378906,373.5899963378906,373.5899963378906,0
2005-04-22,378.8299865722656,378.8299865722656,378.8299865722656,378.8299865722656,0
2005-04-25,376.2900085449219,376.2900085449219,376.2900085449219,376.2900085449219,0
2005-04-26,374.489990234375,374.489990234375,374.489990234375,374.489990234375,0
2005-04-27,361.9200134277344,361.9200134277344,361.9200134277344,361.9200134277344,0
2005-04-28,362.0299987792969,362.0299987792969,362.0299987792969,362.0299987792969,0
2005-04-29,353.69000244140625,353.69000244140625,353.69000244140625,353.69000244140625,0
2005-05-02,357.1400146484375,357.1400146484375,357.1400146484375,357.1400146484375,0
2005-05-03,349.8900146484375,349.8900146484375,349.8900146484375,349.8900146484375,0
2005-05-04,352.6000061035156,352.6000061035156,352.6000061035156,352.6000061035156,0
2005-05-05,354.2099914550781,354.2099914550781,354.2099914550781,354.2099914550781,0
2005-05-06,354.7200012207031,354.7200012207031,354.7200012207031,354.7200012207031,0
2005-05-09,358.44000244140625,358.44000244140625,358.44000244140625,358.44000244140625,0
2005-05-10,361.4599914550781,361.4599914550781,361.4599914550781,361.4599914550781,0
2005-05-11,355.70001220703125,355.70001220703125,355.70001220703125,355.70001220703125,0
2005-05-12,348.010009765625,348.010009765625,348.010009765625,348.010009765625,0
2005-05-13,346.45001220703125,346.45001220703125,346.45001220703125,346.45001220703125,0
2005-05-16,344.4800109863281,344.4800109863281,344.4800109863281,344.4800109863281,0
2005-05-17,347.3599853515625,347.3599853515625,347.3599853515625,347.3599853515625,0
2005-05-18,342.4700012207031,342.4700012207031,342.4700012207031,342.4700012207031,0
2005-05-19,341.6000061035156,341.6000061035156,341.6000061035156,341.6000061035156,0
2005-05-20,341.0299987792969,341.0299987792969,341.0299987792969,341.0299987792969,0
2005-05-23,343.8399963378906,343.8399963378906,343.8399963378906,343.8399963378906,0
2005-05-24,345.75,345.75,345.75,345.75,0
2005-05-25,351.7699890136719,351.7699890136719,351.7699890136719,351.7699890136719,0
2005-05-26,352.0799865722656,352.0799865722656,352.0799865722656,352.0799865722656,0
2005-05-27,354.8500061035156,354.8500061035156,354.8500061035156,354.8500061035156,0
2005-05-31,354.8900146484375,354.8900146484375,354.8900146484375,354.8900146484375,0
2005-06-01,368.9700012207031,368.9700012207031,368.9700012207031,368.9700012207031,0
2005-06-02,366.1199951171875,366.1199951171875,366.1199951171875,366.1199951171875,0
2005-06-03,373.6199951171875,373.6199951171875,373.6199951171875,373.6199951171875,0
2005-06-06,373.8299865722656,373.8299865722656,373.8299865722656,373.8299865722656,0
2005-06-07,371.67999267578125,371.67999267578125,371.67999267578125,371.67999267578125,0
2005-06-08,366.57000732421875,366.57000732421875,366.57000732421875,366.57000732421875,0
2005-06-09,375.8299865722656,375.8299865722656,375.8299865722656,375.8299865722656,0
2005-06-10,372.45001220703125,372.45001220703125,372.45001220703125,372.45001220703125,0
2005-06-13,382.9800109863281,382.9800109863281,382.9800109863281,382.9800109863281,0
2005-06-14,379.8800048828125,379.8800048828125,379.8800048828125,379.8800048828125,0
2005-06-15,383.0,383.0,383.0,383.0,0
2005-06-16,387.4800109863281,387.4800109863281,387.4800109863281,387.4800109863281,0
2005-06-17,395.55999755859375,395.55999755859375,395.55999755859375,395.55999755859375,0
2005-06-20,399.05999755859375,399.05999755859375,399.05999755859375,399.05999755859375,0
2005-06-21,393.82000732421875,393.82000732421875,393.82000732421875,393.82000732421875,0
2005-06-22,389.8699951171875,389.8699951171875,389.8699951171875,389.8699951171875,0
2005-06-23,395.75,395.75,395.75,395.75,0
2005-06-24,396.6499938964844,396.6499938964844,396.6499938964844,396.6499938964844,0
2005-06-27,398.2300109863281,398.2300109863281,398.2300109863281,398.2300109863281,0
2005-06-28,387.1199951171875,387.1199951171875,387.1199951171875,387.1199951171875,0
2005-06-29,382.8999938964844,382.8999938964844,382.8999938964844,382.8999938964844,0
2005-06-30,379.7900085449219,379.7900085449219,379.7900085449219,379.7900085449219,0
2005-07-01,390.7300109863281,390.7300109863281,390.7300109863281,390.7300109863281,0
2005-07-05,398.5799865722656,398.5799865722656,398.5799865722656,398.5799865722656,0
2005-07-06,408.2900085449219,408.2900085449219,408.2900085449219,408.2900085449219,0
2005-07-07,404.54998779296875,404.54998779296875,404.54998779296875,404.54998779296875,0
2005-07-08,399.8599853515625,399.8599853515625,399.8599853515625,399.8599853515625,0
2005-07-11,396.2099914550781,396.2099914550781,396.2099914550781,396.2099914550781,0
2005-07-12,405.739990234375,405.739990234375,405.739990234375,405.739990234375,0
2005-07-13,403.4700012207031,403.4700012207031,403.4700012207031,403.4700012207031,0
2005-07-14,394.8399963378906,394.8399963378906,394.8399963378906,394.8399963378906,0
2005-07-15,396.75,396.75,396.75,396.75,0
2005-07-18,392.0899963378906,392.0899963378906,392.0899963378906,392.0899963378906,0
2005-07-19,391.8699951171875,391.8699951171875,391.8699951171875,391.8699951171875,0
2005-07-20,389.0299987792969,389.0299987792969,389.0299987792969,389.0299987792969,0
2005-07-21,383.4599914550781,383.4599914550781,383.4599914550781,383.4599914550781,0
2005-07-22,390.4200134277344,390.4200134277344,390.4200134277344,390.4200134277344,0
2005-07-25,391.0199890136719,391.0199890136719,391.0199890136719,391.0199890136719,0
2005-07-26,392.8800048828125,392.8800048828125,392.8800048828125,392.8800048828125,0
2005-07-27,394.32000732421875,394.32000732421875,394.32000732421875,394.32000732421875,0
2005-07-28,398.760009765625,398.760009765625,398.760009765625,398.760009765625,0
2005-07-29,402.0,402.0,402.0,402.0,0
2005-08-01,408.7099914550781,408.7099914550781,408.7099914550781,408.7099914550781,0
2005-08-02,411.8500061035156,411.8500061035156,411.8500061035156,411.8500061035156,0
2005-08-03,406.9599914550781,406.9599914550781,406.9599914550781,406.9599914550781,0
2005-08-04,409.80999755859375,409.80999755859375,409.80999755859375,409.80999755859375,0
2005-08-05,414.760009765625,414.760009765625,414.760009765625,414.760009765625,0
2005-08-08,422.4200134277344,422.4200134277344,422.4200134277344,422.4200134277344,0
2005-08-09,418.8800048828125,418.8800048828125,418.8800048828125,418.8800048828125,0
2005-08-10,430.54998779296875,430.54998779296875,430.54998779296875,430.54998779296875,0
2005-08-11,437.79998779296875,437.79998779296875,437.79998779296875,437.79998779296875,0
2005-08-12,441.010009765625,441.010009765625,441.010009765625,441.010009765625,0
2005-08-15,437.8900146484375,437.8900146484375,437.8900146484375,437.8900146484375,0
2005-08-16,438.260009765625,438.260009765625,438.260009765625,438.260009765625,0
2005-08-17,424.20001220703125,424.20001220703125,424.20001220703125,424.20001220703125,0
2005-08-18,420.7200012207031,420.7200012207031,420.7200012207031,420.7200012207031,0
2005-08-19,429.989990234375,429.989990234375,429.989990234375,429.989990234375,0
2005-08-22,432.29998779296875,432.29998779296875,432.29998779296875,432.29998779296875,0
2005-08-23,432.8699951171875,432.8699951171875,432.8699951171875,432.8699951171875,0
2005-08-24,441.0899963378906,441.0899963378906,441.0899963378906,441.0899963378906,0
2005-08-25,441.260009765625,441.260009765625,441.260009765625,441.260009765625,0
2005-08-26,436.010009765625,436.010009765625,436.010009765625,436.010009765625,0
2005-08-29,448.6499938964844,448.6499938964844,448.6499938964844,448.6499938964844,0
2005-08-30,467.57000732421875,467.57000732421875,467.57000732421875,467.57000732421875,0
2005-08-31,465.1499938964844,465.1499938964844,465.1499938964844,465.1499938964844,0
2005-09-01,475.25,475.25,475.25,475.25,0
2005-09-02,462.1099853515625,462.1099853515625,462.1099853515625,462.1099853515625,0
2005-09-06,454.5899963378906,454.5899963378906,454.5899963378906,454.5899963378906,0
2005-09-07,443.8599853515625,443.8599853515625,443.8599853515625,443.8599853515625,0
2005-09-08,444.4700012207031,444.4700012207031,444.4700012207031,444.4700012207031,0
2005-09-09,442.6199951171875,442.6199951171875,442.6199951171875,442.6199951171875,0
2005-09-12,435.7900085449219,435.7900085449219,435.7900085449219,435.7900085449219,0
2005-09-13,435.760009765625,435.760009765625,435.760009765625,435.760009765625,0
2005-09-14,447.6099853515625,447.6099853515625,447.6099853515625,447.6099853515625,0
2005-09-15,445.6300048828125,445.6300048828125,445.6300048828125,445.6300048828125,0
2005-09-16,435.3299865722656,435.3299865722656,435.3299865722656,435.3299865722656,0
2005-09-19,464.739990234375,464.739990234375,464.739990234375,464.739990234375,0
2005-09-20,457.2900085449219,457.2900085449219,457.2900085449219,457.2900085449219,0
2005-09-21,461.4100036621094,461.4100036621094,461.4100036621094,461.4100036621094,0
2005-09-22,463.32000732421875,463.32000732421875,463.32000732421875,463.32000732421875,0
2005-09-23,450.6499938964844,450.6499938964844,450.6499938964844,450.6499938964844,0
2005-09-26,462.1000061035156,462.1000061035156,462.1000061035156,462.1000061035156,0
2005-09-27,460.55999755859375,460.55999755859375,460.55999755859375,460.55999755859375,0
2005-09-28,473.2300109863281,473.2300109863281,473.2300109863281,473.2300109863281,0
2005-09-29,473.6400146484375,473.6400146484375,473.6400146484375,473.6400146484375,0
2005-09-30,469.55999755859375,469.55999755859375,469.55999755859375,469.55999755859375,0
2005-10-03,467.0,467.0,467.0,467.0,0
2005-10-04,460.7099914550781,460.7099914550781,460.7099914550781,460.7099914550781,0
2005-10-05,454.9599914550781,454.9599914550781,454.9599914550781,454.9599914550781,0
2005-10-06,442.7300109863281,442.7300109863281,442.7300109863281,442.7300109863281,0
2005-10-07,444.3299865722656,444.3299865722656,444.3299865722656,444.3299865722656,0
2005-10-10,443.5299987792969,443.5299987792969,443.5299987792969,443.5299987792969,0
2005-10-11,453.8500061035156,453.8500061035156,453.8500061035156,453.8500061035156,0
2005-10-12,456.3599853515625,456.3599853515625,456.3599853515625,456.3599853515625,0
2005-10-13,450.1499938964844,450.1499938964844,450.1499938964844,450.1499938964844,0
2005-10-14,445.67999267578125,445.67999267578125,445.67999267578125,445.67999267578125,0
2005-10-17,455.8599853515625,455.8599853515625,455.8599853515625,455.8599853515625,0
2005-10-18,446.3999938964844,446.3999938964844,446.3999938964844,446.3999938964844,0
2005-10-19,442.17999267578125,442.17999267578125,442.17999267578125,442.17999267578125,0
2005-10-20,432.57000732421875,432.57000732421875,432.57000732421875,432.57000732421875,0
2005-10-21,433.6400146484375,433.6400146484375,433.6400146484375,433.6400146484375,0
2005-10-24,430.7099914550781,430.7099914550781,430.7099914550781,430.7099914550781,0
2005-10-25,448.0799865722656,448.0799865722656,448.0799865722656,448.0799865722656,0
2005-10-26,438.7699890136719,438.7699890136719,438.7699890136719,438.7699890136719,0
2005-10-27,437.5400085449219,437.5400085449219,437.5400085449219,437.5400085449219,0
2005-10-28,434.9700012207031,434.9700012207031,434.9700012207031,434.9700012207031,0
2005-10-31,422.8800048828125,422.8800048828125,422.8800048828125,422.8800048828125,0
2005-11-01,421.04998779296875,421.04998779296875,421.04998779296875,421.04998779296875,0
2005-11-02,418.45001220703125,418.45001220703125,418.45001220703125,418.45001220703125,0
2005-11-03,427.8500061035156,427.8500061035156,427.8500061035156,427.8500061035156,0
2005-11-04,421.8299865722656,421.8299865722656,421.8299865722656,421.8299865722656,0
2005-11-07,421.2900085449219,421.2900085449219,421.2900085449219,421.2900085449219,0
2005-11-08,423.739990234375,423.739990234375,423.739990234375,423.739990234375,0
2005-11-09,422.8500061035156,422.8500061035156,422.8500061035156,422.8500061035156,0
2005-11-10,417.5400085449219,417.5400085449219,417.5400085449219,417.5400085449219,0
2005-11-11,420.3800048828125,420.3800048828125,420.3800048828125,420.3800048828125,0
2005-11-14,420.92999267578125,420.92999267578125,420.92999267578125,420.92999267578125,0
2005-11-15,416.44000244140625,416.44000244140625,416.44000244140625,416.44000244140625,0
2005-11-16,423.7699890136719,423.7699890136719,423.7699890136719,423.7699890136719,0
2005-11-17,417.2099914550781,417.2099914550781,417.2099914550781,417.2099914550781,0
2005-11-18,413.8500061035156,413.8500061035156,413.8500061035156,413.8500061035156,0
2005-11-21,414.8299865722656,414.8299865722656,414.8299865722656,414.8299865722656,0
2005-11-22,420.0799865722656,420.0799865722656,420.0799865722656,420.0799865722656,0
2005-11-23,417.510009765625,417.510009765625,417.510009765625,417.510009765625,0
2005-11-25,416.6099853515625,416.6099853515625,416.6099853515625,416.6099853515625,0
2005-11-28,410.1499938964844,410.1499938964844,410.1499938964844,410.1499938964844,0
2005-11-29,407.739990234375,407.739990234375,407.739990234375,407.739990234375,0
2005-11-30,415.9100036621094,415.9100036621094,415.9100036621094,415.9100036621094,0
2005-12-01,425.4100036621094,425.4100036621094,425.4100036621094,425.4100036621094,0
2005-12-02,434.2300109863281,434.2300109863281,434.2300109863281,434.2300109863281,0
2005-12-05,436.1400146484375,436.1400146484375,436.1400146484375,436.1400146484375,0
2005-12-06,433.5799865722656,433.5799865722656,433.5799865722656,433.5799865722656,0
2005-12-07,432.7799987792969,432.7799987792969,432.7799987792969,432.7799987792969,0
2005-12-08,447.4800109863281,447.4800109863281,447.4800109863281,447.4800109863281,0
2005-12-09,440.07000732421875,440.07000732421875,440.07000732421875,440.07000732421875,0
2005-12-12,451.5199890136719,451.5199890136719,451.5199890136719,451.5199890136719,0
2005-12-13,457.54998779296875,457.54998779296875,457.54998779296875,457.54998779296875,0
2005-12-14,451.8900146484375,451.8900146484375,451.8900146484375,451.8900146484375,0
2005-12-15,443.3999938964844,443.3999938964844,443.3999938964844,443.3999938964844,0
2005-12-16,434.19000244140625,434.19000244140625,434.19000244140625,434.19000244140625,0
2005-12-19,431.7699890136719,431.7699890136719,431.7699890136719,431.7699890136719,0
2005-12-20,432.1700134277344,432.1700134277344,432.1700134277344,432.1700134277344,0
2005-12-21,435.4599914550781,435.4599914550781,435.4599914550781,435.4599914550781,0
2005-12-22,428.67999267578125,428.67999267578125,428.67999267578125,428.67999267578125,0
2005-12-23,425.45001220703125,425.45001220703125,425.45001220703125,425.45001220703125,0
2005-12-27,417.010009765625,417.010009765625,417.010009765625,417.010009765625,0
2005-12-28,426.760009765625,426.760009765625,426.760009765625,426.760009765625,0
2005-12-29,427.1400146484375,427.1400146484375,427.1400146484375,427.1400146484375,0
2005-12-30,431.7200012207031,431.7200012207031,431.7200012207031,431.7200012207031,0
2006-01-03,438.17999267578125,438.17999267578125,438.17999267578125,438.17999267578125,0
2006-01-04,438.54998779296875,438.54998779296875,438.54998779296875,438.54998779296875,0
2006-01-05,432.1000061035156,432.1000061035156,432.1000061035156,432.1000061035156,0
2006-01-06,437.9100036621094,437.9100036621094,437.9100036621094,437.9100036621094,0
2006-01-09,433.5899963378906,433.5899963378906,433.5899963378906,433.5899963378906,0
2006-01-10,432.55999755859375,432.55999755859375,432.55999755859375,432.55999755859375,0
2006-01-11,432.8800048828125,432.8800048828125,432.8800048828125,432.8800048828125,0
2006-01-12,433.0299987792969,433.0299987792969,433.0299987792969,433.0299987792969,0
2006-01-13,434.4200134277344,434.4200134277344,434.4200134277344,434.4200134277344,0
2006-01-17,446.8999938964844,446.8999938964844,446.8999938964844,446.8999938964844,0
2006-01-18,440.70001220703125,440.70001220703125,440.70001220703125,440.70001220703125,0
2006-01-19,446.4100036621094,446.4100036621094,446.4100036621094,446.4100036621094,0
2006-01-20,454.6499938964844,454.6499938964844,454.6499938964844,454.6499938964844,0
2006-01-23,450.4599914550781,450.4599914550781,450.4599914550781,450.4599914550781,0
2006-01-24,447.05999755859375,447.05999755859375,447.05999755859375,447.05999755859375,0
2006-01-25,441.0899963378906,441.0899963378906,441.0899963378906,441.0899963378906,0
2006-01-26,442.1199951171875,442.1199951171875,442.1199951171875,442.1199951171875,0
2006-01-27,449.04998779296875,449.04998779296875,449.04998779296875,449.04998779296875,0
2006-01-30,456.6700134277344,456.6700134277344,456.6700134277344,456.6700134277344,0
2006-01-31,453.9200134277344,453.9200134277344,453.9200134277344,453.9200134277344,0
2006-02-01,445.3500061035156,445.3500061035156,445.3500061035156,445.3500061035156,0
2006-02-02,436.2699890136719,436.2699890136719,436.2699890136719,436.2699890136719,0
2006-02-03,440.7300109863281,440.7300109863281,440.7300109863281,440.7300109863281,0
2006-02-06,435.989990234375,435.989990234375,435.989990234375,435.989990234375,0
2006-02-07,426.6000061035156,426.6000061035156,426.6000061035156,426.6000061035156,0
2006-02-08,425.3699951171875,425.3699951171875,425.3699951171875,425.3699951171875,0
2006-02-09,426.3599853515625,426.3599853515625,426.3599853515625,426.3599853515625,0
2006-02-10,420.8299865722656,420.8299865722656,420.8299865722656,420.8299865722656,0
2006-02-13,418.42999267578125,418.42999267578125,418.42999267578125,418.42999267578125,0
2006-02-14,412.2099914550781,412.2099914550781,412.2099914550781,412.2099914550781,0
2006-02-15,405.4700012207031,405.4700012207031,405.4700012207031,405.4700012207031,0
2006-02-16,409.4599914550781,409.4599914550781,409.4599914550781,409.4599914550781,0
2006-02-17,416.1700134277344,416.1700134277344,416.1700134277344,416.1700134277344,0
2006-02-21,425.1099853515625,425.1099853515625,425.1099853515625,425.1099853515625,0
2006-02-22,415.7799987792969,415.7799987792969,415.7799987792969,415.7799987792969,0
2006-02-23,415.2699890136719,415.2699890136719,415.2699890136719,415.2699890136719,0
2006-02-24,423.94000244140625,423.94000244140625,423.94000244140625,423.94000244140625,0
2006-02-27,411.989990234375,411.989990234375,411.989990234375,411.989990234375,0
2006-02-28,415.8599853515625,415.8599853515625,415.8599853515625,415.8599853515625,0
2006-03-01,418.3699951171875,418.3699951171875,418.3699951171875,418.3699951171875,0
2006-03-02,427.04998779296875,427.04998779296875,427.04998779296875,427.04998779296875,0
2006-03-03,429.69000244140625,429.69000244140625,429.69000244140625,429.69000244140625,0
2006-03-06,420.1000061035156,420.1000061035156,420.1000061035156,420.1000061035156,0
2006-03-07,415.79998779296875,415.79998779296875,415.79998779296875,415.79998779296875,0
2006-03-08,410.9599914550781,410.9599914550781,410.9599914550781,410.9599914550781,0
2006-03-09,415.989990234375,415.989990234375,415.989990234375,415.989990234375,0
2006-03-10,415.19000244140625,415.19000244140625,415.19000244140625,415.19000244140625,0
2006-03-13,425.3999938964844,425.3999938964844,425.3999938964844,425.3999938964844,0
2006-03-14,434.0799865722656,434.0799865722656,434.0799865722656,434.0799865722656,0
2006-03-15,429.2799987792969,429.2799987792969,429.2799987792969,429.2799987792969,0
2006-03-16,433.8999938964844,433.8999938964844,433.8999938964844,433.8999938964844,0
2006-03-17,430.42999267578125,430.42999267578125,430.42999267578125,430.42999267578125,0
2006-03-20,420.0299987792969,420.0299987792969,420.0299987792969,420.0299987792969,0
2006-03-21,422.80999755859375,422.80999755859375,422.80999755859375,422.80999755859375,0
2006-03-22,419.30999755859375,419.30999755859375,419.30999755859375,419.30999755859375,0
2006-03-23,430.20001220703125,430.20001220703125,430.20001220703125,430.20001220703125,0
2006-03-24,432.010009765625,432.010009765625,432.010009765625,432.010009765625,0
2006-03-27,431.2200012207031,431.2200012207031,431.2200012207031,431.2200012207031,0
2006-03-28,439.79998779296875,439.79998779296875,439.79998779296875,439.79998779296875,0
2006-03-29,442.6499938964844,442.6499938964844,442.6499938964844,442.6499938964844,0
2006-03-30,447.3800048828125,447.3800048828125,447.3800048828125,447.3800048828125,0
2006-03-31,442.5199890136719,442.5199890136719,442.5199890136719,442.5199890136719,0
2006-04-03,445.17999267578125,445.17999267578125,445.17999267578125,445.17999267578125,0
2006-04-04,441.25,441.25,441.25,441.25,0
2006-04-05,446.6499938964844,446.6499938964844,446.6499938964844,446.6499938964844,0
2006-04-06,451.4800109863281,451.4800109863281,451.4800109863281,451.4800109863281,0
2006-04-07,448.55999755859375,448.55999755859375,448.55999755859375,448.55999755859375,0
2006-04-10,458.05999755859375,458.05999755859375,458.05999755859375,458.05999755859375,0
2006-04-11,461.95001220703125,461.95001220703125,461.95001220703125,461.95001220703125,0
2006-04-12,464.1000061035156,464.1000061035156,464.1000061035156,464.1000061035156,0
2006-04-13,469.2099914550781,469.2099914550781,469.2099914550781,469.2099914550781,0
2006-04-17,477.30999755859375,477.30999755859375,477.30999755859375,477.30999755859375,0
2006-04-18,487.8299865722656,487.8299865722656,487.8299865722656,487.8299865722656,0
2006-04-19,492.8999938964844,492.8999938964844,492.8999938964844,492.8999938964844,0
2006-04-20,488.04998779296875,488.04998779296875,488.04998779296875,488.04998779296875,0
2006-04-21,496.17999267578125,496.17999267578125,496.17999267578125,496.17999267578125,0
2006-04-24,485.9200134277344,485.9200134277344,485.9200134277344,485.9200134277344,0
2006-04-25,485.1000061035156,485.1000061035156,485.1000061035156,485.1000061035156,0
2006-04-26,481.2300109863281,481.2300109863281,481.2300109863281,481.2300109863281,0
2006-04-27,470.9100036621094,470.9100036621094,470.9100036621094,470.9100036621094,0
2006-04-28,474.7900085449219,474.7900085449219,474.7900085449219,474.7900085449219,0
2006-05-01,484.0199890136719,484.0199890136719,484.0199890136719,484.0199890136719,0
2006-05-02,488.92999267578125,488.92999267578125,488.92999267578125,488.92999267578125,0
2006-05-03,477.239990234375,477.239990234375,477.239990234375,477.239990234375,0
2006-05-04,469.8699951171875,469.8699951171875,469.8699951171875,469.8699951171875,0
2006-05-05,473.9100036621094,473.9100036621094,473.9100036621094,473.9100036621094,0
2006-05-08,471.9599914550781,471.9599914550781,471.9599914550781,471.9599914550781,0
2006-05-09,479.8999938964844,479.8999938964844,479.8999938964844,479.8999938964844,0
2006-05-10,491.8399963378906,491.8399963378906,491.8399963378906,491.8399963378906,0
2006-05-11,500.5299987792969,500.5299987792969,500.5299987792969,500.5299987792969,0
2006-05-12,492.05999755859375,492.05999755859375,492.05999755859375,492.05999755859375,0
2006-05-15,475.05999755859375,475.05999755859375,475.05999755859375,475.05999755859375,0
2006-05-16,475.8500061035156,475.8500061035156,475.8500061035156,475.8500061035156,0
2006-05-17,470.42999267578125,470.42999267578125,470.42999267578125,470.42999267578125,0
2006-05-18,472.05999755859375,472.05999755859375,472.05999755859375,472.05999755859375,0
2006-05-19,464.989990234375,464.989990234375,464.989990234375,464.989990234375,0
2006-05-22,469.94000244140625,469.94000244140625,469.94000244140625,469.94000244140625,0
2006-05-23,482.0299987792969,482.0299987792969,482.0299987792969,482.0299987792969,0
2006-05-24,467.57000732421875,467.57000732421875,467.57000732421875,467.57000732421875,0
2006-05-25,475.1099853515625,475.1099853515625,475.1099853515625,475.1099853515625,0
2006-05-26,477.6199951171875,477.6199951171875,477.6199951171875,477.6199951171875,0
2006-05-30,478.9599914550781,478.9599914550781,478.9599914550781,478.9599914550781,0
2006-05-31,474.54998779296875,474.54998779296875,474.54998779296875,474.54998779296875,0
2006-06-01,471.2799987792969,471.2799987792969,471.2799987792969,471.2799987792969,0
2006-06-02,482.1400146484375,482.1400146484375,482.1400146484375,482.1400146484375,0
2006-06-05,481.5299987792969,481.5299987792969,481.5299987792969,481.5299987792969,0
2006-06-06,478.010009765625,478.010009765625,478.010009765625,478.010009765625,0
2006-06-07,472.0400085449219,472.0400085449219,472.0400085449219,472.0400085449219,0
2006-06-08,468.75,468.75,468.75,468.75,0
2006-06-09,475.55999755859375,475.55999755859375,475.55999755859375,475.55999755859375,0
2006-06-12,471.1000061035156,471.1000061035156,471.1000061035156,471.1000061035156,0
2006-06-13,459.92999267578125,459.92999267578125,459.92999267578125,459.92999267578125,0
2006-06-14,462.5199890136719,462.5199890136719,462.5199890136719,462.5199890136719,0
2006-06-15,468.95001220703125,468.95001220703125,468.95001220703125,468.95001220703125,0
2006-06-16,469.6099853515625,469.6099853515625,469.6099853515625,469.6099853515625,0
2006-06-19,462.7099914550781,462.7099914550781,462.7099914550781,462.7099914550781,0
2006-06-20,461.1600036621094,461.1600036621094,461.1600036621094,461.1600036621094,0
2006-06-21,467.260009765625,467.260009765625,467.260009765625,467.260009765625,0
2006-06-22,469.54998779296875,469.54998779296875,469.54998779296875,469.54998779296875,0
2006-06-23,468.0799865722656,468.0799865722656,468.0799865722656,468.0799865722656,0
2006-06-26,472.7099914550781,472.7099914550781,472.7099914550781,472.7099914550781,0
2006-06-27,473.45001220703125,473.45001220703125,473.45001220703125,473.45001220703125,0
2006-06-28,473.4700012207031,473.4700012207031,473.4700012207031,473.4700012207031,0
2006-06-29,481.9200134277344,481.9200134277344,481.9200134277344,481.9200134277344,0
2006-06-30,484.67999267578125,484.67999267578125,484.67999267578125,484.67999267578125,0
2006-07-03,485.42999267578125,485.42999267578125,485.42999267578125,485.42999267578125,0
2006-07-05,489.0799865722656,489.0799865722656,489.0799865722656,489.0799865722656,0
2006-07-06,490.8999938964844,490.8999938964844,490.8999938964844,490.8999938964844,0
2006-07-07,484.7099914550781,484.7099914550781,484.7099914550781,484.7099914550781,0
2006-07-10,482.010009765625,482.010009765625,482.010009765625,482.010009765625,0
2006-07-11,488.6700134277344,488.6700134277344,488.6700134277344,488.6700134277344,0
2006-07-12,494.3500061035156,494.3500061035156,494.3500061035156,494.3500061035156,0
2006-07-13,504.9700012207031,504.9700012207031,504.9700012207031,504.9700012207031,0
2006-07-14,509.6300048828125,509.6300048828125,509.6300048828125,509.6300048828125,0
2006-07-17,496.6700134277344,496.6700134277344,496.6700134277344,496.6700134277344,0
2006-07-18,488.42999267578125,488.42999267578125,488.42999267578125,488.42999267578125,0
2006-07-19,486.4700012207031,486.4700012207031,486.4700012207031,486.4700012207031,0
2006-07-20,484.1099853515625,484.1099853515625,484.1099853515625,484.1099853515625,0
2006-07-21,484.07000732421875,484.07000732421875,484.07000732421875,484.07000732421875,0
2006-07-24,489.19000244140625,489.19000244140625,489.19000244140625,489.19000244140625,0
2006-07-25,483.94000244140625,483.94000244140625,483.94000244140625,483.94000244140625,0
2006-07-26,487.19000244140625,487.19000244140625,487.19000244140625,487.19000244140625,0
2006-07-27,491.6499938964844,491.6499938964844,491.6499938964844,491.6499938964844,0
2006-07-28,486.6199951171875,486.6199951171875,486.6199951171875,486.6199951171875,0
2006-07-31,498.25,498.25,498.25,498.25,0
2006-08-01,498.4200134277344,498.4200134277344,498.4200134277344,498.4200134277344,0
2006-08-02,505.6300048828125,505.6300048828125,505.6300048828125,505.6300048828125,0
2006-08-03,498.6600036621094,498.6600036621094,498.6600036621094,498.6600036621094,0
2006-08-04,497.0,497.0,497.0,497.0,0
2006-08-07,504.989990234375,504.989990234375,504.989990234375,504.989990234375,0
2006-08-08,503.3699951171875,503.3699951171875,503.3699951171875,503.3699951171875,0
2006-08-09,506.7799987792969,506.7799987792969,506.7799987792969,506.7799987792969,0
2006-08-10,495.2799987792969,495.2799987792969,495.2799987792969,495.2799987792969,0
2006-08-11,495.6000061035156,495.6000061035156,495.6000061035156,495.6000061035156,0
2006-08-14,487.260009765625,487.260009765625,487.260009765625,487.260009765625,0
2006-08-15,485.82000732421875,485.82000732421875,485.82000732421875,485.82000732421875,0
2006-08-16,482.239990234375,482.239990234375,482.239990234375,482.239990234375,0
2006-08-17,471.6700134277344,471.6700134277344,471.6700134277344,471.6700134277344,0
2006-08-18,475.1199951171875,475.1199951171875,475.1199951171875,475.1199951171875,0
2006-08-21,480.5199890136719,480.5199890136719,480.5199890136719,480.5199890136719,0
2006-08-22,482.3299865722656,482.3299865722656,482.3299865722656,482.3299865722656,0
2006-08-23,475.5199890136719,475.5199890136719,475.5199890136719,475.5199890136719,0
2006-08-24,479.1000061035156,479.1000061035156,479.1000061035156,479.1000061035156,0
2006-08-25,481.0899963378906,481.0899963378906,481.0899963378906,481.0899963378906,0
2006-08-28,468.4100036621094,468.4100036621094,468.4100036621094,468.4100036621094,0
2006-08-29,464.8500061035156,464.8500061035156,464.8500061035156,464.8500061035156,0
2006-08-30,464.2699890136719,464.2699890136719,464.2699890136719,464.2699890136719,0
2006-08-31,465.8699951171875,465.8699951171875,465.8699951171875,465.8699951171875,0
2006-09-01,459.010009765625,459.010009765625,459.010009765625,459.010009765625,0
2006-09-05,457.1400146484375,457.1400146484375,457.1400146484375,457.1400146484375,0
2006-09-06,453.260009765625,453.260009765625,453.260009765625,453.260009765625,0
2006-09-07,450.2300109863281,450.2300109863281,450.2300109863281,450.2300109863281,0
2006-09-08,446.4100036621094,446.4100036621094,446.4100036621094,446.4100036621094,0
2006-09-11,441.6199951171875,441.6199951171875,441.6199951171875,441.6199951171875,0
2006-09-12,437.239990234375,437.239990234375,437.239990234375,437.239990234375,0
2006-09-13,438.3900146484375,438.3900146484375,438.3900146484375,438.3900146484375,0
2006-09-14,433.7300109863281,433.7300109863281,433.7300109863281,433.7300109863281,0
2006-09-15,431.5799865722656,431.5799865722656,431.5799865722656,431.5799865722656,0
2006-09-18,434.9700012207031,434.9700012207031,434.9700012207031,434.9700012207031,0
2006-09-19,426.510009765625,426.510009765625,426.510009765625,426.510009765625,0
2006-09-20,418.32000732421875,418.32000732421875,418.32000732421875,418.32000732421875,0
2006-09-21,423.57000732421875,423.57000732421875,423.57000732421875,423.57000732421875,0
2006-09-22,418.0199890136719,418.0199890136719,418.0199890136719,418.0199890136719,0
2006-09-25,418.92999267578125,418.92999267578125,418.92999267578125,418.92999267578125,0
2006-09-26,419.20001220703125,419.20001220703125,419.20001220703125,419.20001220703125,0
2006-09-27,426.0,426.0,426.0,426.0,0
2006-09-28,426.6300048828125,426.6300048828125,426.6300048828125,426.6300048828125,0
2006-09-29,428.04998779296875,428.04998779296875,428.04998779296875,428.04998779296875,0
2006-10-02,420.1700134277344,420.1700134277344,420.1700134277344,420.1700134277344,0
2006-10-03,409.67999267578125,409.67999267578125,409.67999267578125,409.67999267578125,0
2006-10-04,413.80999755859375,413.80999755859375,413.80999755859375,413.80999755859375,0
2006-10-05,420.17999267578125,420.17999267578125,420.17999267578125,420.17999267578125,0
2006-10-06,422.7799987792969,422.7799987792969,422.7799987792969,422.7799987792969,0
2006-10-09,430.2900085449219,430.2900085449219,430.2900085449219,430.2900085449219,0
2006-10-10,426.5,426.5,426.5,426.5,0
2006-10-11,426.8500061035156,426.8500061035156,426.8500061035156,426.8500061035156,0
2006-10-12,429.8900146484375,429.8900146484375,429.8900146484375,429.8900146484375,0
2006-10-13,434.760009765625,434.760009765625,434.760009765625,434.760009765625,0
2006-10-16,444.44000244140625,444.44000244140625,444.44000244140625,444.44000244140625,0
2006-10-17,440.2099914550781,440.2099914550781,440.2099914550781,440.2099914550781,0
2006-10-18,434.07000732421875,434.07000732421875,434.07000732421875,434.07000732421875,0
2006-10-19,439.8399963378906,439.8399963378906,439.8399963378906,439.8399963378906,0
2006-10-20,435.2699890136719,435.2699890136719,435.2699890136719,435.2699890136719,0
2006-10-23,432.3500061035156,432.3500061035156,432.3500061035156,432.3500061035156,0
2006-10-24,435.8900146484375,435.8900146484375,435.8900146484375,435.8900146484375,0
2006-10-25,447.010009765625,447.010009765625,447.010009765625,447.010009765625,0
2006-10-26,441.2799987792969,441.2799987792969,441.2799987792969,441.2799987792969,0
2006-10-27,441.8599853515625,441.8599853515625,441.8599853515625,441.8599853515625,0
2006-10-30,428.42999267578125,428.42999267578125,428.42999267578125,428.42999267578125,0
2006-10-31,429.2200012207031,429.2200012207031,429.2200012207031,429.2200012207031,0
2006-11-01,429.55999755859375,429.55999755859375,429.55999755859375,429.55999755859375,0
2006-11-02,428.239990234375,428.239990234375,428.239990234375,428.239990234375,0
2006-11-03,434.0400085449219,434.0400085449219,434.0400085449219,434.0400085449219,0
2006-11-06,437.1000061035156,437.1000061035156,437.1000061035156,437.1000061035156,0
2006-11-07,436.3299865722656,436.3299865722656,436.3299865722656,436.3299865722656,0
2006-11-08,442.2799987792969,442.2799987792969,442.2799987792969,442.2799987792969,0
2006-11-09,452.5199890136719,452.5199890136719,452.5199890136719,452.5199890136719,0
2006-11-10,444.1600036621094,444.1600036621094,444.1600036621094,444.1600036621094,0
2006-11-13,441.7799987792969,441.7799987792969,441.7799987792969,441.7799987792969,0
2006-11-14,441.1099853515625,441.1099853515625,441.1099853515625,441.1099853515625,0
2006-11-15,445.2799987792969,445.2799987792969,445.2799987792969,445.2799987792969,0
2006-11-16,434.55999755859375,434.55999755859375,434.55999755859375,434.55999755859375,0
2006-11-17,436.9599914550781,436.9599914550781,436.9599914550781,436.9599914550781,0
2006-11-20,437.07000732421875,437.07000732421875,437.07000732421875,437.07000732421875,0
2006-11-21,445.0,445.0,445.0,445.0,0
2006-11-22,438.5299987792969,438.5299987792969,438.5299987792969,438.5299987792969,0
2006-11-24,441.8999938964844,441.8999938964844,441.8999938964844,441.8999938964844,0
2006-11-27,446.7900085449219,446.7900085449219,446.7900085449219,446.7900085449219,0
2006-11-28,450.1300048828125,450.1300048828125,450.1300048828125,450.1300048828125,0
2006-11-29,458.6199951171875,458.6199951171875,458.6199951171875,458.6199951171875,0
2006-11-30,463.6600036621094,463.6600036621094,463.6600036621094,463.6600036621094,0
2006-12-01,462.4200134277344,462.4200134277344,462.4200134277344,462.4200134277344,0
2006-12-04,453.1300048828125,453.1300048828125,453.1300048828125,453.1300048828125,0
2006-12-05,453.19000244140625,453.19000244140625,453.19000244140625,453.19000244140625,0
2006-12-06,449.25,449.25,449.25,449.25,0
2006-12-07,449.5,449.5,449.5,449.5,0
2006-12-08,448.1499938964844,448.1499938964844,448.1499938964844,448.1499938964844,0
2006-12-11,445.45001220703125,445.45001220703125,445.45001220703125,445.45001220703125,0
2006-12-12,444.489990234375,444.489990234375,444.489990234375,444.489990234375,0
2006-12-13,446.8500061035156,446.8500061035156,446.8500061035156,446.8500061035156,0
2006-12-14,452.5,452.5,452.5,452.5,0
2006-12-15,453.0400085449219,453.0400085449219,453.0400085449219,453.0400085449219,0
2006-12-18,445.0799865722656,445.0799865722656,445.0799865722656,445.0799865722656,0
2006-12-19,447.94000244140625,447.94000244140625,447.94000244140625,447.94000244140625,0
2006-12-20,447.6199951171875,447.6199951171875,447.6199951171875,447.6199951171875,0
2006-12-21,443.0899963378906,443.0899963378906,443.0899963378906,443.0899963378906,0
2006-12-22,442.2900085449219,442.2900085449219,442.2900085449219,442.2900085449219,0
2006-12-26,433.8900146484375,433.8900146484375,433.8900146484375,433.8900146484375,0
2006-12-27,431.04998779296875,431.04998779296875,431.04998779296875,431.04998779296875,0
2006-12-28,432.3500061035156,432.3500061035156,432.3500061035156,432.3500061035156,0
2006-12-29,433.6499938964844,433.6499938964844,433.6499938964844,433.6499938964844,0
2007-01-03,417.2300109863281,417.2300109863281,417.2300109863281,417.2300109863281,0
2007-01-04,405.260009765625,405.260009765625,405.260009765625,405.260009765625,0
2007-01-05,406.3500061035156,406.3500061035156,406.3500061035156,406.3500061035156,0
2007-01-08,406.82000732421875,406.82000732421875,406.82000732421875,406.82000732421875,0
2007-01-09,406.04998779296875,406.04998779296875,406.04998779296875,406.04998779296875,0
2007-01-10,403.3699951171875,403.3699951171875,403.3699951171875,403.3699951171875,0
2007-01-11,395.4200134277344,395.4200134277344,395.4200134277344,395.4200134277344,0
2007-01-12,402.4100036621094,402.4100036621094,402.4100036621094,402.4100036621094,0
2007-01-16,394.760009765625,394.760009765625,394.760009765625,394.760009765625,0
2007-01-17,397.9599914550781,397.9599914550781,397.9599914550781,397.9599914550781,0
2007-01-18,392.6499938964844,392.6499938964844,392.6499938964844,392.6499938964844,0
2007-01-19,402.5799865722656,402.5799865722656,402.5799865722656,402.5799865722656,0
2007-01-22,402.5,402.5,402.5,402.5,0
2007-01-23,414.739990234375,414.739990234375,414.739990234375,414.739990234375,0
2007-01-24,414.4599914550781,414.4599914550781,414.4599914550781,414.4599914550781,0
2007-01-25,408.760009765625,408.760009765625,408.760009765625,408.760009765625,0
2007-01-26,414.30999755859375,414.30999755859375,414.30999755859375,414.30999755859375,0
2007-01-29,405.20001220703125,405.20001220703125,405.20001220703125,405.20001220703125,0
2007-01-30,420.6700134277344,420.6700134277344,420.6700134277344,420.6700134277344,0
2007-01-31,427.2200012207031,427.2200012207031,427.2200012207031,427.2200012207031,0
2007-02-01,422.5299987792969,422.5299987792969,422.5299987792969,422.5299987792969,0
2007-02-02,427.7099914550781,427.7099914550781,427.7099914550781,427.7099914550781,0
2007-02-05,427.6199951171875,427.6199951171875,427.6199951171875,427.6199951171875,0
2007-02-06,427.75,427.75,427.75,427.75,0
2007-02-07,423.6499938964844,423.6499938964844,423.6499938964844,423.6499938964844,0
2007-02-08,433.6400146484375,433.6400146484375,433.6400146484375,433.6400146484375,0
2007-02-09,436.6199951171875,436.6199951171875,436.6199951171875,436.6199951171875,0
2007-02-12,424.8500061035156,424.8500061035156,424.8500061035156,424.8500061035156,0
2007-02-13,434.3599853515625,434.3599853515625,434.3599853515625,434.3599853515625,0
2007-02-14,428.010009765625,428.010009765625,428.010009765625,428.010009765625,0
2007-02-15,429.1700134277344,429.1700134277344,429.1700134277344,429.1700134277344,0
2007-02-16,436.489990234375,436.489990234375,436.489990234375,436.489990234375,0
2007-02-20,431.489990234375,431.489990234375,431.489990234375,431.489990234375,0
2007-02-21,439.4100036621094,439.4100036621094,439.4100036621094,439.4100036621094,0
2007-02-22,446.8399963378906,446.8399963378906,446.8399963378906,446.8399963378906,0
2007-02-23,450.0299987792969,450.0299987792969,450.0299987792969,450.0299987792969,0
2007-02-26,450.9599914550781,450.9599914550781,450.9599914550781,450.9599914550781,0
2007-02-27,449.2799987792969,449.2799987792969,449.2799987792969,449.2799987792969,0
2007-02-28,448.489990234375,448.489990234375,448.489990234375,448.489990234375,0
2007-03-01,448.510009765625,448.510009765625,448.510009765625,448.510009765625,0
2007-03-02,445.6000061035156,445.6000061035156,445.6000061035156,445.6000061035156,0
2007-03-05,437.3900146484375,437.3900146484375,437.3900146484375,437.3900146484375,0
2007-03-06,441.54998779296875,441.54998779296875,441.54998779296875,441.54998779296875,0
2007-03-07,448.70001220703125,448.70001220703125,448.70001220703125,448.70001220703125,0
2007-03-08,449.8599853515625,449.8599853515625,449.8599853515625,449.8599853515625,0
2007-03-09,443.2200012207031,443.2200012207031,443.2200012207031,443.2200012207031,0
2007-03-12,440.1400146484375,440.1400146484375,440.1400146484375,440.1400146484375,0
2007-03-13,439.2900085449219,439.2900085449219,439.2900085449219,439.2900085449219,0
2007-03-14,440.3500061035156,440.3500061035156,440.3500061035156,440.3500061035156,0
2007-03-15,438.80999755859375,438.80999755859375,438.80999755859375,438.80999755859375,0
2007-03-16,438.05999755859375,438.05999755859375,438.05999755859375,438.05999755859375,0
2007-03-19,437.82000732421875,437.82000732421875,437.82000732421875,437.82000732421875,0
2007-03-20,436.3999938964844,436.3999938964844,436.3999938964844,436.3999938964844,0
2007-03-21,438.5,438.5,438.5,438.5,0
2007-03-22,448.760009765625,448.760009765625,448.760009765625,448.760009765625,0
2007-03-23,449.42999267578125,449.42999267578125,449.42999267578125,449.42999267578125,0
2007-03-26,453.3699951171875,453.3699951171875,453.3699951171875,453.3699951171875,0
2007-03-27,454.0899963378906,454.0899963378906,454.0899963378906,454.0899963378906,0
2007-03-28,459.8800048828125,459.8800048828125,459.8800048828125,459.8800048828125,0
2007-03-29,468.1499938964844,468.1499938964844,468.1499938964844,468.1499938964844,0
2007-03-30,468.1199951171875,468.1199951171875,468.1199951171875,468.1199951171875,0
2007-04-02,467.1600036621094,467.1600036621094,467.1600036621094,467.1600036621094,0
2007-04-03,462.32000732421875,462.32000732421875,462.32000732421875,462.32000732421875,0
2007-04-04,465.94000244140625,465.94000244140625,465.94000244140625,465.94000244140625,0
2007-04-05,466.7900085449219,466.7900085449219,466.7900085449219,466.7900085449219,0
2007-04-09,459.32000732421875,459.32000732421875,459.32000732421875,459.32000732421875,0
2007-04-10,466.6700134277344,466.6700134277344,466.6700134277344,466.6700134277344,0
2007-04-11,468.95001220703125,468.95001220703125,468.95001220703125,468.95001220703125,0
2007-04-12,475.7200012207031,475.7200012207031,475.7200012207031,475.7200012207031,0
2007-04-13,477.8399963378906,477.8399963378906,477.8399963378906,477.8399963378906,0
2007-04-16,471.8800048828125,471.8800048828125,471.8800048828125,471.8800048828125,0
2007-04-17,467.260009765625,467.260009765625,467.260009765625,467.260009765625,0
2007-04-18,466.6700134277344,466.6700134277344,466.6700134277344,466.6700134277344,0
2007-04-19,463.80999755859375,463.80999755859375,463.80999755859375,463.80999755859375,0
2007-04-20,467.1600036621094,467.1600036621094,467.1600036621094,467.1600036621094,0
2007-04-23,475.30999755859375,475.30999755859375,475.30999755859375,475.30999755859375,0
2007-04-24,469.2699890136719,469.2699890136719,469.2699890136719,469.2699890136719,0
2007-04-25,476.4700012207031,476.4700012207031,476.4700012207031,476.4700012207031,0
2007-04-26,471.1499938964844,471.1499938964844,471.1499938964844,471.1499938964844,0
2007-04-27,477.69000244140625,477.69000244140625,477.69000244140625,477.69000244140625,0
2007-04-30,474.4599914550781,474.4599914550781,474.4599914550781,474.4599914550781,0
2007-05-01,470.9700012207031,470.9700012207031,470.9700012207031,470.9700012207031,0
2007-05-02,467.1700134277344,467.1700134277344,467.1700134277344,467.1700134277344,0
2007-05-03,467.9599914550781,467.9599914550781,467.9599914550781,467.9599914550781,0
2007-05-04,465.7099914550781,465.7099914550781,465.7099914550781,465.7099914550781,0
2007-05-07,457.42999267578125,465.5799865722656,457.42999267578125,465.5799865722656,0
2007-05-08,458.0,464.2099914550781,458.0,464.2099914550781,0
2007-05-09,454.8399963378906,466.2300109863281,454.8399963378906,466.2300109863281,0
2007-05-10,464.8399963378906,467.17999267578125,463.1300048828125,465.1600036621094,0
2007-05-11,472.1199951171875,472.32000732421875,465.8699951171875,465.9700012207031,0
2007-05-14,469.69000244140625,474.3900146484375,468.67999267578125,473.05999755859375,0
2007-05-15,473.760009765625,474.2099914550781,466.5,468.79998779296875,0
2007-05-16,471.04998779296875,474.5299987792969,466.5799865722656,474.3800048828125,0
2007-05-17,478.5799865722656,478.70001220703125,469.5799865722656,471.489990234375,0
2007-05-18,477.3699951171875,481.0799865722656,476.8299865722656,477.92999267578125,0
2007-05-21,482.6700134277344,484.0400085449219,475.07000732421875,478.0,0
2007-05-22,474.6400146484375,482.9599914550781,474.1000061035156,482.75,0
2007-05-23,475.7799987792969,477.6499938964844,472.5299987792969,476.0,0
2007-05-24,471.3999938964844,478.6499938964844,469.989990234375,478.04998779296875,0
2007-05-25,475.6499938964844,476.9200134277344,470.8900146484375,473.30999755859375,0
2007-05-29,465.3599853515625,473.6300048828125,462.8299865722656,473.4800109863281,0
2007-05-30,467.5899963378906,468.75,463.9200134277344,465.4800109863281,0
2007-05-31,470.6499938964844,470.8299865722656,464.3599853515625,468.3299865722656,0
2007-06-01,475.760009765625,477.010009765625,465.3800048828125,467.5899963378906,0
2007-06-04,483.239990234375,484.7699890136719,474.1400146484375,474.6300048828125,0
2007-06-05,480.4100036621094,483.5299987792969,478.989990234375,482.42999267578125,0
2007-06-06,479.9800109863281,481.5899963378906,477.0400085449219,480.8999938964844,0
2007-06-07,482.4800109863281,485.5299987792969,479.70001220703125,481.3900146484375,0
2007-06-08,471.1600036621094,481.67999267578125,470.7099914550781,481.45001220703125,0
2007-06-11,479.239990234375,479.8900146484375,472.4599914550781,474.0400085449219,0
2007-06-12,477.3399963378906,479.8800048828125,475.010009765625,478.6300048828125,0
2007-06-13,483.6400146484375,484.4100036621094,475.6199951171875,477.4700012207031,0
2007-06-14,492.4800109863281,493.2799987792969,483.8699951171875,484.1000061035156,0
2007-06-15,495.6000061035156,496.9700012207031,490.0899963378906,491.8299865722656,0
2007-06-18,498.0299987792969,499.1099853515625,493.1000061035156,495.989990234375,0
2007-06-19,493.3599853515625,496.67999267578125,492.9100036621094,495.7900085449219,0
2007-06-20,490.6199951171875,494.0400085449219,486.8500061035156,493.7900085449219,0
2007-06-21,489.17999267578125,496.17999267578125,488.0,492.0299987792969,0
2007-06-22,488.80999755859375,491.4700012207031,486.3699951171875,488.7900085449219,0
2007-06-25,487.9200134277344,489.2099914550781,480.7099914550781,485.2099914550781,0
2007-06-26,481.1499938964844,487.0,480.8500061035156,486.1199951171875,0
2007-06-27,485.2799987792969,486.80999755859375,477.42999267578125,481.1199951171875,0
2007-06-28,485.5199890136719,490.5799865722656,485.1099853515625,486.6199951171875,0
2007-06-29,489.1499938964844,491.260009765625,486.30999755859375,486.6300048828125,0
2007-07-02,492.0299987792969,492.4700012207031,485.0799865722656,490.1600036621094,0
2007-07-03,493.04998779296875,493.2099914550781,490.3599853515625,491.7900085449219,0
2007-07-05,496.9700012207031,498.4100036621094,491.7699890136719,493.6600036621094,0
2007-07-06,500.6600036621094,501.32000732421875,495.70001220703125,496.5899963378906,0
2007-07-09,499.9100036621094,503.54998779296875,497.82000732421875,499.6600036621094,0
2007-07-10,504.6600036621094,505.25,497.8699951171875,499.42999267578125,0
2007-07-11,503.760009765625,506.4599914550781,503.30999755859375,504.1099853515625,0
2007-07-12,504.7099914550781,509.6400146484375,501.4200134277344,505.3399963378906,0
2007-07-13,509.5899963378906,510.2099914550781,503.79998779296875,505.739990234375,0
2007-07-16,504.1499938964844,509.8699951171875,502.6600036621094,509.1600036621094,0
2007-07-17,501.3699951171875,507.8500061035156,500.3500061035156,502.6700134277344,0
2007-07-18,509.8599853515625,509.989990234375,501.3999938964844,502.07000732421875,0
2007-07-19,514.7100219726562,514.9199829101562,510.17999267578125,512.4000244140625,0
2007-07-20,513.1300048828125,517.260009765625,511.5,516.0499877929688,0
2007-07-23,505.5299987792969,510.510009765625,504.1700134277344,510.1000061035156,0
2007-07-24,499.69000244140625,504.80999755859375,497.8399963378906,504.4200134277344,0
2007-07-25,505.80999755859375,506.19000244140625,490.260009765625,497.82000732421875,0
2007-07-26,502.5,514.1400146484375,501.0799865722656,511.4200134277344,0
2007-07-27,509.6499938964844,510.0400085449219,500.8800048828125,501.79998779296875,0
2007-07-30,509.989990234375,512.0800170898438,506.7900085449219,509.25,0
2007-07-31,515.9400024414062,516.6300048828125,510.42999267578125,510.42999267578125,0
2007-08-01,508.94000244140625,517.7100219726562,507.1000061035156,514.5999755859375,0
2007-08-02,508.8699951171875,511.9800109863281,504.1099853515625,508.5899963378906,0
2007-08-03,503.2200012207031,511.3900146484375,502.3699951171875,509.82000732421875,0
2007-08-06,489.1300048828125,500.1099853515625,487.8500061035156,499.739990234375,0
2007-08-07,491.3299865722656,492.19000244140625,487.1400146484375,488.32000732421875,0
2007-08-08,490.8299865722656,495.260009765625,489.2200012207031,491.2200012207031,0
2007-08-09,489.489990234375,492.2699890136719,484.6300048828125,490.0299987792969,0
2007-08-10,489.82000732421875,490.75,482.1600036621094,487.9100036621094,0
2007-08-13,491.4700012207031,499.19000244140625,489.7200012207031,491.95001220703125,0
2007-08-14,493.1000061035156,494.1700134277344,488.55999755859375,491.1400146484375,0
2007-08-15,496.9599914550781,501.7699890136719,493.2200012207031,494.29998779296875,0
2007-08-16,481.95001220703125,492.6300048828125,475.55999755859375,489.95001220703125,0
2007-08-17,489.07000732421875,490.5799865722656,482.8900146484375,483.42999267578125,0
2007-08-20,480.80999755859375,485.1499938964844,477.19000244140625,485.1499938964844,0
2007-08-21,475.2900085449219,483.04998779296875,473.260009765625,480.2900085449219,0
2007-08-22,475.4599914550781,478.7099914550781,472.3999938964844,477.04998779296875,0
2007-08-23,479.9700012207031,481.3900146484375,476.5299987792969,477.6600036621094,0
2007-08-24,485.239990234375,486.8800048828125,478.2300109863281,479.29998779296875,0
2007-08-27,486.4800109863281,486.8999938964844,478.6099853515625,483.9800109863281,0
2007-08-28,485.6000061035156,488.07000732421875,483.1099853515625,487.3399963378906,0
2007-08-29,492.3500061035156,492.7099914550781,485.2900085449219,485.94000244140625,0
2007-08-30,493.0199890136719,495.3599853515625,490.9800109863281,493.4100036621094,0
2007-08-31,495.29998779296875,500.32000732421875,494.17999267578125,494.7300109863281,0
2007-09-04,501.2699890136719,501.7099914550781,492.8999938964844,496.8900146484375,0
2007-09-05,503.8399963378906,504.6099853515625,500.79998779296875,503.6000061035156,0
2007-09-06,506.20001220703125,510.8999938964844,502.3800048828125,505.4200134277344,0
2007-09-07,507.45001220703125,508.3900146484375,502.4200134277344,504.7099914550781,0
2007-09-10,513.1699829101562,514.0999755859375,504.55999755859375,506.82000732421875,0
2007-09-11,519.2000122070312,519.5999755859375,512.280029296875,515.22998046875,0
2007-09-12,527.760009765625,528.6199951171875,519.2899780273438,520.5399780273438,0
2007-09-13,527.030029296875,527.0399780273438,523.27001953125,527.0399780273438,0
2007-09-14,526.27001953125,533.6900024414062,523.989990234375,526.0599975585938,0
2007-09-17,533.1199951171875,533.2999877929688,524.0399780273438,525.489990234375,0
2007-09-18,536.27001953125,538.5499877929688,528.6199951171875,534.4000244140625,0
2007-09-19,539.25,540.8400268554688,534.739990234375,538.8699951171875,0
2007-09-20,543.6099853515625,544.22998046875,530.7899780273438,538.0499877929688,0
2007-09-21,544.5700073242188,547.72998046875,540.6799926757812,542.7999877929688,0
2007-09-24,544.0399780273438,546.0800170898438,540.969970703125,543.5399780273438,0
2007-09-25,537.4500122070312,541.4600219726562,535.27001953125,540.8900146484375,0
2007-09-26,539.6400146484375,542.8900146484375,532.5399780273438,538.9600219726562,0
2007-09-27,551.489990234375,551.8499755859375,542.760009765625,543.9199829101562,0
2007-09-28,546.1300048828125,555.0700073242188,545.3300170898438,552.5700073242188,0
2007-10-01,540.72998046875,548.1099853515625,537.8599853515625,547.969970703125,0
2007-10-02,537.9299926757812,540.030029296875,527.4400024414062,538.239990234375,0
2007-10-03,537.8900146484375,556.1199951171875,535.6699829101562,538.9199829101562,0
2007-10-04,543.510009765625,545.1199951171875,533.52001953125,537.3599853515625,0
2007-10-05,541.5900268554688,545.2000122070312,539.4299926757812,543.030029296875,0
2007-10-08,528.6099853515625,539.1699829101562,526.739990234375,539.0599975585938,0
2007-10-09,534.530029296875,537.47998046875,526.3599853515625,527.8599853515625,0
2007-10-10,541.3200073242188,541.489990234375,534.25,536.3900146484375,0
2007-10-11,549.7999877929688,551.969970703125,542.8400268554688,543.5599975585938,0
2007-10-12,550.7000122070312,552.1300048828125,547.1500244140625,548.4600219726562,0
2007-10-15,561.7100219726562,562.6300048828125,552.5700073242188,552.7999877929688,0
2007-10-16,566.1199951171875,568.4099731445312,559.8599853515625,564.3800048828125,0
2007-10-17,564.4500122070312,570.0800170898438,562.6599731445312,565.280029296875,0
2007-10-18,572.3300170898438,573.010009765625,563.1699829101562,565.9400024414062,0
2007-10-19,567.8499755859375,574.8099975585938,565.22998046875,571.22998046875,0
2007-10-22,562.5800170898438,565.760009765625,555.6400146484375,563.9600219726562,0
2007-10-23,558.6400146484375,566.8400268554688,556.8699951171875,562.8099975585938,0
2007-10-24,564.3099975585938,565.4500122070312,546.5900268554688,557.6599731445312,0
2007-10-25,579.0900268554688,579.27001953125,568.280029296875,568.5700073242188,0
2007-10-26,585.6699829101562,586.9500122070312,580.7999877929688,585.0499877929688,0
2007-10-29,594.739990234375,595.1699829101562,587.0800170898438,590.75,0
2007-10-30,581.760009765625,592.0900268554688,580.6799926757812,592.0399780273438,0
2007-10-31,599.3099975585938,600.3099975585938,576.5999755859375,576.6599731445312,0
2007-11-01,594.4600219726562,605.4000244140625,589.22998046875,603.4000244140625,0
2007-11-02,604.7000122070312,604.9199829101562,593.52001953125,593.52001953125,0
2007-11-05,595.780029296875,604.6300048828125,594.1699829101562,600.72998046875,0
2007-11-06,608.47998046875,610.5999755859375,599.469970703125,599.8099975585938,0
2007-11-07,606.2100219726562,618.760009765625,599.7899780273438,617.510009765625,0
2007-11-08,603.9400024414062,612.3499755859375,602.4199829101562,605.25,0
2007-11-09,607.239990234375,608.3300170898438,599.2100219726562,606.760009765625,0
2007-11-12,599.0399780273438,607.3699951171875,594.780029296875,606.5,0
2007-11-13,585.239990234375,599.1300048828125,581.5700073242188,598.219970703125,0
2007-11-14,597.1699829101562,597.8599853515625,586.0,586.4000244140625,0
2007-11-15,591.9199829101562,599.3800048828125,586.4000244140625,595.3200073242188,0
2007-11-16,599.4000244140625,601.0599975585938,591.6400146484375,592.8699951171875,0
2007-11-19,599.4000244140625,604.030029296875,595.0999755859375,602.6900024414062,0
2007-11-20,613.719970703125,614.3599853515625,600.3300170898438,600.72998046875,0
2007-11-21,611.239990234375,616.0700073242188,607.8900146484375,614.4199829101562,0
2007-11-23,617.739990234375,618.5599975585938,607.969970703125,612.6099853515625,0
2007-11-26,615.6799926757812,623.6300048828125,612.469970703125,622.7000122070312,0
2007-11-27,601.8499755859375,612.0700073242188,600.8099975585938,611.9400024414062,0
2007-11-28,587.5,604.4099731445312,586.530029296875,600.6900024414062,0
2007-11-29,589.0900268554688,604.4000244140625,587.1199951171875,602.8800048828125,0
2007-11-30,577.989990234375,590.8400268554688,577.0499877929688,590.219970703125,0
2007-12-03,578.8300170898438,579.6799926757812,569.6699829101562,576.2000122070312,0
2007-12-04,576.739990234375,580.6099853515625,572.4199829101562,578.3599853515625,0
2007-12-05,573.4400024414062,586.030029296875,571.9600219726562,577.1300048828125,0
2007-12-06,583.739990234375,585.47998046875,565.2999877929688,568.8499755859375,0
2007-12-07,578.3800048828125,586.280029296875,573.469970703125,582.8200073242188,0
2007-12-10,576.3099975585938,584.47998046875,573.5900268554688,575.97998046875,0
2007-12-11,584.3699951171875,586.2000122070312,576.780029296875,579.1799926757812,0
2007-12-12,605.3099975585938,606.7999877929688,582.8599853515625,582.9000244140625,0
2007-12-13,596.7899780273438,607.739990234375,596.22998046875,602.530029296875,0
2007-12-14,594.469970703125,602.5,590.4500122070312,600.719970703125,0
2007-12-17,591.4299926757812,597.0900268554688,586.530029296875,597.010009765625,0
2007-12-18,587.1500244140625,599.8800048828125,582.7000122070312,593.8699951171875,0
2007-12-19,593.9400024414062,597.8300170898438,585.9400024414062,590.1699829101562,0
2007-12-20,592.010009765625,599.1199951171875,591.0,597.3800048828125,0
2007-12-21,601.1699829101562,603.27001953125,591.3599853515625,593.6799926757812,0
2007-12-24,602.5900268554688,602.8599853515625,596.02001953125,600.1900024414062,0
2007-12-26,611.1599731445312,613.7000122070312,602.780029296875,603.1500244140625,0
2007-12-27,614.1300048828125,617.4199829101562,608.72998046875,610.7000122070312,0
2007-12-28,610.22998046875,618.969970703125,610.0499877929688,613.780029296875,0
2007-12-31,610.1699829101562,613.1400146484375,605.3599853515625,610.2899780273438,0
2008-01-02,629.97998046875,630.530029296875,613.9500122070312,614.0499877929688,0
2008-01-03,630.739990234375,635.6400146484375,627.75,632.97998046875,0
2008-01-04,624.9400024414062,631.0900268554688,620.5499877929688,630.989990234375,0
2008-01-07,611.6699829101562,626.9199829101562,608.8400268554688,624.4000244140625,0
2008-01-08,620.9099731445312,626.489990234375,613.8800048828125,616.0900268554688,0
2008-01-09,616.8900146484375,627.0599975585938,616.0,623.530029296875,0
2008-01-10,607.4299926757812,614.8900146484375,603.9099731445312,609.5900268554688,0
2008-01-11,605.8499755859375,611.3099975585938,602.6599731445312,610.8699951171875,0
2008-01-14,615.280029296875,616.4199829101562,607.9000244140625,609.7899780273438,0
2008-01-15,604.9500122070312,615.0700073242188,601.3800048828125,612.5700073242188,0
2008-01-16,596.72998046875,601.72998046875,590.9000244140625,599.8800048828125,0
2008-01-17,594.469970703125,603.7000122070312,592.5399780273438,598.9199829101562,0
2008-01-18,597.1599731445312,600.1500244140625,593.5800170898438,596.1300048828125,0
2008-01-22,589.530029296875,592.8900146484375,576.219970703125,576.760009765625,0
2008-01-23,576.739990234375,590.4400024414062,575.8300170898438,590.4400024414062,0
2008-01-24,590.0700073242188,590.5900268554688,580.280029296875,583.5700073242188,0
2008-01-25,599.52001953125,602.02001953125,594.5999755859375,596.719970703125,0
2008-01-28,603.2899780273438,604.5399780273438,591.6799926757812,595.1199951171875,0
2008-01-29,607.3400268554688,608.4099731445312,603.4099731445312,604.5999755859375,0
2008-01-30,609.1300048828125,610.7999877929688,604.6799926757812,608.9600219726562,0
2008-01-31,608.3800048828125,610.739990234375,597.530029296875,605.1900024414062,0
2008-02-01,595.5599975585938,611.2100219726562,593.5599975585938,606.7999877929688,0
2008-02-04,602.3800048828125,605.3300170898438,592.0999755859375,597.8099975585938,0
2008-02-05,595.3599853515625,601.0399780273438,591.6199951171875,600.9600219726562,0
2008-02-06,592.6400146484375,600.3300170898438,591.280029296875,594.0,0
2008-02-07,599.8400268554688,599.989990234375,590.5700073242188,595.22998046875,0
2008-02-08,619.9400024414062,621.739990234375,604.9000244140625,605.97998046875,0
2008-02-11,628.52001953125,632.25,619.969970703125,622.260009765625,0
2008-02-12,623.0499877929688,630.8099975585938,621.3300170898438,627.1199951171875,0
2008-02-13,625.030029296875,627.6500244140625,618.7000122070312,621.8300170898438,0
2008-02-14,638.969970703125,639.25,628.75,630.0700073242188,0
2008-02-15,638.0,644.6799926757812,633.8900146484375,638.72998046875,0
2008-02-19,660.6099853515625,661.010009765625,643.719970703125,644.1900024414062,0
2008-02-20,660.5900268554688,664.4099731445312,652.9600219726562,656.3200073242188,0
2008-02-21,656.5800170898438,664.030029296875,651.2999877929688,663.3699951171875,0
2008-02-22,660.4299926757812,662.25,651.1099853515625,654.0,0
2008-02-25,665.3599853515625,667.1900024414062,658.5599975585938,665.530029296875,0
2008-02-26,676.2999877929688,677.3699951171875,663.1300048828125,664.1699829101562,0
2008-02-27,672.8699951171875,680.5,669.7899780273438,679.8800048828125,0
2008-02-28,685.6900024414062,686.4000244140625,669.75,670.1699829101562,0
2008-02-29,679.780029296875,685.1199951171875,678.8499755859375,684.22998046875,0
2008-03-03,685.280029296875,694.0700073242188,678.989990234375,681.0800170898438,0
2008-03-04,669.1900024414062,688.97998046875,665.780029296875,683.989990234375,0
2008-03-05,694.5599975585938,695.1599731445312,670.6300048828125,670.6300048828125,0
2008-03-06,696.52001953125,702.1099853515625,685.3900146484375,696.6599731445312,0
2008-03-07,692.9299926757812,699.3099975585938,687.75,692.3699951171875,0
2008-03-10,703.0399780273438,704.0999755859375,683.1500244140625,691.260009765625,0
2008-03-11,708.4600219726562,711.9400024414062,697.8599853515625,702.760009765625,0
2008-03-12,715.2999877929688,715.6400146484375,701.2999877929688,705.9000244140625,0
2008-03-13,718.4600219726562,722.6500244140625,712.27001953125,714.239990234375,0
2008-03-14,712.6900024414062,722.5700073242188,707.7000122070312,717.6900024414062,0
2008-03-17,681.77001953125,719.6900024414062,672.8099975585938,718.4199829101562,0
2008-03-18,703.5900268554688,704.6099853515625,680.6799926757812,680.6799926757812,0
2008-03-19,671.1199951171875,700.1900024414062,669.469970703125,699.1900024414062,0
2008-03-20,661.5800170898438,682.8599853515625,649.3200073242188,669.0800170898438,0
2008-03-24,662.6300048828125,670.22998046875,657.3699951171875,659.97998046875,0
2008-03-25,669.260009765625,670.9099731445312,660.0900268554688,662.7899780273438,0
2008-03-26,688.1300048828125,689.3200073242188,670.6699829101562,671.530029296875,0
2008-03-27,695.4000244140625,697.5900268554688,685.0499877929688,688.4500122070312,0
2008-03-28,686.3499755859375,695.8200073242188,681.8400268554688,693.0800170898438,0
2008-03-31,668.9099731445312,693.4600219726562,663.6199951171875,686.1699829101562,0
2008-04-01,662.530029296875,670.6799926757812,655.7000122070312,661.5900268554688,0
2008-04-02,681.02001953125,682.02001953125,657.8099975585938,665.5900268554688,0
2008-04-03,676.9600219726562,688.0499877929688,674.4099731445312,680.6799926757812,0
2008-04-04,688.489990234375,688.969970703125,677.5700073242188,679.8599853515625,0
2008-04-07,701.4000244140625,704.1500244140625,689.6699829101562,690.4199829101562,0
2008-04-08,697.6799926757812,703.0599975585938,694.6400146484375,701.8599853515625,0
2008-04-09,712.9299926757812,719.0700073242188,696.4199829101562,697.0900268554688,0
2008-04-10,710.989990234375,722.969970703125,705.1599731445312,716.1500244140625,0
2008-04-11,708.719970703125,714.25,704.030029296875,711.3300170898438,0
2008-04-14,714.8200073242188,715.4199829101562,705.47998046875,707.760009765625,0
2008-04-15,725.7000122070312,727.280029296875,716.5599975585938,717.969970703125,0
2008-04-16,734.0900268554688,734.3900146484375,720.9099731445312,726.5599975585938,0
2008-04-17,732.5700073242188,738.8499755859375,729.280029296875,736.2100219726562,0
2008-04-18,738.1699829101562,738.6799926757812,721.77001953125,733.2999877929688,0
2008-04-21,737.3300170898438,741.6400146484375,729.6900024414062,739.8300170898438,0
2008-04-22,745.9600219726562,749.6699829101562,735.2000122070312,737.6900024414062,0
2008-04-23,746.1500244140625,746.97998046875,737.27001953125,745.8800048828125,0
2008-04-24,735.030029296875,746.8099975585938,727.219970703125,746.8099975585938,0
2008-04-25,744.9199829101562,750.0800170898438,726.0499877929688,727.510009765625,0
2008-04-28,748.1300048828125,750.6199951171875,744.5999755859375,749.8200073242188,0
2008-04-29,730.1199951171875,745.0900268554688,727.8499755859375,744.239990234375,0
2008-04-30,721.0700073242188,735.9099731445312,720.0,727.7999877929688,0
2008-05-01,711.3400268554688,725.6799926757812,701.1099853515625,725.3200073242188,0
2008-05-02,731.3300170898438,731.739990234375,709.5399780273438,709.5700073242188,0
2008-05-05,747.5900268554688,750.280029296875,731.260009765625,734.2100219726562,0
2008-05-06,758.1900024414062,762.9099731445312,745.72998046875,751.1699829101562,0
2008-05-07,765.8900146484375,766.989990234375,751.8300170898438,759.5700073242188,0
2008-05-08,769.719970703125,770.5999755859375,762.3800048828125,765.719970703125,0
2008-05-09,782.7000122070312,784.8499755859375,773.02001953125,774.02001953125,0
2008-05-12,774.4299926757812,784.8099975585938,772.8900146484375,781.3099975585938,0
2008-05-13,782.739990234375,788.1400146484375,770.3499755859375,773.5999755859375,0
2008-05-14,774.969970703125,784.4199829101562,774.0900268554688,782.780029296875,0
2008-05-15,773.969970703125,785.760009765625,763.72998046875,775.7999877929688,0
2008-05-16,783.1300048828125,790.7899780273438,774.8599853515625,777.4199829101562,0
2008-05-19,782.7999877929688,788.3099975585938,776.6500244140625,783.9299926757812,0
2008-05-20,796.3300170898438,798.510009765625,781.8800048828125,783.489990234375,0
2008-05-21,816.75,818.9199829101562,796.6300048828125,798.3499755859375,0
2008-05-22,805.8099975585938,828.3200073242188,803.4600219726562,824.0,0
2008-05-23,812.1900024414062,819.739990234375,804.4199829101562,811.219970703125,0
2008-05-27,797.52001953125,821.0399780273438,795.9099731445312,820.2100219726562,0
2008-05-28,805.3499755859375,807.3900146484375,783.02001953125,796.1900024414062,0
2008-05-29,781.739990234375,812.4299926757812,779.0499877929688,803.0900268554688,0
2008-05-30,786.5800170898438,790.0399780273438,773.280029296875,775.6400146484375,0
2008-06-02,792.1799926757812,799.0599975585938,778.3699951171875,781.7899780273438,0
2008-06-03,777.6099853515625,794.5999755859375,776.0,791.7999877929688,0
2008-06-04,767.1599731445312,802.3800048828125,764.8800048828125,773.5700073242188,0
2008-06-05,792.9099731445312,794.1900024414062,766.0700073242188,767.5999755859375,0
2008-06-06,842.239990234375,843.9199829101562,797.239990234375,797.239990234375,0
2008-06-09,825.2999877929688,845.9299926757812,821.6900024414062,845.6599731445312,0
2008-06-10,815.4000244140625,842.0499877929688,813.0900268554688,822.1400146484375,0
2008-06-11,842.6799926757812,850.8900146484375,821.5900268554688,822.0499877929688,0
2008-06-12,845.8200073242188,849.5599975585938,826.25,840.9600219726562,0
2008-06-13,839.9000244140625,847.9000244140625,832.2100219726562,845.0399780273438,0
2008-06-16,842.4099731445312,861.8699951171875,836.4400024414062,838.3400268554688,0
2008-06-17,840.4400024414062,845.02001953125,830.7000122070312,844.8800048828125,0
2008-06-18,852.1900024414062,852.7000122070312,832.1099853515625,841.9099731445312,0
2008-06-19,830.3499755859375,858.3300170898438,829.4000244140625,852.6599731445312,0
2008-06-20,843.1300048828125,852.8699951171875,831.3900146484375,833.02001953125,0
2008-06-23,848.6799926757812,854.5900268554688,835.989990234375,848.8300170898438,0
2008-06-24,847.8200073242188,856.510009765625,842.6900024414062,852.2899780273438,0
2008-06-25,837.4299926757812,850.5800170898438,824.8900146484375,848.75,0
2008-06-26,865.0900268554688,867.969970703125,837.2999877929688,837.3400268554688,0
2008-06-27,866.9400024414062,879.3099975585938,864.8800048828125,873.3300170898438,0
2008-06-30,862.8099975585938,882.8099975585938,859.5900268554688,878.1300048828125,0
2008-07-01,869.3400268554688,878.0,865.5599975585938,869.7100219726562,0
2008-07-02,882.8599853515625,884.510009765625,865.0499877929688,873.8599853515625,0
2008-07-03,890.2899780273438,893.8599853515625,881.280029296875,888.3800048828125,0
2008-07-07,864.989990234375,879.3300170898438,857.510009765625,879.3300170898438,0
2008-07-08,836.969970703125,867.02001953125,831.5,864.0,0
2008-07-09,838.1500244140625,849.0999755859375,834.6799926757812,843.5900268554688,0
2008-07-10,865.3699951171875,866.4299926757812,838.6900024414062,839.989990234375,0
2008-07-11,879.6400146484375,893.25,869.5599975585938,873.5399780273438,0
2008-07-14,877.4600219726562,884.6500244140625,868.4299926757812,875.4600219726562,0
2008-07-15,846.3800048828125,884.9000244140625,835.489990234375,875.9600219726562,0
2008-07-16,830.0599975585938,847.4299926757812,815.8099975585938,844.9299926757812,0
2008-07-17,803.4199829101562,838.8499755859375,802.2899780273438,829.0999755859375,0
2008-07-18,795.97998046875,812.719970703125,794.3599853515625,807.6400146484375,0
2008-07-21,803.6900024414062,809.5499877929688,794.4500122070312,805.1300048828125,0
2008-07-22,786.739990234375,809.780029296875,778.97998046875,809.030029296875,0
2008-07-23,766.8099975585938,787.5499877929688,766.22998046875,778.3099975585938,0
2008-07-24,767.510009765625,772.8900146484375,759.4400024414062,769.2100219726562,0
2008-07-25,759.0800170898438,772.530029296875,754.5900268554688,770.280029296875,0
2008-07-28,765.5700073242188,769.4600219726562,757.6500244140625,763.5599975585938,0
2008-07-29,753.4099731445312,769.0599975585938,744.010009765625,767.5800170898438,0
2008-07-30,771.9600219726562,773.9500122070312,746.47998046875,752.8400268554688,0
2008-07-31,760.2000122070312,776.97998046875,755.7999877929688,773.3900146484375,0
2008-08-01,762.52001953125,779.1900024414062,750.280029296875,754.2899780273438,0
2008-08-04,738.469970703125,765.0900268554688,730.25,764.4000244140625,0
2008-08-05,727.4199829101562,737.5999755859375,722.27001953125,729.6300048828125,0
2008-08-06,723.010009765625,733.260009765625,715.8300170898438,729.6199951171875,0
2008-08-07,730.4400024414062,738.4500122070312,722.030029296875,728.6799926757812,0
2008-08-08,704.1799926757812,724.6199951171875,703.4299926757812,723.1799926757812,0
2008-08-11,702.6799926757812,712.9000244140625,695.4400024414062,711.2100219726562,0
2008-08-12,696.1799926757812,709.8400268554688,692.5499877929688,700.1300048828125,0
2008-08-13,714.1300048828125,721.3599853515625,696.6799926757812,701.97998046875,0
2008-08-14,708.97998046875,721.9000244140625,697.97998046875,720.4199829101562,0
2008-08-15,699.3499755859375,703.5599975585938,689.239990234375,700.1199951171875,0
2008-08-18,698.1300048828125,706.739990234375,693.530029296875,703.9000244140625,0
2008-08-19,706.2100219726562,718.0900268554688,692.2899780273438,694.2000122070312,0
2008-08-20,712.75,719.2999877929688,698.760009765625,709.6199951171875,0
2008-08-21,743.969970703125,749.0,716.3400268554688,718.6500244140625,0
2008-08-22,711.4000244140625,744.1599731445312,710.6699829101562,744.1599731445312,0
2008-08-25,711.6300048828125,718.4500122070312,706.77001953125,716.4299926757812,0
2008-08-26,717.9400024414062,724.239990234375,699.22998046875,714.47998046875,0
2008-08-27,725.6799926757812,734.9400024414062,719.72998046875,722.5499877929688,0
2008-08-28,710.3599853515625,735.3599853515625,702.9000244140625,728.6500244140625,0
2008-08-29,708.1599731445312,723.4500122070312,706.6500244140625,715.9199829101562,0
2008-09-02,677.0599975585938,680.1699829101562,658.4199829101562,663.989990234375,0
2008-09-03,675.260009765625,675.7100219726562,664.9299926757812,668.0999755859375,0
2008-09-04,668.9400024414062,681.6400146484375,662.2999877929688,677.3499755859375,0
2008-09-05,657.6500244140625,667.25,653.25,663.0,0
2008-09-08,659.7899780273438,674.0800170898438,652.5399780273438,670.0599975585938,0
2008-09-09,644.9299926757812,654.3900146484375,640.5399780273438,654.0599975585938,0
2008-09-10,639.8800048828125,651.719970703125,634.280029296875,648.9199829101562,0
2008-09-11,634.6400146484375,646.1300048828125,630.9400024414062,640.1199951171875,0
2008-09-12,640.3200073242188,648.5,634.9299926757812,641.02001953125,0
2008-09-15,615.3699951171875,631.77001953125,606.2899780273438,631.719970703125,0
2008-09-16,590.9400024414062,604.6199951171875,588.47998046875,598.6799926757812,0
2008-09-17,619.1400146484375,620.0399780273438,591.8099975585938,605.2000122070312,0
2008-09-18,617.5900268554688,643.4199829101562,609.6199951171875,616.8200073242188,0
2008-09-19,640.4500122070312,643.25,618.7999877929688,622.4299926757812,0
2008-09-22,672.8699951171875,676.969970703125,648.9600219726562,648.9600219726562,0
2008-09-23,660.8499755859375,672.8200073242188,649.5,665.1199951171875,0
2008-09-24,657.0700073242188,675.2999877929688,653.8900146484375,668.2899780273438,0
2008-09-25,665.4199829101562,669.0999755859375,646.260009765625,659.1099853515625,0
2008-09-26,657.02001953125,657.9600219726562,647.969970703125,653.719970703125,0
2008-09-29,606.6599731445312,641.9400024414062,601.8200073242188,641.9400024414062,0
2008-09-30,622.239990234375,626.3400268554688,597.260009765625,598.1400146484375,0
2008-10-01,613.2100219726562,634.3499755859375,602.1599731445312,622.239990234375,0
2008-10-02,585.7100219726562,610.5399780273438,584.8599853515625,606.0700073242188,0
2008-10-03,583.4400024414062,594.75,572.5,583.6900024414062,0
2008-10-06,547.02001953125,568.2000122070312,546.2000122070312,563.22998046875,0
2008-10-07,554.0700073242188,567.9299926757812,545.9000244140625,560.9400024414062,0
2008-10-08,550.02001953125,555.6599731445312,535.4600219726562,540.1799926757812,0
2008-10-09,544.1199951171875,556.3099975585938,541.3599853515625,550.8900146484375,0
2008-10-10,500.04998779296875,526.5900268554688,497.6300048828125,522.1799926757812,0
2008-10-13,520.4400024414062,523.47998046875,512.7100219726562,516.3300170898438,0
2008-10-14,509.3900146484375,539.22998046875,508.8399963378906,535.2100219726562,0
2008-10-15,485.67999267578125,509.9800109863281,485.20001220703125,509.510009765625,0
2008-10-16,464.1099853515625,483.05999755859375,455.79998779296875,470.8800048828125,0
2008-10-17,474.739990234375,485.44000244140625,464.2699890136719,475.6600036621094,0
2008-10-20,483.6700134277344,491.17999267578125,473.80999755859375,483.1499938964844,0
2008-10-21,473.25,483.8599853515625,464.6700134277344,480.6300048828125,0
2008-10-22,445.2200012207031,461.57000732421875,443.0,461.25,0
2008-10-23,447.2799987792969,455.94000244140625,439.7300109863281,449.760009765625,0
2008-10-24,427.9599914550781,441.5199890136719,420.0199890136719,441.5199890136719,0
2008-10-27,427.1600036621094,437.2799987792969,413.3699951171875,419.8599853515625,0
2008-10-28,425.4200134277344,438.8299865722656,421.29998779296875,430.7200012207031,0
2008-10-29,454.2699890136719,461.0400085449219,432.05999755859375,434.3699951171875,0
2008-10-30,440.79998779296875,462.6199951171875,432.7200012207031,462.3299865722656,0
2008-10-31,449.4599914550781,452.510009765625,427.010009765625,435.20001220703125,0
2008-11-03,434.7300109863281,452.1199951171875,434.6700134277344,447.6600036621094,0
2008-11-04,467.260009765625,475.1099853515625,425.8299865722656,427.5299987792969,0
2008-11-05,442.510009765625,463.510009765625,440.30999755859375,453.4599914550781,0
2008-11-06,418.95001220703125,442.1199951171875,415.32000732421875,435.2200012207031,0
2008-11-07,420.3900146484375,429.92999267578125,418.2099914550781,425.1400146484375,0
2008-11-10,431.3699951171875,446.2300109863281,418.7699890136719,435.7799987792969,0
2008-11-11,414.8599853515625,425.6099853515625,408.6499938964844,424.2799987792969,0
2008-11-12,401.0,414.6400146484375,400.1199951171875,412.2699890136719,0
2008-11-13,410.2799987792969,412.95001220703125,395.0400085449219,398.42999267578125,0
2008-11-14,405.2200012207031,414.20001220703125,399.55999755859375,408.1400146484375,0
2008-11-17,395.989990234375,412.79998779296875,395.3900146484375,401.489990234375,0
2008-11-18,391.5799865722656,400.1499938964844,390.17999267578125,391.760009765625,0
2008-11-19,388.7799987792969,397.1700134277344,386.3299865722656,387.6300048828125,0
2008-11-20,366.3900146484375,384.3399963378906,365.7900085449219,384.04998779296875,0
2008-11-21,368.3900146484375,373.80999755859375,362.95001220703125,366.5199890136719,0
2008-11-24,393.94000244140625,396.9800109863281,365.6300048828125,365.6300048828125,0
2008-11-25,376.6199951171875,392.3500061035156,375.6099853515625,387.05999755859375,0
2008-11-26,394.2699890136719,395.510009765625,376.2200012207031,378.30999755859375,0
2008-11-28,390.6499938964844,396.04998779296875,376.8299865722656,387.2799987792969,0
2008-12-01,365.7900085449219,382.3399963378906,365.2300109863281,382.19000244140625,0
2008-12-02,354.70001220703125,370.4100036621094,354.2699890136719,359.0199890136719,0
2008-12-03,351.5400085449219,357.760009765625,349.260009765625,356.3699951171875,0
2008-12-04,334.1700134277344,351.8699951171875,333.6400146484375,347.4800109863281,0
2008-12-05,318.0,336.29998779296875,317.1300048828125,333.20001220703125,0
2008-12-08,336.1199951171875,340.32000732421875,327.2300109863281,331.2099914550781,0
2008-12-09,330.7799987792969,340.92999267578125,330.1400146484375,335.9599914550781,0
2008-12-10,340.2300109863281,351.4599914550781,331.6400146484375,336.54998779296875,0
2008-12-11,363.32000732421875,368.3500061035156,342.6400146484375,342.7900085449219,0
2008-12-12,356.55999755859375,361.5899963378906,342.1499938964844,353.6099853515625,0
2008-12-15,352.1300048828125,375.3500061035156,351.7799987792969,358.8399963378906,0
2008-12-16,351.4700012207031,361.1300048828125,348.0,352.9700012207031,0
2008-12-17,345.3800048828125,362.5899963378906,344.6000061035156,359.20001220703125,0
2008-12-18,333.82000732421875,333.82000732421875,333.82000732421875,333.82000732421875,0
2008-12-19,333.7099914550781,333.7099914550781,333.7099914550781,333.7099914550781,0
2008-12-22,324.2300109863281,337.55999755859375,323.7900085449219,333.9100036621094,0
2008-12-23,322.260009765625,326.7099914550781,315.489990234375,321.3599853515625,0
2008-12-24,308.5799865722656,322.6600036621094,307.8399963378906,322.6600036621094,0
2008-12-26,318.010009765625,318.6700134277344,309.0899963378906,312.3399963378906,0
2008-12-29,327.1600036621094,340.3699951171875,318.4700012207031,327.5199890136719,0
2008-12-30,324.8500061035156,326.9800109863281,318.8399963378906,325.6300048828125,0
2008-12-31,349.0400085449219,351.6400146484375,316.1099853515625,321.79998779296875,0
2009-01-02,359.0199890136719,359.5799865722656,335.0299987792969,338.3500061035156,0
2009-01-05,371.3299865722656,373.07000732421875,355.5199890136719,358.7799987792969,0
2009-01-06,377.04998779296875,383.8399963378906,372.1499938964844,372.4599914550781,0
2009-01-07,351.25,379.4100036621094,350.3999938964844,377.239990234375,0
2009-01-08,347.32000732421875,358.70001220703125,343.17999267578125,355.010009765625,0
2009-01-09,349.6099853515625,368.2900085449219,342.3599853515625,354.239990234375,0
2009-01-12,337.1300048828125,348.70001220703125,336.55999755859375,348.70001220703125,0
2009-01-13,345.44000244140625,350.42999267578125,335.57000732421875,335.760009765625,0
2009-01-14,345.6700134277344,354.42999267578125,337.80999755859375,353.1600036621094,0
2009-01-15,344.0299987792969,351.32000732421875,332.6000061035156,342.5400085449219,0
2009-01-16,343.1000061035156,351.2699890136719,340.32000732421875,346.8500061035156,0
2009-01-20,330.7900085449219,343.4599914550781,326.1000061035156,328.29998779296875,0
2009-01-21,339.3999938964844,339.6400146484375,327.8800048828125,329.3999938964844,0
2009-01-22,337.54998779296875,346.1000061035156,325.8699951171875,342.9100036621094,0
2009-01-23,350.510009765625,352.8299865722656,329.42999267578125,331.760009765625,0
2009-01-26,350.510009765625,362.8999938964844,346.6499938964844,346.8999938964844,0
2009-01-27,332.1400146484375,357.19000244140625,331.7099914550781,355.3299865722656,0
2009-01-28,337.0799865722656,342.489990234375,330.7900085449219,334.6000061035156,0
2009-01-29,335.5299987792969,338.2200012207031,328.79998779296875,334.04998779296875,0
2009-01-30,336.20001220703125,344.739990234375,333.6400146484375,337.5400085449219,0
2009-02-02,327.2200012207031,334.0,326.1700134277344,332.95001220703125,0
2009-02-03,328.260009765625,330.4599914550781,325.5199890136719,329.3699951171875,0
2009-02-04,328.239990234375,334.6300048828125,326.260009765625,327.8900146484375,0
2009-02-05,335.1099853515625,335.30999755859375,325.4599914550781,328.2699890136719,0
2009-02-06,337.9200134277344,345.1499938964844,329.0199890136719,336.6600036621094,0
2009-02-09,341.44000244140625,351.8999938964844,339.44000244140625,339.510009765625,0
2009-02-10,335.42999267578125,353.9599914550781,334.80999755859375,345.1099853515625,0
2009-02-11,334.42999267578125,343.17999267578125,333.25,340.2300109863281,0
2009-02-12,337.2200012207031,341.57000732421875,333.989990234375,339.6099853515625,0
2009-02-13,333.8699951171875,339.8999938964844,332.0400085449219,338.5400085449219,0
2009-02-17,313.2200012207031,328.4100036621094,312.489990234375,327.2699890136719,0
2009-02-18,306.7699890136719,314.30999755859375,306.2699890136719,312.45001220703125,0
2009-02-19,317.9100036621094,318.19000244140625,305.5799865722656,309.7200012207031,0
2009-02-20,315.0,315.57000732421875,305.75,315.32000732421875,0
2009-02-23,310.29998779296875,323.32000732421875,307.9200134277344,316.239990234375,0
2009-02-24,317.239990234375,317.6600036621094,307.2900085449219,307.5400085449219,0
2009-02-25,327.1600036621094,328.6499938964844,315.3399963378906,317.8699951171875,0
2009-02-26,339.0400085449219,340.1099853515625,327.7799987792969,328.1400146484375,0
2009-02-27,336.239990234375,336.6400146484375,326.3299865722656,332.7099914550781,0
2009-03-02,314.6099853515625,331.6600036621094,313.2099914550781,329.69000244140625,0
2009-03-03,321.0899963378906,323.5899963378906,312.57000732421875,317.69000244140625,0
2009-03-04,338.1300048828125,339.19000244140625,323.9599914550781,323.989990234375,0
2009-03-05,327.2699890136719,335.42999267578125,324.5400085449219,335.42999267578125,0
2009-03-06,335.8599853515625,336.5400085449219,328.5,330.6499938964844,0
2009-03-09,339.0799865722656,347.0,332.82000732421875,340.4700012207031,0
2009-03-10,337.44000244140625,347.3999938964844,336.04998779296875,341.5400085449219,0
2009-03-11,325.07000732421875,325.07000732421875,325.07000732421875,325.07000732421875,0
2009-03-12,345.0299987792969,346.0299987792969,325.8500061035156,327.20001220703125,0
2009-03-13,342.8299865722656,350.760009765625,340.3900146484375,343.7300109863281,0
2009-03-16,347.739990234375,349.1300048828125,333.57000732421875,338.989990234375,0
2009-03-17,356.5899963378906,358.4700012207031,344.1099853515625,345.4200134277344,0
2009-03-18,350.5400085449219,357.489990234375,345.55999755859375,354.760009765625,0
2009-03-19,370.8599853515625,370.8599853515625,370.8599853515625,370.8599853515625,0
2009-03-20,372.1700134277344,374.8399963378906,367.1700134277344,370.6300048828125,0
2009-03-23,381.75,381.75,381.75,381.75,0
2009-03-24,381.30999755859375,381.67999267578125,375.8299865722656,380.67999267578125,0
2009-03-25,374.2300109863281,380.739990234375,371.55999755859375,378.20001220703125,0
2009-03-26,379.1600036621094,383.5799865722656,374.9800109863281,376.6499938964844,0
2009-03-27,368.5799865722656,378.760009765625,366.07000732421875,377.82000732421875,0
2009-03-30,351.1000061035156,368.5799865722656,342.45001220703125,368.5799865722656,0
2009-03-31,358.5299987792969,359.3500061035156,347.9700012207031,353.4800109863281,0
2009-04-01,352.239990234375,354.1600036621094,347.239990234375,353.2099914550781,0
2009-04-02,373.3500061035156,374.3699951171875,357.07000732421875,357.1099853515625,0
2009-04-03,375.54998779296875,377.760009765625,367.55999755859375,370.739990234375,0
2009-04-06,368.6499938964844,380.8599853515625,363.5,379.2300109863281,0
2009-04-07,363.3900146484375,373.30999755859375,362.6700134277344,373.30999755859375,0
2009-04-08,367.1199951171875,375.7300109863281,357.8500061035156,359.5400085449219,0
2009-04-09,379.20001220703125,381.67999267578125,373.6600036621094,375.0400085449219,0
2009-04-13,374.3500061035156,380.0799865722656,367.95001220703125,378.7200012207031,0
2009-04-14,376.6000061035156,382.7799987792969,374.07000732421875,374.94000244140625,0
2009-04-15,374.1600036621094,380.30999755859375,372.04998779296875,376.1700134277344,0
2009-04-16,375.8500061035156,379.1700134277344,373.739990234375,377.7799987792969,0
2009-04-17,377.57000732421875,380.2799987792969,373.29998779296875,374.8500061035156,0
2009-04-20,357.5299987792969,373.8999938964844,356.94000244140625,373.8999938964844,0
2009-04-21,358.20001220703125,361.5899963378906,349.3800048828125,357.2200012207031,0
2009-04-22,358.9599914550781,360.0799865722656,354.67999267578125,357.5299987792969,0
2009-04-23,360.7300109863281,362.8299865722656,356.94000244140625,357.7099914550781,0
2009-04-24,368.5899963378906,370.260009765625,360.4800109863281,360.4800109863281,0
2009-04-27,359.3699951171875,364.6000061035156,350.05999755859375,357.6000061035156,0
2009-04-28,357.5400085449219,358.1300048828125,352.2200012207031,353.20001220703125,0
2009-04-29,364.6300048828125,366.260009765625,359.3900146484375,359.3900146484375,0
2009-04-30,365.8500061035156,368.44000244140625,360.9800109863281,367.6600036621094,0
2009-05-01,379.010009765625,380.0,363.57000732421875,364.55999755859375,0
2009-05-04,385.5799865722656,385.7699890136719,376.69000244140625,380.3399963378906,0
2009-05-05,383.1600036621094,387.7900085449219,380.95001220703125,382.8699951171875,0
2009-05-06,396.0199890136719,396.3299865722656,384.30999755859375,385.30999755859375,0
2009-05-07,401.05999755859375,408.489990234375,395.6300048828125,401.6300048828125,0
2009-05-08,411.44000244140625,411.6099853515625,404.3399963378906,406.70001220703125,0
2009-05-11,410.5299987792969,411.67999267578125,403.1400146484375,407.8699951171875,0
2009-05-12,414.04998779296875,419.82000732421875,409.6099853515625,414.739990234375,0
2009-05-13,410.6400146484375,419.8800048828125,408.239990234375,419.5899963378906,0
2009-05-14,412.5299987792969,413.8999938964844,403.3800048828125,407.2799987792969,0
2009-05-15,399.8500061035156,413.20001220703125,399.010009765625,412.4200134277344,0
2009-05-18,411.7300109863281,413.1499938964844,399.7200012207031,401.75,0
2009-05-19,413.20001220703125,418.19000244140625,408.2699890136719,417.2799987792969,0
2009-05-20,421.739990234375,423.4700012207031,414.3599853515625,415.3599853515625,0
2009-05-21,415.67999267578125,420.19000244140625,410.30999755859375,419.95001220703125,0
2009-05-22,420.0799865722656,421.2900085449219,414.739990234375,418.2799987792969,0
2009-05-26,423.0899963378906,423.20001220703125,409.3699951171875,414.6499938964844,0
2009-05-27,427.3999938964844,429.0400085449219,422.3299865722656,425.29998779296875,0
2009-05-28,436.4700012207031,437.70001220703125,425.05999755859375,426.2099914550781,0
2009-05-29,443.04998779296875,444.5,438.5400085449219,439.6300048828125,0
2009-06-01,458.4599914550781,458.6099853515625,449.8900146484375,450.80999755859375,0
2009-06-02,458.0199890136719,459.8599853515625,453.42999267578125,455.6499938964844,0
2009-06-03,442.4100036621094,457.8699951171875,437.2099914550781,457.75,0
2009-06-04,457.0400085449219,460.239990234375,445.3399963378906,445.94000244140625,0
2009-06-05,455.3999938964844,464.67999267578125,451.010009765625,459.30999755859375,0
2009-06-08,452.75,457.1000061035156,448.4100036621094,450.29998779296875,0
2009-06-09,463.260009765625,463.80999755859375,456.67999267578125,457.70001220703125,0
2009-06-10,468.1199951171875,472.0400085449219,464.95001220703125,470.3999938964844,0
2009-06-11,478.1499938964844,480.19000244140625,470.1099853515625,470.1300048828125,0
2009-06-12,472.20001220703125,475.2300109863281,467.69000244140625,474.239990234375,0
2009-06-15,463.6499938964844,470.4800109863281,459.489990234375,465.1199951171875,0
2009-06-16,463.2900085449219,475.239990234375,460.4800109863281,465.0899963378906,0
2009-06-17,466.07000732421875,466.5400085449219,456.1700134277344,465.75,0
2009-06-18,465.8699951171875,469.0799865722656,462.29998779296875,466.8500061035156,0
2009-06-19,457.20001220703125,470.2900085449219,455.25,467.8800048828125,0
2009-06-22,442.4100036621094,446.989990234375,425.5299987792969,434.6300048828125,0
2009-06-23,450.3500061035156,452.0799865722656,438.9800109863281,440.95001220703125,0
2009-06-24,448.79998779296875,454.1600036621094,447.54998779296875,449.2799987792969,0
2009-06-25,456.0799865722656,459.1700134277344,448.8800048828125,449.92999267578125,0
2009-06-26,450.9700012207031,460.9599914550781,448.6199951171875,459.5400085449219,0
2009-06-29,460.1499938964844,462.5899963378906,450.5,451.69000244140625,0
2009-06-30,450.2200012207031,467.32000732421875,445.30999755859375,465.55999755859375,0
2009-07-01,448.92999267578125,460.6700134277344,445.7799987792969,454.7099914550781,0
2009-07-02,435.7699890136719,448.7099914550781,434.8900146484375,448.7099914550781,0
2009-07-06,421.7799987792969,425.760009765625,418.5,422.489990234375,0
2009-07-07,414.9599914550781,426.3800048828125,413.5400085449219,420.9700012207031,0
2009-07-08,402.17999267578125,414.9700012207031,401.8699951171875,413.04998779296875,0
2009-07-09,406.6300048828125,411.6300048828125,401.30999755859375,408.30999755859375,0
2009-07-10,404.510009765625,407.3900146484375,399.6400146484375,404.510009765625,0
2009-07-13,405.1400146484375,408.5299987792969,398.3699951171875,403.510009765625,0
2009-07-14,407.9800109863281,415.0199890136719,406.2200012207031,411.1600036621094,0
2009-07-15,418.1499938964844,419.8800048828125,412.0199890136719,413.2900085449219,0
2009-07-16,421.7699890136719,422.2099914550781,413.70001220703125,417.510009765625,0
2009-07-17,430.17999267578125,432.3399963378906,417.79998779296875,420.1700134277344,0
2009-07-20,435.1499938964844,437.8999938964844,428.0299987792969,435.04998779296875,0
2009-07-21,435.54998779296875,441.70001220703125,431.4800109863281,434.1400146484375,0
2009-07-22,435.7099914550781,437.2799987792969,427.79998779296875,432.3999938964844,0
2009-07-23,445.1000061035156,446.8299865722656,433.5199890136719,436.79998779296875,0
2009-07-24,448.010009765625,448.79998779296875,443.55999755859375,445.8800048828125,0
2009-07-27,450.1099853515625,451.8500061035156,446.2200012207031,451.2699890136719,0
2009-07-28,444.17999267578125,453.07000732421875,440.94000244140625,452.80999755859375,0
2009-07-29,426.8800048828125,439.739990234375,425.3399963378906,438.04998779296875,0
2009-07-30,446.54998779296875,447.3299865722656,427.25,428.7699890136719,0
2009-07-31,457.4100036621094,458.2799987792969,438.0,448.8699951171875,0
2009-08-03,472.2900085449219,475.1700134277344,463.42999267578125,463.8599853515625,0
2009-08-04,472.5400085449219,474.92999267578125,465.3999938964844,468.75,0
2009-08-05,476.6400146484375,477.1000061035156,467.1099853515625,471.6300048828125,0
2009-08-06,471.239990234375,477.67999267578125,467.3500061035156,477.3800048828125,0
2009-08-07,468.1300048828125,477.75,466.8299865722656,469.8900146484375,0
2009-08-10,469.04998779296875,473.9100036621094,467.1199951171875,471.2799987792969,0
2009-08-11,464.6000061035156,474.3800048828125,462.0899963378906,473.6199951171875,0
2009-08-12,469.7300109863281,472.2799987792969,462.760009765625,463.70001220703125,0
2009-08-13,472.9100036621094,481.2200012207031,472.0400085449219,476.19000244140625,0
2009-08-14,458.3599853515625,475.8800048828125,457.2099914550781,474.4599914550781,0
2009-08-17,451.70001220703125,451.7799987792969,445.2200012207031,451.55999755859375,0
2009-08-18,460.6000061035156,462.1700134277344,447.4700012207031,455.3599853515625,0
2009-08-19,471.45001220703125,473.1199951171875,453.739990234375,455.8999938964844,0
2009-08-20,466.1199951171875,472.95001220703125,464.80999755859375,472.8599853515625,0
2009-08-21,470.2900085449219,475.489990234375,464.6499938964844,466.3500061035156,0
2009-08-24,474.7099914550781,476.2699890136719,470.2099914550781,473.5799865722656,0
2009-08-25,464.0199890136719,476.4800109863281,460.05999755859375,471.5199890136719,0
2009-08-26,460.8999938964844,467.3500061035156,457.260009765625,467.04998779296875,0
2009-08-27,464.42999267578125,465.3500061035156,453.6700134277344,460.2799987792969,0
2009-08-28,466.70001220703125,470.989990234375,462.7099914550781,467.6000061035156,0
2009-08-31,453.7900085449219,464.239990234375,449.69000244140625,464.239990234375,0
2009-09-01,443.2099914550781,459.8900146484375,442.9800109863281,456.4200134277344,0
2009-09-02,442.44000244140625,446.1099853515625,438.1099853515625,442.3599853515625,0
2009-09-03,440.3599853515625,448.94000244140625,439.19000244140625,446.69000244140625,0
2009-09-04,439.010009765625,443.4700012207031,435.42999267578125,442.45001220703125,0
2009-09-08,454.3299865722656,458.5199890136719,445.5400085449219,445.5400085449219,0
2009-09-09,457.1600036621094,462.94000244140625,453.9200134277344,455.6700134277344,0
2009-09-10,461.1300048828125,462.7900085449219,454.739990234375,461.7699890136719,0
2009-09-11,451.4200134277344,468.79998779296875,449.010009765625,463.4700012207031,0
2009-09-14,452.54998779296875,454.4599914550781,447.8500061035156,449.4700012207031,0
2009-09-15,462.7200012207031,463.82000732421875,451.8800048828125,452.1099853515625,0
2009-09-16,473.0,473.0799865722656,462.44000244140625,464.0,0
2009-09-17,472.4599914550781,476.54998779296875,469.92999267578125,472.82000732421875,0
2009-09-18,468.9200134277344,472.760009765625,466.80999755859375,468.8999938964844,0
2009-09-21,455.6099853515625,465.2900085449219,453.44000244140625,465.2200012207031,0
2009-09-22,465.3299865722656,466.45001220703125,459.80999755859375,460.20001220703125,0
2009-09-23,454.92999267578125,465.07000732421875,451.8999938964844,464.6499938964844,0
2009-09-24,441.69000244140625,453.54998779296875,439.4700012207031,451.7300109863281,0
2009-09-25,440.9200134277344,446.30999755859375,437.739990234375,443.3699951171875,0
2009-09-28,444.6499938964844,448.07000732421875,437.8500061035156,438.5299987792969,0
2009-09-29,444.4800109863281,447.2300109863281,440.3699951171875,444.1600036621094,0
2009-09-30,462.75,463.17999267578125,442.6300048828125,447.32000732421875,0
2009-10-01,459.6600036621094,465.6600036621094,453.4599914550781,460.6300048828125,0
2009-10-02,454.2799987792969,457.260009765625,447.7099914550781,454.9800109863281,0
2009-10-05,457.3800048828125,460.55999755859375,447.8800048828125,453.6199951171875,0
2009-10-06,463.05999755859375,469.3399963378906,460.95001220703125,462.239990234375,0
2009-10-07,459.0400085449219,468.3900146484375,456.010009765625,466.489990234375,0
2009-10-08,472.5199890136719,476.5899963378906,459.92999267578125,465.6099853515625,0
2009-10-09,472.2300109863281,476.30999755859375,468.8999938964844,471.8900146484375,0
2009-10-12,483.7099914550781,485.5799865722656,476.8299865722656,476.9200134277344,0
2009-10-13,488.260009765625,492.1600036621094,482.4800109863281,486.2699890136719,0
2009-10-14,492.3900146484375,493.9100036621094,490.17999267578125,492.739990234375,0
2009-10-15,503.19000244140625,504.5799865722656,489.57000732421875,494.8900146484375,0
2009-10-16,508.20001220703125,508.760009765625,500.5199890136719,505.5799865722656,0
2009-10-19,515.030029296875,515.47998046875,507.4599914550781,511.1099853515625,0
2009-10-20,512.22998046875,517.4500122070312,508.5400085449219,514.8300170898438,0
2009-10-21,525.0599975585938,528.4299926757812,506.1499938964844,512.5999755859375,0
2009-10-22,523.3300170898438,524.489990234375,517.0,521.6799926757812,0
2009-10-23,519.280029296875,527.3800048828125,517.030029296875,525.219970703125,0
2009-10-26,508.8399963378906,524.9299926757812,506.1000061035156,518.2100219726562,0
2009-10-27,510.95001220703125,513.47998046875,505.2799987792969,509.6000061035156,0
2009-10-28,498.3399963378906,510.5799865722656,497.7799987792969,510.4599914550781,0
2009-10-29,511.3699951171875,514.5599975585938,497.9100036621094,498.2099914550781,0
2009-10-30,496.80999755859375,511.1199951171875,495.7099914550781,511.0899963378906,0
2009-11-02,503.6300048828125,505.1499938964844,495.8999938964844,500.3299865722656,0
2009-11-03,510.25,511.1499938964844,495.739990234375,501.2300109863281,0
2009-11-04,513.3599853515625,518.0999755859375,510.1099853515625,513.3699951171875,0
2009-11-05,508.4200134277344,513.75,507.510009765625,509.5799865722656,0
2009-11-06,497.0199890136719,513.6400146484375,494.67999267578125,513.6400146484375,0
2009-11-09,510.2900085449219,511.7300109863281,502.05999755859375,505.69000244140625,0
2009-11-10,509.3399963378906,515.6199951171875,503.989990234375,509.2300109863281,0
2009-11-11,513.1900024414062,517.6900024414062,510.4800109863281,512.3200073242188,0
2009-11-12,503.7300109863281,514.469970703125,502.2900085449219,513.1900024414062,0
2009-11-13,501.8500061035156,507.79998779296875,497.80999755859375,507.1000061035156,0
2009-11-16,517.8699951171875,519.7899780273438,505.0400085449219,508.1199951171875,0
2009-11-17,519.5800170898438,521.8499755859375,513.6500244140625,516.0399780273438,0
2009-11-18,520.1900024414062,526.4299926757812,517.2000122070312,523.5800170898438,0
2009-11-19,510.6499938964844,519.0399780273438,507.6199951171875,517.9400024414062,0
2009-11-20,508.6600036621094,512.0399780273438,503.9800109863281,512.02001953125,0
2009-11-23,510.2699890136719,522.1699829101562,508.6400146484375,514.5599975585938,0
2009-11-24,501.8599853515625,510.69000244140625,500.2699890136719,509.1099853515625,0
2009-11-25,514.739990234375,515.0999755859375,502.79998779296875,505.3399963378906,0
2009-11-27,506.6700134277344,508.510009765625,490.2300109863281,494.6700134277344,0
2009-11-30,512.5700073242188,515.6599731445312,502.6099853515625,509.0899963378906,0
2009-12-01,517.8300170898438,521.6900024414062,515.6599731445312,515.6599731445312,0
2009-12-02,509.30999755859375,517.280029296875,507.9599914550781,516.72998046875,0
2009-12-03,508.489990234375,514.4199829101562,506.1400146484375,513.9400024414062,0
2009-12-04,503.3299865722656,515.77001953125,501.010009765625,507.1499938964844,0
2009-12-07,500.010009765625,505.5400085449219,499.239990234375,502.04998779296875,0
2009-12-08,495.94000244140625,505.0199890136719,495.69000244140625,503.30999755859375,0
2009-12-09,486.1000061035156,502.20001220703125,484.8500061035156,500.5400085449219,0
2009-12-10,487.8500061035156,490.32000732421875,484.5299987792969,490.04998779296875,0
2009-12-11,489.32000732421875,493.4100036621094,485.6700134277344,492.1700134277344,0
2009-12-14,491.92999267578125,494.30999755859375,488.9700012207031,490.42999267578125,0
2009-12-15,494.7799987792969,497.3900146484375,491.239990234375,492.25,0
2009-12-16,503.54998779296875,505.80999755859375,497.5799865722656,497.8599853515625,0
2009-12-17,499.3699951171875,502.1199951171875,495.25,501.6300048828125,0
2009-12-18,501.3999938964844,507.510009765625,496.9100036621094,502.5,0
2009-12-21,497.8800048828125,506.4200134277344,496.3699951171875,503.1499938964844,0
2009-12-22,499.7300109863281,501.8800048828125,491.95001220703125,498.92999267578125,0
2009-12-23,511.8699951171875,512.5900268554688,500.8500061035156,501.42999267578125,0
2009-12-24,515.8400268554688,516.7000122070312,510.29998779296875,513.4400024414062,0
2009-12-28,523.52001953125,524.0700073242188,518.1699829101562,518.3099975585938,0
2009-12-29,523.780029296875,527.2000122070312,520.8800048828125,524.1900024414062,0
2009-12-30,525.0399780273438,528.469970703125,523.0800170898438,525.1799926757812,0
2009-12-31,524.6199951171875,529.4600219726562,524.27001953125,528.3400268554688,0
2010-01-04,537.9400024414062,539.1500244140625,533.530029296875,533.530029296875,0
2010-01-05,538.47998046875,540.22998046875,535.719970703125,539.3699951171875,0
2010-01-06,547.8800048828125,548.8800048828125,537.3400268554688,539.760009765625,0
2010-01-07,542.5900268554688,547.9099731445312,542.1400146484375,545.1300048828125,0
2010-01-08,543.219970703125,545.2899780273438,539.0800170898438,540.8599853515625,0
2010-01-11,541.5700073242188,550.3800048828125,540.0900268554688,548.489990234375,0
2010-01-12,531.5399780273438,541.3499755859375,528.760009765625,540.5999755859375,0
2010-01-13,528.5900268554688,531.77001953125,520.1599731445312,527.0700073242188,0
2010-01-14,527.719970703125,532.280029296875,525.0700073242188,531.780029296875,0
2010-01-15,520.3699951171875,526.3800048828125,519.4400024414062,525.3099975585938,0
2010-01-19,522.9600219726562,523.0999755859375,506.42999267578125,513.1199951171875,0
2010-01-20,515.22998046875,520.8699951171875,512.0599975585938,519.5700073242188,0
2010-01-21,508.3999938964844,518.7999877929688,506.9100036621094,515.6599731445312,0
2010-01-22,501.5299987792969,509.6400146484375,500.739990234375,508.17999267578125,0
2010-01-25,504.5400085449219,505.44000244140625,500.1300048828125,502.3800048828125,0
2010-01-26,500.0,500.0,500.0,500.0,0
2010-01-27,492.25,500.5400085449219,488.1700134277344,498.44000244140625,0
2010-01-28,490.04998779296875,495.57000732421875,486.6199951171875,494.75,0
2010-01-29,486.1499938964844,496.3599853515625,484.1000061035156,491.4100036621094,0
2010-02-01,493.2300109863281,494.0299987792969,486.4700012207031,486.6000061035156,0
2010-02-02,507.2799987792969,508.1400146484375,494.57000732421875,494.8800048828125,0
2010-02-03,504.1199951171875,513.239990234375,502.4599914550781,511.3900146484375,0
2010-02-04,485.8599853515625,502.6300048828125,483.0400085449219,502.55999755859375,0
2010-02-05,475.6499938964844,489.2900085449219,468.44000244140625,484.5299987792969,0
2010-02-08,480.70001220703125,483.6600036621094,476.0299987792969,482.1199951171875,0
2010-02-09,490.1499938964844,493.05999755859375,483.19000244140625,484.2200012207031,0
2010-02-10,494.05999755859375,496.42999267578125,485.4700012207031,489.489990234375,0
2010-02-11,501.5899963378906,502.9800109863281,491.6600036621094,497.0899963378906,0
2010-02-12,495.5899963378906,500.3699951171875,489.739990234375,499.5199890136719,0
2010-02-16,511.70001220703125,513.8599853515625,501.07000732421875,501.1600036621094,0
2010-02-17,511.82000732421875,514.489990234375,508.69000244140625,514.3699951171875,0
2010-02-18,518.5499877929688,518.6799926757812,507.29998779296875,507.6099853515625,0
2010-02-19,521.97998046875,522.3400268554688,512.77001953125,514.010009765625,0
2010-02-22,522.4000244140625,524.5900268554688,519.260009765625,521.7999877929688,0
2010-02-23,513.25,522.8499755859375,511.8999938964844,522.8300170898438,0
2010-02-24,518.760009765625,519.2899780273438,510.3699951171875,512.8499755859375,0
2010-02-25,508.510009765625,516.8800048828125,503.9200134277344,516.739990234375,0
2010-02-26,517.47998046875,518.780029296875,509.1099853515625,509.8800048828125,0
2010-03-01,512.739990234375,522.8400268554688,510.3399963378906,522.1300048828125,0
2010-03-02,518.5700073242188,523.3099975585938,510.1499938964844,511.989990234375,0
2010-03-03,525.4400024414062,527.0800170898438,518.5800170898438,518.6099853515625,0
2010-03-04,519.72998046875,526.280029296875,518.0999755859375,522.9199829101562,0
2010-03-05,526.3400268554688,529.77001953125,522.6599731445312,522.75,0
2010-03-08,527.739990234375,530.4500122070312,523.3200073242188,529.8900146484375,0
2010-03-09,525.1599731445312,527.5900268554688,519.989990234375,524.6099853515625,0
2010-03-10,527.6599731445312,532.8499755859375,521.260009765625,525.7899780273438,0
2010-03-11,526.5399780273438,528.47998046875,523.6599731445312,526.9500122070312,0
2010-03-12,523.7999877929688,531.8200073242188,521.1300048828125,527.6099853515625,0
2010-03-15,516.4099731445312,524.1099853515625,513.489990234375,523.469970703125,0
2010-03-16,525.5700073242188,527.530029296875,514.9400024414062,516.27001953125,0
2010-03-17,532.2000122070312,532.77001953125,526.6199951171875,527.4500122070312,0
2010-03-18,529.3800048828125,531.0399780273438,526.4500122070312,528.6799926757812,0
2010-03-19,521.5,528.52001953125,517.7100219726562,528.1599731445312,0
2010-03-22,522.780029296875,523.9199829101562,511.17999267578125,519.5,0
2010-03-23,522.8699951171875,525.22998046875,519.6099853515625,521.4299926757812,0
2010-03-24,516.9199829101562,520.1199951171875,513.9500122070312,519.530029296875,0
2010-03-25,515.1099853515625,520.02001953125,514.4500122070312,516.8699951171875,0
2010-03-26,512.989990234375,519.8200073242188,511.3999938964844,517.5399780273438,0
2010-03-29,524.5900268554688,527.8200073242188,516.97998046875,517.4400024414062,0
2010-03-30,526.4600219726562,527.0599975585938,523.27001953125,526.1900024414062,0
2010-03-31,530.1599731445312,532.530029296875,525.1799926757812,526.9400024414062,0
2010-04-01,537.7100219726562,538.739990234375,533.75,534.760009765625,0
2010-04-05,546.5499877929688,548.3900146484375,540.0700073242188,540.760009765625,0
2010-04-06,547.1900024414062,549.5900268554688,544.4600219726562,545.72998046875,0
2010-04-07,544.0999755859375,548.260009765625,542.1199951171875,547.0900268554688,0
2010-04-08,540.72998046875,542.75,537.5999755859375,541.52001953125,0
2010-04-09,542.1400146484375,547.4400024414062,538.9600219726562,546.9299926757812,0
2010-04-12,542.52001953125,547.4600219726562,541.3599853515625,546.1599731445312,0
2010-04-13,543.9199829101562,545.1799926757812,536.6199951171875,540.0800170898438,0
2010-04-14,552.4099731445312,554.4000244140625,545.4199829101562,545.4199829101562,0
2010-04-15,553.3099975585938,555.2000122070312,550.0399780273438,552.3200073242188,0
2010-04-16,544.1799926757812,552.1900024414062,540.52001953125,551.3099975585938,0
2010-04-19,534.8900146484375,537.5900268554688,531.2999877929688,536.6799926757812,0
2010-04-20,540.219970703125,542.5599975585938,537.8900146484375,538.9600219726562,0
2010-04-21,541.3900146484375,545.1400146484375,537.0399780273438,542.1300048828125,0
2010-04-22,542.6500244140625,544.0999755859375,533.3699951171875,542.3099975585938,0
2010-04-23,548.8599853515625,549.4000244140625,539.8099975585938,542.1599731445312,0
2010-04-26,545.7000122070312,551.9299926757812,544.2100219726562,548.8599853515625,0
2010-04-27,536.9099731445312,546.3699951171875,535.1799926757812,543.25,0
2010-04-28,538.9400024414062,539.47998046875,531.6099853515625,534.1500244140625,0
2010-04-29,544.4199829101562,547.5499877929688,539.52001953125,539.52001953125,0
2010-04-30,549.9400024414062,551.0800170898438,544.8300170898438,548.0700073242188,0
2010-05-03,553.030029296875,555.72998046875,548.97998046875,549.2899780273438,0
2010-05-04,535.6699829101562,552.0900268554688,535.2899780273438,551.239990234375,0
2010-05-05,521.8099975585938,535.6799926757812,517.5700073242188,532.1300048828125,0
2010-05-06,508.6499938964844,522.5999755859375,499.1600036621094,519.9299926757812,0
2010-05-07,503.4700012207031,514.1699829101562,498.7200012207031,508.8800048828125,0
2010-05-10,514.8200073242188,522.010009765625,511.67999267578125,518.7000122070312,0
2010-05-11,516.8200073242188,520.8300170898438,510.0400085449219,513.3200073242188,0
2010-05-12,520.9500122070312,525.0999755859375,516.9600219726562,520.010009765625,0
2010-05-13,519.5800170898438,525.780029296875,518.0800170898438,525.719970703125,0
2010-05-14,501.57000732421875,516.780029296875,499.8800048828125,516.780029296875,0
2010-05-17,487.3999938964844,501.94000244140625,486.0299987792969,493.8900146484375,0
2010-05-18,486.9599914550781,497.2699890136719,484.82000732421875,492.9200134277344,0
2010-05-19,481.9700012207031,485.7099914550781,476.3699951171875,482.67999267578125,0
2010-05-20,473.94000244140625,485.55999755859375,465.2099914550781,485.45001220703125,0
2010-05-21,473.739990234375,479.2799987792969,468.0,470.3900146484375,0
2010-05-24,473.7900085449219,476.7200012207031,471.3500061035156,475.79998779296875,0
2010-05-25,465.4599914550781,467.55999755859375,458.55999755859375,464.489990234375,0
2010-05-26,477.32000732421875,479.260009765625,471.6300048828125,472.05999755859375,0
2010-05-27,492.2300109863281,492.510009765625,479.79998779296875,481.3699951171875,0
2010-05-28,488.19000244140625,497.6199951171875,484.6700134277344,493.3399963378906,0
2010-06-01,481.1099853515625,493.3500061035156,476.20001220703125,482.489990234375,0
2010-06-02,482.9800109863281,487.3900146484375,476.19000244140625,479.3699951171875,0
2010-06-03,490.010009765625,491.0199890136719,481.3500061035156,488.5799865722656,0
2010-06-04,474.79998779296875,494.45001220703125,472.3999938964844,490.45001220703125,0
2010-06-07,475.1600036621094,479.0199890136719,469.8500061035156,470.17999267578125,0
2010-06-08,478.260009765625,480.05999755859375,473.4599914550781,478.6099853515625,0
2010-06-09,488.8399963378906,491.3999938964844,479.760009765625,481.05999755859375,0
2010-06-10,495.1099853515625,498.82000732421875,487.2099914550781,488.3299865722656,0
2010-06-11,493.1000061035156,497.6700134277344,489.75,495.3900146484375,0
2010-06-14,500.1000061035156,504.4700012207031,495.92999267578125,498.82000732421875,0
2010-06-15,507.9599914550781,508.57000732421875,498.0899963378906,499.7099914550781,0
2010-06-16,511.5199890136719,513.3300170898438,504.5799865722656,507.3399963378906,0
2010-06-17,511.6300048828125,515.2100219726562,508.8800048828125,509.54998779296875,0
2010-06-18,510.55999755859375,513.2999877929688,505.67999267578125,510.9200134277344,0
2010-06-21,512.8300170898438,520.239990234375,508.45001220703125,518.2999877929688,0
2010-06-22,508.7099914550781,513.3800048828125,506.04998779296875,509.8999938964844,0
2010-06-23,500.42999267578125,508.6099853515625,497.2300109863281,507.94000244140625,0
2010-06-24,501.79998779296875,502.2099914550781,496.8800048828125,499.0899963378906,0
2010-06-25,511.8599853515625,513.219970703125,499.1199951171875,501.7799987792969,0
2010-06-28,508.3699951171875,511.54998779296875,506.42999267578125,509.95001220703125,0
2010-06-29,493.6600036621094,501.1600036621094,491.29998779296875,499.5299987792969,0
2010-06-30,495.17999267578125,497.92999267578125,489.9700012207031,494.760009765625,0
2010-07-01,484.2099914550781,491.75,478.9599914550781,489.3999938964844,0
2010-07-02,480.30999755859375,486.8299865722656,478.8699951171875,485.5,0
2010-07-06,480.7699890136719,491.0199890136719,479.1199951171875,483.6000061035156,0
2010-07-07,491.0400085449219,492.239990234375,478.8399963378906,480.2699890136719,0
2010-07-08,497.5,500.29998779296875,492.5400085449219,494.67999267578125,0
2010-07-09,500.760009765625,503.17999267578125,496.3299865722656,498.9200134277344,0
2010-07-12,494.6700134277344,501.67999267578125,493.2900085449219,498.1700134277344,0
2010-07-13,505.45001220703125,506.5400085449219,492.69000244140625,492.9599914550781,0
2010-07-14,505.8500061035156,510.6099853515625,502.30999755859375,505.94000244140625,0
2010-07-15,506.760009765625,509.82000732421875,499.2099914550781,504.6099853515625,0
2010-07-16,502.5799865722656,508.29998779296875,498.9599914550781,507.5,0
2010-07-19,503.9200134277344,510.3800048828125,500.04998779296875,502.70001220703125,0
2010-07-20,506.3500061035156,510.3800048828125,499.32000732421875,505.0199890136719,0
2010-07-21,503.8900146484375,512.4199829101562,502.54998779296875,508.0199890136719,0
2010-07-22,517.6199951171875,517.719970703125,503.82000732421875,505.0799865722656,0
2010-07-23,515.6699829101562,520.0900268554688,513.969970703125,518.6900024414062,0
2010-07-26,515.6500244140625,517.260009765625,511.8800048828125,515.7899780273438,0
2010-07-27,508.7799987792969,519.4600219726562,506.7300109863281,515.0700073242188,0
2010-07-28,509.989990234375,511.82000732421875,505.25,509.4599914550781,0
2010-07-29,518.4099731445312,520.969970703125,509.4599914550781,510.82000732421875,0
2010-07-30,524.8099975585938,524.8099975585938,513.0499877929688,517.1300048828125,0
2010-08-02,536.9000244140625,539.739990234375,528.530029296875,528.8699951171875,0
2010-08-03,540.9500122070312,541.72998046875,534.6900024414062,535.4600219726562,0
2010-08-04,544.1300048828125,545.6500244140625,537.8099975585938,539.4000244140625,0
2010-08-05,542.5700073242188,546.0800170898438,541.8900146484375,544.1799926757812,0
2010-08-06,534.1400146484375,546.7899780273438,531.8699951171875,546.7899780273438,0
2010-08-09,536.7100219726562,539.9400024414062,535.02001953125,535.5700073242188,0
2010-08-10,530.530029296875,536.6300048828125,525.489990234375,536.3699951171875,0
2010-08-11,520.989990234375,532.52001953125,519.72998046875,531.25,0
2010-08-12,514.5700073242188,522.1400146484375,513.5700073242188,518.2000122070312,0
2010-08-13,512.3599853515625,519.52001953125,511.07000732421875,516.0399780273438,0
2010-08-16,510.20001220703125,515.6699829101562,509.4200134277344,512.1799926757812,0
2010-08-17,515.260009765625,519.3499755859375,510.92999267578125,511.04998779296875,0
2010-08-18,513.969970703125,515.260009765625,506.45001220703125,514.6799926757812,0
2010-08-19,509.69000244140625,518.6199951171875,508.0299987792969,514.7999877929688,0
2010-08-20,505.1600036621094,510.9100036621094,503.5899963378906,510.6600036621094,0
2010-08-23,502.3599853515625,508.6199951171875,500.7900085449219,506.4700012207031,0
2010-08-24,494.3900146484375,501.7200012207031,492.8999938964844,500.4700012207031,0
2010-08-25,495.79998779296875,497.8800048828125,489.69000244140625,495.2099914550781,0
2010-08-26,502.3800048828125,505.3900146484375,497.19000244140625,498.05999755859375,0
2010-08-27,510.489990234375,510.7699890136719,497.8999938964844,500.8999938964844,0
2010-08-30,510.20001220703125,513.3300170898438,508.7699890136719,512.9000244140625,0
2010-08-31,499.1600036621094,510.8299865722656,497.6700134277344,507.6700134277344,0
2010-09-01,509.1199951171875,511.010009765625,499.2200012207031,500.0799865722656,0
2010-09-02,514.0900268554688,514.5999755859375,506.05999755859375,508.8900146484375,0
2010-09-03,515.6699829101562,517.1699829101562,508.6700134277344,513.6300048828125,0
2010-09-07,516.1699829101562,518.2999877929688,507.8599853515625,515.25,0
2010-09-08,519.2100219726562,522.9400024414062,514.4099731445312,516.1400146484375,0
2010-09-09,519.0700073242188,524.7100219726562,517.1500244140625,518.9099731445312,0
2010-09-10,526.27001953125,527.2100219726562,519.27001953125,519.8200073242188,0
2010-09-13,532.0700073242188,535.2899780273438,528.8800048828125,529.1900024414062,0
2010-09-14,534.6400146484375,537.72998046875,529.989990234375,533.1400146484375,0
2010-09-15,532.0399780273438,533.7100219726562,528.4500122070312,533.0999755859375,0
2010-09-16,527.760009765625,532.0399780273438,524.1300048828125,531.0999755859375,0
2010-09-17,527.0399780273438,534.4099731445312,523.3499755859375,529.0499877929688,0
2010-09-20,531.25,534.5399780273438,526.7899780273438,529.97998046875,0
2010-09-21,525.8699951171875,532.97998046875,525.5800170898438,531.1099853515625,0
2010-09-22,525.2999877929688,530.9199829101562,522.2999877929688,526.52001953125,0
2010-09-23,527.1699829101562,528.9600219726562,520.469970703125,524.7899780273438,0
2010-09-24,534.22998046875,535.5599975585938,525.6699829101562,526.1900024414062,0
2010-09-27,532.6099853515625,536.5599975585938,528.5399780273438,534.5900268554688,0
2010-09-28,531.8200073242188,536.2899780273438,528.47998046875,531.8099975585938,0
2010-09-29,539.1900024414062,540.010009765625,527.52001953125,533.1400146484375,0
2010-09-30,546.0599975585938,547.010009765625,538.1199951171875,539.5700073242188,0
2010-10-01,549.52001953125,552.0499877929688,546.760009765625,547.3900146484375,0
2010-10-04,547.8499755859375,551.5,544.9099731445312,548.6199951171875,0
2010-10-05,556.4299926757812,557.0700073242188,545.8699951171875,546.5999755859375,0
2010-10-06,558.7999877929688,562.4199829101562,554.280029296875,557.010009765625,0
2010-10-07,551.8699951171875,565.6799926757812,549.239990234375,559.989990234375,0
2010-10-08,564.0900268554688,565.6400146484375,547.0599975585938,551.8699951171875,0
2010-10-11,564.97998046875,571.47998046875,564.8400268554688,569.75,0
2010-10-12,565.77001953125,568.530029296875,559.7100219726562,563.719970703125,0
2010-10-13,571.9400024414062,574.8800048828125,567.4299926757812,567.6400146484375,0
2010-10-14,570.219970703125,577.9500122070312,568.530029296875,575.4000244140625,0
2010-10-15,562.1300048828125,573.4099731445312,560.530029296875,570.5800170898438,0
2010-10-18,569.4099731445312,569.4099731445312,569.4099731445312,569.4099731445312,0
2010-10-19,552.780029296875,569.3499755859375,552.3099975585938,568.6199951171875,0
2010-10-20,565.6199951171875,565.7100219726562,553.22998046875,553.239990234375,0
2010-10-21,556.0999755859375,567.75,554.3499755859375,564.7899780273438,0
2010-10-22,560.6300048828125,562.0,555.9400024414062,558.5499877929688,0
2010-10-25,565.5700073242188,570.1699829101562,560.8699951171875,564.989990234375,0
2010-10-26,567.1799926757812,568.0399780273438,562.1900024414062,565.989990234375,0
2010-10-27,563.4199829101562,566.1599731445312,556.8699951171875,565.7000122070312,0
2010-10-28,566.3400268554688,568.6300048828125,563.3400268554688,564.2999877929688,0
2010-10-29,564.1599731445312,565.7899780273438,559.9400024414062,564.9600219726562,0
2010-11-01,569.3699951171875,576.1699829101562,566.9400024414062,567.3599853515625,0
2010-11-02,574.6599731445312,576.75,569.969970703125,570.5399780273438,0
2010-11-03,577.5999755859375,581.3200073242188,571.5900268554688,576.47998046875,0
2010-11-04,590.5999755859375,591.4000244140625,580.2999877929688,580.4000244140625,0
2010-11-05,594.3900146484375,596.5900268554688,569.989990234375,595.0,0
2010-11-08,598.0800170898438,598.8300170898438,592.52001953125,597.989990234375,0
2010-11-09,601.8599853515625,608.5399780273438,599.260009765625,600.239990234375,0
2010-11-10,604.0399780273438,606.3699951171875,598.739990234375,601.6599731445312,0
2010-11-11,602.4199829101562,610.1699829101562,601.780029296875,608.0599975585938,0
2010-11-12,582.010009765625,595.6500244140625,580.4099731445312,595.6500244140625,0
2010-11-15,584.1300048828125,586.3200073242188,580.3400268554688,584.4199829101562,0
2010-11-16,565.6599731445312,583.530029296875,564.8099975585938,582.97998046875,0
2010-11-17,560.0599975585938,568.9000244140625,557.6799926757812,564.989990234375,0
2010-11-18,571.25,572.5700073242188,562.1699829101562,562.4000244140625,0
2010-11-19,565.9400024414062,576.3200073242188,563.5900268554688,572.3400268554688,0
2010-11-22,564.3800048828125,572.1199951171875,543.9299926757812,569.6599731445312,0
2010-11-23,562.4099731445312,565.1799926757812,555.8400268554688,562.510009765625,0
2010-11-24,575.6599731445312,576.3900146484375,563.72998046875,565.9000244140625,0
2010-11-26,574.6300048828125,576.3300170898438,548.6400146484375,575.52001953125,0
2010-11-29,582.0900268554688,582.489990234375,574.75,578.27001953125,0
2010-11-30,575.8400268554688,583.3800048828125,575.5800170898438,581.030029296875,0
2010-12-01,593.0700073242188,594.010009765625,575.4199829101562,577.0499877929688,0
2010-12-02,601.0599975585938,601.3200073242188,592.6199951171875,592.6699829101562,0
2010-12-03,608.75,609.4099731445312,590.3400268554688,601.0,0
2010-12-06,609.8300170898438,612.9000244140625,606.4299926757812,611.25,0
2010-12-07,607.1400146484375,619.5900268554688,605.1699829101562,609.75,0
2010-12-08,607.72998046875,609.6500244140625,600.510009765625,601.530029296875,0
2010-12-09,607.9600219726562,612.9299926757812,605.3599853515625,610.530029296875,0
2010-12-10,605.2100219726562,613.2999877929688,602.3499755859375,608.5800170898438,0
2010-12-13,612.8499755859375,615.6300048828125,607.6900024414062,607.8200073242188,0
2010-12-14,610.7899780273438,615.1400146484375,609.27001953125,612.2899780273438,0
2010-12-15,611.6099853515625,614.6400146484375,604.1500244140625,608.0,0
2010-12-16,607.239990234375,611.8099975585938,607.0999755859375,611.2000122070312,0
2010-12-17,610.989990234375,612.510009765625,604.1900024414062,609.8599853515625,0
2010-12-20,617.3800048828125,617.75,609.0399780273438,613.02001953125,0
2010-12-21,620.8699951171875,622.0599975585938,617.1099853515625,618.52001953125,0
2010-12-22,625.030029296875,625.3499755859375,620.5499877929688,620.739990234375,0
2010-12-23,628.3200073242188,628.6900024414062,622.77001953125,625.1199951171875,0
2010-12-27,626.2000122070312,629.489990234375,622.4199829101562,627.0800170898438,0
2010-12-28,630.3200073242188,630.8099975585938,625.9299926757812,627.25,0
2010-12-29,629.3599853515625,630.969970703125,627.8499755859375,629.719970703125,0
2010-12-30,621.8400268554688,631.6199951171875,618.0599975585938,629.6099853515625,0
2010-12-31,631.8300170898438,633.77001953125,620.8099975585938,621.47998046875,0
2011-01-03,634.1300048828125,639.8400268554688,632.8300170898438,635.1099853515625,0
2011-01-04,623.3599853515625,637.1500244140625,618.5999755859375,634.1300048828125,0
2011-01-05,629.5499877929688,631.5999755859375,615.3499755859375,620.3699951171875,0
2011-01-06,620.6099853515625,631.0800170898438,619.3699951171875,629.719970703125,0
2011-01-07,617.6799926757812,624.1699829101562,613.5999755859375,621.719970703125,0
2011-01-10,625.8599853515625,627.4500122070312,618.4000244140625,622.97998046875,0
2011-01-11,636.0999755859375,637.3300170898438,626.469970703125,627.6199951171875,0
2011-01-12,642.9099731445312,645.719970703125,636.969970703125,637.7999877929688,0
2011-01-13,641.4500122070312,645.1099853515625,611.8099975585938,644.2000122070312,0
2011-01-14,643.0599975585938,643.489990234375,637.0700073242188,641.1900024414062,0
2011-01-18,643.780029296875,646.5499877929688,639.4299926757812,640.5599975585938,0
2011-01-19,642.510009765625,649.0800170898438,641.6900024414062,644.760009765625,0
2011-01-20,634.739990234375,642.7999877929688,628.0999755859375,642.6799926757812,0
2011-01-21,638.010009765625,639.52001953125,634.5,635.489990234375,0
2011-01-24,633.6099853515625,642.75,630.8400268554688,641.6599731445312,0
2011-01-25,623.2000122070312,632.0800170898438,622.7000122070312,631.030029296875,0
2011-01-26,634.8300170898438,635.5999755859375,625.280029296875,625.4500122070312,0
2011-01-27,629.989990234375,638.1300048828125,629.7999877929688,637.2999877929688,0
2011-01-28,642.1099853515625,644.5499877929688,629.3499755859375,629.4099731445312,0
2011-01-31,655.260009765625,657.6199951171875,641.4400024414062,646.8300170898438,0
2011-02-01,655.3300170898438,659.219970703125,652.1400146484375,654.3900146484375,0
2011-02-02,658.9199829101562,660.8099975585938,654.6500244140625,657.0800170898438,0
2011-02-03,654.9099731445312,663.6500244140625,653.6199951171875,661.0399780273438,0
2011-02-04,648.1300048828125,658.8599853515625,645.8099975585938,656.4099731445312,0
2011-02-07,645.8599853515625,654.2899780273438,644.8400268554688,650.52001953125,0
2011-02-08,648.2100219726562,651.7899780273438,639.97998046875,647.8599853515625,0
2011-02-09,654.5499877929688,658.2000122070312,650.6199951171875,650.8599853515625,0
2011-02-10,654.6799926757812,659.719970703125,654.030029296875,658.1400146484375,0
2011-02-11,652.9299926757812,660.9000244140625,650.9199829101562,659.72998046875,0
2011-02-14,656.7999877929688,663.1099853515625,652.97998046875,655.0700073242188,0
2011-02-15,649.77001953125,659.6599731445312,646.1400146484375,658.3800048828125,0
2011-02-16,653.8900146484375,657.4500122070312,650.239990234375,651.3900146484375,0
2011-02-17,657.4000244140625,658.7000122070312,653.1900024414062,656.6900024414062,0
2011-02-18,657.6199951171875,663.1900024414062,653.2999877929688,658.0800170898438,0
2011-02-22,670.260009765625,688.1799926757812,665.9199829101562,681.8300170898438,0
2011-02-23,684.9099731445312,689.47998046875,667.9099731445312,671.4000244140625,0
2011-02-24,681.989990234375,709.1599731445312,676.280029296875,691.0599975585938,0
2011-02-25,690.5599975585938,693.1699829101562,679.1500244140625,679.7999877929688,0
2011-02-28,690.8499755859375,699.7999877929688,688.739990234375,698.1599731445312,0
2011-03-01,702.280029296875,702.8400268554688,691.3300170898438,691.6300048828125,0
2011-03-02,711.97998046875,713.7899780273438,701.239990234375,705.0499877929688,0
2011-03-03,711.6799926757812,714.27001953125,703.1500244140625,713.4500122070312,0
2011-03-04,719.6199951171875,721.010009765625,712.0800170898438,713.47998046875,0
2011-03-07,719.219970703125,731.719970703125,717.75,725.8400268554688,0
2011-03-08,713.3599853515625,718.3599853515625,709.6199951171875,717.219970703125,0
2011-03-09,715.9600219726562,721.280029296875,711.72998046875,712.8099975585938,0
2011-03-10,707.1900024414062,719.72998046875,699.8599853515625,719.4600219726562,0
2011-03-11,701.0599975585938,709.1199951171875,690.02001953125,708.5399780273438,0
2011-03-14,699.9199829101562,701.0800170898438,681.7899780273438,697.02001953125,0
2011-03-15,673.3099975585938,673.3099975585938,673.3099975585938,673.3099975585938,0
2011-03-16,677.52001953125,688.75,668.469970703125,676.47998046875,0
2011-03-17,700.4299926757812,700.4299926757812,700.4299926757812,700.4299926757812,0
2011-03-18,702.1699829101562,712.2999877929688,698.5499877929688,707.469970703125,0
2011-03-21,707.6900024414062,713.22998046875,705.4199829101562,712.3300170898438,0
2011-03-22,715.0,715.0,715.0,715.0,0
2011-03-23,716.530029296875,719.4199829101562,713.4000244140625,716.7100219726562,0
2011-03-24,719.0800170898438,719.0800170898438,719.0800170898438,719.0800170898438,0
2011-03-25,718.72998046875,721.4299926757812,715.9199829101562,719.5,0
2011-03-28,710.47998046875,719.510009765625,709.760009765625,719.47998046875,0
2011-03-29,712.9600219726562,714.6699829101562,705.010009765625,708.030029296875,0
2011-03-30,711.2100219726562,714.4400024414062,707.1699829101562,712.02001953125,0
2011-03-31,725.6199951171875,726.530029296875,711.9600219726562,712.5800170898438,0
2011-04-01,731.4400024414062,732.1799926757812,724.27001953125,727.75,0
2011-04-04,738.02001953125,738.4400024414062,732.510009765625,734.5499877929688,0
2011-04-05,740.75,741.3099975585938,733.8699951171875,738.1900024414062,0
2011-04-06,742.0900268554688,746.3400268554688,738.6400146484375,739.1900024414062,0
2011-04-07,745.010009765625,746.8400268554688,738.260009765625,740.6400146484375,0
2011-04-08,760.3300170898438,760.8099975585938,747.75,747.8200073242188,0
2011-04-11,750.27001953125,762.219970703125,748.3200073242188,760.02001953125,0
2011-04-12,730.6300048828125,730.6300048828125,730.6300048828125,730.6300048828125,0
2011-04-13,735.25,739.27001953125,727.489990234375,730.739990234375,0
2011-04-14,736.22998046875,738.0800170898438,727.9000244140625,736.1300048828125,0
2011-04-15,742.760009765625,745.239990234375,733.3900146484375,738.8699951171875,0
2011-04-18,733.6900024414062,741.3599853515625,730.4600219726562,739.6699829101562,0
2011-04-19,735.489990234375,739.75,726.3300170898438,734.3800048828125,0
2011-04-20,748.4099731445312,752.0800170898438,736.72998046875,736.7999877929688,0
2011-04-21,752.0599975585938,753.7000122070312,746.8200073242188,751.25,0
2011-04-25,752.5399780273438,758.5999755859375,747.2000122070312,757.0800170898438,0
2011-04-26,751.9000244140625,753.6500244140625,745.489990234375,746.6400146484375,0
2011-04-27,752.2999877929688,755.6799926757812,745.010009765625,751.469970703125,0
2011-04-28,751.2000122070312,757.5399780273438,746.3400268554688,757.3800048828125,0
2011-04-29,758.7899780273438,759.5399780273438,747.969970703125,749.4500122070312,0
2011-05-02,754.3400268554688,761.6599731445312,743.5399780273438,755.8400268554688,0
2011-05-03,742.8699951171875,751.8499755859375,739.739990234375,751.0999755859375,0
2011-05-04,731.5399780273438,742.77001953125,729.3099975585938,738.6599731445312,0
2011-05-05,683.8300170898438,732.719970703125,677.47998046875,729.77001953125,0
2011-05-06,674.1599731445312,697.489990234375,658.9299926757812,689.7000122070312,0
2011-05-09,698.4600219726562,701.6400146484375,679.2100219726562,679.7999877929688,0
2011-05-10,708.510009765625,708.510009765625,708.510009765625,708.510009765625,0
2011-05-11,681.0,712.1099853515625,678.5700073242188,710.9099731445312,0
2011-05-12,681.1400146484375,681.1400146484375,681.1400146484375,681.1400146484375,0
2011-05-13,683.6099853515625,690.1500244140625,673.9600219726562,678.72998046875,0
2011-05-16,675.739990234375,686.489990234375,673.8699951171875,681.5900268554688,0
2011-05-17,672.9199829101562,678.5800170898438,663.1599731445312,673.27001953125,0
2011-05-18,691.0399780273438,695.0499877929688,677.47998046875,678.5399780273438,0
2011-05-19,683.260009765625,694.3699951171875,682.239990234375,691.3499755859375,0
2011-05-20,688.52001953125,691.1199951171875,671.5499877929688,684.3900146484375,0
2011-05-23,676.8099975585938,686.260009765625,671.530029296875,686.1099853515625,0
2011-05-24,684.77001953125,688.9600219726562,677.47998046875,679.52001953125,0
2011-05-25,696.530029296875,697.760009765625,679.6400146484375,682.0399780273438,0
2011-05-26,694.5599975585938,700.6300048828125,691.6799926757812,700.4400024414062,0
2011-05-27,698.719970703125,699.7999877929688,695.0700073242188,697.1900024414062,0
2011-05-31,707.260009765625,707.260009765625,707.260009765625,707.260009765625,0
2011-06-01,696.5700073242188,710.0,693.6900024414062,708.9099731445312,0
2011-06-02,698.5,701.02001953125,690.760009765625,695.4400024414062,0
2011-06-03,699.77001953125,701.510009765625,690.3900146484375,700.8699951171875,0
2011-06-06,692.0399780273438,701.8699951171875,690.3300170898438,700.9500122070312,0
2011-06-07,696.6199951171875,698.8499755859375,688.97998046875,690.280029296875,0
2011-06-08,703.5599975585938,708.25,691.0900268554688,695.2999877929688,0
2011-06-09,710.27001953125,712.22998046875,703.030029296875,706.0800170898438,0
2011-06-10,701.7899780273438,711.3400268554688,697.0999755859375,710.989990234375,0
2011-06-13,695.1400146484375,702.9500122070312,688.219970703125,702.8699951171875,0
2011-06-14,701.4400024414062,701.4400024414062,701.4400024414062,701.4400024414062,0
2011-06-15,677.7100219726562,677.7100219726562,677.7100219726562,677.7100219726562,0
2011-06-16,674.8099975585938,681.469970703125,671.9199829101562,680.25,0
2011-06-17,669.1099853515625,676.2999877929688,662.8300170898438,676.2999877929688,0
2011-06-20,666.97998046875,668.6699829101562,661.3499755859375,667.02001953125,0
2011-06-21,668.469970703125,674.0800170898438,662.8499755859375,667.989990234375,0
2011-06-22,673.219970703125,674.5900268554688,663.6599731445312,667.8800048828125,0
2011-06-23,648.75,668.4199829101562,641.6199951171875,667.47998046875,0
2011-06-24,644.8900146484375,655.780029296875,639.9600219726562,652.530029296875,0
2011-06-27,642.8200073242188,644.5900268554688,635.27001953125,641.4400024414062,0
2011-06-28,656.9600219726562,657.6500244140625,641.5599975585938,644.780029296875,0
2011-06-29,670.469970703125,673.760009765625,657.6599731445312,657.6900024414062,0
2011-06-30,668.8499755859375,674.1599731445312,662.3599853515625,669.7899780273438,0
2011-07-01,664.3099975585938,666.6799926757812,656.489990234375,663.780029296875,0
2011-07-05,675.3499755859375,678.7999877929688,662.219970703125,665.239990234375,0
2011-07-06,673.72998046875,679.1199951171875,668.9199829101562,675.780029296875,0
2011-07-07,690.8800048828125,691.8400268554688,675.9099731445312,676.739990234375,0
2011-07-08,685.5999755859375,695.22998046875,681.3400268554688,691.3200073242188,0
2011-07-11,680.280029296875,685.0700073242188,673.97998046875,684.8900146484375,0
2011-07-12,689.7999877929688,690.0700073242188,670.6900024414062,677.989990234375,0
2011-07-13,698.0399780273438,702.280029296875,688.0599975585938,688.0599975585938,0
2011-07-14,688.4099731445312,699.9600219726562,683.1199951171875,698.1900024414062,0
2011-07-15,693.9400024414062,697.1799926757812,683.6300048828125,689.9199829101562,0
2011-07-18,687.6199951171875,693.77001953125,681.5,692.5399780273438,0
2011-07-19,694.6099853515625,694.6099853515625,694.6099853515625,694.6099853515625,0
2011-07-20,696.4000244140625,700.8699951171875,691.0399780273438,697.739990234375,0
2011-07-21,695.4099731445312,702.719970703125,690.260009765625,697.22998046875,0
2011-07-22,701.5700073242188,702.3800048828125,694.5,695.97998046875,0
2011-07-25,697.5,700.010009765625,694.3099975585938,696.989990234375,0
2011-07-26,701.3699951171875,704.7000122070312,692.9299926757812,697.0800170898438,0
2011-07-27,694.8200073242188,701.7899780273438,693.239990234375,700.530029296875,0
2011-07-28,693.1799926757812,697.3800048828125,690.760009765625,693.0800170898438,0
2011-07-29,686.0800170898438,693.9000244140625,682.6599731445312,693.1799926757812,0
2011-08-01,684.0800170898438,700.1400146484375,677.2100219726562,693.2999877929688,0
2011-08-02,683.8099975585938,689.1799926757812,679.7899780273438,685.4099731445312,0
2011-08-03,671.5900268554688,682.989990234375,669.5499877929688,681.5,0
2011-08-04,644.9500122070312,672.3300170898438,642.8400268554688,671.75,0
2011-08-05,645.75,652.0,628.1099853515625,639.8900146484375,0
2011-08-08,620.5999755859375,620.5999755859375,620.5999755859375,620.5999755859375,0
2011-08-09,614.5800170898438,614.5800170898438,614.5800170898438,614.5800170898438,0
2011-08-10,630.0800170898438,633.780029296875,617.9299926757812,623.5999755859375,0
2011-08-11,643.4099731445312,644.0399780273438,625.1699829101562,630.5499877929688,0
2011-08-12,643.0800170898438,649.989990234375,638.0,642.8300170898438,0
2011-08-15,653.3499755859375,654.47998046875,640.469970703125,644.3099975585938,0
2011-08-16,650.4099731445312,654.8900146484375,644.5,651.97998046875,0
2011-08-17,656.9199829101562,663.0900268554688,650.989990234375,651.2000122070312,0
2011-08-18,635.2999877929688,635.2999877929688,635.2999877929688,635.2999877929688,0
2011-08-19,641.4600219726562,645.5,624.22998046875,630.5599975585938,0
2011-08-22,646.0599975585938,646.0599975585938,646.0599975585938,646.0599975585938,0
2011-08-23,652.4600219726562,655.3900146484375,643.260009765625,648.27001953125,0
2011-08-24,650.5900268554688,656.469970703125,648.9299926757812,653.4500122070312,0
2011-08-25,653.0700073242188,656.27001953125,643.6099853515625,650.1699829101562,0
2011-08-26,657.8400268554688,659.3699951171875,645.1400146484375,653.3400268554688,0
2011-08-29,662.9400024414062,665.7100219726562,656.489990234375,657.1900024414062,0
2011-08-30,672.52001953125,673.4600219726562,659.5399780273438,664.2000122070312,0
2011-08-31,674.6900024414062,676.6699829101562,668.5599975585938,671.219970703125,0
2011-09-01,670.3800048828125,676.6099853515625,669.1099853515625,675.5,0
2011-09-02,661.6300048828125,671.2999877929688,656.5900268554688,671.22998046875,0
2011-09-06,657.0800170898438,659.6199951171875,647.8800048828125,652.5,0
2011-09-07,671.989990234375,673.72998046875,660.1900024414062,661.0900268554688,0
2011-09-08,669.719970703125,675.2899780273438,668.1500244140625,672.5399780273438,0
2011-09-09,657.0800170898438,671.3300170898438,652.1300048828125,670.77001953125,0
2011-09-12,656.3200073242188,660.0599975585938,645.6300048828125,651.4400024414062,0
2011-09-13,658.510009765625,660.9099731445312,653.77001953125,659.510009765625,0
2011-09-14,654.75,657.4000244140625,650.3699951171875,657.4000244140625,0
2011-09-15,658.5800170898438,664.6400146484375,651.77001953125,653.260009765625,0
2011-09-16,653.0999755859375,661.760009765625,650.4500122070312,658.9400024414062,0
2011-09-19,638.9600219726562,649.510009765625,636.3499755859375,648.02001953125,0
2011-09-20,643.6500244140625,648.5,638.52001953125,641.469970703125,0
2011-09-21,638.5399780273438,648.4199829101562,634.780029296875,641.489990234375,0
2011-09-22,607.489990234375,631.6099853515625,605.2000122070312,630.97998046875,0
2011-09-23,599.25,612.5800170898438,594.1199951171875,610.030029296875,0
2011-09-26,600.3699951171875,605.0700073242188,583.6799926757812,598.8800048828125,0
2011-09-27,620.02001953125,621.7100219726562,607.52001953125,608.010009765625,0
2011-09-28,603.5499877929688,621.3300170898438,602.469970703125,614.3499755859375,0
2011-09-29,606.7899780273438,613.6900024414062,598.0499877929688,599.4000244140625,0
2011-09-30,591.0,610.5599975585938,589.5599975585938,609.1500244140625,0
2011-10-03,585.6199951171875,592.8900146484375,580.219970703125,587.5900268554688,0
2011-10-04,576.010009765625,585.3599853515625,572.9199829101562,580.719970703125,0
2011-10-05,592.030029296875,593.3499755859375,581.2000122070312,584.1199951171875,0
2011-10-06,606.52001953125,607.6099853515625,591.469970703125,592.22998046875,0
2011-10-07,606.6199951171875,612.1599731445312,600.1699829101562,606.27001953125,0
2011-10-10,619.0599975585938,622.6900024414062,608.3800048828125,610.8699951171875,0
2011-10-11,624.6500244140625,627.6400146484375,611.1599731445312,619.7000122070312,0
2011-10-12,625.4600219726562,630.1300048828125,620.6799926757812,620.6799926757812,0
2011-10-13,622.739990234375,626.2000122070312,615.3200073242188,621.9600219726562,0
2011-10-14,637.9000244140625,639.5800170898438,623.030029296875,623.8400268554688,0
2011-10-17,632.9000244140625,645.0,630.219970703125,640.25,0
2011-10-18,637.219970703125,639.77001953125,624.7100219726562,631.7100219726562,0
2011-10-19,626.469970703125,642.72998046875,625.5900268554688,637.3699951171875,0
2011-10-20,624.6599731445312,628.3099975585938,614.7999877929688,623.6400146484375,0
2011-10-21,630.6300048828125,639.3800048828125,625.719970703125,628.010009765625,0
2011-10-24,645.4500122070312,647.4000244140625,631.6699829101562,632.1599731445312,0
2011-10-25,649.25,654.1500244140625,643.1699829101562,645.0900268554688,0
2011-10-26,637.760009765625,654.0999755859375,637.280029296875,649.1900024414062,0
2011-10-27,657.1400146484375,659.8599853515625,644.3400268554688,644.4299926757812,0
2011-10-28,652.5499877929688,656.3499755859375,648.9199829101562,655.8900146484375,0
2011-10-31,647.9600219726562,650.4000244140625,641.219970703125,650.1500244140625,0
2011-11-01,641.6900024414062,647.280029296875,627.9600219726562,647.0900268554688,0
2011-11-02,643.030029296875,651.1400146484375,639.469970703125,641.0599975585938,0
2011-11-03,651.010009765625,651.010009765625,651.010009765625,651.010009765625,0
2011-11-04,653.7100219726562,656.3900146484375,647.0800170898438,651.0599975585938,0
2011-11-07,660.25,661.8400268554688,649.4600219726562,655.7100219726562,0
2011-11-08,665.5900268554688,667.1900024414062,659.7000122070312,660.4099731445312,0
2011-11-09,654.5999755859375,668.469970703125,654.5999755859375,667.989990234375,0
2011-11-10,661.3599853515625,664.27001953125,652.47998046875,654.75,0
2011-11-11,665.9199829101562,667.52001953125,660.8499755859375,662.02001953125,0
2011-11-14,661.1099853515625,668.969970703125,657.8099975585938,667.989990234375,0
2011-11-15,666.6799926757812,668.1599731445312,659.5800170898438,662.1500244140625,0
2011-11-16,672.8900146484375,673.6300048828125,662.25,663.6599731445312,0
2011-11-17,653.6199951171875,674.0999755859375,651.1300048828125,669.0900268554688,0
2011-11-18,648.52001953125,660.6799926757812,644.4500122070312,653.22998046875,0
2011-11-21,641.9400024414062,648.7100219726562,635.4099731445312,648.0599975585938,0
2011-11-22,648.260009765625,650.5900268554688,641.469970703125,643.3200073242188,0
2011-11-23,638.3099975585938,644.8800048828125,635.739990234375,644.0599975585938,0
2011-11-25,636.1199951171875,641.969970703125,632.4000244140625,639.1900024414062,0
2011-11-28,644.8400268554688,653.6599731445312,639.989990234375,644.3499755859375,0
2011-11-29,653.489990234375,654.9400024414062,641.4600219726562,641.6400146484375,0
2011-11-30,658.02001953125,664.5599975585938,648.1500244140625,652.969970703125,0
2011-12-01,654.4400024414062,661.3699951171875,649.6699829101562,658.8599853515625,0
2011-12-02,658.3200073242188,662.6099853515625,654.1099853515625,656.3800048828125,0
2011-12-05,657.52001953125,666.4199829101562,654.9500122070312,660.0,0
2011-12-06,659.7000122070312,660.27001953125,653.0399780273438,654.4500122070312,0
2011-12-07,653.5700073242188,663.1099853515625,650.77001953125,660.6099853515625,0
2011-12-08,645.97998046875,659.739990234375,644.1599731445312,653.0700073242188,0
2011-12-09,647.1199951171875,649.469970703125,639.22998046875,644.1599731445312,0
2011-12-12,638.9299926757812,646.5800170898438,636.7999877929688,646.510009765625,0
2011-12-13,648.239990234375,653.5999755859375,638.260009765625,639.4299926757812,0
2011-12-14,621.9299926757812,647.27001953125,618.9000244140625,646.0900268554688,0
2011-12-15,618.22998046875,628.3699951171875,616.3800048828125,623.7899780273438,0
2011-12-16,617.9000244140625,623.1599731445312,613.97998046875,620.1199951171875,0
2011-12-19,619.5,622.6099853515625,613.3800048828125,615.8699951171875,0
2011-12-20,634.47998046875,636.4000244140625,620.6099853515625,620.719970703125,0
2011-12-21,640.9099731445312,642.6400146484375,631.6699829101562,637.7000122070312,0
2011-12-22,645.030029296875,647.27001953125,639.6799926757812,640.7999877929688,0
2011-12-23,645.8800048828125,647.8300170898438,644.77001953125,645.1099853515625,0
2011-12-27,653.3499755859375,654.77001953125,644.969970703125,645.9600219726562,0
2011-12-28,645.4400024414062,654.3200073242188,643.0900268554688,653.2000122070312,0
2011-12-29,645.8099975585938,647.0499877929688,640.780029296875,644.719970703125,0
2011-12-30,644.9099731445312,649.6199951171875,642.77001953125,647.4500122070312,0
2012-01-03,666.5499877929688,667.0900268554688,650.6199951171875,650.780029296875,0
2012-01-04,670.1500244140625,672.1300048828125,662.8400268554688,665.3400268554688,0
2012-01-05,661.3200073242188,673.52001953125,660.02001953125,669.2100219726562,0
2012-01-06,661.9000244140625,666.4000244140625,658.6400146484375,660.010009765625,0
2012-01-09,662.5700073242188,665.969970703125,658.0499877929688,661.3499755859375,0
2012-01-10,668.4299926757812,672.469970703125,663.52001953125,663.5999755859375,0
2012-01-11,663.489990234375,670.25,661.2000122070312,666.4500122070312,0
2012-01-12,655.22998046875,671.0,653.2100219726562,666.1599731445312,0
2012-01-13,651.5399780273438,659.4199829101562,647.6599731445312,656.0900268554688,0
2012-01-17,659.5599975585938,664.0999755859375,654.9099731445312,657.9400024414062,0
2012-01-18,657.3099975585938,664.3200073242188,654.9099731445312,661.5700073242188,0
2012-01-19,659.77001953125,663.5499877929688,656.7100219726562,661.7000122070312,0
2012-01-20,652.010009765625,662.5800170898438,650.3099975585938,660.5,0
2012-01-23,658.8499755859375,661.5399780273438,650.4600219726562,652.510009765625,0
2012-01-24,658.8400268554688,662.1500244140625,654.75,659.1300048828125,0
2012-01-25,661.510009765625,665.5399780273438,654.25,660.9199829101562,0
2012-01-26,664.9199829101562,671.5800170898438,663.4199829101562,664.5900268554688,0
2012-01-27,666.6400146484375,669.760009765625,663.1099853515625,665.1799926757812,0
2012-01-30,661.219970703125,665.6599731445312,659.489990234375,664.489990234375,0
2012-01-31,660.6799926757812,671.6400146484375,658.5800170898438,663.739990234375,0
2012-02-01,660.760009765625,666.97998046875,659.9299926757812,662.2000122070312,0
2012-02-02,657.7100219726562,663.25,653.6699829101562,660.489990234375,0
2012-02-03,666.4299926757812,667.3599853515625,657.489990234375,659.1799926757812,0
2012-02-06,668.530029296875,669.8499755859375,662.1099853515625,664.8599853515625,0
2012-02-07,672.9600219726562,676.4600219726562,665.5800170898438,670.8599853515625,0
2012-02-08,674.9600219726562,679.4199829101562,671.739990234375,674.3200073242188,0
2012-02-09,680.3699951171875,682.8200073242188,675.8499755859375,676.8599853515625,0
2012-02-10,673.3699951171875,679.7100219726562,670.0599975585938,679.6699829101562,0
2012-02-13,680.0999755859375,681.02001953125,675.3900146484375,677.6799926757812,0
2012-02-14,678.5999755859375,682.27001953125,676.739990234375,678.010009765625,0
2012-02-15,682.8400268554688,687.7999877929688,680.72998046875,681.989990234375,0
2012-02-16,686.4000244140625,687.75,679.0,681.3800048828125,0
2012-02-17,688.4400024414062,689.75,685.6900024414062,687.5399780273438,0
2012-02-21,699.9199829101562,700.7899780273438,691.4500122070312,693.9199829101562,0
2012-02-22,703.1099853515625,704.6400146484375,696.8099975585938,698.3900146484375,0
2012-02-23,707.739990234375,708.52001953125,700.4299926757812,702.1599731445312,0
2012-02-24,715.52001953125,715.77001953125,707.6199951171875,709.469970703125,0
2012-02-27,711.6199951171875,714.5999755859375,708.3300170898438,714.530029296875,0
2012-02-28,703.4600219726562,711.510009765625,702.010009765625,708.8300170898438,0
2012-02-29,703.5,708.52001953125,693.719970703125,704.9299926757812,0
2012-03-01,713.1799926757812,717.4500122070312,702.0800170898438,703.4199829101562,0
2012-03-02,704.3699951171875,713.0499877929688,701.25,713.030029296875,0
2012-03-05,703.4299926757812,706.5999755859375,699.2999877929688,704.97998046875,0
2012-03-06,692.6099853515625,703.8800048828125,692.25,703.0999755859375,0
2012-03-07,697.6199951171875,698.9500122070312,691.5599975585938,695.530029296875,0
2012-03-08,703.0599975585938,705.3499755859375,698.4099731445312,698.4299926757812,0
2012-03-09,707.219970703125,710.1799926757812,700.6300048828125,705.239990234375,0
2012-03-12,704.27001953125,705.5700073242188,698.8300170898438,705.5700073242188,0
2012-03-13,708.9299926757812,710.8499755859375,703.2899780273438,705.9199829101562,0
2012-03-14,703.02001953125,709.9199829101562,701.5900268554688,708.5999755859375,0
2012-03-15,700.8499755859375,705.4400024414062,695.5700073242188,703.22998046875,0
2012-03-16,710.3699951171875,711.9500122070312,700.1199951171875,701.77001953125,0
2012-03-19,712.3099975585938,713.2000122070312,707.2899780273438,711.2100219726562,0
2012-03-20,701.530029296875,710.0900268554688,699.5399780273438,710.0900268554688,0
2012-03-21,703.010009765625,705.9299926757812,700.5599975585938,703.8300170898438,0
2012-03-22,695.5700073242188,703.2100219726562,692.0599975585938,702.9500122070312,0
2012-03-23,703.3300170898438,710.1400146484375,696.780029296875,696.8699951171875,0
2012-03-26,705.2899780273438,707.3400268554688,700.8300170898438,703.1599731445312,0
2012-03-27,704.239990234375,708.0800170898438,702.8499755859375,705.2899780273438,0
2012-03-28,695.6099853515625,702.3499755859375,693.4000244140625,702.0499877929688,0
2012-03-29,683.719970703125,697.4099731445312,680.8699951171875,695.5599975585938,0
2012-03-30,688.7100219726562,694.0700073242188,685.1599731445312,686.5,0
2012-04-02,700.4000244140625,701.6500244140625,684.6699829101562,691.25,0
2012-04-03,697.5599975585938,702.0900268554688,695.3800048828125,699.7000122070312,0
2012-04-04,683.5,695.97998046875,683.3400268554688,695.1199951171875,0
2012-04-05,689.1400146484375,689.4500122070312,682.1599731445312,684.97998046875,0
2012-04-09,684.8499755859375,685.7999877929688,678.8599853515625,685.280029296875,0
2012-04-10,674.4199829101562,686.4500122070312,673.5800170898438,686.02001953125,0
2012-04-11,679.530029296875,681.2000122070312,672.8699951171875,673.77001953125,0
2012-04-12,687.3599853515625,687.9000244140625,678.760009765625,678.9299926757812,0
2012-04-13,682.1699829101562,687.3099975585938,681.3099975585938,687.3099975585938,0
2012-04-16,675.5900268554688,680.7000122070312,673.3400268554688,678.010009765625,0
2012-04-17,678.77001953125,681.4600219726562,674.0499877929688,676.0599975585938,0
2012-04-18,671.5800170898438,679.97998046875,669.4500122070312,678.4400024414062,0
2012-04-19,672.6300048828125,677.2899780273438,670.6099853515625,673.6400146484375,0
2012-04-20,676.3800048828125,680.75,672.969970703125,673.1199951171875,0
2012-04-23,674.4400024414062,676.3499755859375,667.97998046875,675.8200073242188,0
2012-04-24,674.8300170898438,678.47998046875,673.1500244140625,676.02001953125,0
2012-04-25,677.5700073242188,680.3200073242188,673.02001953125,675.6500244140625,0
2012-04-26,682.0800170898438,683.5,677.5900268554688,677.5999755859375,0
2012-04-27,684.4500122070312,685.1599731445312,678.5800170898438,680.3200073242188,0
2012-04-30,684.8800048828125,686.1500244140625,680.3800048828125,684.1500244140625,0
2012-05-01,687.6099853515625,689.0399780273438,681.5700073242188,684.219970703125,0
2012-05-02,678.6500244140625,687.1199951171875,677.8400268554688,686.25,0
2012-05-03,669.3599853515625,679.2999877929688,668.7100219726562,679.1699829101562,0
2012-05-04,653.5999755859375,670.4000244140625,648.8300170898438,670.030029296875,0
2012-05-07,652.27001953125,653.1900024414062,645.2899780273438,645.3699951171875,0
2012-05-08,648.5999755859375,654.0800170898438,641.7999877929688,652.8699951171875,0
2012-05-09,648.280029296875,649.1300048828125,642.219970703125,648.5800170898438,0
2012-05-10,647.5,651.75,645.5800170898438,648.969970703125,0
2012-05-11,642.5800170898438,647.0999755859375,640.4600219726562,642.989990234375,0
2012-05-14,635.77001953125,640.6900024414062,631.0700073242188,639.4000244140625,0
2012-05-15,636.0999755859375,640.0900268554688,632.7000122070312,633.2000122070312,0
2012-05-16,633.4000244140625,637.8599853515625,626.5700073242188,632.739990234375,0
2012-05-17,630.6199951171875,636.1900024414062,628.5999755859375,633.6699829101562,0
2012-05-18,629.5,633.1300048828125,625.5999755859375,628.6400146484375,0
2012-05-21,633.6799926757812,634.8599853515625,629.9400024414062,633.25,0
2012-05-22,628.22998046875,636.0,627.0499877929688,634.4600219726562,0
2012-05-23,616.2899780273438,626.280029296875,613.9500122070312,625.52001953125,0
2012-05-24,618.780029296875,622.97998046875,615.5,620.9199829101562,0
2012-05-25,620.510009765625,622.2899780273438,616.6799926757812,619.739990234375,0
2012-05-29,617.6699829101562,625.989990234375,616.27001953125,621.510009765625,0
2012-05-30,603.280029296875,616.27001953125,601.6199951171875,616.0,0
2012-05-31,596.2000122070312,605.5,594.47998046875,603.010009765625,0
2012-06-01,580.989990234375,596.6699829101562,577.5900268554688,595.27001953125,0
2012-06-04,584.3900146484375,585.510009765625,571.5499877929688,578.3300170898438,0
2012-06-05,585.219970703125,588.5900268554688,581.3200073242188,588.0,0
2012-06-06,593.0599975585938,597.0999755859375,586.6599731445312,587.989990234375,0
2012-06-07,592.0499877929688,602.239990234375,589.2899780273438,595.1099853515625,0
2012-06-08,588.1699829101562,589.72998046875,577.760009765625,582.9500122070312,0
2012-06-11,582.4299926757812,598.1500244140625,580.0700073242188,596.969970703125,0
2012-06-12,581.02001953125,583.7999877929688,576.5,578.3599853515625,0
2012-06-13,576.8699951171875,583.0800170898438,575.3599853515625,578.1799926757812,0
2012-06-14,581.8699951171875,583.6300048828125,574.4299926757812,574.9000244140625,0
2012-06-15,582.6199951171875,586.52001953125,581.0599975585938,585.0700073242188,0
2012-06-18,581.4500122070312,587.97998046875,575.010009765625,587.1799926757812,0
2012-06-19,586.3099975585938,588.4000244140625,577.3099975585938,582.7000122070312,0
2012-06-20,575.2899780273438,587.6199951171875,573.489990234375,585.4600219726562,0
2012-06-21,559.0,572.030029296875,558.1400146484375,570.489990234375,0
2012-06-22,563.719970703125,567.3200073242188,555.5599975585938,559.8699951171875,0
2012-06-25,567.5999755859375,569.239990234375,561.989990234375,568.3599853515625,0
2012-06-26,572.6400146484375,572.9099731445312,566.75,569.0700073242188,0
2012-06-27,577.0,580.9400024414062,568.75,572.9099731445312,0
2012-06-28,567.469970703125,579.6599731445312,565.5,578.5399780273438,0
2012-06-29,599.4400024414062,600.6900024414062,570.4299926757812,570.760009765625,0
2012-07-02,597.4000244140625,598.52001953125,590.4199829101562,596.5700073242188,0
2012-07-03,618.0,618.4199829101562,599.1599731445312,599.25,0
2012-07-05,620.1500244140625,623.8800048828125,613.4199829101562,614.6300048828125,0
2012-07-06,605.1500244140625,616.97998046875,603.9099731445312,616.1400146484375,0
2012-07-09,615.9400024414062,618.8599853515625,607.7000122070312,608.8099975585938,0
2012-07-10,605.9099731445312,614.5,605.1599731445312,610.8400268554688,0
2012-07-11,612.4400024414062,614.7899780273438,606.5499877929688,607.719970703125,0
2012-07-12,614.9099731445312,616.1900024414062,605.5999755859375,611.22998046875,0
2012-07-13,621.1900024414062,622.8699951171875,613.52001953125,615.0700073242188,0
2012-07-16,630.6300048828125,631.1099853515625,621.9199829101562,622.1099853515625,0
2012-07-17,632.52001953125,634.9400024414062,626.5999755859375,632.4299926757812,0
2012-07-18,639.75,639.8699951171875,629.1900024414062,631.1199951171875,0
2012-07-19,654.72998046875,654.9099731445312,640.7999877929688,640.7999877929688,0
2012-07-20,651.8699951171875,653.5800170898438,646.1599731445312,653.2100219726562,0
2012-07-23,633.469970703125,647.77001953125,630.3699951171875,647.77001953125,0
2012-07-24,630.1799926757812,636.2000122070312,626.0999755859375,631.7899780273438,0
2012-07-25,633.9199829101562,635.0900268554688,625.3099975585938,629.1099853515625,0
2012-07-26,635.4299926757812,642.1400146484375,629.5,632.6400146484375,0
2012-07-27,641.77001953125,642.780029296875,635.6500244140625,635.8699951171875,0
2012-07-30,644.5999755859375,646.5700073242188,641.6799926757812,643.9000244140625,0
2012-07-31,635.8200073242188,647.1199951171875,633.6799926757812,644.010009765625,0
2012-08-01,637.6099853515625,639.1799926757812,633.5700073242188,634.6599731445312,0
2012-08-02,630.3300170898438,641.239990234375,628.6500244140625,636.530029296875,0
2012-08-03,647.6500244140625,649.5499877929688,631.0499877929688,631.5800170898438,0
2012-08-06,650.3400268554688,650.77001953125,643.1799926757812,645.25,0
2012-08-07,657.510009765625,659.969970703125,648.510009765625,649.8200073242188,0
2012-08-08,658.719970703125,661.219970703125,652.6300048828125,656.4400024414062,0
2012-08-09,661.6500244140625,664.0800170898438,657.1199951171875,658.8699951171875,0
2012-08-10,656.2100219726562,662.2000122070312,652.77001953125,661.9600219726562,0
2012-08-13,653.6099853515625,660.5499877929688,652.1900024414062,657.2100219726562,0
2012-08-14,655.530029296875,658.1599731445312,653.27001953125,654.4199829101562,0
2012-08-15,662.1400146484375,663.989990234375,653.7899780273438,654.6300048828125,0
2012-08-16,667.5700073242188,668.2899780273438,660.7899780273438,663.72998046875,0
2012-08-17,667.5599975585938,669.1099853515625,663.8200073242188,666.7899780273438,0
2012-08-20,669.27001953125,670.1400146484375,663.8599853515625,668.2000122070312,0
2012-08-21,675.5499877929688,679.1300048828125,669.5700073242188,669.6400146484375,0
2012-08-22,676.6900024414062,677.6799926757812,671.8599853515625,674.7899780273438,0
2012-08-23,674.1300048828125,682.3499755859375,671.5800170898438,680.7000122070312,0
2012-08-24,670.510009765625,676.489990234375,668.6599731445312,671.8200073242188,0
2012-08-27,666.9600219726562,679.1699829101562,664.4000244140625,678.77001953125,0
2012-08-28,668.5,669.52001953125,665.2100219726562,666.22998046875,0
2012-08-29,668.7100219726562,670.6699829101562,665.2000122070312,666.9199829101562,0
2012-08-30,666.9600219726562,671.02001953125,664.75,666.9199829101562,0
2012-08-31,675.030029296875,676.1699829101562,666.6699829101562,666.8599853515625,0
2012-09-04,672.5499877929688,682.280029296875,671.6599731445312,680.9299926757812,0
2012-09-05,668.719970703125,672.6099853515625,667.260009765625,672.1900024414062,0
2012-09-06,671.719970703125,678.0399780273438,669.6500244140625,671.469970703125,0
2012-09-07,676.6400146484375,678.260009765625,667.6300048828125,668.4500122070312,0
2012-09-10,677.8800048828125,680.030029296875,675.0900268554688,677.1699829101562,0
2012-09-11,681.0499877929688,681.4400024414062,675.6300048828125,676.510009765625,0
2012-09-12,682.7899780273438,686.52001953125,679.3400268554688,681.2999877929688,0
2012-09-13,687.219970703125,689.219970703125,679.1599731445312,682.7899780273438,0
2012-09-14,694.2100219726562,699.1300048828125,690.2999877929688,690.3099975585938,0
2012-09-17,678.6799926757812,694.0,672.47998046875,693.2899780273438,0
2012-09-18,670.1300048828125,679.8200073242188,669.0,679.3300170898438,0
2012-09-19,656.72998046875,657.0800170898438,656.72998046875,657.0800170898438,0
2012-09-20,658.3499755859375,660.2899780273438,650.97998046875,657.0800170898438,0
2012-09-21,663.969970703125,666.4000244140625,660.8800048828125,662.1300048828125,0
2012-09-24,657.6799926757812,660.6099853515625,654.1599731445312,658.6699829101562,0
2012-09-25,658.6599731445312,665.1799926757812,657.0800170898438,659.5399780273438,0
2012-09-26,651.8699951171875,657.97998046875,646.7000122070312,657.25,0
2012-09-27,660.260009765625,662.0499877929688,651.530029296875,653.8499755859375,0
2012-09-28,665.72998046875,666.5599975585938,660.030029296875,662.4600219726562,0
2012-10-01,666.969970703125,671.8699951171875,662.2000122070312,663.780029296875,0
2012-10-02,664.1799926757812,668.219970703125,663.4500122070312,666.8300170898438,0
2012-10-03,648.9000244140625,662.7100219726562,647.4600219726562,662.5900268554688,0
2012-10-04,665.1900024414062,665.7000122070312,648.4000244140625,648.4000244140625,0
2012-10-05,659.6300048828125,666.5800170898438,655.6400146484375,665.8200073242188,0
2012-10-08,656.6400146484375,659.5999755859375,651.9600219726562,657.5900268554688,0
2012-10-09,667.25,669.02001953125,656.780029296875,660.1900024414062,0
2012-10-10,664.760009765625,672.3099975585938,663.7100219726562,666.260009765625,0
2012-10-11,671.8400268554688,674.77001953125,664.8599853515625,664.9299926757812,0
2012-10-12,665.3099975585938,672.5499877929688,662.6900024414062,672.3900146484375,0
2012-10-15,663.0800170898438,665.0700073242188,656.02001953125,662.530029296875,0
2012-10-16,664.239990234375,666.760009765625,661.9000244140625,663.8599853515625,0
2012-10-17,664.9400024414062,666.5999755859375,661.7899780273438,664.8200073242188,0
2012-10-18,665.1300048828125,666.780029296875,658.6699829101562,666.0900268554688,0
2012-10-19,656.0499877929688,669.1799926757812,655.5800170898438,664.9199829101562,0
2012-10-22,648.5,658.969970703125,648.0900268554688,655.7999877929688,0
2012-10-23,639.2999877929688,649.6300048828125,635.0999755859375,649.2000122070312,0
2012-10-24,636.75,643.5499877929688,633.2000122070312,641.8300170898438,0
2012-10-25,637.469970703125,641.9099731445312,634.5499877929688,637.3599853515625,0
2012-10-26,638.969970703125,640.8499755859375,633.0700073242188,638.0499877929688,0
2012-10-31,637.739990234375,642.3699951171875,636.3499755859375,636.5599975585938,0
2012-11-01,638.8599853515625,641.3800048828125,636.97998046875,637.25,0
2012-11-02,626.0700073242188,639.2999877929688,625.52001953125,638.1500244140625,0
2012-11-05,629.8499755859375,630.9500122070312,622.4500122070312,625.739990234375,0
2012-11-06,644.6099853515625,645.6599731445312,629.4600219726562,631.1099853515625,0
2012-11-07,629.0,647.6599731445312,627.719970703125,644.1900024414062,0
2012-11-08,631.530029296875,634.260009765625,627.1900024414062,630.8099975585938,0
2012-11-09,636.4099731445312,639.6799926757812,626.77001953125,633.260009765625,0
2012-11-12,634.52001953125,639.6799926757812,633.1599731445312,636.0900268554688,0
2012-11-13,633.3200073242188,635.1699829101562,629.6400146484375,633.760009765625,0
2012-11-14,637.3900146484375,640.1599731445312,632.1199951171875,633.4000244140625,0
2012-11-15,634.0999755859375,640.3800048828125,630.9099731445312,637.8800048828125,0
2012-11-16,637.010009765625,638.030029296875,631.4000244140625,633.5599975585938,0
2012-11-19,650.5800170898438,652.3599853515625,640.72998046875,641.1900024414062,0
2012-11-20,642.719970703125,650.6900024414062,639.510009765625,650.219970703125,0
2012-11-21,646.010009765625,648.1300048828125,641.1900024414062,644.010009765625,0
2012-11-23,649.7999877929688,651.1099853515625,643.780029296875,643.9299926757812,0
2012-11-26,646.989990234375,650.2899780273438,645.4099731445312,649.22998046875,0
2012-11-27,645.9600219726562,649.8599853515625,643.3900146484375,648.2100219726562,0
2012-11-28,642.5900268554688,646.2100219726562,637.010009765625,645.6699829101562,0
2012-11-29,649.3400268554688,651.969970703125,643.3599853515625,643.4299926757812,0
2012-11-30,650.0499877929688,651.1900024414062,647.0900268554688,647.780029296875,0
2012-12-03,650.780029296875,657.1099853515625,649.6400146484375,652.1199951171875,0
2012-12-04,644.9500122070312,650.2999877929688,643.010009765625,648.8800048828125,0
2012-12-05,643.260009765625,648.1099853515625,640.4500122070312,646.0499877929688,0
2012-12-06,635.6900024414062,645.1400146484375,633.5499877929688,643.2000122070312,0
2012-12-07,632.8800048828125,637.5399780273438,632.510009765625,636.760009765625,0
2012-12-10,631.4000244140625,637.5499877929688,630.6500244140625,633.9000244140625,0
2012-12-11,631.9299926757812,634.9600219726562,629.739990234375,630.9299926757812,0
2012-12-12,637.0499877929688,640.4299926757812,631.9500122070312,633.0999755859375,0
2012-12-13,631.3800048828125,636.3900146484375,631.1300048828125,634.77001953125,0
2012-12-14,637.1400146484375,637.489990234375,632.9000244140625,633.3800048828125,0
2012-12-17,636.9199829101562,639.1500244140625,636.1900024414062,637.489990234375,0
2012-12-18,640.1799926757812,641.510009765625,636.9099731445312,638.52001953125,0
2012-12-19,644.72998046875,645.739990234375,639.8499755859375,640.1199951171875,0
2012-12-20,643.489990234375,644.9600219726562,640.6799926757812,643.25,0
2012-12-21,639.0900268554688,642.0599975585938,637.0900268554688,639.9000244140625,0
2012-12-24,637.8400268554688,639.3900146484375,636.489990234375,639.1900024414062,0
2012-12-26,646.3099975585938,648.6199951171875,638.8400268554688,639.469970703125,0
2012-12-27,645.780029296875,648.1799926757812,642.8900146484375,646.0900268554688,0
2012-12-28,644.4299926757812,648.4199829101562,642.4199829101562,647.719970703125,0
2012-12-31,646.5800170898438,647.4199829101562,639.3400268554688,644.260009765625,0
2013-01-02,652.5599975585938,656.8699951171875,649.0800170898438,649.27001953125,0
2013-01-03,650.0499877929688,652.0900268554688,648.3699951171875,650.6199951171875,0
2013-01-04,646.7100219726562,648.3400268554688,642.3599853515625,646.1699829101562,0
2013-01-07,648.6900024414062,649.3200073242188,644.719970703125,648.260009765625,0
2013-01-08,650.1799926757812,652.489990234375,647.9299926757812,649.6599731445312,0
2013-01-09,649.3099975585938,651.510009765625,647.6799926757812,649.9299926757812,0
2013-01-10,653.1099853515625,657.219970703125,650.989990234375,651.010009765625,0
2013-01-11,649.5800170898438,652.3599853515625,644.5900268554688,652.1199951171875,0
2013-01-14,655.1900024414062,655.6900024414062,650.1099853515625,653.239990234375,0
2013-01-15,652.1799926757812,657.0599975585938,651.8699951171875,655.3400268554688,0
2013-01-16,653.3099975585938,654.97998046875,651.0900268554688,653.1599731445312,0
2013-01-17,658.2100219726562,659.6799926757812,651.8099975585938,652.9600219726562,0
2013-01-18,660.8300170898438,661.02001953125,656.6799926757812,657.6099853515625,0
2013-01-22,664.0700073242188,665.3300170898438,660.6599731445312,662.75,0
2013-01-23,661.97998046875,665.280029296875,661.0900268554688,663.530029296875,0
2013-01-24,664.219970703125,665.780029296875,660.780029296875,661.7999877929688,0
2013-01-25,662.75,665.9199829101562,661.3300170898438,663.5999755859375,0
2013-01-28,665.3300170898438,665.97998046875,661.239990234375,663.010009765625,0
2013-01-29,670.510009765625,671.5499877929688,664.47998046875,665.8400268554688,0
2013-01-30,675.9500122070312,676.3499755859375,670.4500122070312,670.739990234375,0
2013-01-31,675.3699951171875,677.1199951171875,671.6500244140625,676.1599731445312,0
2013-02-01,679.0499877929688,681.5,674.6500244140625,675.9400024414062,0
2013-02-04,673.8699951171875,678.9400024414062,672.8400268554688,678.719970703125,0
2013-02-05,676.7000122070312,678.5999755859375,671.9299926757812,672.8200073242188,0
2013-02-06,676.1400146484375,677.5800170898438,670.8599853515625,677.3699951171875,0
2013-02-07,674.010009765625,679.6699829101562,672.969970703125,676.8900146484375,0
2013-02-08,678.1400146484375,681.280029296875,675.239990234375,676.1099853515625,0
2013-02-11,677.6599731445312,678.5,672.719970703125,677.5700073242188,0
2013-02-12,678.9000244140625,680.0700073242188,676.010009765625,678.0499877929688,0
2013-02-13,679.2000122070312,681.7000122070312,677.760009765625,680.02001953125,0
2013-02-14,679.3699951171875,680.97998046875,677.6400146484375,679.8200073242188,0
2013-02-15,675.9500122070312,680.1400146484375,672.780029296875,679.7100219726562,0
2013-02-19,675.6300048828125,675.8900146484375,671.6799926757812,675.2999877929688,0
2013-02-20,668.280029296875,677.3599853515625,664.77001953125,676.0800170898438,0
2013-02-21,657.3099975585938,665.5900268554688,656.9299926757812,665.280029296875,0
2013-02-22,658.1199951171875,661.8599853515625,656.9000244140625,659.5499877929688,0
2013-02-25,658.6400146484375,666.1199951171875,657.3400268554688,658.3699951171875,0
2013-02-26,653.5599975585938,657.52001953125,651.969970703125,656.6099853515625,0
2013-02-27,650.1300048828125,655.7899780273438,649.6900024414062,654.5599975585938,0
2013-02-28,648.2100219726562,652.0700073242188,646.4500122070312,651.8099975585938,0
2013-03-01,642.6500244140625,647.3900146484375,640.030029296875,647.0599975585938,0
2013-03-04,640.4099731445312,644.239990234375,637.8900146484375,642.489990234375,0
2013-03-05,645.9400024414062,646.2000122070312,642.0900268554688,642.3599853515625,0
2013-03-06,641.739990234375,647.9400024414062,639.7899780273438,647.9400024414062,0
2013-03-07,646.6500244140625,646.8599853515625,641.2899780273438,642.1300048828125,0
2013-03-08,648.8099975585938,648.8099975585938,642.780029296875,646.010009765625,0
2013-03-11,648.719970703125,649.7000122070312,644.8499755859375,648.6900024414062,0
2013-03-12,649.6199951171875,655.1300048828125,646.8200073242188,649.1799926757812,0
2013-03-13,647.1699829101562,652.0700073242188,644.2000122070312,650.5499877929688,0
2013-03-14,650.22998046875,650.3400268554688,645.3699951171875,645.77001953125,0
2013-03-15,652.5,655.5599975585938,650.239990234375,650.9199829101562,0
2013-03-18,650.2999877929688,650.8300170898438,643.75,647.3099975585938,0
2013-03-19,643.1599731445312,650.530029296875,641.8800048828125,649.8400268554688,0
2013-03-20,648.7000122070312,648.9099731445312,643.2100219726562,644.1699829101562,0
2013-03-21,644.5499877929688,649.1699829101562,642.3400268554688,648.469970703125,0
2013-03-22,646.5,647.0999755859375,642.719970703125,643.9600219726562,0
2013-03-25,649.030029296875,653.489990234375,645.9099731445312,647.6699829101562,0
2013-03-26,654.5399780273438,654.5700073242188,648.3400268554688,648.4400024414062,0
2013-03-27,657.780029296875,658.7000122070312,652.8499755859375,654.3300170898438,0
2013-03-28,655.0499877929688,659.2100219726562,652.3499755859375,658.030029296875,0
2013-04-01,653.0999755859375,654.780029296875,649.1799926757812,652.9600219726562,0
2013-04-02,651.8699951171875,655.9500122070312,649.2999877929688,653.510009765625,0
2013-04-03,638.6699829101562,650.8699951171875,637.3599853515625,650.239990234375,0
2013-04-04,633.0,640.25,628.7899780273438,638.4199829101562,0
2013-04-05,628.260009765625,633.9400024414062,626.489990234375,633.6300048828125,0
2013-04-08,632.3099975585938,634.9299926757812,628.5999755859375,629.7999877929688,0
2013-04-09,637.0900268554688,637.5999755859375,630.72998046875,633.8400268554688,0
2013-04-10,636.030029296875,638.1500244140625,633.4500122070312,636.4299926757812,0
2013-04-11,631.6099853515625,636.8400268554688,629.9400024414062,635.6900024414062,0
2013-04-12,623.1599731445312,631.969970703125,617.5499877929688,631.3800048828125,0
2013-04-15,608.8300170898438,620.1599731445312,606.7000122070312,620.1599731445312,0
2013-04-16,609.9099731445312,610.6400146484375,597.9600219726562,598.4600219726562,0
2013-04-17,600.969970703125,611.510009765625,599.1300048828125,610.9199829101562,0
2013-04-18,606.010009765625,608.1500244140625,596.3599853515625,596.3800048828125,0
2013-04-19,607.5,610.3099975585938,605.3800048828125,607.030029296875,0
2013-04-22,609.0999755859375,612.0599975585938,603.5399780273438,608.0999755859375,0
2013-04-23,607.1099853515625,608.739990234375,602.1300048828125,607.8800048828125,0
2013-04-24,614.6500244140625,615.1400146484375,607.239990234375,607.8499755859375,0
2013-04-25,625.1500244140625,625.6599731445312,614.8400268554688,616.1400146484375,0
2013-04-26,622.2899780273438,624.6900024414062,618.489990234375,624.3599853515625,0
2013-04-29,629.989990234375,630.530029296875,621.0,621.8400268554688,0
2013-04-30,624.4299926757812,630.9600219726562,622.75,629.5599975585938,0
2013-05-01,611.0599975585938,622.6300048828125,608.0800170898438,621.1099853515625,0
2013-05-02,622.6199951171875,623.1500244140625,611.0,612.02001953125,0
2013-05-03,631.0800170898438,633.1400146484375,622.239990234375,623.280029296875,0
2013-05-06,632.739990234375,634.0599975585938,627.8599853515625,633.8300170898438,0
2013-05-07,630.469970703125,633.8699951171875,628.3099975585938,631.530029296875,0
2013-05-08,632.8499755859375,634.3099975585938,627.969970703125,630.02001953125,0
2013-05-09,634.9099731445312,634.9099731445312,629.0399780273438,632.989990234375,0
2013-05-10,629.3599853515625,633.9600219726562,620.7899780273438,633.719970703125,0
2013-05-13,627.8699951171875,631.1500244140625,625.2999877929688,627.3800048828125,0
2013-05-14,625.5399780273438,629.5399780273438,624.219970703125,629.0,0
2013-05-15,624.9099731445312,626.030029296875,616.4600219726562,626.02001953125,0
2013-05-16,627.989990234375,629.4400024414062,621.8300170898438,624.7899780273438,0
2013-05-17,632.0499877929688,633.4299926757812,626.6799926757812,627.719970703125,0
2013-05-20,635.02001953125,636.3200073242188,629.47998046875,632.6799926757812,0
2013-05-21,631.02001953125,636.239990234375,628.72998046875,635.5999755859375,0
2013-05-22,625.9600219726562,631.1900024414062,624.8099975585938,629.8400268554688,0
2013-05-23,624.8599853515625,625.22998046875,617.4400024414062,622.9299926757812,0
2013-05-24,624.4000244140625,625.510009765625,620.4500122070312,625.22998046875,0
2013-05-28,630.5700073242188,633.47998046875,623.6599731445312,624.3599853515625,0
2013-05-29,623.3499755859375,630.6400146484375,622.489990234375,629.8499755859375,0
2013-05-30,622.4600219726562,624.760009765625,617.1799926757812,622.97998046875,0
2013-05-31,615.4600219726562,623.5,615.1799926757812,622.6900024414062,0
2013-06-03,622.5599975585938,623.9299926757812,613.5,615.719970703125,0
2013-06-04,625.6400146484375,628.5399780273438,619.3499755859375,621.77001953125,0
2013-06-05,626.5800170898438,631.1300048828125,626.1199951171875,626.6099853515625,0
2013-06-06,628.7000122070312,629.9600219726562,625.3300170898438,626.52001953125,0
2013-06-07,631.0499877929688,633.1400146484375,623.2899780273438,627.4600219726562,0
2013-06-10,626.8599853515625,630.1599731445312,625.7999877929688,629.4400024414062,0
2013-06-11,622.4199829101562,625.8800048828125,617.0999755859375,625.8400268554688,0
2013-06-12,623.6199951171875,626.0999755859375,618.0,621.219970703125,0
2013-06-13,626.3599853515625,627.0800170898438,618.22998046875,622.5399780273438,0
2013-06-14,631.239990234375,633.4199829101562,625.5,626.4199829101562,0
2013-06-17,630.52001953125,633.6599731445312,629.1599731445312,631.2100219726562,0
2013-06-18,633.010009765625,633.5399780273438,628.6699829101562,630.5499877929688,0
2013-06-19,635.8400268554688,637.4000244140625,632.5900268554688,632.9400024414062,0
2013-06-20,616.4600219726562,633.510009765625,614.8499755859375,633.489990234375,0
2013-06-21,610.0399780273438,619.2000122070312,607.6799926757812,616.3699951171875,0
2013-06-24,610.2999877929688,612.1400146484375,604.5700073242188,609.5399780273438,0
2013-06-25,611.8300170898438,615.489990234375,608.75,610.1500244140625,0
2013-06-26,610.9299926757812,612.4099731445312,605.9099731445312,611.6199951171875,0
2013-06-27,615.8800048828125,617.75,611.0900268554688,611.0900268554688,0
2013-06-28,611.2999877929688,618.5900268554688,611.1400146484375,615.530029296875,0
2013-07-01,616.02001953125,618.3400268554688,609.2899780273438,611.22998046875,0
2013-07-02,621.030029296875,621.469970703125,615.6300048828125,615.8099975585938,0
2013-07-03,629.3800048828125,631.260009765625,625.02001953125,627.4199829101562,0
2013-07-05,634.02001953125,634.5399780273438,627.2100219726562,628.6199951171875,0
2013-07-08,634.8300170898438,636.3400268554688,631.3599853515625,633.8599853515625,0
2013-07-09,637.1699829101562,637.5399780273438,632.5900268554688,634.0999755859375,0
2013-07-10,644.3099975585938,644.6199951171875,637.3699951171875,638.2999877929688,0
2013-07-11,641.5599975585938,647.5700073242188,638.3699951171875,643.9500122070312,0
2013-07-12,644.6300048828125,645.4199829101562,638.9099731445312,640.9199829101562,0
2013-07-15,644.4000244140625,645.3699951171875,639.6300048828125,644.6599731445312,0
2013-07-16,645.989990234375,648.9099731445312,643.72998046875,644.3499755859375,0
2013-07-17,646.6500244140625,647.0999755859375,641.9600219726562,645.3400268554688,0
2013-07-18,651.0499877929688,651.760009765625,644.8200073242188,646.1599731445312,0
2013-07-19,650.6599731445312,654.1599731445312,647.3300170898438,651.1799926757812,0
2013-07-22,648.4299926757812,653.5,647.5800170898438,651.1699829101562,0
2013-07-23,648.6199951171875,649.3599853515625,644.7000122070312,648.9000244140625,0
2013-07-24,642.0999755859375,649.7999877929688,640.22998046875,647.989990234375,0
2013-07-25,640.6799926757812,642.1799926757812,636.6099853515625,640.97998046875,0
2013-07-26,636.8099975585938,641.510009765625,634.3099975585938,640.6799926757812,0
2013-07-29,636.47998046875,639.3499755859375,633.6699829101562,636.3800048828125,0
2013-07-30,632.0900268554688,636.2899780273438,630.5599975585938,636.0900268554688,0
2013-07-31,638.6400146484375,639.2100219726562,629.0,633.25,0
2013-08-01,646.77001953125,647.1300048828125,638.989990234375,638.989990234375,0
2013-08-02,642.739990234375,649.3099975585938,641.7000122070312,648.0399780273438,0
2013-08-05,639.5900268554688,645.1900024414062,635.9000244140625,642.4199829101562,0
2013-08-06,634.8300170898438,642.25,633.1599731445312,639.1500244140625,0
2013-08-07,629.7000122070312,634.5599975585938,629.010009765625,634.2000122070312,0
2013-08-08,627.9500122070312,632.260009765625,623.1500244140625,630.0999755859375,0
2013-08-09,634.7100219726562,635.0599975585938,628.1099853515625,628.739990234375,0
2013-08-12,638.8800048828125,639.3499755859375,633.0800170898438,634.0800170898438,0
2013-08-13,641.22998046875,643.72998046875,638.0900268554688,638.2899780273438,0
2013-08-14,643.6799926757812,644.030029296875,638.1400146484375,640.9000244140625,0
2013-08-15,648.8599853515625,649.6799926757812,643.6599731445312,643.6599731445312,0
2013-08-16,649.9199829101562,651.1900024414062,646.4199829101562,648.989990234375,0
2013-08-19,649.52001953125,653.010009765625,648.0700073242188,650.75,0
2013-08-20,645.4500122070312,650.1500244140625,642.989990234375,649.4600219726562,0
2013-08-21,642.2999877929688,645.47998046875,641.6699829101562,645.469970703125,0
2013-08-22,643.2899780273438,644.989990234375,641.3200073242188,642.2899780273438,0
2013-08-23,649.4000244140625,650.8499755859375,642.9199829101562,643.8900146484375,0
2013-08-26,650.6599731445312,653.3900146484375,649.4299926757812,651.4099731445312,0
2013-08-27,662.9600219726562,663.8699951171875,650.0399780273438,650.5800170898438,0
2013-08-28,668.5999755859375,675.4400024414062,663.969970703125,664.52001953125,0
2013-08-29,663.47998046875,668.8599853515625,662.719970703125,666.9000244140625,0
2013-08-30,657.0499877929688,662.1900024414062,655.0499877929688,660.5599975585938,0
2013-09-03,660.6599731445312,661.8099975585938,655.9600219726562,657.4400024414062,0
2013-09-04,656.0700073242188,660.6400146484375,654.2000122070312,660.6400146484375,0
2013-09-05,657.0700073242188,658.6500244140625,653.8800048828125,656.25,0
2013-09-06,664.3300170898438,664.8099975585938,656.4500122070312,657.2999877929688,0
2013-09-09,657.1300048828125,663.719970703125,655.5499877929688,663.719970703125,0
2013-09-10,647.1300048828125,656.2899780273438,644.4099731445312,656.2899780273438,0
2013-09-11,647.510009765625,650.5399780273438,645.1699829101562,645.5999755859375,0
2013-09-12,652.260009765625,652.9600219726562,645.4000244140625,646.9000244140625,0
2013-09-13,650.02001953125,652.1900024414062,646.2899780273438,651.6599731445312,0
2013-09-16,644.1900024414062,650.3200073242188,641.280029296875,650.3200073242188,0
2013-09-17,636.2999877929688,643.989990234375,633.75,643.0700073242188,0
2013-09-18,645.9199829101562,647.4400024414062,634.97998046875,635.9600219726562,0
2013-09-19,643.27001953125,652.4299926757812,642.4099731445312,648.1699829101562,0
2013-09-20,638.6300048828125,644.1300048828125,637.3499755859375,643.1599731445312,0
2013-09-23,633.4199829101562,639.219970703125,632.4600219726562,638.4099731445312,0
2013-09-24,632.5900268554688,633.739990234375,628.27001953125,632.530029296875,0
2013-09-25,633.8200073242188,638.1199951171875,632.760009765625,633.1300048828125,0
2013-09-26,637.030029296875,637.1599731445312,631.8900146484375,632.6799926757812,0
2013-09-27,636.3900146484375,639.739990234375,634.239990234375,637.030029296875,0
2013-09-30,632.4000244140625,634.25,629.1099853515625,634.25,0
2013-10-01,629.489990234375,632.4600219726562,625.1099853515625,632.4400024414062,0
2013-10-02,637.1799926757812,637.760009765625,627.3499755859375,628.6199951171875,0
2013-10-03,635.72998046875,640.1099853515625,634.2899780273438,637.219970703125,0
2013-10-04,637.239990234375,639.0999755859375,634.6500244140625,635.7000122070312,0
2013-10-07,638.02001953125,640.030029296875,631.030029296875,637.0399780273438,0
2013-10-08,640.4199829101562,643.0900268554688,637.260009765625,638.0399780273438,0
2013-10-09,633.3599853515625,640.4500122070312,631.0800170898438,640.1799926757812,0
2013-10-10,642.0499877929688,643.5700073242188,633.2899780273438,633.2899780273438,0
2013-10-11,638.4500122070312,641.8300170898438,634.25,641.780029296875,0
2013-10-14,639.4400024414062,640.7100219726562,634.5599975585938,638.4400024414062,0
2013-10-15,636.3800048828125,640.6599731445312,634.5800170898438,639.260009765625,0
2013-10-16,641.27001953125,644.0900268554688,635.1699829101562,636.4400024414062,0
2013-10-17,634.9600219726562,641.5999755859375,633.27001953125,641.27001953125,0
2013-10-18,638.6199951171875,640.5800170898438,634.8499755859375,635.4299926757812,0
2013-10-21,634.8099975585938,639.1500244140625,634.3099975585938,638.7000122070312,0
2013-10-22,632.6500244140625,639.469970703125,632.4099731445312,634.739990234375,0
2013-10-23,623.9099731445312,632.5,623.3599853515625,632.3900146484375,0
2013-10-24,622.8400268554688,626.6900024414062,620.010009765625,623.9400024414062,0
2013-10-25,624.3599853515625,625.1199951171875,621.219970703125,622.97998046875,0
2013-10-28,629.6900024414062,630.1300048828125,623.4000244140625,624.02001953125,0
2013-10-29,627.6699829101562,629.72998046875,625.8599853515625,629.72998046875,0
2013-10-30,627.2100219726562,628.989990234375,626.010009765625,627.6199951171875,0
2013-10-31,622.52001953125,627.77001953125,621.9299926757812,626.8599853515625,0
2013-11-01,612.239990234375,624.3699951171875,611.5800170898438,622.5399780273438,0
2013-11-04,610.6599731445312,613.5,608.4099731445312,612.3800048828125,0
2013-11-05,606.77001953125,611.9199829101562,606.3900146484375,610.8499755859375,0
2013-11-06,609.72998046875,612.4400024414062,607.77001953125,607.780029296875,0
2013-11-07,605.02001953125,610.239990234375,604.6300048828125,610.0999755859375,0
2013-11-08,609.9500122070312,610.780029296875,604.6900024414062,605.9000244140625,0
2013-11-11,614.2000122070312,614.739990234375,609.8200073242188,610.52001953125,0
2013-11-12,609.25,616.6799926757812,608.3300170898438,614.0800170898438,0
2013-11-13,613.7000122070312,614.9199829101562,609.5999755859375,609.719970703125,0
2013-11-14,616.7999877929688,619.489990234375,613.1400146484375,614.0499877929688,0
2013-11-15,616.9199829101562,618.4600219726562,615.22998046875,616.9400024414062,0
2013-11-18,613.9500122070312,617.9600219726562,612.489990234375,616.9199829101562,0
2013-11-19,611.6699829101562,615.0700073242188,611.27001953125,613.8400268554688,0
2013-11-20,614.1900024414062,615.469970703125,610.3099975585938,612.239990234375,0
2013-11-21,622.22998046875,622.4199829101562,612.8699951171875,613.739990234375,0
2013-11-22,624.3699951171875,626.75,620.0700073242188,622.22998046875,0
2013-11-25,622.5800170898438,624.5399780273438,615.2100219726562,624.5399780273438,0
2013-11-26,622.4000244140625,624.9299926757812,620.489990234375,622.47998046875,0
2013-11-27,620.760009765625,623.8400268554688,618.9000244140625,622.0499877929688,0
2013-11-29,620.1199951171875,625.3599853515625,619.8400268554688,620.8900146484375,0
2013-12-02,623.530029296875,626.1599731445312,618.4000244140625,620.739990234375,0
2013-12-03,629.8099975585938,630.52001953125,622.489990234375,623.9000244140625,0
2013-12-04,631.8499755859375,633.7899780273438,629.3800048828125,631.9299926757812,0
2013-12-05,630.1599731445312,632.8200073242188,629.2899780273438,631.969970703125,0
2013-12-06,631.9400024414062,634.3400268554688,629.5999755859375,629.6900024414062,0
2013-12-09,628.3499755859375,633.6199951171875,628.3200073242188,632.3099975585938,0
2013-12-10,630.0499877929688,633.2100219726562,628.010009765625,628.4600219726562,0
2013-12-11,629.9500122070312,631.1400146484375,627.6900024414062,629.8599853515625,0
2013-12-12,626.3800048828125,632.1300048828125,625.3499755859375,629.969970703125,0
2013-12-13,623.5900268554688,626.6099853515625,622.1099853515625,626.3300170898438,0
2013-12-16,627.3900146484375,629.4400024414062,623.0800170898438,623.9500122070312,0
2013-12-17,624.2899780273438,627.0700073242188,623.739990234375,626.8800048828125,0
2013-12-18,627.8800048828125,628.75,622.9500122070312,624.510009765625,0
2013-12-19,632.0,632.8699951171875,626.8699951171875,627.6199951171875,0
2013-12-20,637.0999755859375,637.1199951171875,630.8900146484375,631.5900268554688,0
2013-12-23,635.6099853515625,637.510009765625,634.8900146484375,637.030029296875,0
2013-12-24,637.0399780273438,637.8099975585938,635.0800170898438,635.5900268554688,0
2013-12-26,637.760009765625,638.8400268554688,636.02001953125,637.0599975585938,0
2013-12-27,640.6699829101562,642.5900268554688,637.1900024414062,637.5999755859375,0
2013-12-30,635.7899780273438,641.9000244140625,635.3499755859375,640.5999755859375,0
2013-12-31,632.2899780273438,636.030029296875,631.2999877929688,635.75,0
2014-01-02,620.3599853515625,635.02001953125,620.1900024414062,632.75,0
2014-01-03,614.4299926757812,622.25,614.0900268554688,620.5,0
2014-01-06,613.8400268554688,618.2000122070312,613.4000244140625,614.6199951171875,0
2014-01-07,615.219970703125,617.6300048828125,613.780029296875,613.8599853515625,0
2014-01-08,610.6699829101562,614.6099853515625,607.719970703125,612.530029296875,0
2014-01-09,605.8099975585938,612.3099975585938,603.5599975585938,609.8400268554688,0
2014-01-10,610.2999877929688,611.8300170898438,606.780029296875,606.780029296875,0
2014-01-13,609.47998046875,614.02001953125,609.47998046875,613.0900268554688,0
2014-01-14,610.1699829101562,615.6799926757812,610.1699829101562,614.0800170898438,0
2014-01-15,614.719970703125,621.1500244140625,613.5900268554688,614.489990234375,0
2014-01-16,613.4400024414062,620.2899780273438,612.989990234375,618.8200073242188,0
2014-01-17,615.5599975585938,616.5399780273438,612.5999755859375,613.4400024414062,0
2014-01-21,616.4099731445312,619.5900268554688,613.510009765625,614.6199951171875,0
2014-01-22,623.239990234375,623.5,616.52001953125,616.52001953125,0
2014-01-23,623.5999755859375,625.7899780273438,622.3499755859375,623.22998046875,0
2014-01-24,624.8699951171875,625.6300048828125,619.9400024414062,623.75,0
2014-01-27,618.3099975585938,626.4400024414062,617.6099853515625,624.989990234375,0
2014-01-28,623.9099731445312,624.47998046875,618.5499877929688,618.5499877929688,0
2014-01-29,626.9099731445312,627.3599853515625,621.6099853515625,623.9600219726562,0
2014-01-30,626.6400146484375,628.780029296875,625.8300170898438,627.010009765625,0
2014-01-31,622.260009765625,626.3900146484375,621.4299926757812,626.3900146484375,0
2014-02-03,619.1099853515625,622.3499755859375,617.6400146484375,621.8800048828125,0
2014-02-04,623.4400024414062,624.02001953125,618.77001953125,619.9299926757812,0
2014-02-05,624.1099853515625,627.9099731445312,621.8300170898438,623.5,0
2014-02-06,626.7100219726562,630.5599975585938,624.1099853515625,624.1099853515625,0
2014-02-07,635.1099853515625,635.530029296875,625.1199951171875,626.3300170898438,0
2014-02-10,632.489990234375,635.1300048828125,632.1099853515625,634.9099731445312,0
2014-02-11,634.8300170898438,635.3599853515625,632.1799926757812,632.6799926757812,0
2014-02-12,636.219970703125,639.9299926757812,634.7000122070312,634.7000122070312,0
2014-02-13,637.9099731445312,638.5399780273438,633.3900146484375,636.1300048828125,0
2014-02-14,640.0599975585938,640.7000122070312,636.2000122070312,637.9600219726562,0
2014-02-18,649.7899780273438,650.72998046875,640.1400146484375,640.1400146484375,0
2014-02-19,653.3800048828125,654.3099975585938,649.1699829101562,649.719970703125,0
2014-02-20,652.780029296875,652.9000244140625,648.9299926757812,652.8800048828125,0
2014-02-21,650.8800048828125,653.1699829101562,647.9299926757812,652.8900146484375,0
2014-02-24,652.52001953125,654.780029296875,650.0700073242188,650.9400024414062,0
2014-02-25,649.0700073242188,652.489990234375,646.780029296875,652.47998046875,0
2014-02-26,649.6400146484375,651.0999755859375,647.9000244140625,649.030029296875,0
2014-02-27,647.0700073242188,649.5900268554688,646.0700073242188,649.5900268554688,0
2014-02-28,649.6400146484375,650.260009765625,644.530029296875,646.5399780273438,0
2014-03-03,660.219970703125,663.47998046875,650.280029296875,650.280029296875,0
2014-03-04,655.9600219726562,660.4000244140625,652.0499877929688,660.239990234375,0
2014-03-05,648.5700073242188,656.2899780273438,648.030029296875,655.969970703125,0
2014-03-06,650.6599731445312,651.3499755859375,645.9299926757812,648.4600219726562,0
2014-03-07,653.239990234375,653.7999877929688,649.989990234375,650.5499877929688,0
2014-03-10,646.8400268554688,651.9600219726562,645.989990234375,651.9600219726562,0
2014-03-11,645.72998046875,649.0499877929688,644.6400146484375,646.3900146484375,0
2014-03-12,641.1099853515625,645.0700073242188,638.4600219726562,645.0700073242188,0
2014-03-13,639.2000122070312,642.72998046875,637.9600219726562,640.9600219726562,0
2014-03-14,644.0499877929688,644.6900024414062,638.6300048828125,639.3800048828125,0
2014-03-17,637.1900024414062,644.8300170898438,636.8099975585938,644.0,0
2014-03-18,642.1799926757812,642.4000244140625,636.4600219726562,637.0399780273438,0
2014-03-19,641.7100219726562,642.3499755859375,638.489990234375,642.0599975585938,0
2014-03-20,639.5399780273438,642.3200073242188,637.0,641.97998046875,0
2014-03-21,641.0900268554688,644.239990234375,637.6599731445312,638.8200073242188,0
2014-03-24,641.489990234375,644.1900024414062,639.1599731445312,640.2899780273438,0
2014-03-25,642.4099731445312,645.3900146484375,640.3900146484375,641.489990234375,0
2014-03-26,643.3200073242188,644.3499755859375,641.0999755859375,642.6500244140625,0
2014-03-27,649.5499877929688,650.0900268554688,642.6199951171875,643.3699951171875,0
2014-03-28,650.6699829101562,652.6500244140625,649.1199951171875,649.3599853515625,0
2014-03-31,648.8599853515625,650.719970703125,644.6199951171875,650.719970703125,0
2014-04-01,640.8300170898438,648.8599853515625,639.989990234375,648.6400146484375,0
2014-04-02,637.0399780273438,641.02001953125,634.530029296875,640.8300170898438,0
2014-04-03,642.5399780273438,642.8599853515625,635.52001953125,636.8900146484375,0
2014-04-04,645.1900024414062,646.5,642.1900024414062,642.4500122070312,0
2014-04-07,642.3699951171875,646.0800170898438,639.3699951171875,645.0599975585938,0
2014-04-08,650.8900146484375,651.3900146484375,643.010009765625,643.010009765625,0
2014-04-09,654.219970703125,654.7000122070312,649.6500244140625,650.72998046875,0
2014-04-10,653.0999755859375,654.3400268554688,651.9500122070312,654.1799926757812,0
2014-04-11,652.260009765625,654.5599975585938,651.1900024414062,652.4000244140625,0
2014-04-14,658.0399780273438,658.8800048828125,652.3499755859375,652.3499755859375,0
2014-04-15,658.4600219726562,659.4099731445312,654.0499877929688,657.0399780273438,0
2014-04-16,659.6199951171875,663.4600219726562,657.219970703125,658.5700073242188,0
2014-04-17,661.2899780273438,662.8900146484375,658.260009765625,659.5900268554688,0
2014-04-21,660.7100219726562,661.5800170898438,658.1799926757812,661.22998046875,0
2014-04-22,657.8099975585938,661.219970703125,655.02001953125,660.47998046875,0
2014-04-23,657.489990234375,658.8900146484375,656.3599853515625,657.8400268554688,0
2014-04-24,661.489990234375,662.47998046875,657.9000244140625,657.9500122070312,0
2014-04-25,657.7000122070312,662.0700073242188,656.969970703125,661.4000244140625,0
2014-04-28,654.77001953125,661.27001953125,653.6199951171875,658.5499877929688,0
2014-04-29,658.8400268554688,659.75,654.77001953125,654.7999877929688,0
2014-04-30,652.510009765625,657.5900268554688,650.260009765625,657.5900268554688,0
2014-05-01,648.6099853515625,652.47998046875,646.6500244140625,652.2999877929688,0
2014-05-02,650.9400024414062,652.3099975585938,647.9400024414062,648.5,0
2014-05-05,648.9400024414062,653.22998046875,647.0999755859375,651.0700073242188,0
2014-05-06,648.989990234375,651.5599975585938,648.6900024414062,648.9500122070312,0
2014-05-07,651.4299926757812,651.6900024414062,647.1599731445312,648.5,0
2014-05-08,649.5800170898438,651.4299926757812,647.6199951171875,651.0700073242188,0
2014-05-09,647.2999877929688,653.02001953125,646.6400146484375,649.6400146484375,0
2014-05-12,648.969970703125,650.780029296875,646.4299926757812,646.4299926757812,0
2014-05-13,652.030029296875,652.6199951171875,647.6400146484375,648.6099853515625,0
2014-05-14,655.22998046875,656.0,652.0,652.0,0
2014-05-15,652.0399780273438,654.969970703125,651.1199951171875,654.780029296875,0
2014-05-16,652.8599853515625,653.8400268554688,651.260009765625,652.030029296875,0
2014-05-19,653.7999877929688,655.9299926757812,652.6900024414062,653.0499877929688,0
2014-05-20,654.0399780273438,656.219970703125,652.969970703125,653.989990234375,0
2014-05-21,658.3499755859375,659.3599853515625,654.0399780273438,654.0399780273438,0
2014-05-22,657.1699829101562,660.739990234375,656.4600219726562,658.3599853515625,0
2014-05-23,658.4099731445312,659.3599853515625,657.0399780273438,657.1599731445312,0
2014-05-27,655.4400024414062,658.5700073242188,654.4199829101562,658.0800170898438,0
2014-05-28,652.8400268554688,656.72998046875,652.260009765625,655.3499755859375,0
2014-05-29,654.260009765625,655.6799926757812,652.719970703125,653.0,0
2014-05-30,649.6300048828125,654.510009765625,649.0,654.0999755859375,0
2014-06-02,648.4600219726562,651.4400024414062,647.5900268554688,649.219970703125,0
2014-06-03,647.5999755859375,649.1599731445312,646.3699951171875,648.469970703125,0
2014-06-04,645.989990234375,650.0800170898438,645.52001953125,647.52001953125,0
2014-06-05,646.6300048828125,647.0499877929688,643.239990234375,646.02001953125,0
2014-06-06,646.6300048828125,647.5900268554688,645.219970703125,645.7100219726562,0
2014-06-09,651.280029296875,651.5999755859375,645.8400268554688,645.8800048828125,0
2014-06-10,648.0499877929688,651.5599975585938,646.5999755859375,650.3300170898438,0
2014-06-11,647.5399780273438,649.7000122070312,646.989990234375,647.1599731445312,0
2014-06-12,658.5499877929688,658.7000122070312,646.6199951171875,646.6199951171875,0
2014-06-13,660.4600219726562,664.8099975585938,658.6199951171875,658.6199951171875,0
2014-06-16,661.3200073242188,663.5499877929688,660.489990234375,660.6699829101562,0
2014-06-17,661.9199829101562,663.9199829101562,658.3900146484375,661.4400024414062,0
2014-06-18,663.3900146484375,664.1599731445312,661.010009765625,661.9000244140625,0
2014-06-19,668.030029296875,669.3900146484375,663.4299926757812,663.4299926757812,0
2014-06-20,668.8599853515625,669.2100219726562,666.780029296875,668.219970703125,0
2014-06-23,665.75,672.5399780273438,664.7899780273438,669.010009765625,0
2014-06-24,667.1900024414062,668.0900268554688,663.5800170898438,664.9099731445312,0
2014-06-25,666.6199951171875,667.719970703125,663.6699829101562,667.0800170898438,0
2014-06-26,664.1300048828125,667.97998046875,662.3699951171875,666.5900268554688,0
2014-06-27,663.4400024414062,665.8499755859375,662.47998046875,664.1199951171875,0
2014-06-30,658.5700073242188,663.1799926757812,657.6500244140625,663.1799926757812,0
2014-07-01,657.6799926757812,659.9099731445312,655.469970703125,658.6699829101562,0
2014-07-02,654.5599975585938,658.280029296875,653.469970703125,657.6599731445312,0
2014-07-03,653.2999877929688,654.5900268554688,651.9600219726562,654.5900268554688,0
2014-07-07,647.8099975585938,653.0999755859375,647.25,653.0999755859375,0
2014-07-08,643.8699951171875,648.2100219726562,642.8699951171875,647.1799926757812,0
2014-07-09,638.5999755859375,643.719970703125,637.8900146484375,643.3599853515625,0
2014-07-10,638.9099731445312,639.3599853515625,636.0,638.1300048828125,0
2014-07-11,630.719970703125,638.5599975585938,629.5800170898438,638.4199829101562,0
2014-07-14,632.27001953125,632.9299926757812,628.72998046875,630.25,0
2014-07-15,627.8400268554688,632.280029296875,623.9400024414062,632.22998046875,0
2014-07-16,630.2000122070312,632.4500122070312,628.3800048828125,628.3800048828125,0
2014-07-17,633.72998046875,634.6799926757812,629.0800170898438,630.0700073242188,0
2014-07-18,630.9199829101562,635.9500122070312,630.25,633.719970703125,0
2014-07-21,633.2899780273438,633.5,628.4299926757812,630.7899780273438,0
2014-07-22,631.4500122070312,636.239990234375,630.9500122070312,633.3800048828125,0
2014-07-23,634.010009765625,634.1300048828125,630.030029296875,631.4500122070312,0
2014-07-24,630.9099731445312,635.6400146484375,630.4600219726562,634.1400146484375,0
2014-07-25,634.1699829101562,634.2899780273438,628.5900268554688,630.9099731445312,0
2014-07-28,631.8900146484375,634.760009765625,629.9500122070312,633.4500122070312,0
2014-07-29,630.22998046875,633.1599731445312,627.510009765625,631.9400024414062,0
2014-07-30,627.2000122070312,632.030029296875,625.72998046875,629.9299926757812,0
2014-07-31,621.7000122070312,627.1900024414062,620.8400268554688,627.1900024414062,0
2014-08-01,617.5,621.97998046875,616.4000244140625,621.3300170898438,0
2014-08-04,620.22998046875,621.7999877929688,617.0900268554688,617.719970703125,0
2014-08-05,616.0399780273438,620.760009765625,614.72998046875,620.1699829101562,0
2014-08-06,618.260009765625,620.9500122070312,616.5700073242188,616.5900268554688,0
2014-08-07,619.1099853515625,620.4500122070312,616.4500122070312,618.25,0
2014-08-08,617.0700073242188,623.25,615.5900268554688,619.1900024414062,0
2014-08-11,618.2000122070312,620.4500122070312,616.5,617.5599975585938,0
2014-08-12,612.0599975585938,618.0,610.7100219726562,617.969970703125,0
2014-08-13,613.3099975585938,613.5700073242188,608.8800048828125,611.8400268554688,0
2014-08-14,602.5499877929688,613.219970703125,602.1300048828125,613.1699829101562,0
2014-08-15,607.4500122070312,607.7000122070312,601.989990234375,602.719970703125,0
2014-08-18,600.3300170898438,607.3900146484375,599.0900268554688,607.3900146484375,0
2014-08-19,599.4500122070312,602.7000122070312,598.4299926757812,600.6799926757812,0
2014-08-20,601.3200073242188,602.1099853515625,598.9099731445312,599.4299926757812,0
2014-08-21,603.719970703125,604.5900268554688,598.0,601.27001953125,0
2014-08-22,602.969970703125,604.989990234375,601.2000122070312,603.4199829101562,0
2014-08-25,603.0399780273438,604.3200073242188,601.0900268554688,601.739990234375,0
2014-08-26,604.8099975585938,607.0,602.9000244140625,603.02001953125,0
2014-08-27,605.5800170898438,606.9199829101562,602.8099975585938,604.8800048828125,0
2014-08-28,606.8400268554688,608.6199951171875,604.6199951171875,605.6300048828125,0
2014-08-29,610.9199829101562,611.010009765625,606.9600219726562,606.9600219726562,0
2014-09-02,598.8499755859375,610.4000244140625,598.6199951171875,610.4000244140625,0
2014-09-03,607.3499755859375,608.4099731445312,598.8599853515625,598.8599853515625,0
2014-09-04,603.2899780273438,608.7999877929688,602.6099853515625,607.2999877929688,0
2014-09-05,600.3499755859375,606.0999755859375,598.219970703125,603.7100219726562,0
2014-09-08,597.2000122070312,601.6900024414062,594.3499755859375,600.0999755859375,0
2014-09-09,594.8699951171875,599.25,594.4299926757812,597.8900146484375,0
2014-09-10,589.2999877929688,596.0800170898438,588.0900268554688,594.9199829101562,0
2014-09-11,588.719970703125,590.280029296875,583.510009765625,589.3800048828125,0
2014-09-12,585.6599731445312,591.75,584.8499755859375,588.8200073242188,0
2014-09-15,586.2999877929688,586.8599853515625,581.5599975585938,584.6900024414062,0
2014-09-16,592.2000122070312,593.260009765625,584.739990234375,586.4199829101562,0
2014-09-17,590.9000244140625,593.7899780273438,589.4299926757812,592.1400146484375,0
2014-09-18,583.8200073242188,590.510009765625,583.0499877929688,590.510009765625,0
2014-09-19,583.0,584.8099975585938,580.719970703125,583.760009765625,0
2014-09-22,577.77001953125,582.0999755859375,575.22998046875,582.0999755859375,0
2014-09-23,578.2999877929688,581.2100219726562,577.1099853515625,578.47998046875,0
2014-09-24,581.5,582.9299926757812,575.1099853515625,578.22998046875,0
2014-09-25,580.969970703125,584.239990234375,578.1699829101562,581.469970703125,0
2014-09-26,582.52001953125,583.52001953125,579.469970703125,581.02001953125,0
2014-09-29,586.9600219726562,587.239990234375,579.8900146484375,581.7000122070312,0
2014-09-30,574.2899780273438,588.8599853515625,573.219970703125,586.6799926757812,0
2014-10-01,573.0800170898438,580.5599975585938,571.989990234375,574.6799926757812,0
2014-10-02,570.0,573.719970703125,562.6699829101562,573.1699829101562,0
2014-10-03,565.7899780273438,573.6900024414062,563.260009765625,570.3300170898438,0
2014-10-06,570.219970703125,570.739990234375,563.9299926757812,565.8800048828125,0
2014-10-07,567.1300048828125,571.1599731445312,566.6199951171875,570.030029296875,0
2014-10-08,561.3300170898438,566.7000122070312,559.47998046875,566.7000122070312,0
2014-10-09,555.510009765625,564.1300048828125,552.8499755859375,561.8900146484375,0
2014-10-10,554.2899780273438,555.6900024414062,546.8200073242188,555.0900268554688,0
2014-10-13,554.280029296875,554.719970703125,547.5399780273438,553.0700073242188,0
2014-10-14,539.8400268554688,554.3800048828125,538.22998046875,554.3300170898438,0
2014-10-15,533.5599975585938,540.4600219726562,531.9500122070312,539.5900268554688,0
2014-10-16,538.5999755859375,545.3300170898438,526.989990234375,532.4099731445312,0
2014-10-17,540.22998046875,544.8699951171875,537.77001953125,538.7100219726562,0
2014-10-20,537.239990234375,542.02001953125,533.510009765625,540.3099975585938,0
2014-10-21,541.030029296875,542.5499877929688,537.3099975585938,537.3900146484375,0
2014-10-22,534.9600219726562,544.719970703125,534.0599975585938,541.0,0
2014-10-23,541.9299926757812,542.9199829101562,532.0900268554688,534.9400024414062,0
2014-10-24,537.0999755859375,541.25,535.260009765625,541.030029296875,0
2014-10-27,537.2899780273438,537.4000244140625,530.4500122070312,536.8800048828125,0
2014-10-28,540.5499877929688,540.8200073242188,534.8699951171875,537.239990234375,0
2014-10-29,546.75,549.2899780273438,540.8300170898438,540.8300170898438,0
2014-10-30,541.6300048828125,546.489990234375,540.02001953125,546.0900268554688,0
2014-10-31,539.5900268554688,542.239990234375,533.9199829101562,541.22998046875,0
2014-11-03,535.780029296875,542.489990234375,533.780029296875,539.510009765625,0
2014-11-04,526.8400268554688,535.7000122070312,524.1799926757812,535.7000122070312,0
2014-11-05,529.25,533.6400146484375,521.989990234375,526.8200073242188,0
2014-11-06,529.7100219726562,530.1799926757812,525.239990234375,529.1799926757812,0
2014-11-07,534.0999755859375,535.9500122070312,528.1500244140625,529.1300048828125,0
2014-11-10,529.1500244140625,540.6599731445312,528.7999877929688,534.52001953125,0
2014-11-11,530.22998046875,530.530029296875,524.2999877929688,529.4500122070312,0
2014-11-12,528.1300048828125,531.4600219726562,526.1799926757812,530.5700073242188,0
2014-11-13,514.4400024414062,528.3499755859375,513.97998046875,528.3499755859375,0
2014-11-14,520.969970703125,522.3099975585938,510.2900085449219,514.3499755859375,0
2014-11-17,521.4500122070312,521.6599731445312,516.9000244140625,520.9199829101562,0
2014-11-18,517.3599853515625,523.969970703125,515.47998046875,521.4500122070312,0
2014-11-19,516.4199829101562,521.1300048828125,514.6500244140625,516.8200073242188,0
2014-11-20,521.5900268554688,521.9099731445312,514.3200073242188,516.280029296875,0
2014-11-21,525.2000122070312,530.3599853515625,520.2899780273438,522.280029296875,0
2014-11-24,521.1400146484375,525.9500122070312,520.9500122070312,525.2999877929688,0
2014-11-25,516.6199951171875,524.7100219726562,515.3400268554688,521.02001953125,0
2014-11-26,514.9299926757812,518.6500244140625,513.4099731445312,516.6300048828125,0
2014-11-28,482.1099853515625,513.3099975585938,481.07000732421875,513.3099975585938,0
2014-12-01,492.94000244140625,494.2099914550781,469.29998779296875,479.1300048828125,0
2014-12-02,482.0,493.6099853515625,481.44000244140625,491.9100036621094,0
2014-12-03,480.0400085449219,484.3599853515625,478.1700134277344,481.989990234375,0
2014-12-04,478.04998779296875,482.6600036621094,475.5199890136719,480.6099853515625,0
2014-12-05,475.8299865722656,478.2699890136719,472.4800109863281,478.2099914550781,0
2014-12-08,463.5899963378906,475.4800109863281,462.9800109863281,475.4800109863281,0
2014-12-09,467.80999755859375,468.7300109863281,460.7900085449219,463.75,0
2014-12-10,456.30999755859375,467.9100036621094,454.20001220703125,467.9100036621094,0
2014-12-11,454.2200012207031,459.82000732421875,453.3299865722656,456.7300109863281,0
2014-12-12,447.69000244140625,454.2200012207031,446.20001220703125,454.2200012207031,0
2014-12-15,441.5299987792969,452.8999938964844,439.67999267578125,448.260009765625,0
2014-12-16,436.54998779296875,441.5,431.2099914550781,441.3599853515625,0
2014-12-17,440.3299865722656,449.2099914550781,430.80999755859375,436.3500061035156,0
2014-12-18,433.1499938964844,450.70001220703125,432.8999938964844,440.2900085449219,0
2014-12-19,440.7099914550781,444.67999267578125,432.30999755859375,433.7200012207031,0
2014-12-22,433.2200012207031,445.95001220703125,432.760009765625,441.70001220703125,0
2014-12-23,439.8699951171875,441.44000244140625,432.7200012207031,434.5,0
2014-12-24,431.6000061035156,439.8399963378906,429.75,439.2699890136719,0
2014-12-26,429.1600036621094,434.7799987792969,428.29998779296875,431.7699890136719,0
2014-12-29,424.19000244140625,433.2300109863281,422.1400146484375,429.260009765625,0
2014-12-30,423.8399963378906,425.9100036621094,419.3299865722656,424.20001220703125,0
2014-12-31,418.1199951171875,423.42999267578125,415.0899963378906,423.42999267578125,0
2015-01-02,414.9599914550781,421.55999755859375,412.54998779296875,418.1199951171875,0
2015-01-05,404.6099853515625,414.9599914550781,403.760009765625,414.9599914550781,0
2015-01-06,397.95001220703125,406.4700012207031,396.1600036621094,404.6099853515625,0
2015-01-07,396.67999267578125,400.6499938964844,392.25,397.95001220703125,0
2015-01-08,397.1000061035156,399.5199890136719,393.19000244140625,397.2300109863281,0
2015-01-09,395.010009765625,399.8999938964844,390.8599853515625,397.6499938964844,0
2015-01-12,384.7900085449219,395.6600036621094,384.17999267578125,395.6600036621094,0
2015-01-13,381.0199890136719,385.4200134277344,376.67999267578125,385.4200134277344,0
2015-01-14,388.9800109863281,390.4100036621094,376.0,381.5799865722656,0
2015-01-15,382.7200012207031,402.4599914550781,382.4200134277344,388.9800109863281,0
2015-01-16,391.44000244140625,391.8999938964844,382.7200012207031,382.7200012207031,0
2015-01-20,381.239990234375,391.44000244140625,380.8999938964844,391.44000244140625,0
2015-01-21,386.1499938964844,387.80999755859375,381.6199951171875,381.75,0
2015-01-22,381.67999267578125,391.82000732421875,380.489990234375,385.9100036621094,0
2015-01-23,379.739990234375,386.2300109863281,379.0299987792969,381.67999267578125,0
2015-01-26,377.6499938964844,382.489990234375,374.6199951171875,379.739990234375,0
2015-01-27,382.20001220703125,383.3299865722656,375.9100036621094,377.6499938964844,0
2015-01-28,376.7300109863281,382.20001220703125,375.82000732421875,382.20001220703125,0
2015-01-29,375.0799865722656,377.739990234375,372.1600036621094,376.6400146484375,0
2015-01-30,389.67999267578125,389.82000732421875,373.8999938964844,375.0799865722656,0
2015-02-02,396.3399963378906,400.1300048828125,384.5,389.67999267578125,0
2015-02-03,412.70001220703125,416.80999755859375,396.3399963378906,396.3399963378906,0
2015-02-04,395.8999938964844,413.07000732421875,393.9700012207031,412.70001220703125,0
2015-02-05,404.05999755859375,409.32000732421875,391.0299987792969,395.8999938964844,0
2015-02-06,410.4100036621094,414.989990234375,405.29998779296875,405.29998779296875,0
2015-02-09,417.0899963378906,420.95001220703125,411.5199890136719,411.6600036621094,0
2015-02-10,408.5899963378906,418.3800048828125,407.70001220703125,418.3800048828125,0
2015-02-11,404.239990234375,412.260009765625,401.1000061035156,410.07000732421875,0
2015-02-12,416.9800109863281,418.55999755859375,405.4800109863281,405.4800109863281,0
2015-02-13,425.989990234375,426.6600036621094,416.9200134277344,416.9800109863281,0
2015-02-17,426.25,428.5899963378906,418.2099914550781,425.989990234375,0
2015-02-18,420.57000732421875,426.7200012207031,418.7900085449219,426.25,0
2015-02-19,418.3599853515625,421.0799865722656,409.239990234375,420.57000732421875,0
2015-02-20,416.1700134277344,422.4200134277344,415.7300109863281,418.3599853515625,0
2015-02-23,410.5899963378906,417.6600036621094,408.57000732421875,416.1700134277344,0
2015-02-24,410.19000244140625,415.8599853515625,407.42999267578125,410.5899963378906,0
2015-02-25,418.3999938964844,418.7699890136719,408.510009765625,410.19000244140625,0
2015-02-26,411.7200012207031,422.4800109863281,410.2900085449219,418.3999938964844,0
2015-02-27,421.239990234375,421.8699951171875,411.7200012207031,411.7200012207031,0
2015-03-02,413.05999755859375,421.3800048828125,412.54998779296875,421.239990234375,0
2015-03-03,417.2099914550781,419.30999755859375,412.8299865722656,413.05999755859375,0
2015-03-04,417.3699951171875,418.25,411.2200012207031,417.2099914550781,0
2015-03-05,414.7099914550781,420.8299865722656,413.6300048828125,417.3800048828125,0
2015-03-06,411.7799987792969,417.9100036621094,409.05999755859375,415.5899963378906,0
2015-03-09,410.5799865722656,415.29998779296875,410.239990234375,412.6600036621094,0
2015-03-10,402.9200134277344,412.0199890136719,401.70001220703125,411.3900146484375,0
2015-03-11,405.510009765625,406.4800109863281,401.3599853515625,403.70001220703125,0
2015-03-12,403.3599853515625,411.20001220703125,402.0,406.29998779296875,0
2015-03-13,393.3500061035156,404.489990234375,393.0299987792969,403.3599853515625,0
2015-03-16,389.7300109863281,393.6199951171875,384.29998779296875,393.3500061035156,0
2015-03-17,386.9100036621094,390.8299865722656,384.05999755859375,389.7300109863281,0
2015-03-18,395.9100036621094,397.1499938964844,383.1600036621094,386.9100036621094,0
2015-03-19,392.0199890136719,396.7900085449219,389.1700134277344,395.9100036621094,0
2015-03-20,398.1700134277344,399.760009765625,389.2799987792969,392.0199890136719,0
2015-03-23,401.82000732421875,402.260009765625,393.9599914550781,398.1700134277344,0
2015-03-24,400.1700134277344,405.5899963378906,398.80999755859375,401.82000732421875,0
2015-03-25,404.7200012207031,406.54998779296875,397.9100036621094,400.1700134277344,0
2015-03-26,413.3999938964844,418.6499938964844,404.7200012207031,404.7200012207031,0
2015-03-27,402.7099914550781,413.3999938964844,401.239990234375,413.3999938964844,0
2015-03-30,402.3999938964844,403.9599914550781,397.8699951171875,401.8900146484375,0
2015-03-31,396.6499938964844,402.3999938964844,396.3900146484375,402.3999938964844,0
2015-04-01,406.7099914550781,408.3399963378906,395.3999938964844,396.6499938964844,0
2015-04-02,400.9700012207031,407.1499938964844,397.7699890136719,406.7099914550781,0
2015-04-06,413.1400146484375,413.7200012207031,401.0199890136719,401.0199890136719,0
2015-04-07,417.8699951171875,418.25,409.4100036621094,413.04998779296875,0
2015-04-08,404.07000732421875,418.6600036621094,403.7900085449219,418.6600036621094,0
2015-04-09,406.3500061035156,411.4700012207031,404.8800048828125,404.8800048828125,0
2015-04-10,412.3699951171875,413.07000732421875,405.8900146484375,407.32000732421875,0
2015-04-13,412.760009765625,419.04998779296875,411.239990234375,413.3599853515625,0
2015-04-14,417.95001220703125,419.92999267578125,413.7200012207031,413.7200012207031,0
2015-04-15,430.8299865722656,431.2799987792969,418.7900085449219,419.0199890136719,0
2015-04-16,434.6700134277344,437.1499938964844,427.6099853515625,430.8299865722656,0
2015-04-17,431.7099914550781,436.6300048828125,430.239990234375,434.6700134277344,0
2015-04-20,430.82000732421875,435.3599853515625,426.1600036621094,431.7900085449219,0
2015-04-21,426.1600036621094,431.1199951171875,424.739990234375,430.82000732421875,0
2015-04-22,426.55999755859375,429.0299987792969,422.7300109863281,425.4800109863281,0
2015-04-23,435.07000732421875,437.75,424.5,426.55999755859375,0
2015-04-24,435.4200134277344,437.9700012207031,432.70001220703125,435.07000732421875,0
2015-04-27,434.0199890136719,437.30999755859375,432.510009765625,435.4200134277344,0
2015-04-28,434.6700134277344,437.6199951171875,430.3999938964844,434.0199890136719,0
2015-04-29,440.8999938964844,443.6499938964844,432.010009765625,434.6099853515625,0
2015-04-30,445.5799865722656,446.0,439.760009765625,440.8999938964844,0
2015-05-01,443.8299865722656,446.4700012207031,440.010009765625,445.5799865722656,0
2015-05-04,444.0299987792969,445.8800048828125,441.5899963378906,443.8299865722656,0
2015-05-05,450.6000061035156,452.8900146484375,442.5400085449219,444.0299987792969,0
2015-05-06,450.9700012207031,458.67999267578125,449.510009765625,450.6000061035156,0
2015-05-07,441.8500061035156,453.0400085449219,440.6199951171875,451.4599914550781,0
2015-05-08,444.30999755859375,446.010009765625,438.5799865722656,442.3500061035156,0
2015-05-11,442.2799987792969,446.30999755859375,440.4200134277344,444.7900085449219,0
2015-05-12,450.8299865722656,452.3999938964844,442.0899963378906,442.7900085449219,0
2015-05-13,451.5199890136719,455.25,450.32000732421875,451.2799987792969,0
2015-05-14,451.8399963378906,454.1199951171875,449.3399963378906,451.5199890136719,0
2015-05-15,450.760009765625,452.0199890136719,445.05999755859375,451.8399963378906,0
2015-05-18,448.739990234375,455.42999267578125,447.45001220703125,450.760009765625,0
2015-05-19,437.3900146484375,448.7799987792969,437.3299865722656,448.739990234375,0
2015-05-20,440.5899963378906,441.1600036621094,437.2699890136719,437.3900146484375,0
2015-05-21,448.0799865722656,449.2799987792969,440.5899963378906,440.5899963378906,0
2015-05-22,441.92999267578125,448.4800109863281,441.5799865722656,448.0799865722656,0
2015-05-26,432.5899963378906,443.55999755859375,431.489990234375,441.92999267578125,0
2015-05-27,427.20001220703125,436.20001220703125,426.8900146484375,432.5899963378906,0
2015-05-28,429.1600036621094,430.2200012207031,424.0799865722656,427.20001220703125,0
2015-05-29,439.0899963378906,440.29998779296875,429.0899963378906,429.1600036621094,0
2015-06-01,438.4800109863281,440.82000732421875,435.4200134277344,439.0899963378906,0
2015-06-02,443.489990234375,444.0400085449219,438.1000061035156,438.4800109863281,0
2015-06-03,436.19000244140625,443.489990234375,435.2900085449219,443.489990234375,0
2015-06-04,428.760009765625,436.6300048828125,427.9700012207031,436.19000244140625,0
2015-06-05,432.8800048828125,433.2900085449219,424.05999755859375,429.1400146484375,0
2015-06-08,432.2099914550781,434.2099914550781,431.0799865722656,433.32000732421875,0
2015-06-09,442.5400085449219,443.4700012207031,432.6600036621094,432.6600036621094,0
2015-06-10,447.25,450.3699951171875,442.9800109863281,442.9800109863281,0
2015-06-11,442.9200134277344,448.3399963378906,441.2900085449219,447.6300048828125,0
2015-06-12,437.92999267578125,442.9700012207031,437.75,442.9200134277344,0
2015-06-15,434.3900146484375,437.92999267578125,431.8599853515625,437.92999267578125,0
2015-06-16,435.7200012207031,437.30999755859375,433.5199890136719,434.3900146484375,0
2015-06-17,436.42999267578125,443.30999755859375,432.010009765625,435.7200012207031,0
2015-06-18,437.4700012207031,441.04998779296875,434.2699890136719,436.42999267578125,0
2015-06-19,431.54998779296875,437.510009765625,428.92999267578125,437.4700012207031,0
2015-06-22,433.1499938964844,434.1000061035156,427.9700012207031,431.54998779296875,0
2015-06-23,438.7900085449219,439.8999938964844,431.70001220703125,433.1499938964844,0
2015-06-24,435.1600036621094,441.2200012207031,433.8900146484375,438.7900085449219,0
2015-06-25,434.1600036621094,436.0,431.8299865722656,435.1600036621094,0
2015-06-26,435.739990234375,437.07000732421875,432.3399963378906,434.1600036621094,0
2015-06-29,431.6099853515625,435.9800109863281,428.6099853515625,435.9800109863281,0
2015-06-30,440.69000244140625,441.6400146484375,430.17999267578125,431.6099853515625,0
2015-07-01,432.6400146484375,440.69000244140625,431.5799865722656,440.69000244140625,0
2015-07-02,433.80999755859375,438.1600036621094,432.6000061035156,432.6400146484375,0
2015-07-06,412.510009765625,433.6499938964844,412.0400085449219,433.6499938964844,0
2015-07-07,409.2900085449219,414.92999267578125,401.9800109863281,412.510009765625,0
2015-07-08,409.3599853515625,413.95001220703125,405.79998779296875,408.95001220703125,0
2015-07-09,415.45001220703125,418.44000244140625,409.4800109863281,409.4800109863281,0
2015-07-10,415.4800109863281,419.44000244140625,412.5,415.3900146484375,0
2015-07-13,413.6600036621094,417.3599853515625,408.3699951171875,415.4200134277344,0
2015-07-14,414.7900085449219,416.1199951171875,408.05999755859375,413.6700134277344,0
2015-07-15,407.8500061035156,416.07000732421875,407.1700134277344,414.7900085449219,0
2015-07-16,406.1499938964844,410.8999938964844,405.80999755859375,407.8500061035156,0
2015-07-17,404.7300109863281,406.5299987792969,401.6499938964844,406.1499938964844,0
2015-07-20,400.1099853515625,404.79998779296875,399.20001220703125,404.4200134277344,0
2015-07-21,400.8599853515625,403.739990234375,398.9800109863281,400.1099853515625,0
2015-07-22,395.3500061035156,400.8599853515625,394.8999938964844,400.8599853515625,0
2015-07-23,391.010009765625,397.010009765625,390.2300109863281,395.3500061035156,0
2015-07-24,386.6400146484375,391.70001220703125,385.739990234375,391.010009765625,0
2015-07-27,380.6600036621094,386.6400146484375,379.9700012207031,386.6400146484375,0
2015-07-28,383.5400085449219,385.75,377.05999755859375,380.6600036621094,0
2015-07-29,384.760009765625,387.9100036621094,380.19000244140625,383.5400085449219,0
2015-07-30,383.6499938964844,387.9100036621094,382.82000732421875,384.7699890136719,0
2015-07-31,378.3800048828125,384.79998779296875,377.19000244140625,383.6499938964844,0
2015-08-03,368.67999267578125,378.3800048828125,368.4599914550781,378.3800048828125,0
2015-08-04,371.3299865722656,373.30999755859375,368.67999267578125,368.67999267578125,0
2015-08-05,369.32000732421875,375.2200012207031,367.4200134277344,371.3299865722656,0
2015-08-06,367.42999267578125,369.4100036621094,365.6199951171875,369.32000732421875,0
2015-08-07,365.4200134277344,369.739990234375,364.94000244140625,367.6199951171875,0
2015-08-10,375.0400085449219,375.1400146484375,365.05999755859375,365.69000244140625,0
2015-08-11,367.04998779296875,376.8800048828125,365.6199951171875,375.32000732421875,0
2015-08-12,367.8900146484375,371.6600036621094,365.3800048828125,367.3399963378906,0
2015-08-13,365.6700134277344,370.82000732421875,364.1000061035156,368.0899963378906,0
2015-08-14,365.0199890136719,366.94000244140625,363.7699890136719,365.6700134277344,0
2015-08-17,362.3999938964844,365.0299987792969,361.7900085449219,365.0199890136719,0
2015-08-18,362.2699890136719,363.0199890136719,359.3999938964844,362.3900146484375,0
2015-08-19,354.7900085449219,363.3299865722656,353.25,362.2699890136719,0
2015-08-20,355.20001220703125,357.44000244140625,351.45001220703125,354.7900085449219,0
2015-08-21,348.1099853515625,355.20001220703125,346.0400085449219,355.20001220703125,0
2015-08-24,336.8800048828125,348.1099853515625,334.32000732421875,348.1099853515625,0
2015-08-25,339.75,344.9200134277344,336.8800048828125,336.8800048828125,0
2015-08-26,335.510009765625,340.6600036621094,335.0899963378906,339.75,0
2015-08-27,353.6199951171875,353.8399963378906,335.510009765625,335.510009765625,0
2015-08-28,365.6499938964844,368.80999755859375,351.1300048828125,353.6199951171875,0
2015-08-31,380.8500061035156,381.17999267578125,357.6600036621094,365.6400146484375,0
2015-09-01,364.1400146484375,380.8500061035156,363.05999755859375,380.8500061035156,0
2015-09-02,366.6400146484375,368.75,355.70001220703125,362.4100036621094,0
2015-09-03,369.6700134277344,376.6300048828125,365.0899963378906,366.6400146484375,0
2015-09-04,364.8699951171875,370.69000244140625,363.8999938964844,369.6700134277344,0
2015-09-08,366.92999267578125,368.0199890136719,358.20001220703125,365.3599853515625,0
2015-09-09,359.9200134277344,369.42999267578125,359.7099914550781,367.5199890136719,0
2015-09-10,366.6400146484375,366.9800109863281,357.2699890136719,360.4800109863281,0
2015-09-11,363.4700012207031,367.30999755859375,358.7699890136719,367.1499938964844,0
2015-09-14,359.6099853515625,365.3599853515625,358.44000244140625,364.1300048828125,0
2015-09-15,360.44000244140625,361.3500061035156,358.79998779296875,359.6099853515625,0
2015-09-16,368.3699951171875,370.55999755859375,360.4599914550781,360.4599914550781,0
2015-09-17,365.760009765625,369.57000732421875,363.3599853515625,368.3699951171875,0
2015-09-18,357.5899963378906,368.5,356.489990234375,365.760009765625,0
2015-09-21,364.5799865722656,364.6300048828125,357.1499938964844,357.5799865722656,0
2015-09-22,362.2799987792969,364.5799865722656,357.67999267578125,364.5799865722656,0
2015-09-23,357.260009765625,367.6499938964844,356.95001220703125,362.2799987792969,0
2015-09-24,358.30999755859375,359.1700134277344,354.1600036621094,357.9599914550781,0
2015-09-25,362.010009765625,364.0,358.2799987792969,358.30999755859375,0
2015-09-28,355.70001220703125,362.29998779296875,355.3399963378906,362.1700134277344,0
2015-09-29,358.6700134277344,360.54998779296875,355.19000244140625,355.70001220703125,0
2015-09-30,359.3399963378906,362.80999755859375,356.8999938964844,358.6700134277344,0
2015-10-01,356.70001220703125,366.8599853515625,356.3299865722656,359.9200134277344,0
2015-10-02,358.25,359.80999755859375,352.7200012207031,356.70001220703125,0
2015-10-05,363.6499938964844,365.8999938964844,358.25,358.25,0
2015-10-06,374.6499938964844,374.6600036621094,361.2799987792969,363.6499938964844,0
2015-10-07,372.57000732421875,380.69000244140625,372.29998779296875,375.2099914550781,0
2015-10-08,378.0,379.8299865722656,371.9700012207031,373.20001220703125,0
2015-10-09,379.5199890136719,386.1199951171875,377.989990234375,378.6600036621094,0
2015-10-12,370.260009765625,383.4100036621094,370.1000061035156,380.1700134277344,0
2015-10-13,368.5899963378906,374.1000061035156,367.8599853515625,371.5899963378906,0
2015-10-14,368.19000244140625,370.1000061035156,365.9100036621094,368.5899963378906,0
2015-10-15,366.5799865722656,368.9200134277344,362.69000244140625,368.19000244140625,0
2015-10-16,369.2099914550781,370.1199951171875,364.1400146484375,367.5299987792969,0
2015-10-19,361.6099853515625,368.9200134277344,361.45001220703125,368.44000244140625,0
2015-10-20,362.7300109863281,364.7300109863281,360.260009765625,361.6099853515625,0
2015-10-21,359.1499938964844,362.7300109863281,357.0899963378906,362.7300109863281,0
2015-10-22,359.9599914550781,363.7900085449219,358.45001220703125,359.4599914550781,0
2015-10-23,357.0899963378906,362.6300048828125,355.6400146484375,359.9800109863281,0
2015-10-26,354.6499938964844,358.510009765625,354.3299865722656,357.0899963378906,0
2015-10-27,351.239990234375,354.6600036621094,349.7699890136719,354.6499938964844,0
2015-10-28,361.5799865722656,361.92999267578125,350.30999755859375,351.239990234375,0
2015-10-29,360.44000244140625,363.7300109863281,357.79998779296875,361.5799865722656,0
2015-10-30,363.44000244140625,365.1400146484375,358.3500061035156,360.44000244140625,0
2015-11-02,360.5400085449219,363.5199890136719,359.1099853515625,363.44000244140625,0
2015-11-03,368.1700134277344,369.7099914550781,359.7099914550781,360.5400085449219,0
2015-11-04,360.07000732421875,370.3399963378906,359.7300109863281,368.1700134277344,0
2015-11-05,355.4100036621094,361.3500061035156,355.29998779296875,360.07000732421875,0
2015-11-06,353.67999267578125,358.7900085449219,352.3900146484375,356.510009765625,0
2015-11-09,350.9800109863281,358.4200134277344,350.5799865722656,354.7900085449219,0
2015-11-10,351.5400085449219,354.9100036621094,350.4700012207031,352.1700134277344,0
2015-11-11,348.07000732421875,354.3900146484375,347.2300109863281,352.6300048828125,0
2015-11-12,343.67999267578125,351.0899963378906,343.44000244140625,349.2099914550781,0
2015-11-13,339.4800109863281,346.239990234375,338.0299987792969,343.67999267578125,0
2015-11-16,339.2900085449219,342.44000244140625,333.92999267578125,339.4800109863281,0
2015-11-17,335.8900146484375,341.25,335.5400085449219,339.2900085449219,0
2015-11-18,337.0199890136719,340.05999755859375,334.0400085449219,336.5299987792969,0
2015-11-19,337.4599914550781,339.5899963378906,334.989990234375,337.0199890136719,0
2015-11-20,337.7200012207031,341.04998779296875,336.5199890136719,337.4599914550781,0
2015-11-23,338.739990234375,341.54998779296875,331.4800109863281,337.7200012207031,0
2015-11-24,343.3900146484375,345.8500061035156,338.739990234375,338.739990234375,0
2015-11-25,343.7200012207031,344.7900085449219,338.5,343.3900146484375,0
2015-11-27,337.2900085449219,343.7200012207031,337.19000244140625,343.7200012207031,0
2015-11-30,336.1499938964844,340.9700012207031,335.79998779296875,337.2900085449219,0
2015-12-01,337.70001220703125,339.1600036621094,334.19000244140625,336.1499938964844,0
2015-12-02,328.30999755859375,337.70001220703125,328.0400085449219,337.70001220703125,0
2015-12-03,333.44000244140625,336.80999755859375,328.2200012207031,328.30999755859375,0
2015-12-04,331.3599853515625,337.8599853515625,328.9700012207031,333.44000244140625,0
2015-12-07,320.05999755859375,332.19000244140625,319.75,332.19000244140625,0
2015-12-08,319.0,323.3900146484375,316.0299987792969,320.989990234375,0
2015-12-09,319.07000732421875,325.69000244140625,316.3599853515625,319.8900146484375,0
2015-12-10,319.54998779296875,322.1400146484375,317.8599853515625,319.9800109863281,0
2015-12-11,313.9200134277344,320.8399963378906,312.92999267578125,320.510009765625,0
2015-12-14,312.3999938964844,314.4100036621094,306.9700012207031,313.9200134277344,0
2015-12-15,314.239990234375,318.260009765625,310.6099853515625,312.3999938964844,0
2015-12-16,307.739990234375,314.510009765625,306.9599914550781,314.239990234375,0
2015-12-17,305.489990234375,309.04998779296875,304.20001220703125,307.739990234375,0
2015-12-18,307.3900146484375,311.3800048828125,303.7699890136719,305.489990234375,0
2015-12-21,305.94000244140625,307.9200134277344,303.5299987792969,307.3900146484375,0
2015-12-22,305.010009765625,307.57000732421875,304.7099914550781,305.94000244140625,0
2015-12-23,311.7300109863281,312.6600036621094,305.010009765625,305.010009765625,0
2015-12-24,314.010009765625,314.7300109863281,311.04998779296875,311.7300109863281,0
2015-12-28,309.4599914550781,314.1400146484375,308.8999938964844,314.010009765625,0
2015-12-29,315.2300109863281,315.7699890136719,308.8699951171875,309.4599914550781,0
2015-12-30,309.1199951171875,315.2300109863281,308.70001220703125,315.2300109863281,0
2015-12-31,311.6499938964844,315.2799987792969,307.7699890136719,309.1199951171875,0
2016-01-04,309.6400146484375,317.5199890136719,307.5299987792969,313.07000732421875,0
2016-01-05,307.1600036621094,311.2900085449219,306.6000061035156,309.6400146484375,0
2016-01-06,297.95001220703125,308.1000061035156,297.45001220703125,307.1600036621094,0
2016-01-07,295.7099914550781,300.0,289.739990234375,297.95001220703125,0
2016-01-08,295.57000732421875,300.19000244140625,293.6000061035156,296.760009765625,0
2016-01-11,287.6199951171875,296.6199951171875,286.0299987792969,296.6199951171875,0
2016-01-12,284.760009765625,291.70001220703125,282.7300109863281,288.6199951171875,0
2016-01-13,284.6499938964844,290.4700012207031,283.5400085449219,285.739990234375,0
2016-01-14,287.0199890136719,288.3699951171875,283.94000244140625,285.6199951171875,0
2016-01-15,279.1700134277344,287.0199890136719,278.17999267578125,287.0199890136719,0
2016-01-19,277.8999938964844,284.760009765625,277.4200134277344,279.1700134277344,0
2016-01-20,271.80999755859375,277.8999938964844,268.4100036621094,277.8999938964844,0
2016-01-21,278.0400085449219,281.30999755859375,269.7200012207031,271.80999755859375,0
2016-01-22,290.20001220703125,290.7300109863281,278.0400085449219,278.0400085449219,0
2016-01-25,283.1499938964844,292.739990234375,282.6199951171875,290.20001220703125,0
2016-01-26,288.8299865722656,292.2300109863281,278.29998779296875,283.1499938964844,0
2016-01-27,293.4100036621094,295.45001220703125,284.55999755859375,288.8299865722656,0
2016-01-28,296.260009765625,304.0299987792969,291.239990234375,293.4100036621094,0
2016-01-29,300.6700134277344,301.8999938964844,295.8699951171875,296.260009765625,0
2016-02-01,292.9200134277344,300.6700134277344,291.32000732421875,300.6700134277344,0
2016-02-02,285.5400085449219,292.9200134277344,283.8599853515625,292.9200134277344,0
2016-02-03,295.29998779296875,295.8399963378906,283.5899963378906,285.5400085449219,0
2016-02-04,293.70001220703125,300.8399963378906,293.0299987792969,295.29998779296875,0
2016-02-05,291.6400146484375,297.9100036621094,290.7699890136719,295.2900085449219,0
2016-02-08,288.8900146484375,295.95001220703125,288.69000244140625,293.2900085449219,0
2016-02-09,280.6099853515625,292.739990234375,280.239990234375,290.55999755859375,0
2016-02-10,282.2900085449219,287.8299865722656,281.3900146484375,282.239990234375,0
2016-02-11,281.70001220703125,286.2900085449219,281.3800048828125,284.04998779296875,0
2016-02-12,294.9800109863281,295.2699890136719,281.70001220703125,281.70001220703125,0
2016-02-16,290.9700012207031,303.05999755859375,289.7099914550781,294.9800109863281,0
2016-02-17,300.4200134277344,301.5799865722656,289.6499938964844,290.9700012207031,0
2016-02-18,299.1700134277344,304.92999267578125,298.6199951171875,300.4200134277344,0
2016-02-19,293.7300109863281,299.8399963378906,292.2300109863281,299.1700134277344,0
2016-02-22,300.70001220703125,302.3999938964844,293.7300109863281,293.7300109863281,0
2016-02-23,294.4599914550781,301.7699890136719,293.1199951171875,300.70001220703125,0
2016-02-24,297.8500061035156,299.1499938964844,290.1000061035156,294.4599914550781,0
2016-02-25,300.70001220703125,302.1199951171875,293.239990234375,297.8500061035156,0
2016-02-26,300.0,307.9800109863281,299.1499938964844,300.70001220703125,0
2016-02-29,303.6300048828125,304.29998779296875,297.8800048828125,300.0,0
2016-03-01,304.7300109863281,306.45001220703125,300.8699951171875,303.6300048828125,0
2016-03-02,306.3900146484375,308.44000244140625,302.3800048828125,304.7300109863281,0
2016-03-03,307.1600036621094,308.80999755859375,304.2900085449219,306.3900146484375,0
2016-03-04,314.67999267578125,314.8999938964844,306.7300109863281,307.1600036621094,0
2016-03-07,324.2099914550781,325.30999755859375,315.7699890136719,315.7699890136719,0
2016-03-08,320.5799865722656,327.7300109863281,319.8699951171875,325.32000732421875,0
2016-03-09,328.7300109863281,329.010009765625,320.8299865722656,321.6499938964844,0
2016-03-10,327.3999938964844,329.69000244140625,324.67999267578125,329.69000244140625,0
2016-03-11,331.4100036621094,333.30999755859375,328.29998779296875,328.29998779296875,0
2016-03-14,327.1300048828125,331.8599853515625,324.1300048828125,331.4100036621094,0
2016-03-15,323.8299865722656,327.8399963378906,321.8900146484375,327.1300048828125,0
2016-03-16,330.70001220703125,331.5799865722656,323.8299865722656,323.8299865722656,0
2016-03-17,337.8800048828125,337.8800048828125,330.70001220703125,330.70001220703125,0
2016-03-18,335.29998779296875,340.7900085449219,334.8599853515625,337.8800048828125,0
2016-03-21,336.1499938964844,337.69000244140625,331.94000244140625,335.29998779296875,0
2016-03-22,337.5299987792969,338.3599853515625,334.0,336.1499938964844,0
2016-03-23,329.3699951171875,337.5299987792969,329.0299987792969,337.5299987792969,0
2016-03-24,327.9100036621094,329.4100036621094,323.1600036621094,329.3699951171875,0
2016-03-28,327.8399963378906,330.0799865722656,325.54998779296875,327.9100036621094,0
2016-03-29,324.2099914550781,328.1400146484375,322.010009765625,327.8399963378906,0
2016-03-30,323.29998779296875,330.1600036621094,322.82000732421875,324.2099914550781,0
2016-03-31,323.4200134277344,326.44000244140625,320.29998779296875,323.29998779296875,0
2016-04-01,316.3999938964844,323.6700134277344,315.2799987792969,323.3900146484375,0
2016-04-04,311.3699951171875,318.0400085449219,310.9800109863281,316.3999938964844,0
2016-04-05,310.4100036621094,311.42999267578125,309.1000061035156,311.3699951171875,0
2016-04-06,317.5899963378906,318.44000244140625,310.4100036621094,310.4100036621094,0
2016-04-07,316.2300109863281,320.6000061035156,313.8500061035156,318.4100036621094,0
2016-04-08,329.0199890136719,329.1700134277344,317.010009765625,317.010009765625,0
2016-04-11,332.0,333.29998779296875,327.2699890136719,329.80999755859375,0
2016-04-12,341.5799865722656,341.8599853515625,331.82000732421875,332.8399963378906,0
2016-04-13,341.9800109863281,344.7200012207031,339.3299865722656,342.3500061035156,0
2016-04-14,339.6700134277344,343.2799987792969,337.8800048828125,341.9800109863281,0
2016-04-15,336.25,340.3500061035156,332.7799987792969,339.6700134277344,0
2016-04-18,335.8500061035156,338.1499938964844,326.9700012207031,336.25,0
2016-04-19,343.57000732421875,344.739990234375,334.5799865722656,335.8500061035156,0
2016-04-20,352.4800109863281,352.69000244140625,338.739990234375,343.57000732421875,0
2016-04-21,348.3299865722656,355.69000244140625,347.1499938964844,352.4800109863281,0
2016-04-22,347.9800109863281,353.4800109863281,346.79998779296875,348.3299865722656,0
2016-04-25,345.2300109863281,349.760009765625,343.45001220703125,347.9800109863281,0
2016-04-26,351.67999267578125,352.04998779296875,343.8999938964844,345.69000244140625,0
2016-04-27,356.0899963378906,356.92999267578125,349.7900085449219,351.67999267578125,0
2016-04-28,359.55999755859375,359.9800109863281,354.5400085449219,356.0899963378906,0
2016-04-29,360.4100036621094,363.4700012207031,357.8699951171875,359.55999755859375,0
2016-05-02,355.1300048828125,360.4100036621094,354.0400085449219,360.4100036621094,0
2016-05-03,348.3399963378906,357.3299865722656,346.9200134277344,355.1300048828125,0
2016-05-04,347.7099914550781,353.30999755859375,345.5299987792969,348.3399963378906,0
2016-05-05,347.80999755859375,356.5799865722656,346.3999938964844,347.7099914550781,0
2016-05-06,350.6199951171875,353.69000244140625,345.07000732421875,348.3299865722656,0
2016-05-09,342.8900146484375,354.67999267578125,342.3900146484375,351.1499938964844,0
2016-05-10,351.7200012207031,352.010009765625,342.2799987792969,343.3900146484375,0
2016-05-11,361.1499938964844,361.5,350.4100036621094,352.2300109863281,0
2016-05-12,362.9200134277344,364.20001220703125,357.8800048828125,361.6400146484375,0
2016-05-13,361.7200012207031,362.9200134277344,359.010009765625,362.9200134277344,0
2016-05-16,367.6600036621094,368.7900085449219,361.3299865722656,361.7200012207031,0
2016-05-17,370.760009765625,371.5,366.5199890136719,367.6600036621094,0
2016-05-18,369.9800109863281,373.260009765625,368.1000061035156,370.760009765625,0
2016-05-19,366.95001220703125,369.9800109863281,361.4700012207031,369.9800109863281,0
2016-05-20,367.29998779296875,370.0,364.989990234375,366.95001220703125,0
2016-05-23,364.8900146484375,367.29998779296875,362.1499938964844,367.29998779296875,0
2016-05-24,366.1199951171875,368.739990234375,362.5,364.8900146484375,0
2016-05-25,370.67999267578125,371.30999755859375,366.1199951171875,366.1199951171875,0
2016-05-26,371.6000061035156,374.2799987792969,368.8399963378906,370.67999267578125,0
2016-05-27,371.8800048828125,372.44000244140625,368.2900085449219,371.6000061035156,0
2016-05-31,370.95001220703125,375.0,369.739990234375,371.8800048828125,0
2016-06-01,371.6700134277344,372.6400146484375,365.30999755859375,370.95001220703125,0
2016-06-02,374.54998779296875,375.8999938964844,368.57000732421875,371.6700134277344,0
2016-06-03,374.0199890136719,376.260009765625,372.6499938964844,374.54998779296875,0
2016-06-06,378.7699890136719,380.5799865722656,374.0199890136719,374.0199890136719,0
2016-06-07,382.3699951171875,382.6300048828125,378.1300048828125,379.2099914550781,0
2016-06-08,389.8299865722656,389.8500061035156,382.79998779296875,382.8999938964844,0
2016-06-09,387.760009765625,392.239990234375,385.489990234375,390.3699951171875,0
2016-06-10,381.260009765625,388.4700012207031,380.70001220703125,388.3599853515625,0
2016-06-13,381.29998779296875,383.3999938964844,379.2799987792969,381.8900146484375,0
2016-06-14,379.1600036621094,381.29998779296875,376.3800048828125,381.29998779296875,0
2016-06-15,376.1700134277344,379.70001220703125,375.2300109863281,379.1600036621094,0
2016-06-16,367.80999755859375,376.1700134277344,366.82000732421875,376.1700134277344,0
2016-06-17,376.8500061035156,377.4200134277344,367.7300109863281,367.80999755859375,0
2016-06-20,382.8900146484375,383.0400085449219,376.7799987792969,376.8500061035156,0
2016-06-21,380.1600036621094,382.8999938964844,376.17999267578125,382.8999938964844,0
2016-06-22,377.0299987792969,383.1000061035156,374.7200012207031,380.1600036621094,0
2016-06-23,380.7200012207031,381.010009765625,376.489990234375,377.0299987792969,0
2016-06-24,369.2300109863281,380.7200012207031,365.75,380.7200012207031,0
2016-06-27,364.07000732421875,371.9700012207031,362.4700012207031,369.2300109863281,0
2016-06-28,372.1000061035156,372.760009765625,364.07000732421875,364.07000732421875,0
2016-06-29,380.3299865722656,380.82000732421875,372.1000061035156,372.1000061035156,0
2016-06-30,374.0299987792969,380.3299865722656,373.67999267578125,380.3299865722656,0
2016-07-01,376.44000244140625,376.9100036621094,371.9200134277344,374.0299987792969,0
2016-07-05,364.30999755859375,376.44000244140625,362.69000244140625,376.44000244140625,0
2016-07-06,365.9599914550781,366.82000732421875,359.489990234375,364.30999755859375,0
2016-07-07,355.2699890136719,370.6499938964844,354.1600036621094,365.9599914550781,0
2016-07-08,358.0400085449219,359.3500061035156,354.95001220703125,355.57000732421875,0
2016-07-11,355.9100036621094,361.44000244140625,355.2900085449219,358.3500061035156,0
2016-07-12,365.5400085449219,365.82000732421875,355.5199890136719,356.2099914550781,0
2016-07-13,358.0899963378906,366.4700012207031,357.3399963378906,365.7900085449219,0
2016-07-14,362.25,363.95001220703125,358.2900085449219,358.2900085449219,0
2016-07-15,361.1199951171875,364.8599853515625,359.7099914550781,362.25,0
2016-07-18,358.42999267578125,362.2200012207031,355.5400085449219,361.1199951171875,0
2016-07-19,355.3399963378906,360.5899963378906,355.2099914550781,358.42999267578125,0
2016-07-20,354.989990234375,357.05999755859375,350.80999755859375,355.3399963378906,0
2016-07-21,350.8900146484375,356.7900085449219,350.5,354.989990234375,0
2016-07-22,349.0299987792969,351.54998779296875,346.260009765625,350.8900146484375,0
2016-07-25,345.1499938964844,349.8699951171875,344.1000061035156,349.0299987792969,0
2016-07-26,344.3500061035156,345.6099853515625,341.5899963378906,345.1499938964844,0
2016-07-27,339.3999938964844,345.760009765625,338.6000061035156,344.3500061035156,0
2016-07-28,336.67999267578125,341.17999267578125,336.3500061035156,339.3999938964844,0
2016-07-29,339.3999938964844,339.7799987792969,333.25,336.67999267578125,0
2016-08-01,332.42999267578125,340.6199951171875,331.6600036621094,339.3999938964844,0
2016-08-02,330.8500061035156,337.4200134277344,329.3999938964844,332.42999267578125,0
2016-08-03,336.80999755859375,337.8999938964844,330.010009765625,330.8500061035156,0
2016-08-04,340.6700134277344,341.3999938964844,334.42999267578125,336.80999755859375,0
2016-08-05,342.0299987792969,342.94000244140625,339.0199890136719,341.2699890136719,0
2016-08-08,346.94000244140625,348.42999267578125,342.57000732421875,342.57000732421875,0
2016-08-09,345.2799987792969,348.8699951171875,344.6199951171875,347.489990234375,0
2016-08-10,341.6300048828125,349.3900146484375,340.95001220703125,345.8599853515625,0
2016-08-11,349.7099914550781,351.5899963378906,339.7799987792969,342.25,0
2016-08-12,353.1199951171875,353.69000244140625,348.0299987792969,349.7099914550781,0
2016-08-15,359.6499938964844,360.07000732421875,353.04998779296875,353.1199951171875,0
2016-08-16,363.1499938964844,363.6700134277344,358.260009765625,359.6499938964844,0
2016-08-17,365.0799865722656,365.3999938964844,360.2699890136719,363.1499938964844,0
2016-08-18,370.7699890136719,371.44000244140625,364.29998779296875,365.0799865722656,0
2016-08-19,370.44000244140625,372.010009765625,367.8599853515625,370.7699890136719,0
2016-08-22,364.3999938964844,370.44000244140625,364.0199890136719,370.44000244140625,0
2016-08-23,367.0299987792969,368.17999267578125,360.8900146484375,364.3999938964844,0
2016-08-24,361.5199890136719,367.0299987792969,360.2200012207031,367.0299987792969,0
2016-08-25,363.1499938964844,363.4599914550781,359.6199951171875,361.5199890136719,0
2016-08-26,363.07000732421875,368.260009765625,360.7099914550781,363.1499938964844,0
2016-08-29,359.1400146484375,363.07000732421875,358.239990234375,363.07000732421875,0
2016-08-30,355.7200012207031,361.17999267578125,354.80999755859375,359.1400146484375,0
2016-08-31,348.2099914550781,355.8900146484375,347.3999938964844,355.7200012207031,0
2016-09-01,341.8699951171875,349.9200134277344,341.2300109863281,348.2099914550781,0
2016-09-02,347.17999267578125,348.44000244140625,341.8699951171875,341.8699951171875,0
2016-09-06,348.19000244140625,351.1300048828125,344.25,347.17999267578125,0
2016-09-07,352.17999267578125,352.5400085449219,347.8399963378906,348.19000244140625,0
2016-09-08,361.989990234375,362.4200134277344,352.6600036621094,352.6600036621094,0
2016-09-09,354.7699890136719,362.44000244140625,354.5,362.44000244140625,0
2016-09-12,356.80999755859375,358.260009765625,350.19000244140625,355.2200012207031,0
2016-09-13,350.6000061035156,357.1600036621094,350.1300048828125,357.1600036621094,0
2016-09-14,346.4700012207031,352.7799987792969,346.07000732421875,350.92999267578125,0
2016-09-15,349.489990234375,350.8500061035156,345.5899963378906,346.4700012207031,0
2016-09-16,348.1000061035156,349.489990234375,344.82000732421875,349.489990234375,0
2016-09-19,348.9599914550781,352.75,348.1000061035156,348.1000061035156,0
2016-09-20,350.19000244140625,351.3500061035156,345.70001220703125,348.9599914550781,0
2016-09-21,354.8999938964844,355.67999267578125,350.19000244140625,350.19000244140625,0
2016-09-22,358.8900146484375,360.6199951171875,354.8999938964844,354.8999938964844,0
2016-09-23,351.5299987792969,359.8699951171875,350.1600036621094,358.8900146484375,0
2016-09-26,356.4599914550781,357.92999267578125,350.1600036621094,351.5299987792969,0
2016-09-27,350.3900146484375,356.4599914550781,348.6099853515625,356.4599914550781,0
2016-09-28,360.2200012207031,361.3500061035156,348.9800109863281,350.3900146484375,0
2016-09-29,363.3299865722656,365.80999755859375,359.3800048828125,360.2200012207031,0
2016-09-30,364.4700012207031,365.1099853515625,359.69000244140625,363.3299865722656,0
2016-10-03,366.80999755859375,367.55999755859375,361.70001220703125,364.4700012207031,0
2016-10-04,367.4200134277344,368.7699890136719,364.4700012207031,366.80999755859375,0
2016-10-05,371.739990234375,372.2200012207031,367.4200134277344,367.4200134277344,0
2016-10-06,372.8500061035156,373.4100036621094,368.8699951171875,371.739990234375,0
2016-10-07,371.80999755859375,374.9100036621094,370.0199890136719,373.4100036621094,0
2016-10-10,378.3399963378906,380.2699890136719,370.3500061035156,372.3800048828125,0
2016-10-11,375.6300048828125,379.1199951171875,373.9700012207031,378.8900146484375,0
2016-10-12,372.760009765625,377.6600036621094,372.3999938964844,376.1700134277344,0
2016-10-13,375.80999755859375,376.1400146484375,370.7300109863281,373.3500061035156,0
2016-10-14,375.6300048828125,378.6199951171875,374.1600036621094,375.80999755859375,0
2016-10-17,374.6199951171875,377.07000732421875,372.0199890136719,375.6300048828125,0
2016-10-18,375.55999755859375,377.3399963378906,373.9100036621094,374.6199951171875,0
2016-10-19,379.489990234375,381.1000061035156,375.55999755859375,375.55999755859375,0
2016-10-20,374.0899963378906,379.6199951171875,372.8599853515625,379.489990234375,0
2016-10-21,375.7799987792969,376.3599853515625,372.6700134277344,374.0899963378906,0
2016-10-24,374.95001220703125,377.19000244140625,371.3900146484375,375.7799987792969,0
2016-10-25,373.1099853515625,377.45001220703125,372.30999755859375,374.95001220703125,0
2016-10-26,370.4700012207031,373.54998779296875,368.67999267578125,373.1099853515625,0
2016-10-27,373.739990234375,374.9700012207031,370.2200012207031,370.4700012207031,0
2016-10-28,370.010009765625,374.25,368.8999938964844,373.739990234375,0
2016-10-31,361.6199951171875,370.25,361.0899963378906,370.010009765625,0
2016-11-01,360.6000061035156,366.57000732421875,359.0199890136719,361.6199951171875,0
2016-11-02,354.8999938964844,360.6000061035156,353.0899963378906,360.6000061035156,0
2016-11-03,352.2900085449219,356.82000732421875,351.239990234375,354.8999938964844,0
2016-11-04,349.1000061035156,352.9599914550781,347.0,352.2900085449219,0
2016-11-07,352.9200134277344,354.0899963378906,349.8699951171875,350.239990234375,0
2016-11-08,354.6499938964844,356.42999267578125,351.8999938964844,354.0899963378906,0
2016-11-09,356.54998779296875,359.9200134277344,348.3699951171875,355.8900146484375,0
2016-11-10,356.239990234375,361.9100036621094,355.4100036621094,357.7799987792969,0
2016-11-11,351.20001220703125,358.6000061035156,349.7799987792969,357.489990234375,0
2016-11-14,349.7699890136719,352.6499938964844,346.20001220703125,351.20001220703125,0
2016-11-15,359.3599853515625,359.9599914550781,349.7699890136719,349.7699890136719,0
2016-11-16,357.55999755859375,361.05999755859375,355.8900146484375,359.3599853515625,0
2016-11-17,357.9700012207031,362.20001220703125,356.29998779296875,357.55999755859375,0
2016-11-18,359.7099914550781,360.1700134277344,354.42999267578125,357.9700012207031,0
2016-11-21,370.54998779296875,371.5199890136719,359.7099914550781,359.7099914550781,0
2016-11-22,370.9800109863281,375.5199890136719,367.70001220703125,370.54998779296875,0
2016-11-23,371.239990234375,372.6300048828125,367.4700012207031,370.9800109863281,0
2016-11-25,365.1400146484375,371.92999267578125,364.3399963378906,371.239990234375,0
2016-11-28,370.3999938964844,372.5899963378906,363.17999267578125,365.1400146484375,0
2016-11-29,360.0,370.3999938964844,358.8699951171875,370.3999938964844,0
2016-11-30,377.2200012207031,379.3299865722656,360.0,360.0,0
2016-12-01,384.7699890136719,387.5400085449219,376.2099914550781,377.2200012207031,0
2016-12-02,386.3900146484375,386.5799865722656,380.4800109863281,384.7699890136719,0
2016-12-05,390.17999267578125,391.3500061035156,384.2699890136719,386.3900146484375,0
2016-12-06,387.1199951171875,390.17999267578125,384.510009765625,390.17999267578125,0
2016-12-07,383.4200134277344,389.54998779296875,383.2699890136719,387.7900085449219,0
2016-12-08,387.010009765625,387.2300109863281,382.7900085449219,384.1600036621094,0
2016-12-09,390.8399963378906,390.8599853515625,387.6600036621094,387.6600036621094,0
2016-12-12,396.3999938964844,401.9200134277344,391.4800109863281,391.4800109863281,0
2016-12-13,396.8999938964844,400.0299987792969,394.57000732421875,397.0199890136719,0
2016-12-14,391.1400146484375,397.29998779296875,390.30999755859375,396.8999938964844,0
2016-12-15,389.25,392.05999755859375,386.0199890136719,391.1400146484375,0
2016-12-16,393.4599914550781,394.0799865722656,387.4100036621094,389.25,0
2016-12-19,392.0799865722656,395.6499938964844,390.4700012207031,393.4599914550781,0
2016-12-20,392.3299865722656,394.45001220703125,390.8399963378906,392.0799865722656,0
2016-12-21,390.70001220703125,394.67999267578125,389.8999938964844,392.3299865722656,0
2016-12-22,391.95001220703125,393.239990234375,387.8299865722656,390.70001220703125,0
2016-12-23,391.8900146484375,392.9599914550781,388.94000244140625,391.95001220703125,0
2016-12-27,398.2200012207031,399.0299987792969,391.8900146484375,391.8900146484375,0
2016-12-28,399.17999267578125,400.3399963378906,396.6499938964844,398.2200012207031,0
2016-12-29,398.4800109863281,400.32000732421875,397.75,399.17999267578125,0
2016-12-30,398.20001220703125,399.9800109863281,397.07000732421875,398.4800109863281,0
2017-01-03,390.6600036621094,403.79998779296875,390.1300048828125,398.20001220703125,0
2017-01-04,396.1400146484375,396.3699951171875,390.5199890136719,390.6600036621094,0
2017-01-05,397.8399963378906,400.25,394.32000732421875,396.1400146484375,0
2017-01-06,398.17999267578125,400.1300048828125,395.3599853515625,397.8399963378906,0
2017-01-09,390.4800109863281,398.8900146484375,389.989990234375,398.8900146484375,0
2017-01-10,389.010009765625,393.5799865722656,388.8800048828125,391.260009765625,0
2017-01-11,394.6400146484375,396.6600036621094,388.8299865722656,389.82000732421875,0
2017-01-12,400.67999267578125,401.8500061035156,395.239990234375,395.2799987792969,0
2017-01-13,399.8500061035156,402.04998779296875,398.3399963378906,401.32000732421875,0
2017-01-17,400.9100036621094,405.6199951171875,399.54998779296875,399.8500061035156,0
2017-01-18,395.1700134277344,402.260009765625,394.4100036621094,400.9100036621094,0
2017-01-19,394.9599914550781,397.5899963378906,393.9800109863281,395.1700134277344,0
2017-01-20,399.4100036621094,401.30999755859375,394.3299865722656,394.9599914550781,0
2017-01-23,398.7699890136719,400.42999267578125,396.29998779296875,399.4100036621094,0
2017-01-24,400.1700134277344,402.0,398.7699890136719,398.7699890136719,0
2017-01-25,397.92999267578125,400.5799865722656,396.4800109863281,400.1700134277344,0
2017-01-26,400.67999267578125,402.989990234375,397.92999267578125,397.92999267578125,0
2017-01-27,397.4700012207031,400.79998779296875,394.94000244140625,400.67999267578125,0
2017-01-30,393.510009765625,397.79998779296875,392.8599853515625,397.4700012207031,0
2017-01-31,395.8299865722656,398.7699890136719,392.5,393.510009765625,0
2017-02-01,401.70001220703125,401.7799987792969,394.8999938964844,395.8299865722656,0
2017-02-02,400.3500061035156,404.1600036621094,399.4800109863281,401.70001220703125,0
2017-02-03,400.3800048828125,402.260009765625,398.2799987792969,400.3500061035156,0
2017-02-06,396.760009765625,402.19000244140625,396.54998779296875,400.3800048828125,0
2017-02-07,395.5,398.6700134277344,393.9100036621094,397.9599914550781,0
2017-02-08,398.7799987792969,400.1199951171875,394.1199951171875,396.67999267578125,0
2017-02-09,401.760009765625,403.17999267578125,399.8999938964844,399.8999938964844,0
2017-02-10,407.8299865722656,408.67999267578125,402.5299987792969,402.8399963378906,0
2017-02-13,403.7799987792969,409.1199951171875,403.2799987792969,408.94000244140625,0
2017-02-14,405.1000061035156,407.1600036621094,403.4200134277344,403.7799987792969,0
2017-02-15,405.4800109863281,406.9700012207031,403.2799987792969,405.1000061035156,0
2017-02-16,403.7099914550781,406.94000244140625,402.4700012207031,405.4800109863281,0
2017-02-17,403.0299987792969,404.0400085449219,400.6499938964844,403.7099914550781,0
2017-02-21,404.510009765625,407.95001220703125,402.9599914550781,403.0299987792969,0
2017-02-22,401.5799865722656,405.6099853515625,400.9700012207031,404.510009765625,0
2017-02-23,403.739990234375,407.2799987792969,401.5799865722656,401.5799865722656,0
2017-02-24,401.8299865722656,404.25,401.1000061035156,403.739990234375,0
2017-02-27,401.05999755859375,404.260009765625,400.8299865722656,401.8299865722656,0
2017-02-28,402.2200012207031,402.32000732421875,398.42999267578125,401.05999755859375,0
2017-03-01,403.2300109863281,405.30999755859375,401.510009765625,402.2200012207031,0
2017-03-02,396.1199951171875,403.2300109863281,395.8299865722656,403.2300109863281,0
2017-03-03,398.55999755859375,398.8399963378906,395.8800048828125,396.1199951171875,0
2017-03-06,398.7799987792969,401.0199890136719,396.7300109863281,398.55999755859375,0
2017-03-07,397.44000244140625,400.9599914550781,397.1499938964844,399.2300109863281,0
2017-03-08,387.6700134277344,397.8699951171875,386.989990234375,397.8699951171875,0
2017-03-09,382.6000061035156,389.5299987792969,379.9800109863281,388.07000732421875,0
2017-03-10,380.05999755859375,386.7699890136719,379.3299865722656,383.0,0
2017-03-13,380.1600036621094,381.8399963378906,378.739990234375,380.42999267578125,0
2017-03-14,377.2099914550781,381.4800109863281,374.8500061035156,380.1600036621094,0
2017-03-15,381.8900146484375,382.8800048828125,377.20001220703125,377.2099914550781,0
2017-03-16,382.260009765625,386.260009765625,381.5400085449219,381.8900146484375,0
2017-03-17,383.1199951171875,384.260009765625,381.4100036621094,382.260009765625,0
2017-03-20,382.1600036621094,384.1400146484375,380.239990234375,383.1199951171875,0
2017-03-21,379.4100036621094,384.239990234375,378.42999267578125,382.1600036621094,0
2017-03-22,378.2200012207031,379.7200012207031,374.55999755859375,379.4100036621094,0
2017-03-23,377.44000244140625,380.1000061035156,376.0799865722656,378.2200012207031,0
2017-03-24,378.1300048828125,379.0799865722656,376.9700012207031,377.44000244140625,0
2017-03-27,376.7099914550781,379.57000732421875,373.8699951171875,378.1300048828125,0
2017-03-28,380.0400085449219,381.92999267578125,376.7099914550781,376.7099914550781,0
2017-03-29,384.80999755859375,384.80999755859375,379.9800109863281,380.0400085449219,0
2017-03-30,387.1600036621094,388.19000244140625,383.07000732421875,384.80999755859375,0
2017-03-31,388.2200012207031,389.07000732421875,384.739990234375,387.1600036621094,0
2017-04-03,385.6000061035156,390.07000732421875,385.29998779296875,388.2200012207031,0
2017-04-04,389.4100036621094,389.92999267578125,384.1700134277344,385.6000061035156,0
2017-04-05,390.7099914550781,394.0899963378906,389.4100036621094,389.4100036621094,0
2017-04-06,392.8399963378906,393.3599853515625,389.510009765625,390.7099914550781,0
2017-04-07,395.20001220703125,398.7799987792969,391.8800048828125,393.44000244140625,0
2017-04-10,398.8399963378906,398.9100036621094,395.6099853515625,395.7799987792969,0
2017-04-11,400.6300048828125,400.75,397.1099853515625,399.45001220703125,0
2017-04-12,400.05999755859375,403.0400085449219,398.8900146484375,401.25,0
2017-04-13,401.5799865722656,402.5400085449219,399.8500061035156,400.70001220703125,0
2017-04-17,399.30999755859375,401.5799865722656,399.0799865722656,401.5799865722656,0
2017-04-18,396.5400085449219,399.75,394.8999938964844,399.30999755859375,0
2017-04-19,388.8299865722656,398.0799865722656,387.69000244140625,396.5400085449219,0
2017-04-20,387.70001220703125,391.6099853515625,387.3399963378906,388.8299865722656,0
2017-04-21,383.0299987792969,388.7200012207031,381.54998779296875,387.70001220703125,0
2017-04-24,381.239990234375,385.9800109863281,380.1700134277344,383.0299987792969,0
2017-04-25,383.57000732421875,384.29998779296875,379.6700134277344,381.239990234375,0
2017-04-26,383.2900085449219,386.2099914550781,381.1099853515625,383.57000732421875,0
2017-04-27,380.3800048828125,383.2900085449219,377.1600036621094,383.2900085449219,0
2017-04-28,382.7699890136719,384.2099914550781,380.2300109863281,380.3800048828125,0
2017-05-01,381.6400146484375,383.30999755859375,380.4599914550781,382.7699890136719,0
2017-05-02,378.1400146484375,384.6600036621094,377.1400146484375,381.6400146484375,0
2017-05-03,378.79998779296875,380.0400085449219,376.2799987792969,378.1400146484375,0
2017-05-04,367.82000732421875,378.79998779296875,367.010009765625,378.79998779296875,0
2017-05-05,371.3900146484375,373.260009765625,361.2300109863281,368.0199890136719,0
2017-05-08,371.1000061035156,374.260009765625,368.0,371.3900146484375,0
2017-05-09,368.8800048828125,373.4599914550781,367.9800109863281,371.3699951171875,0
2017-05-10,375.5400085449219,376.989990234375,369.1400146484375,369.1400146484375,0
2017-05-11,378.2900085449219,379.7900085449219,375.7799987792969,375.7900085449219,0
2017-05-12,379.5,380.0899963378906,377.4800109863281,378.2900085449219,0
2017-05-15,382.6300048828125,387.2099914550781,378.9800109863281,379.5,0
2017-05-16,381.7699890136719,384.5,381.29998779296875,382.6300048828125,0
2017-05-17,384.3500061035156,386.1300048828125,379.19000244140625,381.7699890136719,0
2017-05-18,384.1099853515625,385.2099914550781,378.2200012207031,384.3500061035156,0
2017-05-19,391.0400085449219,391.2900085449219,384.0199890136719,384.1099853515625,0
2017-05-22,393.6700134277344,394.94000244140625,391.0400085449219,391.0400085449219,0
2017-05-23,393.0400085449219,394.0799865722656,390.6499938964844,393.6700134277344,0
2017-05-24,391.9200134277344,394.8800048828125,390.3599853515625,393.0400085449219,0
2017-05-25,383.1099853515625,394.92999267578125,381.79998779296875,391.9200134277344,0
2017-05-26,385.5,385.7200012207031,379.489990234375,383.1099853515625,0
2017-05-30,382.8599853515625,385.9200134277344,380.3900146484375,385.5,0
2017-05-31,377.8500061035156,383.6600036621094,375.6099853515625,382.8599853515625,0
2017-06-01,377.3599853515625,380.9200134277344,376.1700134277344,377.8500061035156,0
2017-06-02,374.3399963378906,377.3599853515625,370.0,377.3599853515625,0
2017-06-05,371.7200012207031,377.69000244140625,370.489990234375,374.3399963378906,0
2017-06-06,374.54998779296875,375.0400085449219,370.1400146484375,371.7200012207031,0
2017-06-07,366.989990234375,375.489990234375,366.7300109863281,374.94000244140625,0
2017-06-08,367.8999938964844,370.5400085449219,366.3500061035156,367.42999267578125,0
2017-06-09,369.80999755859375,371.32000732421875,366.6600036621094,368.32000732421875,0
2017-06-12,368.3500061035156,373.1199951171875,368.07000732421875,370.2300109863281,0
2017-06-13,369.8800048828125,370.3599853515625,366.8599853515625,368.7799987792969,0
2017-06-14,362.05999755859375,370.0899963378906,361.69000244140625,369.8800048828125,0
2017-06-15,361.8500061035156,362.6199951171875,359.79998779296875,362.05999755859375,0
2017-06-16,364.1700134277344,364.75,361.6199951171875,361.8500061035156,0
2017-06-19,361.3800048828125,365.1400146484375,360.8999938964844,364.1700134277344,0
2017-06-20,357.1000061035156,362.8999938964844,354.44000244140625,361.3800048828125,0
2017-06-21,352.70001220703125,359.7799987792969,351.1000061035156,357.1000061035156,0
2017-06-22,352.5199890136719,355.1199951171875,351.2300109863281,352.70001220703125,0
2017-06-23,353.79998779296875,354.8299865722656,351.9100036621094,352.5199890136719,0
2017-06-26,355.5,357.0,351.82000732421875,353.79998779296875,0
2017-06-27,359.6499938964844,361.3299865722656,355.5,355.5,0
2017-06-28,362.6099853515625,363.0199890136719,358.0199890136719,359.6499938964844,0
2017-06-29,365.3299865722656,367.42999267578125,362.6099853515625,362.6099853515625,0
2017-06-30,372.3800048828125,372.5400085449219,365.2099914550781,365.3299865722656,0
2017-07-03,377.7200012207031,378.0,372.3800048828125,372.3800048828125,0
2017-07-05,369.9200134277344,378.3999938964844,369.04998779296875,377.7200012207031,0
2017-07-06,371.30999755859375,374.67999267578125,369.1099853515625,369.9200134277344,0
2017-07-07,365.510009765625,371.30999755859375,363.4599914550781,371.30999755859375,0
2017-07-10,366.9200134277344,368.7900085449219,364.0899963378906,365.29998779296875,0
2017-07-11,370.25,370.9800109863281,363.45001220703125,366.75,0
2017-07-12,370.2200012207031,374.5799865722656,369.17999267578125,370.04998779296875,0
2017-07-13,370.3399963378906,372.010009765625,367.30999755859375,370.0,0
2017-07-14,373.4599914550781,374.25,369.45001220703125,370.1199951171875,0
2017-07-17,371.8999938964844,374.489990234375,371.7900085449219,373.4599914550781,0
2017-07-18,373.57000732421875,376.989990234375,371.57000732421875,371.8999938964844,0
2017-07-19,377.8999938964844,378.32000732421875,372.5400085449219,373.57000732421875,0
2017-07-20,376.8800048828125,380.67999267578125,376.3900146484375,377.8999938964844,0
2017-07-21,371.1700134277344,378.0899963378906,370.2699890136719,376.8800048828125,0
2017-07-24,371.2099914550781,372.510009765625,368.3900146484375,371.1700134277344,0
2017-07-25,376.8399963378906,377.6400146484375,371.2099914550781,371.2099914550781,0
2017-07-26,381.32000732421875,381.6000061035156,376.8399963378906,376.8399963378906,0
2017-07-27,383.92999267578125,384.6700134277344,380.4599914550781,381.32000732421875,0
2017-07-28,386.6199951171875,387.45001220703125,382.80999755859375,383.92999267578125,0
2017-07-31,388.07000732421875,388.45001220703125,384.3699951171875,386.6199951171875,0
2017-08-01,382.9599914550781,389.1199951171875,379.7699890136719,388.07000732421875,0
2017-08-02,385.7699890136719,385.95001220703125,380.9700012207031,382.9599914550781,0
2017-08-03,383.1700134277344,386.9800109863281,382.3699951171875,385.7699890136719,0
2017-08-04,384.510009765625,384.80999755859375,380.95001220703125,383.1700134277344,0
2017-08-07,384.79998779296875,385.7900085449219,381.25,384.7799987792969,0
2017-08-08,384.9100036621094,387.4200134277344,383.0299987792969,385.1000061035156,0
2017-08-09,386.8900146484375,387.4700012207031,383.79998779296875,385.20001220703125,0
2017-08-10,381.92999267578125,390.8699951171875,381.3800048828125,387.1400146484375,0
2017-08-11,383.0,383.7099914550781,379.19000244140625,382.1600036621094,0
2017-08-14,378.0199890136719,383.4200134277344,377.6700134277344,383.0,0
2017-08-15,376.6499938964844,378.1300048828125,374.30999755859375,378.0199890136719,0
2017-08-16,374.2900085449219,379.1199951171875,374.0199890136719,376.6499938964844,0
2017-08-17,374.8999938964844,375.4800109863281,371.8900146484375,374.2900085449219,0
2017-08-18,380.67999267578125,381.4200134277344,373.6499938964844,374.8999938964844,0
2017-08-21,376.5,381.82000732421875,375.45001220703125,380.67999267578125,0
2017-08-22,377.45001220703125,379.0400085449219,375.75,376.5,0
2017-08-23,379.989990234375,380.17999267578125,376.1700134277344,377.45001220703125,0
2017-08-24,378.989990234375,381.4700012207031,376.7900085449219,379.989990234375,0
2017-08-25,379.05999755859375,381.5799865722656,377.44000244140625,378.989990234375,0
2017-08-28,376.9599914550781,380.95001220703125,375.8900146484375,380.95001220703125,0
2017-08-29,377.4800109863281,378.989990234375,375.45001220703125,376.9599914550781,0
2017-08-30,375.8500061035156,378.3500061035156,375.0799865722656,377.4800109863281,0
2017-08-31,386.0,386.1499938964844,374.9800109863281,375.8500061035156,0
2017-09-01,386.3800048828125,386.5299987792969,382.9700012207031,386.0,0
2017-09-05,389.9700012207031,391.1499938964844,384.4800109863281,386.3800048828125,0
2017-09-06,392.42999267578125,393.0899963378906,388.4599914550781,389.9700012207031,0
2017-09-07,392.3399963378906,393.489990234375,391.010009765625,392.42999267578125,0
2017-09-08,387.17999267578125,394.1600036621094,386.45001220703125,392.3900146484375,0
2017-09-11,388.1600036621094,389.05999755859375,384.489990234375,387.30999755859375,0
2017-09-12,388.6499938964844,389.8500061035156,386.239990234375,388.3399963378906,0
2017-09-13,392.4100036621094,392.67999267578125,387.8299865722656,388.80999755859375,0
2017-09-14,394.2300109863281,396.8699951171875,391.7200012207031,392.54998779296875,0
2017-09-15,395.8999938964844,396.17999267578125,391.8299865722656,394.2300109863281,0
2017-09-18,394.94000244140625,397.8900146484375,392.7799987792969,395.8999938964844,0
2017-09-19,393.5,397.0799865722656,392.44000244140625,394.94000244140625,0
2017-09-20,398.70001220703125,399.5899963378906,393.5,393.5,0
2017-09-21,397.2699890136719,398.80999755859375,395.5899963378906,398.70001220703125,0
2017-09-22,398.0400085449219,398.42999267578125,396.32000732421875,397.2699890136719,0
2017-09-25,404.25,404.4800109863281,396.6300048828125,398.0400085449219,0
2017-09-26,401.57000732421875,406.1300048828125,399.6099853515625,404.25,0
2017-09-27,402.2699890136719,403.5299987792969,399.9599914550781,401.57000732421875,0
2017-09-28,400.20001220703125,404.6300048828125,398.67999267578125,402.2699890136719,0
2017-09-29,399.30999755859375,400.9599914550781,398.44000244140625,400.20001220703125,0
2017-10-02,393.9800109863281,399.3599853515625,392.010009765625,399.30999755859375,0
2017-10-03,393.8500061035156,395.2300109863281,392.25,393.9800109863281,0
2017-10-04,393.7300109863281,395.6499938964844,391.8399963378906,393.8500061035156,0
2017-10-05,398.70001220703125,400.2799987792969,393.3399963378906,393.7300109863281,0
2017-10-06,391.8500061035156,399.4100036621094,390.3699951171875,398.8699951171875,0
2017-10-09,392.4599914550781,393.1600036621094,390.489990234375,392.05999755859375,0
2017-10-10,398.510009765625,399.07000732421875,392.55999755859375,392.6700134277344,0
2017-10-11,399.6400146484375,399.9100036621094,397.32000732421875,398.69000244140625,0
2017-10-12,398.1000061035156,399.9100036621094,396.3699951171875,399.80999755859375,0
2017-10-13,402.79998779296875,403.6099853515625,398.1000061035156,398.1000061035156,0
2017-10-16,404.6600036621094,407.5400085449219,402.79998779296875,402.79998779296875,0
2017-10-17,403.239990234375,405.9800109863281,401.3500061035156,404.6600036621094,0
2017-10-18,403.32000732421875,404.7699890136719,401.7300109863281,403.239990234375,0
2017-10-19,401.0299987792969,404.3399963378906,399.55999755859375,403.32000732421875,0
2017-10-20,402.3800048828125,402.9800109863281,398.9200134277344,401.0299987792969,0
2017-10-23,402.94000244140625,404.30999755859375,402.30999755859375,402.3800048828125,0
2017-10-24,406.760009765625,406.9100036621094,401.739990234375,402.94000244140625,0
2017-10-25,406.44000244140625,408.2900085449219,405.0,406.760009765625,0
2017-10-26,408.5400085449219,408.8299865722656,404.75,406.44000244140625,0
2017-10-27,412.0400085449219,412.3399963378906,405.30999755859375,408.5400085449219,0
2017-10-30,413.79998779296875,414.7900085449219,412.0299987792969,412.0400085449219,0
2017-10-31,415.1400146484375,416.1099853515625,412.70001220703125,413.79998779296875,0
2017-11-01,415.1600036621094,419.6300048828125,413.32000732421875,415.1400146484375,0
2017-11-02,415.70001220703125,416.0799865722656,413.1499938964844,415.1600036621094,0
2017-11-03,420.5899963378906,421.04998779296875,415.3999938964844,415.70001220703125,0
2017-11-06,429.44000244140625,430.2699890136719,420.5899963378906,420.5899963378906,0
2017-11-07,427.5799865722656,431.0799865722656,426.6000061035156,430.1400146484375,0
2017-11-08,427.3900146484375,431.5,425.44000244140625,428.3299865722656,0
2017-11-09,429.19000244140625,430.80999755859375,426.92999267578125,428.1099853515625,0
2017-11-10,428.5899963378906,431.1700134277344,427.4599914550781,429.94000244140625,0
2017-11-13,428.5299987792969,430.6199951171875,426.92999267578125,429.3999938964844,0
2017-11-14,421.8399963378906,428.5299987792969,419.6700134277344,428.5299987792969,0
2017-11-15,420.6199951171875,421.8399963378906,418.2799987792969,421.8399963378906,0
2017-11-16,418.75,421.4200134277344,418.2200012207031,420.6199951171875,0
2017-11-17,425.3500061035156,425.760009765625,418.6400146484375,418.75,0
2017-11-20,422.82000732421875,425.3500061035156,419.8599853515625,425.3500061035156,0
2017-11-21,424.6600036621094,425.8999938964844,422.3800048828125,422.82000732421875,0
2017-11-22,429.0199890136719,429.2099914550781,424.6600036621094,424.6600036621094,0
2017-11-24,431.2300109863281,432.0899963378906,428.9800109863281,429.0199890136719,0
2017-11-27,429.6199951171875,431.69000244140625,427.07000732421875,431.2300109863281,0
2017-11-28,428.7900085449219,429.6199951171875,426.3699951171875,429.6199951171875,0
2017-11-29,426.1099853515625,430.42999267578125,423.8900146484375,428.7900085449219,0
2017-11-30,424.260009765625,428.5,422.70001220703125,426.1099853515625,0
2017-12-01,429.4800109863281,431.9800109863281,424.20001220703125,424.260009765625,0
2017-12-04,423.55999755859375,429.4800109863281,423.1499938964844,429.4800109863281,0
2017-12-05,422.739990234375,424.25,421.5299987792969,423.55999755859375,0
2017-12-06,414.6400146484375,422.75,414.489990234375,422.739990234375,0
2017-12-07,416.70001220703125,416.8999938964844,413.79998779296875,414.7200012207031,0
2017-12-08,420.3299865722656,422.0400085449219,416.260009765625,416.7699890136719,0
2017-12-11,423.3999938964844,424.0799865722656,418.8800048828125,420.3599853515625,0
2017-12-12,418.4800109863281,426.6199951171875,417.6499938964844,423.3500061035156,0
2017-12-13,415.8299865722656,421.7300109863281,415.5899963378906,418.4200134277344,0
2017-12-14,418.760009765625,419.05999755859375,414.3500061035156,415.8299865722656,0
2017-12-15,419.70001220703125,421.1099853515625,418.7200012207031,418.760009765625,0
2017-12-18,421.1099853515625,423.1199951171875,419.70001220703125,419.70001220703125,0
2017-12-19,422.82000732421875,423.5799865722656,420.7699890136719,421.1099853515625,0
2017-12-20,425.9800109863281,426.1600036621094,422.82000732421875,422.82000732421875,0
2017-12-21,427.79998779296875,427.79998779296875,424.3399963378906,425.9800109863281,0
2017-12-22,429.3399963378906,429.4599914550781,425.9200134277344,427.79998779296875,0
2017-12-26,437.260009765625,437.5400085449219,429.1700134277344,429.3399963378906,0
2017-12-27,437.5799865722656,438.29998779296875,434.5400085449219,437.260009765625,0
2017-12-28,439.8999938964844,440.0199890136719,437.0899963378906,437.5799865722656,0
2017-12-29,442.44000244140625,443.29998779296875,439.7900085449219,439.8999938964844,0
2018-01-02,442.7200012207031,444.6600036621094,441.5400085449219,442.44000244140625,0
2018-01-03,447.1400146484375,447.55999755859375,441.9200134277344,442.7200012207031,0
2018-01-04,447.8299865722656,449.42999267578125,446.5,447.1400146484375,0
2018-01-05,443.760009765625,448.1000061035156,442.6400146484375,447.8299865722656,0
2018-01-08,443.760009765625,445.57000732421875,442.510009765625,443.7699890136719,0
2018-01-09,448.3999938964844,449.32000732421875,443.489990234375,443.7900085449219,0
2018-01-10,450.45001220703125,451.9100036621094,448.3599853515625,448.3599853515625,0
2018-01-11,451.2200012207031,453.8999938964844,450.010009765625,450.3699951171875,0
2018-01-12,453.2300109863281,453.5199890136719,449.07000732421875,450.7300109863281,0
2018-01-16,450.9100036621094,455.1400146484375,449.5400085449219,453.2300109863281,0
2018-01-17,452.739990234375,453.489990234375,449.0899963378906,450.9100036621094,0
2018-01-18,453.1199951171875,453.8900146484375,450.5899963378906,452.739990234375,0
2018-01-19,450.3699951171875,453.1199951171875,449.25,453.1199951171875,0
2018-01-22,452.3500061035156,454.1300048828125,450.1300048828125,450.3699951171875,0
2018-01-23,455.6700134277344,456.5400085449219,452.239990234375,452.3500061035156,0
2018-01-24,461.3599853515625,462.2099914550781,455.3800048828125,455.6700134277344,0
2018-01-25,460.8599853515625,465.8299865722656,459.4200134277344,461.3599853515625,0
2018-01-26,463.45001220703125,464.4599914550781,459.0,460.8599853515625,0
2018-01-29,460.5899963378906,464.54998779296875,458.7200012207031,463.45001220703125,0
2018-01-30,456.6099853515625,460.6499938964844,454.9700012207031,460.5899963378906,0
2018-01-31,456.5299987792969,456.70001220703125,453.2699890136719,456.6099853515625,0
2018-02-01,460.2300109863281,461.05999755859375,455.3900146484375,456.5299987792969,0
2018-02-02,456.5299987792969,462.2200012207031,453.0400085449219,460.2300109863281,0
2018-02-05,451.6000061035156,456.5299987792969,449.8699951171875,456.5299987792969,0
2018-02-06,447.3800048828125,451.6000061035156,446.3800048828125,451.6000061035156,0
2018-02-07,440.3399963378906,451.3500061035156,438.69000244140625,447.79998779296875,0
2018-02-08,438.05999755859375,441.6199951171875,436.30999755859375,440.80999755859375,0
2018-02-09,428.5299987792969,438.5400085449219,424.5899963378906,438.5400085449219,0
2018-02-12,430.5,436.44000244140625,429.0199890136719,429.0199890136719,0
2018-02-13,431.70001220703125,433.3699951171875,428.5,431.04998779296875,0
2018-02-14,439.1400146484375,440.19000244140625,427.70001220703125,431.70001220703125,0
2018-02-15,441.5299987792969,443.1499938964844,435.1099853515625,439.1400146484375,0
2018-02-16,443.5899963378906,444.7200012207031,440.54998779296875,441.5299987792969,0
2018-02-20,444.2099914550781,447.760009765625,443.3599853515625,443.5899963378906,0
2018-02-21,444.57000732421875,445.1400146484375,440.4200134277344,444.2099914550781,0
2018-02-22,448.8399963378906,449.8299865722656,440.30999755859375,444.57000732421875,0
2018-02-23,451.5299987792969,451.94000244140625,446.4200134277344,448.8399963378906,0
2018-02-26,453.67999267578125,455.25,450.6400146484375,451.5299987792969,0
2018-02-27,450.0899963378906,454.5199890136719,449.0799865722656,453.67999267578125,0
2018-02-28,443.3800048828125,451.7099914550781,442.8299865722656,450.0899963378906,0
2018-03-01,441.0400085449219,444.0899963378906,436.6300048828125,443.3800048828125,0
2018-03-02,441.55999755859375,442.4700012207031,437.1700134277344,441.0400085449219,0
2018-03-05,447.5400085449219,448.3399963378906,440.42999267578125,441.55999755859375,0
2018-03-06,448.2200012207031,450.6700134277344,446.5400085449219,447.5400085449219,0
2018-03-07,441.5400085449219,448.2900085449219,439.7099914550781,448.2900085449219,0
2018-03-08,437.70001220703125,442.45001220703125,437.05999755859375,441.6000061035156,0
2018-03-09,444.3999938964844,444.6600036621094,437.04998779296875,437.7799987792969,0
2018-03-12,441.5,445.3900146484375,438.2099914550781,444.4100036621094,0
2018-03-13,440.57000732421875,445.19000244140625,438.8500061035156,441.5799865722656,0
2018-03-14,441.6099853515625,443.0799865722656,438.54998779296875,440.57000732421875,0
2018-03-15,441.32000732421875,443.1300048828125,439.95001220703125,441.6099853515625,0
2018-03-16,444.6300048828125,445.3299865722656,439.7699890136719,441.32000732421875,0
2018-03-19,441.2900085449219,444.6300048828125,439.32000732421875,444.6300048828125,0
2018-03-20,446.1499938964844,448.3999938964844,441.2900085449219,441.2900085449219,0
2018-03-21,453.4700012207031,454.25,446.1499938964844,446.1499938964844,0
2018-03-22,450.29998779296875,454.95001220703125,449.6199951171875,453.4700012207031,0
2018-03-23,455.1700134277344,455.5299987792969,449.55999755859375,450.29998779296875,0
2018-03-26,453.4200134277344,457.7699890136719,452.3399963378906,455.1700134277344,0
2018-03-27,453.04998779296875,457.4100036621094,451.1600036621094,453.4200134277344,0
2018-03-28,450.0299987792969,453.04998779296875,447.3599853515625,453.04998779296875,0
2018-03-29,452.94000244140625,454.3599853515625,449.0,450.0299987792969,0
2018-04-02,445.07000732421875,456.0899963378906,444.94000244140625,452.94000244140625,0
2018-04-03,446.8999938964844,448.7099914550781,444.8599853515625,445.07000732421875,0
2018-04-04,445.7200012207031,447.489990234375,439.29998779296875,446.9100036621094,0
2018-04-05,448.4599914550781,449.55999755859375,444.7200012207031,445.7200012207031,0
2018-04-06,443.7200012207031,449.2300109863281,442.55999755859375,448.70001220703125,0
2018-04-09,451.9100036621094,452.4100036621094,443.9100036621094,443.9700012207031,0
2018-04-10,461.1499938964844,462.1400146484375,451.20001220703125,452.1000061035156,0
2018-04-11,466.7200012207031,469.67999267578125,459.989990234375,461.260009765625,0
2018-04-12,466.8699951171875,467.4599914550781,462.44000244140625,466.8299865722656,0
2018-04-13,468.30999755859375,469.6099853515625,465.1199951171875,466.8699951171875,0
2018-04-16,464.510009765625,468.30999755859375,463.17999267578125,468.30999755859375,0
2018-04-17,464.8500061035156,466.6000061035156,461.54998779296875,464.510009765625,0
2018-04-18,474.7799987792969,475.489990234375,464.8500061035156,464.8500061035156,0
2018-04-19,474.0299987792969,479.7300109863281,472.7900085449219,474.7799987792969,0
2018-04-20,473.7699890136719,474.55999755859375,469.1199951171875,474.0299987792969,0
2018-04-23,473.5199890136719,474.8599853515625,467.69000244140625,473.7699890136719,0
2018-04-24,470.4200134277344,476.17999267578125,469.80999755859375,473.5199890136719,0
2018-04-25,472.0,472.1199951171875,467.9700012207031,470.4200134277344,0
2018-04-26,473.5299987792969,475.0299987792969,471.4100036621094,472.0,0
2018-04-27,473.1499938964844,473.95001220703125,470.8399963378906,473.5299987792969,0
2018-04-30,475.760009765625,478.6400146484375,469.8500061035156,473.1499938964844,0
2018-05-01,470.9200134277344,476.4700012207031,469.20001220703125,475.760009765625,0
2018-05-02,472.5199890136719,473.1499938964844,469.2200012207031,470.9200134277344,0
2018-05-03,474.2799987792969,474.8800048828125,469.7099914550781,472.5199890136719,0
2018-05-04,479.4599914550781,480.6400146484375,472.95001220703125,474.2799987792969,0
2018-05-07,482.54998779296875,483.4700012207031,479.0899963378906,479.3800048828125,0
2018-05-08,477.010009765625,482.489990234375,470.2900085449219,482.489990234375,0
2018-05-09,485.6400146484375,486.739990234375,476.92999267578125,476.92999267578125,0
2018-05-10,487.1400146484375,488.2300109863281,483.0899963378906,485.5299987792969,0
2018-05-11,484.42999267578125,487.4700012207031,483.69000244140625,487.010009765625,0
2018-05-14,486.7099914550781,487.3999938964844,482.239990234375,484.42999267578125,0
2018-05-15,487.510009765625,491.010009765625,483.6400146484375,486.7099914550781,0
2018-05-16,489.20001220703125,489.4200134277344,485.1300048828125,487.510009765625,0
2018-05-17,490.2200012207031,494.1400146484375,489.17999267578125,489.20001220703125,0
2018-05-18,489.1300048828125,492.20001220703125,488.82000732421875,490.2200012207031,0
2018-05-21,493.05999755859375,493.739990234375,489.0799865722656,489.1300048828125,0
2018-05-22,494.8299865722656,497.9800109863281,493.05999755859375,493.05999755859375,0
2018-05-23,495.1099853515625,495.29998779296875,490.3900146484375,494.8299865722656,0
2018-05-24,491.489990234375,495.3699951171875,491.0199890136719,495.1099853515625,0
2018-05-25,482.07000732421875,491.75,480.1499938964844,491.489990234375,0
2018-05-29,477.0799865722656,482.07000732421875,474.5799865722656,482.07000732421875,0
2018-05-30,483.69000244140625,484.260009765625,474.7699890136719,477.0799865722656,0
2018-05-31,481.42999267578125,486.5,479.5799865722656,483.69000244140625,0
2018-06-01,477.1099853515625,482.510009765625,476.7300109863281,481.42999267578125,0
2018-06-04,470.5,477.3699951171875,470.2200012207031,477.1099853515625,0
2018-06-05,472.20001220703125,472.760009765625,466.8500061035156,470.5,0
2018-06-06,471.2799987792969,475.4100036621094,469.1000061035156,472.20001220703125,0
2018-06-07,477.42999267578125,477.6600036621094,471.42999267578125,471.42999267578125,0
2018-06-08,476.1700134277344,478.2900085449219,474.260009765625,477.5400085449219,0
2018-06-11,475.3500061035156,477.45001220703125,472.5400085449219,476.2200012207031,0
2018-06-12,476.4700012207031,478.010009765625,474.3299865722656,475.3599853515625,0
2018-06-13,478.0199890136719,478.6700134277344,473.4599914550781,476.5,0
2018-06-14,474.1400146484375,478.1000061035156,473.19000244140625,478.0199890136719,0
2018-06-15,463.6199951171875,474.3999938964844,462.989990234375,474.1400146484375,0
2018-06-18,467.3900146484375,467.9100036621094,458.7300109863281,463.6199951171875,0
2018-06-19,462.6499938964844,467.3999938964844,459.0,467.3900146484375,0
2018-06-20,463.760009765625,466.17999267578125,460.6000061035156,462.6499938964844,0
2018-06-21,460.7300109863281,464.1600036621094,457.4800109863281,463.760009765625,0
2018-06-22,471.45001220703125,471.67999267578125,460.7300109863281,460.7300109863281,0
2018-06-25,466.2699890136719,471.45001220703125,465.17999267578125,471.45001220703125,0
2018-06-26,473.05999755859375,474.3999938964844,464.82000732421875,466.2699890136719,0
2018-06-27,481.2300109863281,482.5400085449219,473.05999755859375,473.05999755859375,0
2018-06-28,481.54998779296875,484.3800048828125,479.1099853515625,481.2300109863281,0
2018-06-29,487.44000244140625,488.3699951171875,479.79998779296875,481.54998779296875,0
2018-07-02,479.57000732421875,487.44000244140625,479.20001220703125,487.44000244140625,0
2018-07-03,481.0,485.7900085449219,477.1400146484375,479.57000732421875,0
2018-07-05,478.6099853515625,483.3500061035156,477.6600036621094,481.0,0
2018-07-06,480.7300109863281,481.0799865722656,474.7799987792969,478.6099853515625,0
2018-07-09,481.1099853515625,482.17999267578125,478.5400085449219,479.489990234375,0
2018-07-10,480.6400146484375,483.3599853515625,478.6600036621094,479.9800109863281,0
2018-07-11,459.3800048828125,479.2300109863281,458.239990234375,479.2300109863281,0
2018-07-12,461.4700012207031,462.8399963378906,455.3399963378906,458.4100036621094,0
2018-07-13,463.3699951171875,465.4200134277344,457.0400085449219,460.739990234375,0
2018-07-16,450.7300109863281,463.3800048828125,449.80999755859375,463.3699951171875,0
2018-07-17,451.5799865722656,453.510009765625,449.20001220703125,450.7300109863281,0
2018-07-18,454.29998779296875,455.2699890136719,448.2200012207031,451.5799865722656,0
2018-07-19,455.17999267578125,458.0799865722656,449.1199951171875,454.29998779296875,0
2018-07-20,457.5799865722656,459.2699890136719,453.7699890136719,455.17999267578125,0
2018-07-23,457.8699951171875,462.8500061035156,456.25,457.5799865722656,0
2018-07-24,460.6099853515625,463.04998779296875,456.1099853515625,457.8699951171875,0
2018-07-25,465.29998779296875,466.05999755859375,460.6099853515625,460.6099853515625,0
2018-07-26,467.010009765625,468.5199890136719,465.29998779296875,465.29998779296875,0
2018-07-27,464.6600036621094,468.07000732421875,462.75,467.010009765625,0
2018-07-30,469.4100036621094,470.739990234375,464.3999938964844,464.6600036621094,0
2018-07-31,464.8299865722656,469.6199951171875,464.5299987792969,469.4100036621094,0
2018-08-01,457.5199890136719,464.8299865722656,456.57000732421875,464.8299865722656,0
2018-08-02,462.0299987792969,463.7099914550781,455.010009765625,457.5199890136719,0
2018-08-03,462.1499938964844,464.19000244140625,459.8299865722656,462.0299987792969,0
2018-08-06,464.5,467.4700012207031,461.79998779296875,462.1499938964844,0
2018-08-07,466.6700134277344,469.32000732421875,463.6700134277344,464.29998779296875,0
2018-08-08,458.4100036621094,467.7799987792969,456.05999755859375,466.54998779296875,0
2018-08-09,457.1700134277344,460.3500061035156,456.7200012207031,458.3699951171875,0
2018-08-10,458.17999267578125,461.55999755859375,453.5799865722656,457.1300048828125,0
2018-08-13,455.0899963378906,458.8699951171875,449.010009765625,458.1099853515625,0
2018-08-14,454.989990234375,460.2799987792969,453.9700012207031,455.0899963378906,0
2018-08-15,445.1199951171875,455.0,443.3299865722656,454.989990234375,0
2018-08-16,449.3699951171875,449.54998779296875,443.32000732421875,445.1199951171875,0
2018-08-17,451.6300048828125,453.75,448.19000244140625,449.3699951171875,0
2018-08-20,452.3599853515625,453.8299865722656,450.4599914550781,451.6300048828125,0
2018-08-21,453.82000732421875,456.30999755859375,452.3599853515625,452.3599853515625,0
2018-08-22,460.3299865722656,461.489990234375,453.82000732421875,453.82000732421875,0
2018-08-23,459.29998779296875,460.92999267578125,457.30999755859375,460.3299865722656,0
2018-08-24,463.7900085449219,466.3900146484375,458.9800109863281,459.29998779296875,0
2018-08-27,465.05999755859375,465.3699951171875,461.489990234375,463.7900085449219,0
2018-08-28,463.3299865722656,467.6099853515625,462.5,465.05999755859375,0
2018-08-29,467.989990234375,468.9700012207031,461.94000244140625,463.3299865722656,0
2018-08-30,469.2900085449219,470.7799987792969,467.3599853515625,467.989990234375,0
2018-08-31,468.69000244140625,471.2699890136719,467.42999267578125,469.2900085449219,0
2018-09-04,468.1000061035156,474.6400146484375,466.0199890136719,468.69000244140625,0
2018-09-05,463.4800109863281,468.1000061035156,462.9800109863281,468.1000061035156,0
2018-09-06,459.7900085449219,465.239990234375,456.6199951171875,463.4800109863281,0
2018-09-07,461.0299987792969,461.54998779296875,457.1700134277344,459.7900085449219,0
2018-09-10,462.510009765625,465.29998779296875,461.0799865722656,461.0799865722656,0
2018-09-11,467.2799987792969,468.010009765625,461.3699951171875,462.5299987792969,0
2018-09-12,471.3900146484375,474.20001220703125,467.25,467.25,0
2018-09-13,464.2699890136719,471.3399963378906,463.3999938964844,471.3399963378906,0
2018-09-14,464.3800048828125,467.79998779296875,461.29998779296875,464.2799987792969,0
2018-09-17,463.4100036621094,466.8299865722656,462.5299987792969,464.489990234375,0
2018-09-18,467.79998779296875,470.3999938964844,461.510009765625,463.4100036621094,0
2018-09-19,471.95001220703125,472.17999267578125,466.9200134277344,467.79998779296875,0
2018-09-20,471.2699890136719,473.8299865722656,469.82000732421875,471.95001220703125,0
2018-09-21,473.8399963378906,477.7200012207031,470.8699951171875,471.2699890136719,0
2018-09-24,480.3599853515625,482.1499938964844,473.8399963378906,473.8399963378906,0
2018-09-25,482.5,483.7699890136719,479.5,480.3599853515625,0
2018-09-26,479.69000244140625,483.3399963378906,479.3599853515625,482.5,0
2018-09-27,481.239990234375,483.32000732421875,479.32000732421875,479.69000244140625,0
2018-09-28,486.2799987792969,488.3500061035156,480.95001220703125,481.239990234375,0
2018-10-01,496.0400085449219,497.67999267578125,485.1600036621094,486.2799987792969,0
2018-10-02,497.94000244140625,498.82000732421875,494.79998779296875,496.0400085449219,0
2018-10-03,502.54998779296875,504.3299865722656,495.17999267578125,497.94000244140625,0
2018-10-04,495.1600036621094,503.67999267578125,493.6300048828125,502.54998779296875,0
2018-10-05,494.30999755859375,497.2699890136719,492.9599914550781,495.0799865722656,0
2018-10-08,493.510009765625,494.2200012207031,488.3399963378906,494.2200012207031,0
2018-10-09,496.3900146484375,497.57000732421875,492.1499938964844,493.3599853515625,0
2018-10-10,488.3500061035156,497.0899963378906,487.4599914550781,496.239990234375,0
2018-10-11,478.6700134277344,488.2300109863281,477.1199951171875,488.2300109863281,0
2018-10-12,480.6600036621094,483.8999938964844,477.0400085449219,478.6700134277344,0
2018-10-15,483.94000244140625,485.3399963378906,479.29998779296875,480.6600036621094,0
2018-10-16,484.69000244140625,486.0299987792969,480.3399963378906,483.94000244140625,0
2018-10-17,477.989990234375,486.6300048828125,476.1300048828125,484.69000244140625,0
2018-10-18,472.79998779296875,478.69000244140625,471.9700012207031,477.989990234375,0
2018-10-19,474.7200012207031,478.57000732421875,472.1700134277344,472.79998779296875,0
2018-10-22,475.32000732421875,477.1499938964844,471.7799987792969,474.7200012207031,0
2018-10-23,464.0400085449219,476.4100036621094,461.44000244140625,475.32000732421875,0
2018-10-24,463.9200134277344,468.32000732421875,460.7699890136719,464.0400085449219,0
2018-10-25,465.1099853515625,466.6499938964844,460.5899963378906,463.9200134277344,0
2018-10-26,468.0799865722656,468.7900085449219,460.3299865722656,465.1099853515625,0
2018-10-29,465.4100036621094,470.1199951171875,464.3500061035156,468.0799865722656,0
2018-10-30,459.7699890136719,465.5299987792969,457.739990234375,465.4100036621094,0
2018-10-31,456.32000732421875,463.8399963378906,455.32000732421875,459.7699890136719,0
2018-11-01,450.82000732421875,457.8900146484375,449.1600036621094,456.32000732421875,0
2018-11-02,450.5400085449219,452.9700012207031,447.7799987792969,450.82000732421875,0
2018-11-05,451.2900085449219,455.260009765625,448.82000732421875,450.5400085449219,0
2018-11-06,446.9700012207031,451.989990234375,443.6199951171875,451.2900085449219,0
2018-11-07,447.2300109863281,452.8299865722656,444.6000061035156,447.6199951171875,0
2018-11-08,443.3500061035156,451.1099853515625,441.8800048828125,447.739990234375,0
2018-11-09,440.54998779296875,444.20001220703125,436.3999938964844,443.8999938964844,0
2018-11-12,441.4700012207031,446.67999267578125,440.5799865722656,441.04998779296875,0
2018-11-13,426.4200134277344,441.989990234375,424.4200134277344,441.989990234375,0
2018-11-14,432.8299865722656,436.0400085449219,423.92999267578125,426.4200134277344,0
2018-11-15,429.9800109863281,434.2099914550781,428.989990234375,432.8299865722656,0
2018-11-16,432.3800048828125,438.0,429.2099914550781,429.9800109863281,0
2018-11-19,435.239990234375,437.4100036621094,427.5299987792969,432.3800048828125,0
2018-11-20,418.3699951171875,435.6099853515625,414.7200012207031,435.239990234375,0
2018-11-21,422.1300048828125,427.75,418.3699951171875,418.3699951171875,0
2018-11-23,403.55999755859375,422.1300048828125,403.0199890136719,422.1300048828125,0
2018-11-26,407.8900146484375,409.6600036621094,402.6499938964844,403.55999755859375,0
2018-11-27,406.20001220703125,409.4700012207031,401.1700134277344,407.8900146484375,0
2018-11-28,404.3800048828125,409.9800109863281,403.69000244140625,406.20001220703125,0
2018-11-29,408.1300048828125,410.45001220703125,400.0199890136719,404.3800048828125,0
2018-11-30,406.5199890136719,409.69000244140625,400.4599914550781,408.1300048828125,0
2018-12-03,414.760009765625,419.5799865722656,406.5199890136719,406.5199890136719,0
2018-12-04,417.05999755859375,422.4800109863281,414.760009765625,414.760009765625,0
2018-12-06,407.67999267578125,416.2900085449219,402.010009765625,415.75,0
2018-12-07,416.2099914550781,422.8699951171875,404.95001220703125,407.739990234375,0
2018-12-10,408.3500061035156,417.510009765625,407.2799987792969,416.239990234375,0
2018-12-11,409.54998779296875,413.0400085449219,406.6400146484375,408.30999755859375,0
2018-12-12,407.9200134277344,414.1099853515625,407.32000732421875,409.54998779296875,0
2018-12-13,412.9100036621094,413.3800048828125,404.7300109863281,407.9700012207031,0
2018-12-14,406.0899963378906,413.3699951171875,404.9700012207031,412.9100036621094,0
2018-12-17,400.4800109863281,408.4800109863281,397.9200134277344,406.0899963378906,0
2018-12-18,387.8699951171875,400.4800109863281,386.1199951171875,400.4800109863281,0
2018-12-19,392.6300048828125,394.0,386.5799865722656,387.8699951171875,0
2018-12-20,381.7799987792969,392.6300048828125,381.489990234375,392.6300048828125,0
2018-12-21,380.32000732421875,385.989990234375,377.20001220703125,381.7799987792969,0
2018-12-24,367.2900085449219,382.8399963378906,366.9599914550781,380.32000732421875,0
2018-12-26,380.2300109863281,381.4200134277344,365.94000244140625,367.2900085449219,0
2018-12-27,374.1700134277344,381.80999755859375,373.5299987792969,380.2300109863281,0
2018-12-28,374.9800109863281,380.3399963378906,371.8399963378906,374.1700134277344,0
2018-12-31,374.3299865722656,379.7900085449219,370.9200134277344,374.9800109863281,0
2019-01-02,377.9100036621094,384.4700012207031,369.54998779296875,374.3299865722656,0
2019-01-03,381.20001220703125,382.6099853515625,373.42999267578125,377.9100036621094,0
2019-01-04,386.79998779296875,391.6499938964844,379.7099914550781,381.20001220703125,0
2019-01-07,389.19000244140625,394.67999267578125,386.79998779296875,386.79998779296875,0
2019-01-08,394.4700012207031,395.510009765625,388.3900146484375,389.4800109863281,0
2019-01-09,405.3599853515625,406.3999938964844,394.6600036621094,394.6600036621094,0
2019-01-10,405.7699890136719,406.6600036621094,401.9100036621094,405.510009765625,0
2019-01-11,402.92999267578125,409.7799987792969,401.0899963378906,405.9200134277344,0
2019-01-14,399.6400146484375,405.3599853515625,398.6499938964844,403.1199951171875,0
2019-01-15,404.3999938964844,405.1300048828125,399.6400146484375,399.6400146484375,0
2019-01-16,406.2699890136719,407.260009765625,402.7300109863281,404.3999938964844,0
2019-01-17,406.04998779296875,407.4200134277344,401.2200012207031,406.2699890136719,0
2019-01-18,413.20001220703125,413.44000244140625,406.04998779296875,406.04998779296875,0
2019-01-22,406.6000061035156,413.6400146484375,403.5199890136719,413.20001220703125,0
2019-01-23,405.75,410.7300109863281,402.70001220703125,406.6000061035156,0
2019-01-24,406.6499938964844,408.32000732421875,403.2200012207031,405.75,0
2019-01-25,409.69000244140625,410.260009765625,405.3399963378906,406.6499938964844,0
2019-01-28,401.2799987792969,409.69000244140625,399.3599853515625,409.69000244140625,0
2019-01-29,407.1000061035156,409.0199890136719,400.75,401.2799987792969,0
2019-01-30,410.3800048828125,413.29998779296875,406.3999938964844,407.1000061035156,0
2019-01-31,407.8900146484375,415.1199951171875,407.2200012207031,410.3800048828125,0
2019-02-01,413.29998779296875,414.57000732421875,405.69000244140625,407.8900146484375,0
2019-02-04,412.6700134277344,416.0299987792969,406.6199951171875,413.29998779296875,0
2019-02-05,410.2099914550781,414.8800048828125,409.4800109863281,412.6700134277344,0
2019-02-06,412.0,412.8299865722656,406.8999938964844,410.2099914550781,0
2019-02-07,406.17999267578125,412.9700012207031,402.79998779296875,412.69000244140625,0
2019-02-08,407.8900146484375,409.55999755859375,404.739990234375,406.8900146484375,0
2019-02-11,406.2699890136719,408.8299865722656,402.9599914550781,408.57000732421875,0
2019-02-12,410.3599853515625,413.80999755859375,406.9599914550781,406.9599914550781,0
2019-02-13,414.69000244140625,416.6700134277344,411.05999755859375,411.07000732421875,0
2019-02-14,416.239990234375,418.6199951171875,412.05999755859375,414.69000244140625,0
2019-02-15,423.3999938964844,423.94000244140625,416.239990234375,416.239990234375,0
2019-02-19,424.2099914550781,425.5799865722656,421.8299865722656,423.3999938964844,0
2019-02-20,427.1000061035156,428.510009765625,421.4700012207031,424.2099914550781,0
2019-02-21,428.19000244140625,428.69000244140625,425.989990234375,427.1000061035156,0
2019-02-22,429.45001220703125,431.54998779296875,427.4200134277344,428.19000244140625,0
2019-02-25,420.5299987792969,431.20001220703125,419.44000244140625,429.45001220703125,0
2019-02-26,421.510009765625,423.2699890136719,418.510009765625,420.5299987792969,0
2019-02-27,426.7699890136719,428.3599853515625,421.510009765625,421.510009765625,0
2019-02-28,426.3500061035156,427.9100036621094,424.260009765625,426.7699890136719,0
2019-03-01,421.3500061035156,429.1000061035156,419.0400085449219,426.3500061035156,0
2019-03-04,423.04998779296875,426.2300109863281,420.8800048828125,421.3500061035156,0
2019-03-05,424.3900146484375,425.67999267578125,421.0799865722656,423.04998779296875,0
2019-03-06,422.7200012207031,424.3900146484375,420.239990234375,424.3900146484375,0
2019-03-07,423.3699951171875,425.94000244140625,421.8800048828125,423.1099853515625,0
2019-03-08,421.8399963378906,423.739990234375,415.1499938964844,423.739990234375,0
2019-03-11,423.7900085449219,425.45001220703125,422.1199951171875,422.1600036621094,0
2019-03-12,426.04998779296875,428.1000061035156,424.1000061035156,424.1000061035156,0
2019-03-13,431.489990234375,432.19000244140625,426.3900146484375,426.3900146484375,0
2019-03-14,431.80999755859375,433.6199951171875,430.1499938964844,431.489990234375,0
2019-03-15,432.4800109863281,433.57000732421875,427.54998779296875,431.80999755859375,0
2019-03-18,434.5199890136719,435.0899963378906,430.4800109863281,432.4800109863281,0
2019-03-19,435.3800048828125,437.82000732421875,433.0400085449219,434.5199890136719,0
2019-03-20,439.489990234375,439.7900085449219,433.20001220703125,435.3800048828125,0
2019-03-21,438.4100036621094,440.6199951171875,436.9599914550781,439.489990234375,0
2019-03-22,434.1700134277344,439.0799865722656,430.9200134277344,438.4100036621094,0
2019-03-25,434.2900085449219,436.32000732421875,431.3699951171875,434.1700134277344,0
2019-03-26,437.1099853515625,439.0899963378906,434.2900085449219,434.2900085449219,0
2019-03-27,434.739990234375,437.75,431.9800109863281,437.1099853515625,0
2019-03-28,432.79998779296875,434.739990234375,429.0199890136719,434.739990234375,0
2019-03-29,434.1300048828125,438.94000244140625,432.79998779296875,432.79998779296875,0
2019-04-01,439.70001220703125,440.2699890136719,434.1300048828125,434.1300048828125,0
2019-04-02,442.69000244140625,443.17999267578125,438.8299865722656,439.70001220703125,0
2019-04-03,443.510009765625,445.1700134277344,441.4800109863281,442.69000244140625,0
2019-04-04,443.92999267578125,446.1400146484375,441.989990234375,443.510009765625,0
2019-04-05,447.2699890136719,447.739990234375,442.19000244140625,444.1600036621094,0
2019-04-08,451.44000244140625,451.67999267578125,447.4700012207031,447.4700012207031,0
2019-04-09,449.67999267578125,453.1199951171875,448.489990234375,451.57000732421875,0
2019-04-10,453.8399963378906,453.94000244140625,449.8500061035156,449.8500061035156,0
2019-04-11,449.8500061035156,454.0299987792969,448.95001220703125,454.0299987792969,0
2019-04-12,452.4700012207031,454.07000732421875,449.8500061035156,449.8500061035156,0
2019-04-15,450.07000732421875,452.4700012207031,449.0199890136719,452.4700012207031,0
2019-04-16,450.9700012207031,451.2699890136719,447.6099853515625,450.07000732421875,0
2019-04-17,449.8599853515625,453.5799865722656,449.6499938964844,450.9700012207031,0
2019-04-18,450.8500061035156,450.9700012207031,447.7699890136719,449.8599853515625,0
2019-04-22,456.25,458.6700134277344,450.8500061035156,450.8500061035156,0
2019-04-23,457.17999267578125,458.2799987792969,455.82000732421875,456.25,0
2019-04-24,455.0899963378906,457.29998779296875,454.44000244140625,457.17999267578125,0
2019-04-25,452.8299865722656,457.1499938964844,451.739990234375,455.0899963378906,0
2019-04-26,445.3399963378906,452.8299865722656,442.0400085449219,452.8299865722656,0
2019-04-29,444.82000732421875,446.4200134277344,441.75,445.3399963378906,0
2019-04-30,446.45001220703125,450.1400146484375,443.54998779296875,444.82000732421875,0
2019-05-01,446.3900146484375,447.0199890136719,442.6300048828125,446.45001220703125,0
2019-05-02,440.2300109863281,446.6600036621094,436.6499938964844,446.3900146484375,0
2019-05-03,440.8299865722656,443.17999267578125,438.32000732421875,440.2300109863281,0
2019-05-06,439.6600036621094,441.3299865722656,432.05999755859375,440.8299865722656,0
2019-05-07,435.1400146484375,440.1600036621094,432.25,439.45001220703125,0
2019-05-08,436.7799987792969,438.20001220703125,433.25,434.9599914550781,0
2019-05-09,434.0,436.7099914550781,430.5,436.55999755859375,0
2019-05-10,434.3399963378906,437.57000732421875,433.2099914550781,433.69000244140625,0
2019-05-13,431.4700012207031,439.9100036621094,430.0299987792969,434.04998779296875,0
2019-05-14,436.8900146484375,438.2099914550781,430.7099914550781,431.5,0
2019-05-15,439.6300048828125,441.7300109863281,434.6499938964844,436.8900146484375,0
2019-05-16,445.1499938964844,446.8699951171875,439.6300048828125,439.6300048828125,0
2019-05-17,443.0,447.32000732421875,441.42999267578125,445.1499938964844,0
2019-05-20,443.489990234375,447.7200012207031,442.2300109863281,443.0,0
2019-05-21,443.1199951171875,445.92999267578125,441.80999755859375,443.489990234375,0
2019-05-22,436.07000732421875,443.1199951171875,434.7099914550781,443.1199951171875,0
2019-05-23,422.69000244140625,436.1499938964844,420.989990234375,436.07000732421875,0
2019-05-24,427.1300048828125,427.79998779296875,422.3999938964844,422.69000244140625,0
2019-05-28,432.0,433.6000061035156,427.1300048828125,427.1300048828125,0
2019-05-29,429.510009765625,432.95001220703125,424.1400146484375,432.0,0
2019-05-30,421.8800048828125,431.239990234375,420.9100036621094,429.510009765625,0
2019-05-31,407.760009765625,421.989990234375,407.010009765625,421.8800048828125,0
2019-06-03,405.260009765625,411.4599914550781,403.010009765625,407.760009765625,0
2019-06-04,406.9599914550781,407.7900085449219,401.8299865722656,405.260009765625,0
2019-06-05,398.55999755859375,406.9599914550781,394.8999938964844,406.9599914550781,0
2019-06-06,402.92999267578125,405.0199890136719,397.19000244140625,398.55999755859375,0
2019-06-07,407.1700134277344,408.8500061035156,402.5400085449219,402.8900146484375,0
2019-06-10,405.6700134277344,410.0,404.82000732421875,407.1700134277344,0
2019-06-11,407.3500061035156,408.510009765625,405.17999267578125,405.7099914550781,0
2019-06-12,399.7799987792969,407.4100036621094,398.3900146484375,407.4100036621094,0
2019-06-13,405.010009765625,409.0299987792969,399.1199951171875,399.8599853515625,0
2019-06-14,406.9599914550781,408.67999267578125,403.0899963378906,405.010009765625,0
2019-06-17,404.55999755859375,408.8299865722656,403.6400146484375,406.9599914550781,0
2019-06-18,410.4100036621094,413.0,401.3800048828125,404.55999755859375,0
2019-06-19,408.489990234375,411.8999938964844,407.3699951171875,410.4100036621094,0
2019-06-20,420.1600036621094,422.0899963378906,408.489990234375,408.489990234375,0
2019-06-21,421.1600036621094,424.7799987792969,418.54998779296875,420.1600036621094,0
2019-06-24,422.80999755859375,424.6499938964844,419.4599914550781,421.2699890136719,0
2019-06-25,424.6300048828125,426.45001220703125,420.9200134277344,422.80999755859375,0
2019-06-26,430.8699951171875,432.7699890136719,424.6300048828125,424.6300048828125,0
2019-06-27,430.54998779296875,431.5,427.7699890136719,430.8699951171875,0
2019-06-28,425.3599853515625,432.0199890136719,423.3999938964844,430.54998779296875,0
2019-07-01,425.44000244140625,432.70001220703125,422.5,425.3599853515625,0
2019-07-02,414.5,427.29998779296875,413.989990234375,425.44000244140625,0
2019-07-03,421.0,421.2699890136719,413.4700012207031,414.5,0
2019-07-05,422.3399963378906,422.94000244140625,417.1000061035156,421.0,0
2019-07-08,421.5400085449219,425.45001220703125,420.6000061035156,422.07000732421875,0
2019-07-09,422.3500061035156,422.6199951171875,418.69000244140625,421.30999755859375,0
2019-07-10,434.1199951171875,434.3500061035156,421.9200134277344,421.9200134277344,0
2019-07-11,433.6000061035156,436.7699890136719,432.7300109863281,433.8599853515625,0
2019-07-12,434.6300048828125,435.75,432.94000244140625,433.3599853515625,0
2019-07-15,430.92999267578125,436.2799987792969,430.3299865722656,434.6300048828125,0
2019-07-16,423.0199890136719,432.239990234375,421.260009765625,430.92999267578125,0
2019-07-17,419.8900146484375,426.0199890136719,419.1700134277344,423.0199890136719,0
2019-07-18,412.6000061035156,422.1600036621094,410.55999755859375,419.8900146484375,0
2019-07-19,415.9200134277344,418.3599853515625,412.6000061035156,412.6000061035156,0
2019-07-22,416.8599853515625,420.989990234375,415.9200134277344,415.9200134277344,0
2019-07-23,419.739990234375,420.3800048828125,415.239990234375,416.8599853515625,0
2019-07-24,417.7200012207031,424.1000061035156,415.7900085449219,419.739990234375,0
2019-07-25,417.4599914550781,421.32000732421875,417.0899963378906,417.7200012207031,0
2019-07-26,416.69000244140625,418.760009765625,415.2200012207031,417.4599914550781,0
2019-07-29,418.5199890136719,419.04998779296875,415.2900085449219,416.69000244140625,0
2019-07-30,421.6499938964844,422.55999755859375,418.1499938964844,418.5199890136719,0
2019-07-31,422.44000244140625,424.67999267578125,420.25,421.6499938964844,0
2019-08-01,403.1700134277344,422.44000244140625,401.75,422.44000244140625,0
2019-08-02,407.6700134277344,410.4200134277344,403.1700134277344,403.1700134277344,0
2019-08-05,401.8999938964844,407.6700134277344,400.1400146484375,407.6700134277344,0
2019-08-06,397.5199890136719,404.7699890136719,397.05999755859375,401.8999938964844,0
2019-08-07,387.4700012207031,398.2099914550781,385.82000732421875,397.30999755859375,0
2019-08-08,394.25,395.4700012207031,387.260009765625,387.260009765625,0
2019-08-09,399.7300109863281,401.67999267578125,393.1000061035156,394.0199890136719,0
2019-08-12,397.1499938964844,400.45001220703125,396.1099853515625,399.4800109863281,0
2019-08-13,405.54998779296875,407.20001220703125,394.2900085449219,397.04998779296875,0
2019-08-14,398.07000732421875,405.54998779296875,394.1400146484375,405.54998779296875,0
2019-08-15,394.5199890136719,398.8800048828125,392.32000732421875,398.07000732421875,0
2019-08-16,395.8800048828125,398.8800048828125,394.0400085449219,394.5199890136719,0
2019-08-19,399.3399963378906,399.6199951171875,395.05999755859375,395.8800048828125,0
2019-08-20,399.8599853515625,401.3399963378906,396.45001220703125,399.3399963378906,0
2019-08-21,400.0199890136719,404.6000061035156,399.6700134277344,399.8599853515625,0
2019-08-22,397.9800109863281,402.30999755859375,396.5299987792969,400.0199890136719,0
2019-08-23,393.3599853515625,399.0400085449219,389.8399963378906,397.9800109863281,0
2019-08-26,392.510009765625,398.05999755859375,390.0199890136719,393.3599853515625,0
2019-08-27,396.0299987792969,396.4100036621094,392.1499938964844,392.510009765625,0
2019-08-28,400.3699951171875,402.4800109863281,396.0299987792969,396.0299987792969,0
2019-08-29,403.6099853515625,404.1700134277344,399.1099853515625,400.3699951171875,0
2019-08-30,397.05999755859375,403.7900085449219,395.0899963378906,403.6099853515625,0
2019-09-03,392.44000244140625,397.1300048828125,388.489990234375,397.05999755859375,0
2019-09-04,403.7200012207031,404.739990234375,392.2099914550781,392.44000244140625,0
2019-09-05,404.2699890136719,409.5199890136719,402.17999267578125,403.7200012207031,0
2019-09-06,404.4700012207031,405.8900146484375,397.70001220703125,404.2699890136719,0
2019-09-09,409.67999267578125,411.1000061035156,404.4100036621094,404.4100036621094,0
2019-09-10,410.3900146484375,413.80999755859375,409.1499938964844,409.5799865722656,0
2019-09-11,404.20001220703125,413.3599853515625,403.5,410.3399963378906,0
2019-09-12,403.44000244140625,406.5799865722656,396.9800109863281,404.2300109863281,0
2019-09-13,403.8299865722656,405.9800109863281,400.8999938964844,403.5299987792969,0
2019-09-16,436.0799865722656,437.3500061035156,403.94000244140625,403.94000244140625,0
2019-09-17,420.6499938964844,436.0799865722656,417.6700134277344,436.0799865722656,0
2019-09-18,417.010009765625,421.8500061035156,414.989990234375,420.6499938964844,0
2019-09-19,418.5199890136719,423.05999755859375,416.04998779296875,417.010009765625,0
2019-09-20,417.4100036621094,422.2200012207031,416.8699951171875,418.5199890136719,0
2019-09-23,420.3800048828125,420.44000244140625,414.4100036621094,417.4100036621094,0
2019-09-24,414.79998779296875,420.3800048828125,413.3699951171875,420.3800048828125,0
2019-09-25,411.7200012207031,414.79998779296875,407.45001220703125,414.79998779296875,0
2019-09-26,411.3900146484375,413.75,407.0199890136719,411.7200012207031,0
2019-09-27,409.6000061035156,412.5899963378906,404.75,411.3900146484375,0
2019-09-30,403.6099853515625,410.4700012207031,403.30999755859375,409.6000061035156,0
2019-10-01,402.30999755859375,406.2200012207031,370.1300048828125,403.6099853515625,0
2019-10-02,397.17999267578125,404.75,395.3399963378906,402.30999755859375,0
2019-10-03,397.3599853515625,398.4100036621094,390.8500061035156,397.17999267578125,0
2019-10-04,399.4700012207031,401.6300048828125,397.1400146484375,397.3599853515625,0
2019-10-07,399.2099914550781,403.7200012207031,398.42999267578125,399.2699890136719,0
2019-10-08,399.489990234375,400.5799865722656,394.6700134277344,399.07000732421875,0
2019-10-09,400.17999267578125,404.3800048828125,398.260009765625,399.3699951171875,0
2019-10-10,402.1600036621094,403.3800048828125,397.8599853515625,400.04998779296875,0
2019-10-11,409.4200134277344,409.80999755859375,401.95001220703125,402.0400085449219,0
2019-10-14,405.25,410.5400085449219,402.45001220703125,409.4200134277344,0
2019-10-15,403.3800048828125,406.8299865722656,400.95001220703125,405.25,0
2019-10-16,405.32000732421875,406.3800048828125,401.6400146484375,403.3800048828125,0
2019-10-17,407.0899963378906,407.42999267578125,402.9599914550781,405.32000732421875,0
2019-10-18,406.70001220703125,409.3500061035156,404.82000732421875,407.0899963378906,0
2019-10-21,404.010009765625,407.6199951171875,402.19000244140625,406.70001220703125,0
2019-10-22,406.8999938964844,409.2200012207031,403.29998779296875,404.010009765625,0
2019-10-23,412.75,413.1700134277344,403.3800048828125,406.44000244140625,0
2019-10-24,414.489990234375,415.4599914550781,411.04998779296875,412.75,0
2019-10-25,416.2300109863281,416.4800109863281,411.7300109863281,414.489990234375,0
2019-10-28,414.0299987792969,417.5899963378906,412.8699951171875,416.2300109863281,0
2019-10-29,413.9700012207031,415.489990234375,410.25,414.0299987792969,0
2019-10-30,411.7300109863281,414.9200134277344,410.2300109863281,413.9700012207031,0
2019-10-31,407.510009765625,413.6600036621094,404.9700012207031,411.7300109863281,0
2019-11-01,416.8800048828125,417.19000244140625,407.010009765625,407.510009765625,0
2019-11-04,419.20001220703125,422.1600036621094,416.05999755859375,416.8800048828125,0
2019-11-05,421.92999267578125,422.6700134277344,418.4100036621094,419.20001220703125,0
2019-11-06,416.92999267578125,423.4700012207031,416.25,421.92999267578125,0
2019-11-07,418.70001220703125,421.1099853515625,416.5299987792969,417.29998779296875,0
2019-11-08,419.1099853515625,420.010009765625,412.3299865722656,419.0899963378906,0
2019-11-11,416.5199890136719,419.5299987792969,414.82000732421875,419.5299987792969,0
2019-11-12,417.32000732421875,419.4599914550781,415.9100036621094,416.9700012207031,0
2019-11-13,418.0299987792969,419.44000244140625,414.489990234375,417.82000732421875,0
2019-11-14,417.1499938964844,421.3599853515625,416.7300109863281,418.0299987792969,0
2019-11-15,420.5,421.7900085449219,414.8699951171875,417.1499938964844,0
2019-11-18,415.6499938964844,421.4800109863281,414.1099853515625,420.5,0
2019-11-19,409.6700134277344,416.07000732421875,409.0799865722656,415.6499938964844,0
2019-11-20,415.3800048828125,417.0199890136719,407.5,409.6700134277344,0
2019-11-21,420.82000732421875,421.07000732421875,413.19000244140625,415.3800048828125,0
2019-11-22,418.92999267578125,422.489990234375,417.82000732421875,420.82000732421875,0
2019-11-25,420.0199890136719,420.5,416.510009765625,418.92999267578125,0
2019-11-26,422.05999755859375,422.2099914550781,418.9200134277344,420.0199890136719,0
2019-11-27,420.3399963378906,423.6499938964844,418.5799865722656,422.05999755859375,0
2019-11-29,409.19000244140625,420.4700012207031,408.67999267578125,420.3399963378906,0
2019-12-02,410.7900085449219,415.2900085449219,409.19000244140625,409.19000244140625,0
2019-12-03,410.75,413.2699890136719,408.6300048828125,410.7900085449219,0
2019-12-04,418.75,419.8299865722656,410.75,410.75,0
2019-12-05,419.6600036621094,422.2900085449219,417.8500061035156,418.75,0
2019-12-06,422.739990234375,425.3800048828125,417.30999755859375,419.45001220703125,0
2019-12-09,421.6400146484375,422.6099853515625,418.94000244140625,422.5199890136719,0
2019-12-10,423.20001220703125,424.05999755859375,419.67999267578125,421.45001220703125,0
2019-12-11,420.2799987792969,423.0299987792969,417.92999267578125,423.0299987792969,0
2019-12-12,423.6400146484375,425.6400146484375,420.1099853515625,420.1099853515625,0
2019-12-13,428.04998779296875,431.2699890136719,423.6400146484375,423.6400146484375,0
2019-12-16,431.0899963378906,431.95001220703125,427.1600036621094,428.04998779296875,0
2019-12-17,433.79998779296875,434.30999755859375,430.29998779296875,431.0899963378906,0
2019-12-18,433.1099853515625,434.3399963378906,431.0899963378906,433.79998779296875,0
2019-12-19,434.9599914550781,435.7900085449219,432.739990234375,433.1099853515625,0
2019-12-20,433.29998779296875,435.82000732421875,431.8900146484375,434.9599914550781,0
2019-12-23,433.0400085449219,434.010009765625,431.5199890136719,433.29998779296875,0
2019-12-24,435.989990234375,436.510009765625,433.0,433.0400085449219,0
2019-12-26,439.70001220703125,439.9800109863281,435.95001220703125,435.989990234375,0
2019-12-27,440.2699890136719,441.1600036621094,438.6499938964844,439.70001220703125,0
2019-12-30,439.5799865722656,443.3399963378906,437.0899963378906,440.2699890136719,0
2019-12-31,436.2200012207031,440.20001220703125,435.2699890136719,439.5799865722656,0
2020-01-02,436.82000732421875,438.3500061035156,434.9100036621094,436.2200012207031,0
2020-01-03,443.3500061035156,448.19000244140625,436.82000732421875,436.82000732421875,0
2020-01-06,444.6300048828125,451.05999755859375,443.1499938964844,443.3500061035156,0
2020-01-07,442.3500061035156,444.6300048828125,439.79998779296875,444.6300048828125,0
2020-01-08,431.0400085449219,453.1600036621094,429.1400146484375,442.3500061035156,0
2020-01-09,430.6000061035156,433.2699890136719,427.6400146484375,431.0899963378906,0
2020-01-10,430.1199951171875,432.0299987792969,429.0,430.6499938964844,0
2020-01-13,426.2699890136719,430.7799987792969,425.2900085449219,430.1600036621094,0
2020-01-14,427.7200012207031,429.5199890136719,424.739990234375,426.3800048828125,0
2020-01-15,425.45001220703125,428.42999267578125,424.0,427.7200012207031,0
2020-01-16,425.8399963378906,427.75,424.2799987792969,425.45001220703125,0
2020-01-17,426.9100036621094,427.6600036621094,425.1400146484375,425.8399963378906,0
2020-01-21,425.1400146484375,428.30999755859375,423.0799865722656,426.9100036621094,0
2020-01-22,418.5299987792969,425.25,417.70001220703125,425.1400146484375,0
2020-01-23,413.6499938964844,418.5299987792969,410.7099914550781,418.5299987792969,0
2020-01-24,406.2699890136719,415.1099853515625,405.0799865722656,413.6499938964844,0
2020-01-27,398.3399963378906,406.2699890136719,395.7799987792969,406.2699890136719,0
2020-01-28,400.3900146484375,402.30999755859375,395.5799865722656,398.3399963378906,0
2020-01-29,398.75,403.9800109863281,397.5,400.3900146484375,0
2020-01-30,392.0199890136719,398.75,390.0199890136719,398.75,0
2020-01-31,388.79998779296875,396.9599914550781,386.8599853515625,392.0199890136719,0
2020-02-03,381.3500061035156,389.3599853515625,380.1300048828125,388.79998779296875,0
2020-02-04,380.3299865722656,388.0,380.04998779296875,381.3500061035156,0
2020-02-05,386.2799987792969,390.239990234375,380.3299865722656,380.3299865722656,0
2020-02-06,387.19000244140625,392.1300048828125,383.70001220703125,386.2799987792969,0
2020-02-07,386.20001220703125,389.7099914550781,384.67999267578125,387.8599853515625,0
2020-02-10,382.17999267578125,387.20001220703125,381.7900085449219,386.8399963378906,0
2020-02-11,384.55999755859375,387.6300048828125,382.7799987792969,382.7799987792969,0
2020-02-12,392.0400085449219,393.3399963378906,385.1700134277344,385.1700134277344,0
2020-02-13,394.010009765625,395.70001220703125,389.7900085449219,392.55999755859375,0
2020-02-14,396.2300109863281,397.6700134277344,393.0400085449219,394.010009765625,0
2020-02-18,398.3399963378906,398.54998779296875,392.8900146484375,396.2300109863281,0
2020-02-19,403.6400146484375,404.239990234375,397.54998779296875,398.3399963378906,0
2020-02-20,403.2200012207031,406.6099853515625,402.8900146484375,403.6400146484375,0
2020-02-21,400.5400085449219,403.2200012207031,397.67999267578125,403.2200012207031,0
2020-02-24,389.260009765625,400.5400085449219,385.54998779296875,400.5400085449219,0
2020-02-25,382.82000732421875,391.8399963378906,382.0899963378906,389.260009765625,0
2020-02-26,376.20001220703125,384.1400146484375,374.6199951171875,382.82000732421875,0
2020-02-27,367.8999938964844,376.20001220703125,362.3800048828125,376.20001220703125,0
2020-02-28,358.44000244140625,367.8999938964844,354.0899963378906,367.8999938964844,0
2020-03-02,368.82000732421875,370.4599914550781,357.6600036621094,358.44000244140625,0
2020-03-03,371.05999755859375,378.2799987792969,368.510009765625,368.82000732421875,0
2020-03-04,370.1099853515625,375.989990234375,369.3599853515625,371.05999755859375,0
2020-03-05,365.2699890136719,373.4800109863281,364.55999755859375,370.1099853515625,0
2020-03-06,345.1400146484375,366.5899963378906,344.510009765625,365.5899963378906,0
2020-03-09,305.2900085449219,345.70001220703125,290.8900146484375,345.5299987792969,0
2020-03-10,318.9100036621094,321.55999755859375,305.8800048828125,305.8800048828125,0
2020-03-11,313.2900085449219,327.7699890136719,311.80999755859375,319.5400085449219,0
2020-03-12,300.45001220703125,315.489990234375,296.239990234375,314.1199951171875,0
2020-03-13,298.3999938964844,311.70001220703125,295.8399963378906,300.67999267578125,0
2020-03-16,279.0,298.6099853515625,277.489990234375,298.6099853515625,0
2020-03-17,273.8699951171875,285.6099853515625,273.5,279.1300048828125,0
2020-03-18,251.02000427246094,276.1099853515625,249.42999267578125,273.9800109863281,0
2020-03-19,269.5299987792969,274.6400146484375,251.02000427246094,251.02000427246094,0
2020-03-20,261.5899963378906,282.4599914550781,260.67999267578125,269.5299987792969,0
2020-03-23,263.6300048828125,264.7300109863281,254.4199981689453,261.5899963378906,0
2020-03-24,270.5799865722656,273.25,263.6300048828125,263.6300048828125,0
2020-03-25,273.3800048828125,275.8999938964844,266.6099853515625,270.5799865722656,0
2020-03-26,266.1700134277344,273.6700134277344,265.19000244140625,273.3800048828125,0
2020-03-27,261.5400085449219,268.5400085449219,259.67999267578125,266.1700134277344,0
2020-03-30,254.63999938964844,261.5400085449219,251.58999633789062,261.5400085449219,0
2020-03-31,255.5399932861328,260.5799865722656,254.1699981689453,254.63999938964844,0
2020-04-01,247.1199951171875,255.60000610351562,246.85000610351562,255.5399932861328,0
2020-04-02,263.95001220703125,279.54998779296875,247.1199951171875,247.1199951171875,0
2020-04-03,275.44000244140625,280.3500061035156,259.20001220703125,263.95001220703125,0
2020-04-06,271.70001220703125,277.2699890136719,267.42999267578125,275.44000244140625,0
2020-04-07,270.55999755859375,280.05999755859375,270.3800048828125,274.1400146484375,0
2020-04-08,277.0799865722656,280.6099853515625,273.3599853515625,273.70001220703125,0
2020-04-09,276.4100036621094,292.7900085449219,276.1499938964844,280.1499938964844,0
2020-04-13,280.1199951171875,286.5899963378906,277.0899963378906,279.989990234375,0
2020-04-14,278.5400085449219,288.1000061035156,278.0,284.239990234375,0
2020-04-15,270.95001220703125,280.9700012207031,269.17999267578125,278.5400085449219,0
2020-04-16,270.6600036621094,275.7099914550781,268.3699951171875,270.95001220703125,0
2020-04-17,270.57000732421875,275.489990234375,269.7300109863281,270.6600036621094,0
2020-04-20,258.69000244140625,270.57000732421875,258.20001220703125,270.57000732421875,0
2020-04-21,228.24000549316406,264.44000244140625,217.9499969482422,258.69000244140625,0
2020-04-22,236.8000030517578,244.16000366210938,220.10000610351562,228.24000549316406,0
2020-04-23,243.35000610351562,251.49000549316406,235.38999938964844,236.8000030517578,0
2020-04-24,241.4499969482422,247.85000610351562,239.10000610351562,243.35000610351562,0
2020-04-27,230.4499969482422,241.75,227.9499969482422,241.4499969482422,0
2020-04-28,239.97000122070312,239.97000122070312,222.99000549316406,230.4499969482422,0
2020-04-29,246.02999877929688,250.58999633789062,239.97000122070312,239.97000122070312,0
2020-04-30,257.0400085449219,258.29998779296875,246.02999877929688,246.02999877929688,0
2020-05-01,256.489990234375,261.510009765625,252.08999633789062,257.0400085449219,0
2020-05-04,259.0899963378906,260.5799865722656,251.77999877929688,256.489990234375,0
2020-05-05,274.1700134277344,274.57000732421875,259.0899963378906,259.0899963378906,0
2020-05-06,268.760009765625,278.7699890136719,264.4599914550781,274.1700134277344,0
2020-05-07,271.3399963378906,280.2200012207031,268.8299865722656,270.1199951171875,0
2020-05-08,278.1300048828125,278.5,272.8800048828125,273.0,0
2020-05-11,274.1000061035156,281.8299865722656,273.3900146484375,279.7900085449219,0
2020-05-12,276.8399963378906,279.04998779296875,274.94000244140625,275.75,0
2020-05-13,272.8999938964844,278.7900085449219,271.54998779296875,278.3699951171875,0
2020-05-14,279.94000244140625,280.9700012207031,271.79998779296875,272.8999938964844,0
2020-05-15,285.1499938964844,285.8900146484375,279.4599914550781,279.94000244140625,0
2020-05-18,296.3599853515625,300.70001220703125,285.1499938964844,285.1499938964844,0
2020-05-19,296.489990234375,300.25,294.54998779296875,296.3599853515625,0
2020-05-20,301.5199890136719,303.6199951171875,295.3500061035156,296.489990234375,0
2020-05-21,301.5199890136719,305.6199951171875,299.5799865722656,301.5199890136719,0
2020-05-22,297.9200134277344,302.2099914550781,290.510009765625,301.5199890136719,0
2020-05-26,303.489990234375,305.3800048828125,297.9200134277344,297.9200134277344,0
2020-05-27,297.29998779296875,303.489990234375,295.3500061035156,303.489990234375,0
2020-05-28,299.510009765625,301.8999938964844,292.739990234375,297.29998779296875,0
2020-05-29,307.0799865722656,308.05999755859375,295.3900146484375,299.510009765625,0
2020-06-01,307.3500061035156,308.510009765625,302.57000732421875,307.0799865722656,0
2020-06-02,312.6700134277344,313.0199890136719,307.3399963378906,307.3500061035156,0
2020-06-03,313.9100036621094,316.67999267578125,309.5199890136719,312.6700134277344,0
2020-06-04,316.0,316.4599914550781,310.8299865722656,313.9100036621094,0
2020-06-05,325.5400085449219,326.2699890136719,315.5899963378906,316.510009765625,0
2020-06-08,321.6300048828125,329.9100036621094,321.0299987792969,326.07000732421875,0
2020-06-09,324.4100036621094,324.8500061035156,318.0,322.20001220703125,0
2020-06-10,327.42999267578125,328.55999755859375,321.6499938964844,325.0199890136719,0
2020-06-11,314.7900085449219,327.9700012207031,311.4599914550781,327.9700012207031,0
2020-06-12,314.2799987792969,318.6499938964844,307.80999755859375,314.7900085449219,0
2020-06-15,317.20001220703125,317.69000244140625,307.1400146484375,314.2799987792969,0
2020-06-16,322.30999755859375,325.9200134277344,315.739990234375,317.20001220703125,0
2020-06-17,321.6300048828125,323.9599914550781,318.1300048828125,322.30999755859375,0
2020-06-18,324.3999938964844,324.70001220703125,318.70001220703125,321.6300048828125,0
2020-06-19,327.6400146484375,330.69000244140625,323.29998779296875,324.3999938964844,0
2020-06-22,330.6300048828125,330.7300109863281,325.75,327.6400146484375,0
2020-06-23,329.7699890136719,333.8399963378906,326.0299987792969,330.6300048828125,0
2020-06-24,319.0199890136719,330.3299865722656,316.9800109863281,329.7699890136719,0
2020-06-25,320.2200012207031,321.6400146484375,314.5,319.0199890136719,0
2020-06-26,318.0899963378906,323.1700134277344,315.4800109863281,320.2200012207031,0
2020-06-29,324.510009765625,325.19000244140625,314.7799987792969,318.0899963378906,0
2020-06-30,325.4800109863281,328.4200134277344,322.4599914550781,324.57000732421875,0
2020-07-01,328.739990234375,331.3800048828125,324.69000244140625,325.4800109863281,0
2020-07-02,332.8599853515625,333.1600036621094,327.7300109863281,328.739990234375,0
2020-07-06,334.2799987792969,336.1600036621094,332.1199951171875,332.8599853515625,0
2020-07-07,335.17999267578125,336.4200134277344,331.0799865722656,334.2799987792969,0
2020-07-08,337.25,337.80999755859375,334.1199951171875,335.510009765625,0
2020-07-09,333.8800048828125,339.239990234375,333.3699951171875,337.6499938964844,0
2020-07-10,337.8999938964844,338.5400085449219,330.20001220703125,334.2799987792969,0
2020-07-13,336.239990234375,338.42999267578125,334.8599853515625,338.29998779296875,0
2020-07-14,335.75,337.57000732421875,331.6300048828125,336.6300048828125,0
2020-07-15,339.95001220703125,340.1199951171875,334.7099914550781,335.75,0
2020-07-16,338.29998779296875,340.05999755859375,337.5299987792969,339.95001220703125,0
2020-07-17,337.4599914550781,338.8299865722656,335.1000061035156,338.29998779296875,0
2020-07-20,337.29998779296875,337.8599853515625,333.1300048828125,337.4599914550781,0
2020-07-21,343.20001220703125,345.1499938964844,336.95001220703125,337.29998779296875,0
2020-07-22,343.6700134277344,344.010009765625,339.44000244140625,343.20001220703125,0
2020-07-23,341.6600036621094,346.32000732421875,341.0400085449219,343.6700134277344,0
2020-07-24,342.010009765625,343.0899963378906,339.4100036621094,341.6600036621094,0
2020-07-27,342.55999755859375,344.260009765625,339.0299987792969,342.010009765625,0
2020-07-28,341.3599853515625,345.1499938964844,340.3599853515625,342.55999755859375,0
2020-07-29,343.3800048828125,343.989990234375,341.0,341.3699951171875,0
2020-07-30,337.760009765625,343.80999755859375,332.1000061035156,343.3800048828125,0
2020-07-31,339.82000732421875,341.1400146484375,337.42999267578125,337.760009765625,0
2020-08-03,344.7099914550781,345.6400146484375,337.3699951171875,339.82000732421875,0
2020-08-04,346.6700134277344,348.04998779296875,340.6600036621094,344.7099914550781,0
2020-08-05,350.29998779296875,355.5299987792969,346.20001220703125,346.6700134277344,0
2020-08-06,349.2799987792969,352.9200134277344,348.0899963378906,350.29998779296875,0
2020-08-07,345.1499938964844,350.9700012207031,344.2900085449219,349.7699890136719,0
2020-08-10,348.7699890136719,350.2200012207031,345.69000244140625,345.69000244140625,0
2020-08-11,347.0899963378906,352.1300048828125,346.82000732421875,349.29998779296875,0
2020-08-12,351.82000732421875,352.6000061035156,345.8399963378906,347.6499938964844,0
2020-08-13,352.04998779296875,353.1000061035156,351.0199890136719,352.3999938964844,0
2020-08-14,352.1700134277344,353.5199890136719,350.1600036621094,352.04998779296875,0
2020-08-17,357.2099914550781,357.3399963378906,352.1700134277344,352.1700134277344,0
2020-08-18,358.2300109863281,358.79998779296875,355.3999938964844,357.2099914550781,0
2020-08-19,358.5299987792969,358.7699890136719,356.2300109863281,358.2300109863281,0
2020-08-20,356.30999755859375,358.5299987792969,352.04998779296875,358.5299987792969,0
2020-08-21,353.3599853515625,357.75,349.9599914550781,356.30999755859375,0
2020-08-24,356.17999267578125,357.5299987792969,353.1000061035156,353.3599853515625,0
2020-08-25,360.0400085449219,360.6499938964844,355.82000732421875,356.17999267578125,0
2020-08-26,359.8699951171875,361.5,358.6700134277344,360.0400085449219,0
2020-08-27,358.8299865722656,360.7799987792969,355.8599853515625,359.8299865722656,0
2020-08-28,359.95001220703125,361.17999267578125,358.0400085449219,358.8299865722656,0
2020-08-31,358.2099914550781,363.1300048828125,357.9700012207031,359.95001220703125,0
2020-09-01,359.760009765625,362.6099853515625,358.20001220703125,358.2099914550781,0
2020-09-02,353.7200012207031,361.510009765625,352.95001220703125,359.739990234375,0
2020-09-03,350.8599853515625,354.55999755859375,347.1300048828125,353.7200012207031,0
2020-09-04,347.1099853515625,354.3699951171875,345.45001220703125,350.8599853515625,0
2020-09-08,335.5799865722656,347.9700012207031,332.69000244140625,347.9700012207031,0
2020-09-09,341.05999755859375,342.4599914550781,334.6600036621094,336.5899963378906,0
2020-09-10,339.760009765625,343.2699890136719,338.989990234375,342.010009765625,0
2020-09-11,341.04998779296875,343.1499938964844,338.2099914550781,340.55999755859375,0
2020-09-14,342.489990234375,344.2200012207031,341.0400085449219,342.05999755859375,0
2020-09-15,345.1400146484375,346.0,341.70001220703125,342.489990234375,0
2020-09-16,351.989990234375,352.3399963378906,344.95001220703125,345.1400146484375,0
2020-09-17,356.2300109863281,357.0,347.9800109863281,351.94000244140625,0
2020-09-18,358.0299987792969,359.1099853515625,354.1000061035156,356.2300109863281,0
2020-09-21,347.3599853515625,358.5299987792969,345.239990234375,358.0299987792969,0
2020-09-22,347.9599914550781,351.0899963378906,345.8500061035156,347.3599853515625,0
2020-09-23,347.7300109863281,350.9700012207031,344.3699951171875,347.8999938964844,0
2020-09-24,348.4700012207031,348.8900146484375,344.45001220703125,347.7300109863281,0
2020-09-25,348.2300109863281,350.5400085449219,346.2300109863281,348.4100036621094,0
2020-09-28,350.55999755859375,351.17999267578125,346.5799865722656,348.2300109863281,0
2020-09-29,344.8800048828125,351.3800048828125,341.6400146484375,350.55999755859375,0
2020-09-30,350.17999267578125,350.7200012207031,341.1700134277344,344.8800048828125,0
2020-10-01,343.4700012207031,352.1499938964844,339.260009765625,350.17999267578125,0
2020-10-02,337.4800109863281,343.3999938964844,334.4200134277344,343.3999938964844,0
2020-10-05,347.3800048828125,349.510009765625,337.4800109863281,337.4800109863281,0
2020-10-06,353.739990234375,355.95001220703125,346.9800109863281,347.3800048828125,0
2020-10-07,353.4800109863281,354.489990234375,349.9200134277344,354.489990234375,0
2020-10-08,359.0799865722656,360.0400085449219,353.6700134277344,354.2200012207031,0
2020-10-09,360.5799865722656,363.6700134277344,359.3999938964844,359.7699890136719,0
2020-10-12,355.7900085449219,361.45001220703125,354.94000244140625,361.25,0
2020-10-13,358.4100036621094,360.2200012207031,355.8800048828125,356.3999938964844,0
2020-10-14,362.20001220703125,362.4100036621094,356.4200134277344,358.4100036621094,0
2020-10-15,363.2200012207031,363.3599853515625,354.9100036621094,362.20001220703125,0
2020-10-16,362.6099853515625,363.989990234375,360.2099914550781,363.25,0
2020-10-19,362.1400146484375,364.3399963378906,361.4599914550781,362.6099853515625,0
2020-10-20,364.7900085449219,365.42999267578125,359.92999267578125,362.1400146484375,0
2020-10-21,360.1099853515625,365.239990234375,359.3299865722656,364.7900085449219,0
2020-10-22,361.4800109863281,363.8299865722656,358.2900085449219,360.1099853515625,0
2020-10-23,358.7699890136719,362.67999267578125,357.5899963378906,361.4800109863281,0
2020-10-26,353.1400146484375,358.7699890136719,351.54998779296875,358.7699890136719,0
2020-10-27,357.260009765625,358.5,353.0400085449219,353.1400146484375,0
2020-10-28,346.55999755859375,357.260009765625,345.2900085449219,357.260009765625,0
2020-10-29,341.1600036621094,348.260009765625,335.0199890136719,346.54998779296875,0
2020-10-30,340.7799987792969,343.4200134277344,337.760009765625,341.1600036621094,0
2020-11-02,345.0,345.70001220703125,333.1099853515625,340.7799987792969,0
2020-11-03,348.4700012207031,351.69000244140625,344.3599853515625,345.0,0
2020-11-04,354.7900085449219,355.2200012207031,344.8800048828125,348.4700012207031,0
2020-11-05,354.8999938964844,358.94000244140625,351.8999938964844,354.7900085449219,0
2020-11-06,349.6199951171875,355.54998779296875,349.29998779296875,355.54998779296875,0
2020-11-09,361.2900085449219,366.3999938964844,350.3599853515625,350.3599853515625,0
2020-11-10,368.94000244140625,369.07000732421875,359.6499938964844,362.0199890136719,0
2020-11-11,369.67999267578125,376.95001220703125,369.17999267578125,369.6400146484375,0
2020-11-12,368.3500061035156,372.8399963378906,367.510009765625,370.3999938964844,0
2020-11-13,364.5,368.3500061035156,364.0299987792969,368.3500061035156,0
2020-11-16,369.0299987792969,372.0899963378906,364.5,364.5,0
2020-11-17,369.95001220703125,370.92999267578125,366.2200012207031,369.0299987792969,0
2020-11-18,372.67999267578125,375.0899963378906,368.6600036621094,369.95001220703125,0
2020-11-19,370.19000244140625,372.67999267578125,368.8500061035156,372.67999267578125,0
2020-11-20,373.8699951171875,374.1400146484375,369.7300109863281,370.19000244140625,0
2020-11-23,377.489990234375,379.0799865722656,373.8699951171875,373.8699951171875,0
2020-11-24,385.70001220703125,386.0899963378906,377.1400146484375,377.489990234375,0
2020-11-25,387.57000732421875,389.4599914550781,385.4100036621094,385.70001220703125,0
2020-11-27,388.05999755859375,388.7300109863281,384.0299987792969,387.57000732421875,0
2020-11-30,385.5899963378906,389.19000244140625,383.6300048828125,388.05999755859375,0
2020-12-01,383.55999755859375,388.42999267578125,382.0799865722656,385.5899963378906,0
2020-12-02,386.2699890136719,388.7300109863281,380.7300109863281,383.55999755859375,0
2020-12-03,386.67999267578125,387.4200134277344,383.69000244140625,386.2699890136719,0
2020-12-04,388.54998779296875,391.3999938964844,386.67999267578125,386.67999267578125,0
2020-12-07,386.3699951171875,389.5,383.1099853515625,388.67999267578125,0
2020-12-08,385.5199890136719,387.0899963378906,383.8900146484375,386.55999755859375,0
2020-12-09,387.1199951171875,389.4200134277344,384.8800048828125,385.7099914550781,0
2020-12-10,394.3699951171875,398.6600036621094,387.2900085449219,387.2900085449219,0
2020-12-11,393.7200012207031,396.6600036621094,391.6700134277344,394.510009765625,0
2020-12-14,395.260009765625,397.79998779296875,390.7900085449219,393.7200012207031,0
2020-12-15,398.3599853515625,398.5799865722656,393.6600036621094,395.260009765625,0
2020-12-16,400.1300048828125,400.489990234375,397.1300048828125,398.3599853515625,0
2020-12-17,404.510009765625,405.1199951171875,400.1300048828125,400.1300048828125,0
2020-12-18,408.0199890136719,408.6000061035156,404.07000732421875,404.510009765625,0
2020-12-21,402.17999267578125,408.0199890136719,393.69000244140625,408.0199890136719,0
2020-12-22,398.69000244140625,402.7200012207031,395.82000732421875,402.17999267578125,0
2020-12-23,404.5400085449219,406.1300048828125,394.7799987792969,398.69000244140625,0
2020-12-24,404.6700134277344,406.5400085449219,402.6300048828125,404.5400085449219,0
2020-12-28,401.8299865722656,406.9100036621094,401.5199890136719,404.6700134277344,0
2020-12-29,404.67999267578125,405.5,401.5299987792969,401.8299865722656,0
2020-12-30,407.8299865722656,408.5,403.55999755859375,404.67999267578125,0
2020-12-31,409.4599914550781,409.7300109863281,405.45001220703125,407.8299865722656,0
2021-01-04,408.04998779296875,418.9800109863281,406.510009765625,409.75,0
2021-01-05,420.6300048828125,421.79998779296875,407.42999267578125,408.04998779296875,0
2021-01-06,422.70001220703125,425.44000244140625,419.9700012207031,420.6300048828125,0
2021-01-07,423.3500061035156,425.8699951171875,420.8599853515625,422.70001220703125,0
2021-01-08,427.55999755859375,427.95001220703125,423.2799987792969,423.6000061035156,0
2021-01-11,426.0199890136719,427.9800109863281,422.510009765625,427.8399963378906,0
2021-01-12,433.54998779296875,434.1400146484375,425.9599914550781,426.260009765625,0
2021-01-13,433.3299865722656,438.6099853515625,432.1300048828125,434.0199890136719,0
2021-01-14,436.94000244140625,437.44000244140625,430.6199951171875,433.6499938964844,0
2021-01-15,431.739990234375,438.0799865722656,429.54998779296875,436.94000244140625,0
2021-01-19,432.3299865722656,434.2699890136719,430.2300109863281,431.760009765625,0
2021-01-20,433.6600036621094,434.8299865722656,431.45001220703125,432.3299865722656,0
2021-01-21,433.3599853515625,434.57000732421875,431.8900146484375,433.6600036621094,0
2021-01-22,427.4100036621094,433.3599853515625,424.1199951171875,433.3599853515625,0
2021-01-25,431.489990234375,431.760009765625,426.5,427.4100036621094,0
2021-01-26,433.8399963378906,434.989990234375,429.2699890136719,431.489990234375,0
2021-01-27,433.30999755859375,436.2799987792969,429.239990234375,433.8399963378906,0
2021-01-28,430.54998779296875,437.7799987792969,429.1600036621094,433.30999755859375,0
2021-01-29,430.989990234375,436.30999755859375,429.1499938964844,430.54998779296875,0
2021-02-01,437.2799987792969,437.8399963378906,430.989990234375,430.989990234375,0
2021-02-02,441.0,443.2099914550781,436.95001220703125,437.2799987792969,0
2021-02-03,445.6199951171875,447.0,440.7799987792969,441.0,0
2021-02-04,447.25,447.7799987792969,442.8399963378906,445.6199951171875,0
2021-02-05,450.6099853515625,453.2099914550781,447.25,447.25,0
2021-02-08,457.7300109863281,458.3999938964844,450.67999267578125,450.67999267578125,0
2021-02-09,459.6499938964844,461.3999938964844,455.6400146484375,457.7900085449219,0
2021-02-10,459.489990234375,460.9599914550781,457.4800109863281,459.7200012207031,0
2021-02-11,458.739990234375,461.239990234375,456.5899963378906,459.55999755859375,0
2021-02-12,463.95001220703125,465.2799987792969,455.1400146484375,458.739990234375,0
2021-02-16,470.2699890136719,471.1499938964844,463.95001220703125,463.95001220703125,0
2021-02-17,473.1499938964844,474.92999267578125,467.79998779296875,470.2699890136719,0
2021-02-18,472.7799987792969,478.2200012207031,470.1300048828125,473.1499938964844,0
2021-02-19,470.0899963378906,475.4700012207031,465.3900146484375,472.7799987792969,0
2021-02-22,480.8999938964844,480.9599914550781,470.0899963378906,470.0899963378906,0
2021-02-23,481.1600036621094,487.20001220703125,476.17999267578125,480.8999938964844,0
2021-02-24,489.29998779296875,489.79998779296875,478.3800048828125,481.1600036621094,0
2021-02-25,488.6700134277344,493.1000061035156,485.6600036621094,489.29998779296875,0
2021-02-26,476.989990234375,488.489990234375,476.5,488.489990234375,0
2021-03-01,472.6199951171875,483.82000732421875,470.1700134277344,476.989990234375,0
2021-03-02,471.9599914550781,476.760009765625,466.45001220703125,472.6199951171875,0
2021-03-03,474.6099853515625,477.04998779296875,470.7699890136719,471.9599914550781,0
2021-03-04,481.3500061035156,486.4800109863281,468.6099853515625,474.6099853515625,0
2021-03-05,491.42999267578125,492.70001220703125,479.7799987792969,481.3699951171875,0
2021-03-08,487.6199951171875,500.8999938964844,486.010009765625,491.489990234375,0
2021-03-09,484.8699951171875,491.32000732421875,483.260009765625,487.7699890136719,0
2021-03-10,485.4599914550781,487.5,480.42999267578125,485.05999755859375,0
2021-03-11,493.4100036621094,493.7099914550781,485.6499938964844,485.6499938964844,0
2021-03-12,492.2200012207031,494.29998779296875,490.5199890136719,493.4100036621094,0
2021-03-15,491.9100036621094,495.54998779296875,487.239990234375,492.2200012207031,0
2021-03-16,490.17999267578125,492.260009765625,485.7900085449219,491.9100036621094,0
2021-03-17,488.6099853515625,492.3800048828125,485.1199951171875,490.17999267578125,0
2021-03-18,469.2799987792969,489.6700134277344,467.45001220703125,488.6099853515625,0
2021-03-19,475.1000061035156,476.42999267578125,464.44000244140625,469.2799987792969,0
2021-03-22,475.6300048828125,477.3800048828125,470.4800109863281,475.1000061035156,0
2021-03-23,461.3900146484375,475.6499938964844,459.95001220703125,475.6300048828125,0
2021-03-24,474.2200012207031,474.69000244140625,459.1099853515625,461.3900146484375,0
2021-03-25,462.29998779296875,474.2200012207031,458.32000732421875,474.2200012207031,0
2021-03-26,474.010009765625,475.32000732421875,462.29998779296875,462.29998779296875,0
2021-03-29,474.5799865722656,476.4200134277344,467.7200012207031,474.010009765625,0
2021-03-30,468.9599914550781,476.5199890136719,467.5199890136719,474.5799865722656,0
2021-03-31,467.4100036621094,473.9200134277344,466.4599914550781,468.9599914550781,0
2021-04-01,474.0199890136719,475.2900085449219,466.1400146484375,467.4100036621094,0
2021-04-05,464.3299865722656,474.3599853515625,460.92999267578125,474.0199890136719,0
2021-04-06,468.57000732421875,475.0899963378906,464.3299865722656,464.3299865722656,0
2021-04-07,469.95001220703125,471.0799865722656,464.2200012207031,468.57000732421875,0
2021-04-08,472.6600036621094,473.6300048828125,468.1000061035156,469.9100036621094,0
2021-04-09,471.1600036621094,473.79998779296875,470.0799865722656,472.5899963378906,0
2021-04-12,470.3800048828125,475.8299865722656,467.8999938964844,471.1300048828125,0
2021-04-13,473.69000244140625,475.5199890136719,469.94000244140625,470.4100036621094,0
2021-04-14,487.5199890136719,488.5400085449219,473.7099914550781,473.7300109863281,0
2021-04-15,490.1499938964844,490.4200134277344,485.9800109863281,487.5199890136719,0
2021-04-16,488.7200012207031,492.1400146484375,488.30999755859375,490.1499938964844,0
2021-04-19,490.5799865722656,491.989990234375,486.9200134277344,488.7200012207031,0
2021-04-20,489.32000732421875,495.4800109863281,485.44000244140625,490.8699951171875,0
2021-04-21,487.19000244140625,490.510009765625,483.3900146484375,489.32000732421875,0
2021-04-22,490.260009765625,491.20001220703125,484.70001220703125,487.19000244140625,0
2021-04-23,494.1000061035156,494.79998779296875,489.2699890136719,490.260009765625,0
2021-04-26,497.80999755859375,498.94000244140625,491.1700134277344,494.1000061035156,0
2021-04-27,501.9599914550781,503.69000244140625,497.80999755859375,497.80999755859375,0
2021-04-28,504.9200134277344,509.2699890136719,498.3299865722656,501.9599914550781,0
2021-04-29,508.6499938964844,512.010009765625,504.0400085449219,504.9200134277344,0
2021-04-30,505.8500061035156,508.6600036621094,501.8399963378906,508.6499938964844,0
2021-05-03,509.6300048828125,511.54998779296875,504.95001220703125,505.8500061035156,0
2021-05-04,516.52001953125,517.6799926757812,509.6300048828125,509.6300048828125,0
2021-05-05,519.2100219726562,521.4299926757812,516.52001953125,516.52001953125,0
2021-05-06,518.8599853515625,522.1699829101562,516.4299926757812,519.2100219726562,0
2021-05-07,523.030029296875,523.8099975585938,517.9299926757812,518.9199829101562,0
2021-05-10,520.8400268554688,527.469970703125,517.489990234375,523.1300048828125,0
2021-05-11,524.4099731445312,525.3699951171875,517.1199951171875,520.9299926757812,0
2021-05-12,526.6500244140625,530.5,524.4299926757812,524.5399780273438,0
2021-05-13,511.5299987792969,526.7899780273438,509.3399963378906,526.7899780273438,0
2021-05-14,515.0,517.8900146484375,509.25,511.5199890136719,0
2021-05-17,520.9199829101562,521.47998046875,514.2000122070312,515.0,0
2021-05-18,519.4299926757812,525.9199829101562,514.4600219726562,520.9199829101562,0
2021-05-19,507.45001220703125,519.4199829101562,501.5899963378906,519.4199829101562,0
2021-05-20,502.42999267578125,510.739990234375,501.4200134277344,507.45001220703125,0
2021-05-21,506.3999938964844,508.32000732421875,499.3800048828125,502.42999267578125,0
2021-05-24,514.25,514.7000122070312,504.75,506.3999938964844,0
2021-05-25,512.510009765625,516.219970703125,511.489990234375,514.25,0
2021-05-26,513.9000244140625,515.3099975585938,508.739990234375,512.510009765625,0
2021-05-27,521.1199951171875,521.1900024414062,511.6300048828125,513.9000244140625,0
2021-05-28,519.22998046875,523.4299926757812,518.75,521.1199951171875,0
2021-06-01,528.0800170898438,534.0399780273438,519.22998046875,519.22998046875,0
2021-06-02,531.22998046875,531.8300170898438,527.8400268554688,528.0800170898438,0
2021-06-03,527.0399780273438,534.780029296875,524.72998046875,531.22998046875,0
2021-06-04,533.739990234375,534.3200073242188,525.5,527.0399780273438,0
2021-06-07,529.6500244140625,535.6799926757812,529.3300170898438,532.260009765625,0
2021-06-08,532.739990234375,533.4199829101562,526.530029296875,528.510009765625,0
2021-06-09,531.9199829101562,534.219970703125,529.2100219726562,531.6500244140625,0
2021-06-10,532.6199951171875,533.8400268554688,525.9500122070312,530.780029296875,0
2021-06-11,532.030029296875,533.5599975585938,529.4199829101562,531.5399780273438,0
2021-06-14,529.530029296875,532.510009765625,528.5399780273438,532.030029296875,0
2021-06-15,529.6799926757812,530.969970703125,526.8300170898438,529.530029296875,0
2021-06-16,529.97998046875,533.7999877929688,528.6599731445312,529.6799926757812,0
2021-06-17,515.510009765625,529.97998046875,512.2899780273438,529.97998046875,0
2021-06-18,520.030029296875,521.5599975585938,512.9000244140625,515.510009765625,0
2021-06-21,525.52001953125,525.8200073242188,515.3900146484375,520.030029296875,0
2021-06-22,525.3499755859375,528.27001953125,523.3300170898438,525.52001953125,0
2021-06-23,528.3499755859375,532.8200073242188,525.2000122070312,525.3499755859375,0
2021-06-24,528.6300048828125,528.8099975585938,523.0999755859375,528.3499755859375,0
2021-06-25,529.969970703125,530.9500122070312,524.3699951171875,528.6199951171875,0
2021-06-28,528.8599853515625,531.9099731445312,527.9199829101562,529.969970703125,0
2021-06-29,530.030029296875,534.3400268554688,524.5800170898438,528.8599853515625,0
2021-06-30,535.97998046875,538.1599731445312,527.97998046875,530.030029296875,0
2021-07-01,540.530029296875,548.1500244140625,535.5499877929688,535.97998046875,0
2021-07-02,541.4600219726562,543.030029296875,537.6199951171875,540.530029296875,0
2021-07-06,528.8300170898438,549.510009765625,527.4099731445312,541.4600219726562,0
2021-07-07,523.8400268554688,536.5399780273438,519.1300048828125,528.8300170898438,0
2021-07-08,524.9600219726562,525.7000122070312,517.5499877929688,523.1500244140625,0
2021-07-09,531.760009765625,532.52001953125,523.4400024414062,524.280029296875,0
2021-07-12,531.75,532.4299926757812,525.1799926757812,531.0900268554688,0
2021-07-13,536.719970703125,537.5999755859375,529.1799926757812,531.1199951171875,0
2021-07-14,531.4299926757812,538.719970703125,528.0999755859375,536.0999755859375,0
2021-07-15,527.3400268554688,531.4400024414062,525.239990234375,531.4299926757812,0
2021-07-16,528.1699829101562,530.6500244140625,523.8300170898438,527.3400268554688,0
2021-07-19,506.510009765625,528.1699829101562,504.3500061035156,528.1699829101562,0
2021-07-20,512.6300048828125,513.489990234375,504.0899963378906,506.510009765625,0
2021-07-21,525.4400024414062,525.9199829101562,509.6700134277344,512.6300048828125,0
2021-07-22,531.6900024414062,532.1199951171875,522.510009765625,525.4400024414062,0
2021-07-23,532.47998046875,533.1799926757812,530.530029296875,531.6900024414062,0
2021-07-26,535.3300170898438,536.25,526.22998046875,532.47998046875,0
2021-07-27,532.9199829101562,537.7899780273438,531.0800170898438,535.3300170898438,0
2021-07-28,535.5800170898438,536.5999755859375,532.7100219726562,532.9199829101562,0
2021-07-29,543.3400268554688,543.4400024414062,535.1500244140625,535.5800170898438,0
2021-07-30,541.1300048828125,543.3400268554688,538.6900024414062,543.3400268554688,0
2021-08-02,533.4500122070312,541.260009765625,530.7000122070312,541.1300048828125,0
2021-08-03,530.1500244140625,535.030029296875,524.280029296875,533.4500122070312,0
2021-08-04,521.9000244140625,532.1900024414062,521.1199951171875,530.1500244140625,0
2021-08-05,526.0399780273438,527.719970703125,519.530029296875,521.9000244140625,0
2021-08-06,522.3400268554688,529.6699829101562,520.6699829101562,525.6099853515625,0
2021-08-09,512.530029296875,522.0900268554688,508.57000732421875,522.0900268554688,0
2021-08-10,521.3300170898438,523.3400268554688,512.3599853515625,512.3699951171875,0
2021-08-11,525.0800170898438,525.3699951171875,515.5399780273438,521.0700073242188,0
2021-08-12,525.8699951171875,528.469970703125,520.719970703125,524.7999877929688,0
2021-08-13,524.739990234375,528.4000244140625,522.0900268554688,525.8699951171875,0
2021-08-16,520.52001953125,524.739990234375,515.02001953125,524.739990234375,0
2021-08-17,515.4299926757812,522.0999755859375,514.469970703125,520.52001953125,0
2021-08-18,511.2900085449219,518.4000244140625,509.6499938964844,515.4299926757812,0
2021-08-19,500.3999938964844,511.2900085449219,496.79998779296875,511.2900085449219,0
2021-08-20,494.42999267578125,503.0400085449219,493.989990234375,500.3999938964844,0
2021-08-23,510.6499938964844,511.4700012207031,494.42999267578125,494.42999267578125,0
2021-08-24,520.0999755859375,520.5900268554688,509.6000061035156,510.6499938964844,0
2021-08-25,524.3300170898438,524.7899780273438,517.1900024414062,520.0999755859375,0
2021-08-26,521.5900268554688,525.0399780273438,520.0800170898438,524.3300170898438,0
2021-08-27,529.0999755859375,529.2899780273438,521.5900268554688,521.5900268554688,0
2021-08-30,529.7000122070312,533.3300170898438,526.3599853515625,529.0999755859375,0
2021-08-31,527.3699951171875,531.3400268554688,524.72998046875,529.7000122070312,0
2021-09-01,526.0900268554688,529.8300170898438,520.739990234375,527.3699951171875,0
2021-09-02,532.6400146484375,535.0999755859375,523.3900146484375,526.0900268554688,0
2021-09-03,531.8699951171875,536.030029296875,530.77001953125,532.6400146484375,0
2021-09-07,525.0999755859375,532.6799926757812,523.6500244140625,531.8699951171875,0
2021-09-08,528.8400268554688,531.9500122070312,524.8200073242188,524.8300170898438,0
2021-09-09,525.0999755859375,530.9500122070312,522.6799926757812,528.5399780273438,0
2021-09-10,531.4199829101562,532.2899780273438,522.489990234375,524.8599853515625,0
2021-09-13,533.3800048828125,535.1099853515625,531.0700073242188,531.1300048828125,0
2021-09-14,533.9199829101562,536.6699829101562,532.2000122070312,533.0999755859375,0
2021-09-15,545.010009765625,547.8599853515625,533.9000244140625,533.9199829101562,0
2021-09-16,542.5800170898438,546.1699829101562,537.6799926757812,545.010009765625,0
2021-09-17,538.8499755859375,543.0800170898438,536.7999877929688,542.5800170898438,0
2021-09-20,529.5499877929688,538.8499755859375,528.219970703125,538.8499755859375,0
2021-09-21,529.0999755859375,534.9299926757812,524.1799926757812,529.5499877929688,0
2021-09-22,539.3099975585938,539.52001953125,529.0999755859375,529.0999755859375,0
2021-09-23,546.010009765625,546.4199829101562,537.5399780273438,539.3099975585938,0
2021-09-24,549.719970703125,550.469970703125,543.8300170898438,546.010009765625,0
2021-09-27,558.6900024414062,559.5,549.719970703125,549.719970703125,0
2021-09-28,557.6099853515625,565.1699829101562,554.6500244140625,558.6900024414062,0
2021-09-29,554.510009765625,558.280029296875,550.6799926757812,557.6099853515625,0
2021-09-30,557.7100219726562,560.3200073242188,549.0700073242188,554.510009765625,0
2021-10-01,561.9099731445312,562.530029296875,555.0700073242188,557.7100219726562,0
2021-10-04,571.1599731445312,575.969970703125,560.239990234375,561.9099731445312,0
2021-10-05,579.280029296875,581.1199951171875,570.4199829101562,571.1599731445312,0
2021-10-06,569.1599731445312,583.4500122070312,567.7100219726562,579.280029296875,0
2021-10-07,573.8599853515625,575.25,559.4000244140625,568.8599853515625,0
2021-10-08,576.8800048828125,581.4199829101562,573.5800170898438,573.5800170898438,0
2021-10-11,581.22998046875,587.3499755859375,576.5,576.5,0
2021-10-12,579.489990234375,583.7899780273438,576.7999877929688,580.8699951171875,0
2021-10-13,579.2000122070312,580.3699951171875,574.4600219726562,579.0999755859375,0
2021-10-14,585.9199829101562,587.9099731445312,579.2000122070312,579.2000122070312,0
2021-10-15,591.72998046875,593.5800170898438,585.9199829101562,585.9199829101562,0
2021-10-18,588.4099731445312,596.6799926757812,572.8499755859375,591.72998046875,0
2021-10-19,589.8800048828125,593.280029296875,584.5800170898438,588.4099731445312,0
2021-10-20,595.780029296875,595.9400024414062,583.5499877929688,589.8800048828125,0
2021-10-21,585.8300170898438,598.0800170898438,580.4099731445312,595.780029296875,0
2021-10-22,590.0599975585938,592.469970703125,583.0900268554688,585.8300170898438,0
2021-10-25,596.52001953125,599.8599853515625,590.0599975585938,590.0599975585938,0
2021-10-26,598.0700073242188,598.8200073242188,592.4299926757812,596.52001953125,0
2021-10-27,590.0,598.0700073242188,587.469970703125,598.0700073242188,0
2021-10-28,589.2000122070312,590.3699951171875,579.9600219726562,590.0,0
2021-10-29,588.2100219726562,591.0700073242188,581.6099853515625,589.2000122070312,0
2021-11-01,592.3800048828125,594.4600219726562,584.969970703125,588.2100219726562,0
2021-11-02,592.9500122070312,594.8300170898438,589.0499877929688,592.3800048828125,0
2021-11-03,580.719970703125,592.9500122070312,578.1400146484375,592.9500122070312,0
2021-11-04,573.6199951171875,592.3300170898438,572.1400146484375,580.719970703125,0
2021-11-05,580.260009765625,582.1400146484375,571.9299926757812,573.1900024414062,0
2021-11-08,582.5599975585938,585.3300170898438,579.8699951171875,579.8699951171875,0
2021-11-09,586.5499877929688,586.9299926757812,579.9600219726562,582.1199951171875,0
2021-11-10,579.2100219726562,588.8400268554688,577.260009765625,585.9199829101562,0
2021-11-11,582.5700073242188,584.1099853515625,575.5,578.760009765625,0
2021-11-12,579.6199951171875,582.5700073242188,574.6199951171875,582.5700073242188,0
2021-11-15,579.9400024414062,580.7000122070312,573.4500122070312,579.6199951171875,0
2021-11-16,580.3599853515625,584.1900024414062,577.75,579.9400024414062,0
2021-11-17,572.280029296875,580.3599853515625,570.8499755859375,580.3599853515625,0
2021-11-18,575.030029296875,576.5399780273438,568.3499755859375,572.280029296875,0
2021-11-19,567.1300048828125,580.739990234375,563.3499755859375,575.030029296875,0
2021-11-22,571.3499755859375,572.3499755859375,563.4199829101562,567.1300048828125,0
2021-11-23,580.469970703125,581.4299926757812,566.6500244140625,571.3499755859375,0
2021-11-24,581.010009765625,583.969970703125,579.010009765625,580.469970703125,0
2021-11-26,539.9299926757812,581.010009765625,535.9600219726562,581.010009765625,0
2021-11-29,542.47998046875,556.6300048828125,538.8400268554688,539.9299926757812,0
2021-11-30,522.4400024414062,546.969970703125,516.3699951171875,542.47998046875,0
2021-12-01,521.2899780273438,536.6699829101562,520.72998046875,522.4400024414062,0
2021-12-02,524.1900024414062,528.3400268554688,509.0799865722656,521.2899780273438,0
2021-12-03,525.1500244140625,536.8800048828125,523.6699829101562,524.1900024414062,0
2021-12-06,534.3099975585938,536.8099975585938,525.1500244140625,525.1500244140625,0
2021-12-07,544.6099853515625,547.9099731445312,534.0599975585938,534.0599975585938,0
2021-12-08,547.27001953125,549.1199951171875,541.0800170898438,544.4000244140625,0
2021-12-09,541.6099853515625,550.4000244140625,540.1099853515625,547.0900268554688,0
2021-12-10,544.3300170898438,546.9400024414062,538.3200073242188,541.4600219726562,0
2021-12-13,541.8200073242188,550.010009765625,541.1300048828125,544.1500244140625,0
2021-12-14,538.8599853515625,543.9199829101562,534.8200073242188,541.8200073242188,0
2021-12-15,536.2899780273438,538.8599853515625,532.4400024414062,538.8599853515625,0
2021-12-16,546.0700073242188,548.0499877929688,536.2899780273438,536.2899780273438,0
2021-12-17,540.2899780273438,546.239990234375,537.0399780273438,546.0700073242188,0
2021-12-20,530.6799926757812,540.2899780273438,522.2899780273438,540.2899780273438,0
2021-12-21,544.6400146484375,545.9000244140625,530.6799926757812,530.6799926757812,0
2021-12-22,553.8599853515625,554.6599731445312,544.6400146484375,544.6400146484375,0
2021-12-23,558.3499755859375,558.780029296875,552.6300048828125,553.8599853515625,0
2021-12-27,566.530029296875,568.1900024414062,554.27001953125,558.3499755859375,0
2021-12-28,566.1799926757812,572.0800170898438,565.6599731445312,566.530029296875,0
2021-12-29,568.7999877929688,572.8900146484375,564.3099975585938,566.1799926757812,0
2021-12-30,567.969970703125,571.719970703125,566.0900268554688,568.7999877929688,0
2021-12-31,561.1799926757812,569.3400268554688,560.3900146484375,567.969970703125,0
2022-01-03,564.47998046875,567.2899780273438,558.469970703125,561.1799926757812,0
2022-01-04,570.97998046875,572.7999877929688,563.3900146484375,564.47998046875,0
2022-01-05,575.1500244140625,577.760009765625,569.2999877929688,570.97998046875,0
2022-01-06,578.0399780273438,581.0,568.6799926757812,575.1500244140625,0
2022-01-07,578.1099853515625,582.0700073242188,575.8300170898438,577.739990234375,0
2022-01-10,574.4199829101562,581.4400024414062,573.2100219726562,577.8400268554688,0
2022-01-11,587.989990234375,588.6799926757812,574.030029296875,574.030029296875,0
2022-01-12,595.5499877929688,596.6599731445312,587.280029296875,587.489990234375,0
2022-01-13,590.0700073242188,595.02001953125,588.3200073242188,594.75,0
2022-01-14,596.760009765625,597.6699829101562,588.0399780273438,590.0700073242188,0
2022-01-18,603.719970703125,605.6300048828125,596.760009765625,596.760009765625,0
2022-01-19,610.97998046875,613.989990234375,603.719970703125,603.719970703125,0
2022-01-20,611.4199829101562,615.9400024414062,606.1799926757812,610.97998046875,0
2022-01-21,608.8800048828125,611.4199829101562,599.3300170898438,611.4199829101562,0
2022-01-24,601.5800170898438,612.6599731445312,595.1500244140625,608.8800048828125,0
2022-01-25,611.0399780273438,611.3099975585938,601.1300048828125,601.5800170898438,0
2022-01-26,619.5499877929688,621.510009765625,608.5,611.0399780273438,0
2022-01-27,616.739990234375,623.25,613.9199829101562,619.5499877929688,0
2022-01-28,620.3499755859375,627.3900146484375,616.739990234375,616.739990234375,0
2022-01-31,623.780029296875,628.3699951171875,617.1900024414062,620.3499755859375,0
2022-02-01,626.6900024414062,629.530029296875,618.9400024414062,623.780029296875,0
2022-02-02,630.8900146484375,636.2999877929688,626.4099731445312,626.6900024414062,0
2022-02-03,635.030029296875,635.280029296875,622.9600219726562,630.8900146484375,0
2022-02-04,643.010009765625,646.4400024414062,634.8699951171875,635.030029296875,0
2022-02-07,639.9299926757812,645.6500244140625,637.5999755859375,641.6699829101562,0
2022-02-08,631.7000122070312,639.9299926757812,627.8599853515625,638.8599853515625,0
2022-02-09,636.97998046875,638.3499755859375,627.739990234375,630.739990234375,0
2022-02-10,635.4600219726562,644.4099731445312,634.010009765625,636.0999755859375,0
2022-02-11,643.0800170898438,647.739990234375,628.9199829101562,634.530029296875,0
2022-02-14,652.3800048828125,653.4099731445312,639.9600219726562,643.0800170898438,0
2022-02-15,638.6500244140625,652.4299926757812,633.5599975585938,652.3800048828125,0
2022-02-16,647.97998046875,651.530029296875,636.7100219726562,638.6500244140625,0
2022-02-17,641.9199829101562,647.97998046875,637.2999877929688,647.97998046875,0
2022-02-18,643.5999755859375,647.3099975585938,632.0999755859375,641.9199829101562,0
2022-02-22,656.219970703125,666.2100219726562,643.5999755859375,643.5999755859375,0
2022-02-23,658.8499755859375,664.3699951171875,651.3099975585938,656.219970703125,0
2022-02-24,667.5999755859375,700.010009765625,658.8499755859375,658.8499755859375,0
2022-02-25,652.6199951171875,678.0,648.02001953125,667.5999755859375,0
2022-02-28,673.0499877929688,681.3800048828125,652.6199951171875,652.6199951171875,0
2022-03-01,710.7999877929688,720.739990234375,673.0499877929688,673.0499877929688,0
2022-03-02,746.0700073242188,753.4600219726562,710.7999877929688,710.7999877929688,0
2022-03-03,745.8499755859375,784.239990234375,738.2000122070312,746.0700073242188,0
2022-03-04,783.3200073242188,783.8599853515625,745.8499755859375,745.8499755859375,0
2022-03-07,803.75,835.9500122070312,780.239990234375,780.239990234375,0
2022-03-08,822.2999877929688,853.27001953125,791.9199829101562,800.47998046875,0
2022-03-09,745.72998046875,834.2000122070312,728.8900146484375,818.5800170898438,0
2022-03-10,757.8800048828125,766.6300048828125,732.3200073242188,742.780029296875,0
2022-03-11,740.8400268554688,744.8099975585938,715.25,725.3200073242188,0
2022-03-14,716.0999755859375,740.8400268554688,707.2999877929688,740.8400268554688,0
2022-03-15,693.010009765625,716.0900268554688,679.27001953125,716.0900268554688,0
2022-03-16,684.9299926757812,706.9600219726562,681.8800048828125,693.0,0
2022-03-17,723.1500244140625,725.4000244140625,684.4099731445312,684.4099731445312,0
2022-03-18,725.6099853515625,733.8099975585938,717.0,723.1400146484375,0
2022-03-21,755.9500122070312,758.4099731445312,725.6099853515625,725.6099853515625,0
2022-03-22,755.0,771.0,743.6099853515625,755.9500122070312,0
2022-03-23,782.8499755859375,784.0700073242188,750.469970703125,755.0,0
2022-03-24,774.760009765625,789.72998046875,768.6500244140625,782.8599853515625,0
2022-03-25,781.5900268554688,782.1099853515625,760.2999877929688,774.760009765625,0
2022-03-28,746.6300048828125,781.5900268554688,742.3099975585938,781.5900268554688,0
2022-03-29,731.8099975585938,752.6900024414062,709.0499877929688,746.6300048828125,0
2022-03-30,750.9199829101562,756.1099853515625,731.8099975585938,731.8099975585938,0
2022-03-31,724.1900024414062,750.9199829101562,722.4000244140625,750.9199829101562,0
2022-04-01,721.2100219726562,728.97998046875,713.0900268554688,724.1900024414062,0
2022-04-04,737.6599731445312,741.2000122070312,718.7999877929688,721.2100219726562,0
2022-04-05,734.8300170898438,747.5,732.9299926757812,737.6599731445312,0
2022-04-06,713.6099853515625,743.22998046875,712.25,734.8300170898438,0
2022-04-07,709.1099853515625,721.02001953125,700.9000244140625,712.3400268554688,0
2022-04-08,720.3599853515625,721.7999877929688,706.030029296875,708.3099975585938,0
2022-04-11,706.8099975585938,719.510009765625,700.25,719.510009765625,0
2022-04-12,734.02001953125,737.4600219726562,706.1799926757812,706.1799926757812,0
2022-04-13,751.1500244140625,751.9500122070312,730.510009765625,733.3499755859375,0
2022-04-14,764.9000244140625,766.8900146484375,745.8499755859375,751.1199951171875,0
2022-04-18,776.280029296875,784.0999755859375,764.9000244140625,764.9000244140625,0
2022-04-19,749.8800048828125,779.9500122070312,747.0499877929688,776.280029296875,0
2022-04-20,751.0499877929688,758.3300170898438,741.2100219726562,749.8800048828125,0
2022-04-21,754.969970703125,761.1699829101562,749.0499877929688,751.0499877929688,0
2022-04-22,745.0,757.5999755859375,742.8800048828125,754.969970703125,0
2022-04-25,726.9400024414062,745.0,713.8099975585938,745.0,0
2022-04-26,742.030029296875,746.3900146484375,726.1599731445312,726.9400024414062,0
2022-04-27,749.3499755859375,751.3400268554688,737.4400024414062,742.030029296875,0
2022-04-28,757.0499877929688,758.530029296875,742.469970703125,749.3499755859375,0
2022-04-29,756.75,769.3200073242188,755.1500244140625,757.0499877929688,0
2022-05-02,760.6099853515625,762.4199829101562,739.6799926757812,756.75,0
2022-05-03,747.72998046875,765.7100219726562,745.9199829101562,760.6099853515625,0
2022-05-04,771.3699951171875,774.4400024414062,747.7000122070312,747.72998046875,0
2022-05-05,774.4600219726562,785.8499755859375,765.760009765625,771.3699951171875,0
2022-05-06,769.3699951171875,779.75,763.969970703125,772.8099975585938,0
2022-05-09,733.72998046875,771.469970703125,731.5399780273438,768.0399780273438,0
2022-05-10,723.239990234375,737.4099731445312,720.02001953125,732.4000244140625,0
2022-05-11,745.6599731445312,748.1300048828125,717.8499755859375,721.7100219726562,0
2022-05-12,744.530029296875,747.2100219726562,727.8800048828125,744.0,0
2022-05-13,759.6799926757812,760.8099975585938,744.52001953125,744.530029296875,0
2022-05-16,776.4000244140625,778.27001953125,754.6199951171875,759.6799926757812,0
2022-05-17,772.3800048828125,783.5999755859375,771.75,776.4000244140625,0
2022-05-18,754.72998046875,778.5800170898438,751.6599731445312,772.3800048828125,0
2022-05-19,766.4400024414062,766.8499755859375,736.469970703125,754.72998046875,0
2022-05-20,765.760009765625,770.280029296875,759.0399780273438,766.4400024414062,0
2022-05-23,772.1699829101562,773.260009765625,763.9000244140625,765.760009765625,0
2022-05-24,769.02001953125,774.3599853515625,762.8499755859375,772.1699829101562,0
2022-05-25,771.9000244140625,774.8900146484375,767.219970703125,769.02001953125,0
2022-05-26,785.8099975585938,790.5,769.6900024414062,771.9000244140625,0
2022-05-27,792.75,793.1199951171875,780.3599853515625,785.8099975585938,0
2022-05-31,786.4500122070312,813.3300170898438,785.4600219726562,792.75,0
2022-06-01,793.47998046875,802.5800170898438,785.5,786.4500122070312,0
2022-06-02,800.3400268554688,802.9600219726562,780.1799926757812,793.47998046875,0
2022-06-03,808.2999877929688,811.260009765625,795.010009765625,800.3400268554688,0
2022-06-06,816.4400024414062,821.010009765625,808.2999877929688,808.2999877929688,0
2022-06-07,814.27001953125,817.3499755859375,807.469970703125,812.7899780273438,0
2022-06-08,818.6300048828125,825.3800048828125,810.8300170898438,810.8300170898438,0
2022-06-09,816.8099975585938,818.75,807.989990234375,815.0999755859375,0
2022-06-10,804.7999877929688,816.72998046875,795.6900024414062,813.02001953125,0
2022-06-13,794.0700073242188,801.010009765625,779.6599731445312,801.010009765625,0
2022-06-14,781.1699829101562,802.6500244140625,778.5900268554688,794.0700073242188,0
2022-06-15,776.469970703125,786.27001953125,773.5499877929688,781.1699829101562,0
2022-06-16,783.0700073242188,784.8200073242188,767.6799926757812,776.469970703125,0
2022-06-17,753.6099853515625,790.1599731445312,748.22998046875,783.0700073242188,0
2022-06-21,755.4400024414062,766.6799926757812,753.5999755859375,753.6099853515625,0
2022-06-22,742.010009765625,755.4400024414062,724.0,755.4400024414062,0
2022-06-23,724.6300048828125,742.5900268554688,722.1799926757812,742.010009765625,0
2022-06-24,735.030029296875,738.52001953125,718.22998046875,724.6300048828125,0
2022-06-27,737.1599731445312,741.3699951171875,725.030029296875,735.030029296875,0
2022-06-28,744.9099731445312,748.719970703125,737.1400146484375,737.1599731445312,0
2022-06-29,737.1599731445312,755.7999877929688,736.2100219726562,744.9099731445312,0
2022-06-30,709.22998046875,737.5399780273438,709.219970703125,737.1599731445312,0
2022-07-01,719.6699829101562,724.969970703125,704.8099975585938,709.22998046875,0
2022-07-05,674.6900024414062,730.5999755859375,668.260009765625,719.6699829101562,0
2022-07-06,664.1500244140625,685.530029296875,654.5599975585938,674.6900024414062,0
2022-07-07,691.2000122070312,697.219970703125,658.1500244140625,664.1500244140625,0
2022-07-08,697.6900024414062,699.8800048828125,681.7899780273438,688.1699829101562,0
2022-07-11,696.3099975585938,702.1400146484375,687.489990234375,694.760009765625,0
2022-07-12,657.75,693.4299926757812,656.1199951171875,693.4299926757812,0
2022-07-13,659.7100219726562,667.6599731445312,649.3400268554688,654.9299926757812,0
2022-07-14,648.0900268554688,661.5999755859375,632.8499755859375,656.9400024414062,0
2022-07-15,658.469970703125,662.7000122070312,643.4500122070312,648.0900268554688,0
2022-07-18,680.530029296875,681.3800048828125,680.530029296875,681.3800048828125,0
2022-07-19,679.9400024414062,681.6300048828125,664.9400024414062,681.3800048828125,0
2022-07-20,681.8900146484375,682.6799926757812,672.6799926757812,679.9400024414062,0
2022-07-21,665.6500244140625,681.8900146484375,656.25,681.8900146484375,0
2022-07-22,663.4500122070312,673.969970703125,657.1500244140625,665.6500244140625,0
2022-07-25,672.7999877929688,673.3699951171875,655.969970703125,663.4500122070312,0
2022-07-26,674.3699951171875,687.8499755859375,671.1199951171875,672.7999877929688,0
2022-07-27,683.989990234375,686.0599975585938,671.4400024414062,674.3699951171875,0
2022-07-28,683.9199829101562,696.030029296875,682.3099975585938,683.989990234375,0
2022-07-29,692.6400146484375,705.260009765625,683.0800170898438,683.9199829101562,0
2022-08-01,671.6900024414062,692.6400146484375,663.760009765625,692.6400146484375,0
2022-08-02,666.97998046875,675.4600219726562,661.8800048828125,671.6900024414062,0
2022-08-03,656.8400268554688,677.5700073242188,653.760009765625,666.97998046875,0
2022-08-04,649.469970703125,661.5999755859375,645.9199829101562,656.8400268554688,0
2022-08-05,649.27001953125,656.6599731445312,638.6099853515625,648.1699829101562,0
2022-08-08,650.719970703125,651.8200073242188,637.4400024414062,647.8900146484375,0
2022-08-09,655.1599731445312,663.1900024414062,646.4500122070312,649.510009765625,0
2022-08-10,664.010009765625,665.6099853515625,646.4199829101562,653.8800048828125,0
2022-08-11,677.6099853515625,679.6400146484375,661.0399780273438,662.75,0
2022-08-12,672.6900024414062,679.6400146484375,666.530029296875,677.6099853515625,0
2022-08-15,659.530029296875,672.6900024414062,647.5399780273438,672.6900024414062,0
2022-08-16,652.2000122070312,665.760009765625,649.47998046875,659.530029296875,0
2022-08-17,657.5499877929688,660.6400146484375,650.0,652.2000122070312,0
2022-08-18,665.5499877929688,669.280029296875,655.2100219726562,657.5499877929688,0
2022-08-19,670.0900268554688,673.739990234375,655.4400024414062,665.5499877929688,0
2022-08-22,672.3300170898438,675.5700073242188,655.780029296875,670.0599975585938,0
2022-08-23,684.9299926757812,690.3300170898438,672.3300170898438,672.3300170898438,0
2022-08-24,691.739990234375,692.8099975585938,683.3200073242188,684.9099731445312,0
2022-08-25,683.9400024414062,697.7999877929688,683.02001953125,691.739990234375,0
2022-08-26,688.9600219726562,692.8200073242188,680.3400268554688,683.9400024414062,0
2022-08-29,702.22998046875,703.1599731445312,686.010009765625,688.9600219726562,0
2022-08-30,676.0999755859375,702.22998046875,671.1199951171875,702.22998046875,0
2022-08-31,665.9299926757812,682.9299926757812,661.780029296875,676.0999755859375,0
2022-09-01,648.8200073242188,665.9299926757812,646.3699951171875,665.9299926757812,0
2022-09-02,651.4500122070312,660.4199829101562,648.02001953125,648.8200073242188,0
2022-09-06,647.6599731445312,664.52001953125,645.5700073242188,651.4500122070312,0
2022-09-07,630.969970703125,652.8099975585938,629.6900024414062,647.6599731445312,0
2022-09-08,633.7999877929688,636.239990234375,627.219970703125,630.0800170898438,0
2022-09-09,649.8900146484375,651.0599975585938,631.260009765625,632.7999877929688,0
2022-09-12,657.6599731445312,662.3800048828125,642.9400024414062,648.8200073242188,0
2022-09-13,652.6099853515625,664.1699829101562,644.4199829101562,656.6400146484375,0
2022-09-14,653.9299926757812,658.3699951171875,642.6199951171875,651.6199951171875,0
2022-09-15,632.9400024414062,656.1300048828125,629.989990234375,653.9099731445312,0
2022-09-16,631.5800170898438,637.22998046875,627.4500122070312,632.9400024414062,0
2022-09-19,634.1599731445312,635.7000122070312,617.1400146484375,631.5800170898438,0
2022-09-20,633.9400024414062,639.5399780273438,627.7000122070312,634.1599731445312,0
2022-09-21,629.969970703125,648.280029296875,626.8599853515625,633.9400024414062,0
2022-09-22,631.2899780273438,642.9099731445312,627.1099853515625,629.969970703125,0
2022-09-23,606.3200073242188,633.1300048828125,603.989990234375,631.2899780273438,0
2022-09-26,593.9199829101562,611.2000122070312,592.0900268554688,606.3099975585938,0
2022-09-27,601.010009765625,607.25,593.5999755859375,593.9199829101562,0
2022-09-28,618.6300048828125,619.030029296875,591.8200073242188,601.010009765625,0
2022-09-29,615.7899780273438,624.77001953125,611.1500244140625,618.6300048828125,0
2022-09-30,607.760009765625,621.5399780273438,605.2999877929688,615.7899780273438,0
2022-10-03,623.22998046875,625.4000244140625,607.760009765625,607.760009765625,0
2022-10-04,642.030029296875,643.2100219726562,622.760009765625,623.22998046875,0
2022-10-05,650.6099853515625,653.8099975585938,637.75,642.030029296875,0
2022-10-06,654.2999877929688,656.1900024414062,645.9500122070312,650.6099853515625,0
2022-10-07,666.72998046875,669.1400146484375,650.0399780273438,652.7100219726562,0
2022-10-10,658.260009765625,671.469970703125,656.1500244140625,664.780029296875,0
2022-10-11,646.8900146484375,656.8800048828125,641.9500122070312,656.489990234375,0
2022-10-12,639.9299926757812,650.0599975585938,636.9299926757812,645.0399780273438,0
2022-10-13,647.9000244140625,649.1199951171875,628.7000122070312,637.9299926757812,0
2022-10-14,631.8900146484375,651.1199951171875,630.5800170898438,647.9000244140625,0
2022-10-17,630.9199829101562,638.2000122070312,627.719970703125,631.8900146484375,0
2022-10-18,620.780029296875,633.9600219726562,617.02001953125,630.9199829101562,0
2022-10-19,624.219970703125,625.97998046875,616.469970703125,620.780029296875,0
2022-10-20,624.5999755859375,634.5700073242188,622.5599975585938,624.219970703125,0
2022-10-21,625.5800170898438,626.72998046875,616.0800170898438,624.5999755859375,0
2022-10-24,626.2899780273438,632.47998046875,616.6599731445312,625.5800170898438,0
2022-10-25,631.02001953125,632.0700073242188,618.97998046875,626.2899780273438,0
2022-10-26,642.0399780273438,643.5599975585938,626.7899780273438,631.02001953125,0
2022-10-27,643.8300170898438,647.2899780273438,640.3099975585938,642.0399780273438,0
2022-10-28,636.530029296875,643.8300170898438,631.7899780273438,643.8300170898438,0
2022-10-31,636.8400268554688,643.780029296875,630.8900146484375,636.530029296875,0
2022-11-01,641.530029296875,646.8900146484375,633.4299926757812,636.8400268554688,0
2022-11-02,649.27001953125,650.0999755859375,637.3099975585938,641.530029296875,0
2022-11-03,644.8400268554688,649.27001953125,638.3300170898438,649.27001953125,0
2022-11-04,665.9500122070312,666.6699829101562,643.22998046875,644.8400268554688,0
2022-11-07,662.5,671.0900268554688,658.5800170898438,664.9299926757812,0
2022-11-08,649.7100219726562,661.9099731445312,648.8400268554688,661.6400146484375,0
2022-11-09,634.1099853515625,650.0900268554688,633.530029296875,649.0700073242188,0
2022-11-10,637.3599853515625,640.030029296875,627.0499877929688,633.5800170898438,0
2022-11-11,646.72998046875,653.489990234375,636.239990234375,636.9400024414062,0
2022-11-14,637.6199951171875,652.280029296875,636.280029296875,646.72998046875,0
2022-11-15,643.469970703125,650.9299926757812,631.8300170898438,637.6199951171875,0
2022-11-16,638.3099975585938,645.77001953125,632.1500244140625,643.469970703125,0
2022-11-17,623.9400024414062,638.719970703125,622.3499755859375,638.47998046875,0
2022-11-18,618.8499755859375,628.0999755859375,609.010009765625,623.9400024414062,0
2022-11-21,617.8400268554688,619.760009765625,600.1900024414062,618.8499755859375,0
2022-11-22,623.97998046875,629.5999755859375,617.3900146484375,617.8400268554688,0
2022-11-23,614.8800048828125,630.2999877929688,609.9600219726562,623.97998046875,0
2022-11-25,604.9099731445312,621.719970703125,604.5800170898438,614.8800048828125,0
2022-11-28,603.4099731445312,607.1400146484375,591.0700073242188,604.9099731445312,0
2022-11-29,608.2899780273438,615.4199829101562,600.1599731445312,603.4099731445312,0
2022-11-30,621.1099853515625,622.9400024414062,608.2899780273438,608.2899780273438,0
2022-12-01,620.9199829101562,632.3599853515625,619.1300048828125,621.1099853515625,0
2022-12-02,611.52001953125,622.4500122070312,610.5,620.9199829101562,0
2022-12-05,593.760009765625,620.1699829101562,593.3099975585938,611.52001953125,0
2022-12-06,579.22998046875,596.6799926757812,575.9500122070312,593.760009765625,0
2022-12-07,573.0499877929688,584.6400146484375,571.8499755859375,579.27001953125,0
2022-12-08,572.5,584.3900146484375,569.1099853515625,573.1500244140625,0
2022-12-09,572.4400024414062,579.27001953125,568.9099731445312,572.4600219726562,0
2022-12-12,582.6400146484375,585.5800170898438,571.260009765625,572.3599853515625,0
2022-12-13,596.3900146484375,599.8800048828125,582.5499877929688,582.5499877929688,0
2022-12-14,602.8699951171875,604.5599975585938,593.1400146484375,596.3900146484375,0
2022-12-15,597.7999877929688,603.77001953125,593.77001953125,602.8699951171875,0
2022-12-16,588.2100219726562,599.469970703125,584.530029296875,597.7999877929688,0
2022-12-19,586.52001953125,592.9500122070312,583.3499755859375,588.2100219726562,0
2022-12-20,588.219970703125,591.030029296875,581.8900146484375,586.52001953125,0
2022-12-21,599.4199829101562,600.8900146484375,587.97998046875,588.219970703125,0
2022-12-22,596.02001953125,606.1099853515625,592.969970703125,599.4199829101562,0
2022-12-23,605.7899780273438,607.469970703125,594.02001953125,594.02001953125,0
2022-12-27,610.7100219726562,615.6400146484375,605.7899780273438,605.7899780273438,0
2022-12-28,605.9000244140625,612.8099975585938,597.7000122070312,610.7100219726562,0
2022-12-29,602.8400268554688,606.219970703125,597.0399780273438,605.9000244140625,0
2022-12-30,610.0700073242188,610.4400024414062,600.9600219726562,602.8400268554688,0
2023-01-03,590.6300048828125,613.239990234375,590.02001953125,610.1099853515625,0
2023-01-04,571.239990234375,592.0499877929688,570.4199829101562,590.6300048828125,0
2023-01-05,571.1300048828125,581.0999755859375,569.2100219726562,571.239990234375,0
2023-01-06,573.2899780273438,580.0999755859375,569.530029296875,571.7899780273438,0
2023-01-09,580.239990234375,588.489990234375,573.1599731445312,573.1599731445312,0
2023-01-10,581.1300048828125,584.219970703125,575.0399780273438,580.1300048828125,0
2023-01-11,592.489990234375,593.4400024414062,578.1799926757812,580.9199829101562,0
2023-01-12,599.5599975585938,602.52001953125,590.9199829101562,592.22998046875,0
2023-01-13,605.7899780273438,606.1599731445312,579.1400146484375,599.3099975585938,0
2023-01-17,609.0599975585938,612.0800170898438,601.780029296875,605.7899780273438,0
2023-01-18,606.6900024414062,618.8900146484375,605.0599975585938,609.0599975585938,0
2023-01-19,609.5800170898438,612.8200073242188,599.8400268554688,606.6900024414062,0
2023-01-20,616.1599731445312,617.0999755859375,608.739990234375,609.5800170898438,0
2023-01-23,618.9400024414062,621.2100219726562,614.2999877929688,616.1599731445312,0
2023-01-24,612.219970703125,622.1400146484375,611.010009765625,618.9400024414062,0
2023-01-25,610.1199951171875,616.2999877929688,607.8699951171875,612.219970703125,0
2023-01-26,615.1900024414062,618.1699829101562,607.3200073242188,610.1199951171875,0
2023-01-27,608.9000244140625,620.760009765625,606.0,615.1900024414062,0
2023-01-30,599.8699951171875,611.52001953125,599.2100219726562,608.9000244140625,0
2023-01-31,606.0599975585938,607.0599975585938,592.2999877929688,599.8699951171875,0
2023-02-01,591.0,608.8200073242188,588.6199951171875,606.0599975585938,0
2023-02-02,587.8900146484375,594.8599853515625,585.52001953125,591.0,0
2023-02-03,574.5,593.4400024414062,573.8900146484375,587.8900146484375,0
2023-02-06,574.1900024414062,577.6300048828125,564.5499877929688,574.52001953125,0
2023-02-07,587.8599853515625,589.0399780273438,574.510009765625,574.510009765625,0
2023-02-08,592.0800170898438,595.4000244140625,586.5999755859375,588.0900268554688,0
2023-02-09,589.22998046875,595.0700073242188,583.5499877929688,592.2999877929688,0
2023-02-10,597.5999755859375,599.2000122070312,586.469970703125,589.4400024414062,0
2023-02-13,599.6799926757812,600.8300170898438,591.8499755859375,597.8499755859375,0
2023-02-14,597.5999755859375,600.3699951171875,590.7000122070312,599.6799926757812,0
2023-02-15,591.8099975585938,597.5999755859375,586.780029296875,597.5999755859375,0
2023-02-16,590.6199951171875,596.0999755859375,588.4299926757812,591.8099975585938,0
2023-02-17,581.510009765625,590.6199951171875,575.2999877929688,590.6199951171875,0
2023-02-21,584.3099975585938,588.8499755859375,581.4000244140625,581.510009765625,0
2023-02-22,573.8200073242188,585.3400268554688,573.2899780273438,584.3099975585938,0
2023-02-23,576.1799926757812,580.9500122070312,572.5999755859375,573.8200073242188,0
2023-02-24,577.5800170898438,581.260009765625,568.6199951171875,576.1799926757812,0
2023-02-27,577.52001953125,581.0499877929688,574.6799926757812,577.5800170898438,0
2023-02-28,581.8699951171875,584.3300170898438,576.5499877929688,577.52001953125,0
2023-03-01,587.8699951171875,588.239990234375,579.9500122070312,581.8699951171875,0
2023-03-02,588.1199951171875,590.4099731445312,584.9199829101562,587.8699951171875,0
2023-03-03,595.8499755859375,596.2899780273438,580.8300170898438,588.1799926757812,0
2023-03-06,594.239990234375,595.8499755859375,586.5599975585938,595.8499755859375,0
2023-03-07,582.010009765625,597.4199829101562,580.6400146484375,594.4299926757812,0
2023-03-08,577.6599731445312,582.8599853515625,575.780029296875,582.2000122070312,0
2023-03-09,570.8599853515625,582.75,570.3099975585938,577.8900146484375,0
2023-03-10,575.9199829101562,577.4199829101562,565.5499877929688,571.0700073242188,0
2023-03-13,570.7999877929688,579.27001953125,557.3800048828125,576.0,0
2023-03-14,559.7899780273438,571.719970703125,558.1500244140625,570.7999877929688,0
2023-03-15,540.6599731445312,564.260009765625,533.5700073242188,559.7899780273438,0
2023-03-16,545.260009765625,548.260009765625,533.72998046875,545.4500122070312,0
2023-03-17,541.6199951171875,553.3300170898438,534.8599853515625,545.260009765625,0
2023-03-20,543.4500122070312,544.9400024414062,529.72998046875,541.72998046875,0
2023-03-21,548.280029296875,549.72998046875,539.280029296875,543.4500122070312,0
2023-03-22,552.4600219726562,553.8900146484375,544.8300170898438,548.280029296875,0
2023-03-23,550.1599731445312,557.1300048828125,547.5700073242188,552.4600219726562,0
2023-03-24,549.3800048828125,552.7100219726562,538.510009765625,550.1599731445312,0
2023-03-27,562.6199951171875,563.4600219726562,547.9199829101562,549.3800048828125,0
2023-03-28,565.8300170898438,568.260009765625,561.3699951171875,562.6199951171875,0
2023-03-29,563.219970703125,570.3499755859375,561.97998046875,565.8300170898438,0
2023-03-30,566.6500244140625,567.4099731445312,560.72998046875,563.219970703125,0
2023-03-31,574.02001953125,574.02001953125,563.0599975585938,566.6500244140625,0
2023-04-03,589.8499755859375,594.5999755859375,574.02001953125,574.02001953125,0
2023-04-04,588.3499755859375,593.3800048828125,584.1300048828125,589.8499755859375,0
2023-04-05,590.1500244140625,591.1099853515625,586.0999755859375,588.3499755859375,0
2023-04-06,588.6900024414062,591.9400024414062,585.97998046875,590.1500244140625,0
2023-04-10,586.9199829101562,591.1900024414062,584.9099731445312,588.239990234375,0
2023-04-11,592.030029296875,592.5800170898438,584.739990234375,586.530029296875,0
2023-04-12,597.72998046875,598.6699829101562,590.0900268554688,591.52001953125,0
2023-04-13,593.719970703125,599.22998046875,593.719970703125,597.0700073242188,0
2023-04-14,594.9000244140625,597.0999755859375,590.5999755859375,593.219970703125,0
2023-04-17,591.3900146484375,595.739990234375,588.8200073242188,594.9000244140625,0
2023-04-18,593.1599731445312,595.3499755859375,587.8900146484375,591.3900146484375,0
2023-04-19,583.6599731445312,593.739990234375,581.3699951171875,593.1599731445312,0
2023-04-20,574.2999877929688,583.6599731445312,571.97998046875,583.6599731445312,0
2023-04-21,573.9000244140625,577.22998046875,570.6400146484375,574.2999877929688,0
2023-04-24,577.5800170898438,579.010009765625,568.530029296875,573.9000244140625,0
2023-04-25,567.9600219726562,578.8800048828125,565.1400146484375,577.5800170898438,0
2023-04-26,556.9400024414062,571.72998046875,556.3499755859375,567.9600219726562,0
2023-04-27,556.260009765625,558.6300048828125,553.010009765625,556.9400024414062,0
2023-04-28,564.969970703125,565.6400146484375,552.0399780273438,556.260009765625,0
2023-05-01,560.1099853515625,564.969970703125,555.22998046875,564.969970703125,0
2023-05-02,543.27001953125,562.6699829101562,542.4000244140625,560.1099853515625,0
2023-05-03,532.0700073242188,543.5,529.1799926757812,543.27001953125,0
2023-05-04,532.77001953125,537.5399780273438,527.969970703125,532.0700073242188,0
2023-05-05,545.5900268554688,547.0800170898438,532.4500122070312,532.8900146484375,0
2023-05-08,553.52001953125,555.4500122070312,544.760009765625,545.6799926757812,0
2023-05-09,554.1699829101562,554.4400024414062,544.47998046875,553.6099853515625,0
2023-05-10,550.52001953125,555.239990234375,547.8900146484375,554.239990234375,0
2023-05-11,540.7000122070312,553.469970703125,540.02001953125,550.5700073242188,0
2023-05-12,538.9099731445312,544.6300048828125,537.4400024414062,540.7000122070312,0
2023-05-15,546.3800048828125,548.52001953125,535.969970703125,538.9099731445312,0
2023-05-16,542.6699829101562,549.1500244140625,541.239990234375,546.3800048828125,0
2023-05-17,549.27001953125,550.510009765625,539.4199829101562,542.6699829101562,0
2023-05-18,545.0,549.4000244140625,542.1300048828125,549.27001953125,0
2023-05-19,543.4199829101562,553.4600219726562,541.8400268554688,545.0,0
2023-05-22,544.4400024414062,545.7100219726562,537.8800048828125,543.4199829101562,0
2023-05-23,546.469970703125,549.8200073242188,541.5,544.4400024414062,0
2023-05-24,551.25,553.3699951171875,546.4500122070312,546.469970703125,0
2023-05-25,541.4299926757812,552.1900024414062,537.4199829101562,551.25,0
2023-05-26,546.8599853515625,547.6799926757812,539.8400268554688,541.4299926757812,0
2023-05-30,532.5700073242188,548.5599975585938,530.739990234375,546.8599853515625,0
2023-05-31,528.219970703125,533.010009765625,521.6300048828125,532.5700073242188,0
2023-06-01,537.4099731445312,540.8300170898438,526.469970703125,528.219970703125,0
2023-06-02,545.5800170898438,546.489990234375,536.4099731445312,537.4099731445312,0
2023-06-05,547.6900024414062,553.9199829101562,545.5800170898438,545.5800170898438,0
2023-06-06,548.2000122070312,549.8900146484375,540.469970703125,547.6900024414062,0
2023-06-07,549.010009765625,551.8900146484375,543.219970703125,546.6199951171875,0
2023-06-08,545.510009765625,550.8400268554688,535.9000244140625,547.260009765625,0
2023-06-09,539.8099975585938,546.02001953125,539.6799926757812,543.72998046875,0
2023-06-12,527.3900146484375,538.010009765625,525.1699829101562,538.010009765625,0
2023-06-13,536.6400146484375,538.3499755859375,525.6199951171875,525.780029296875,0
2023-06-14,533.3499755859375,541.1699829101562,532.8200073242188,536.6400146484375,0
2023-06-15,547.969970703125,549.2000122070312,530.97998046875,533.3499755859375,0
2023-06-16,557.219970703125,557.4099731445312,547.6599731445312,547.969970703125,0
2023-06-20,550.6099853515625,557.219970703125,545.760009765625,557.219970703125,0
2023-06-21,559.9199829101562,560.1099853515625,549.6699829101562,550.6099853515625,0
2023-06-22,547.0399780273438,560.0900268554688,544.5900268554688,559.9199829101562,0
2023-06-23,541.5599975585938,547.0399780273438,534.75,547.0399780273438,0
2023-06-26,542.6400146484375,547.1400146484375,540.8400268554688,541.5599975585938,0
2023-06-27,533.7100219726562,546.0900268554688,533.1599731445312,542.5399780273438,0
2023-06-28,535.3800048828125,536.8499755859375,527.9500122070312,533.7100219726562,0
2023-06-29,535.5499877929688,538.4099731445312,532.0599975585938,535.3800048828125,0
2023-06-30,540.4600219726562,544.1799926757812,534.8200073242188,535.5499877929688,0
2023-07-03,536.6599731445312,545.4299926757812,536.3099975585938,540.4600219726562,0
2023-07-05,545.760009765625,547.760009765625,536.6599731445312,536.6599731445312,0
2023-07-06,544.1400146484375,547.0,537.5700073242188,545.760009765625,0
2023-07-07,551.8400268554688,552.22998046875,542.5800170898438,544.1400146484375,0
2023-07-10,549.8900146484375,554.1500244140625,548.719970703125,551.3400268554688,0
2023-07-11,557.6799926757812,558.0700073242188,549.239990234375,549.4600219726562,0
2023-07-12,559.219970703125,563.7999877929688,556.7999877929688,557.1799926757812,0
2023-07-13,565.4199829101562,566.22998046875,558.27001953125,558.739990234375,0
2023-07-14,562.52001953125,567.5599975585938,560.0700073242188,564.989990234375,0
2023-07-17,555.8300170898438,565.6099853515625,555.4299926757812,562.52001953125,0
2023-07-18,564.2000122070312,565.3599853515625,555.1500244140625,555.8300170898438,0
2023-07-19,567.8200073242188,572.5800170898438,563.780029296875,564.2000122070312,0
2023-07-20,569.8900146484375,572.8800048828125,566.0900268554688,567.8200073242188,0
2023-07-21,574.719970703125,575.47998046875,569.6500244140625,569.8900146484375,0
2023-07-24,586.0499877929688,588.6300048828125,572.989990234375,574.719970703125,0
2023-07-25,588.8699951171875,589.719970703125,582.2899780273438,586.0499877929688,0
2023-07-26,585.219970703125,588.8699951171875,584.3200073242188,588.8699951171875,0
2023-07-27,588.4099731445312,590.97998046875,584.47998046875,585.219970703125,0
2023-07-28,590.9400024414062,591.47998046875,584.0599975585938,588.4099731445312,0
2023-07-31,593.4000244140625,593.760009765625,587.25,590.9400024414062,0
2023-08-01,591.6799926757812,594.52001953125,589.1500244140625,593.3300170898438,0
2023-08-02,580.7100219726562,597.4000244140625,579.0700073242188,591.6799926757812,0
2023-08-03,587.4000244140625,588.72998046875,577.7100219726562,580.7100219726562,0
2023-08-04,591.6900024414062,593.3099975585938,587.239990234375,587.4000244140625,0
2023-08-07,588.3200073242188,593.0900268554688,586.3599853515625,591.2100219726562,0
2023-08-08,590.5,591.030029296875,577.1900024414062,587.8800048828125,0
2023-08-09,597.7000122070312,598.6699829101562,589.6699829101562,589.989990234375,0
2023-08-10,591.9000244140625,600.3200073242188,590.8300170898438,597.0499877929688,0
2023-08-11,590.75,594.2999877929688,588.7100219726562,591.3599853515625,0
2023-08-14,586.3400268554688,590.75,583.8200073242188,590.75,0
2023-08-15,577.4600219726562,588.3599853515625,576.1400146484375,586.3400268554688,0
2023-08-16,573.5599975585938,580.4000244140625,573.3499755859375,577.4600219726562,0
2023-08-17,577.1799926757812,580.7000122070312,571.3800048828125,573.5599975585938,0
2023-08-18,582.0399780273438,583.0399780273438,574.8099975585938,577.1799926757812,0
2023-08-21,579.510009765625,587.280029296875,578.9099731445312,582.0399780273438,0
2023-08-22,578.1300048828125,581.6300048828125,577.2999877929688,579.510009765625,0
2023-08-23,577.75,579.8699951171875,571.7000122070312,578.1300048828125,0
2023-08-24,579.0900268554688,579.5800170898438,571.760009765625,577.75,0
2023-08-25,585.02001953125,585.7899780273438,578.0,579.0900268554688,0
2023-08-28,585.1199951171875,588.260009765625,583.489990234375,585.6199951171875,0
2023-08-29,586.72998046875,587.510009765625,581.0800170898438,585.1199951171875,0
2023-08-30,586.77001953125,590.0399780273438,584.2999877929688,586.72998046875,0
2023-08-31,591.1799926757812,591.8800048828125,586.030029296875,586.77001953125,0
2023-09-01,598.97998046875,600.3300170898438,591.1599731445312,591.4199829101562,0
2023-09-05,604.2100219726562,609.0,595.5,598.97998046875,0
2023-09-06,605.0999755859375,607.0499877929688,600.3400268554688,604.2100219726562,0
2023-09-07,603.8800048828125,606.8599853515625,601.9500122070312,605.0999755859375,0
2023-09-08,606.989990234375,608.97998046875,601.3499755859375,603.3099975585938,0
2023-09-11,609.280029296875,612.0700073242188,603.47998046875,606.3800048828125,0
2023-09-12,612.4000244140625,613.9199829101562,607.8699951171875,608.5800170898438,0
2023-09-13,613.010009765625,615.1799926757812,610.5599975585938,611.6599731445312,0
2023-09-14,619.6300048828125,620.77001953125,612.3099975585938,612.3099975585938,0
2023-09-15,618.0499877929688,623.5599975585938,614.3499755859375,619.6300048828125,0
2023-09-18,616.9199829101562,621.280029296875,614.75,618.0499877929688,0
2023-09-19,617.52001953125,623.2000122070312,616.2000122070312,616.9199829101562,0
2023-09-20,614.469970703125,619.02001953125,611.6199951171875,617.52001953125,0
2023-09-21,612.0999755859375,618.5800170898438,608.6599731445312,614.4299926757812,0
2023-09-22,611.239990234375,617.4000244140625,609.3200073242188,612.0999755859375,0
2023-09-25,609.1900024414062,613.7100219726562,605.8900146484375,611.239990234375,0
2023-09-26,609.0499877929688,610.030029296875,601.9099731445312,609.1900024414062,0
2023-09-27,618.2999877929688,619.9000244140625,609.0499877929688,609.0499877929688,0
2023-09-28,615.719970703125,623.4299926757812,614.6599731445312,618.2999877929688,0
2023-09-29,609.6699829101562,621.4400024414062,608.7999877929688,615.719970703125,0
2023-10-02,602.010009765625,613.3300170898438,600.8499755859375,609.6199951171875,0
2023-10-03,600.280029296875,602.719970703125,596.489990234375,602.010009765625,0
2023-10-04,579.72998046875,601.4600219726562,579.5700073242188,600.280029296875,0
2023-10-05,573.27001953125,581.75,571.4000244140625,579.7899780273438,0
2023-10-06,575.7100219726562,577.0700073242188,570.4099731445312,572.4600219726562,0
2023-10-09,587.6400146484375,592.469970703125,574.8599853515625,574.8599853515625,0
2023-10-10,585.0900268554688,587.5999755859375,582.0399780273438,586.5700073242188,0
2023-10-11,577.2100219726562,587.7000122070312,574.1099853515625,584.0599975585938,0
2023-10-12,577.97998046875,582.72998046875,574.510009765625,576.4500122070312,0
2023-10-13,595.8499755859375,596.3900146484375,577.9199829101562,577.97998046875,0
2023-10-16,591.3300170898438,598.1900024414062,590.72998046875,595.8499755859375,0
2023-10-17,591.4000244140625,594.27001953125,587.4299926757812,591.3300170898438,0
2023-10-18,598.97998046875,603.6599731445312,591.4000244140625,591.4000244140625,0
2023-10-19,602.4099731445312,604.6400146484375,591.6099853515625,598.97998046875,0
2023-10-20,600.7999877929688,607.6799926757812,599.3200073242188,602.4099731445312,0
2023-10-23,590.77001953125,600.3300170898438,590.280029296875,600.3300170898438,0
2023-10-24,583.4600219726562,593.0800170898438,580.1799926757812,590.77001953125,0
2023-10-25,589.010009765625,589.3599853515625,576.0700073242188,583.4600219726562,0
2023-10-26,582.780029296875,589.6599731445312,579.5499877929688,589.010009765625,0
2023-10-27,591.4099731445312,592.52001953125,582.4500122070312,582.780029296875,0
2023-10-30,579.510009765625,591.4099731445312,577.7100219726562,591.4099731445312,0
2023-10-31,576.969970703125,585.22998046875,576.0499877929688,579.510009765625,0
2023-11-01,575.2899780273438,585.3499755859375,575.2100219726562,576.969970703125,0
2023-11-02,584.1799926757812,585.0800170898438,575.2899780273438,575.2899780273438,0
2023-11-03,577.8900146484375,588.9500122070312,576.5900268554688,584.1799926757812,0
2023-11-06,578.6699829101562,583.739990234375,577.6699829101562,577.8900146484375,0
2023-11-07,562.5800170898438,579.3400268554688,562.4400024414062,579.0999755859375,0
2023-11-08,555.760009765625,564.5,553.9400024414062,563.0399780273438,0
2023-11-09,554.7999877929688,560.6500244140625,553.8699951171875,556.260009765625,0
2023-11-10,558.0499877929688,560.3699951171875,554.0599975585938,555.3599853515625,0
2023-11-13,566.969970703125,567.8099975585938,555.260009765625,558.510009765625,0
2023-11-14,567.5599975585938,573.6500244140625,564.6199951171875,566.969970703125,0
2023-11-15,563.52001953125,568.9299926757812,562.6799926757812,567.5599975585938,0
2023-11-16,547.6099853515625,563.8599853515625,545.3900146484375,563.52001953125,0
2023-11-17,556.75,557.3800048828125,546.47998046875,547.6099853515625,0
2023-11-20,565.0,566.760009765625,555.47998046875,556.75,0
2023-11-21,566.3499755859375,566.72998046875,562.0499877929688,565.0,0
2023-11-22,561.7100219726562,567.7100219726562,550.5,566.3499755859375,0
2023-11-24,554.5399780273438,561.9299926757812,553.27001953125,561.7100219726562,0
2023-11-27,549.739990234375,555.469970703125,548.1699829101562,554.780029296875,0
2023-11-28,558.47998046875,560.5499877929688,549.1400146484375,549.739990234375,0
2023-11-29,563.3800048828125,563.719970703125,554.7100219726562,558.47998046875,0
2023-11-30,555.77001953125,569.989990234375,552.3599853515625,563.3800048828125,0
2023-12-01,548.7100219726562,558.6799926757812,548.1699829101562,555.77001953125,0
2023-12-04,543.0499877929688,551.4299926757812,540.8400268554688,548.7100219726562,0
2023-12-05,539.9000244140625,547.4000244140625,538.8099975585938,543.0499877929688,0
2023-12-06,525.0499877929688,541.6799926757812,524.719970703125,539.9000244140625,0
2023-12-07,525.1400146484375,530.4600219726562,523.780029296875,525.1400146484375,0
2023-12-08,531.9000244140625,534.4400024414062,525.219970703125,525.219970703125,0
2023-12-11,530.4000244140625,533.5999755859375,526.760009765625,531.9600219726562,0
2023-12-12,520.260009765625,533.8900146484375,519.1300048828125,530.47998046875,0
2023-12-13,522.7100219726562,524.22998046875,516.4199829101562,520.4099731445312,0
2023-12-14,535.47998046875,537.5900268554688,522.7100219726562,522.7100219726562,0
2023-12-15,537.5599975585938,539.1599731445312,531.9199829101562,535.47998046875,0
2023-12-18,541.5499877929688,549.0700073242188,533.9299926757812,538.6900024414062,0
2023-12-19,546.27001953125,547.719970703125,538.760009765625,541.5499877929688,0
2023-12-20,545.8200073242188,551.2899780273438,543.97998046875,546.27001953125,0
2023-12-21,543.7899780273438,546.4400024414062,538.6699829101562,545.8200073242188,0
2023-12-22,543.72998046875,548.9299926757812,542.5499877929688,543.7899780273438,0
2023-12-26,551.1500244140625,553.1900024414062,541.260009765625,543.72998046875,0
2023-12-27,547.0599975585938,552.2899780273438,546.489990234375,551.260009765625,0
2023-12-28,538.9000244140625,548.25,538.7999877929688,547.0599975585938,0
2023-12-29,535.6400146484375,540.6500244140625,534.77001953125,538.780029296875,0
2024-01-02,530.489990234375,544.3099975585938,528.97998046875,535.6400146484375,0
2024-01-03,539.1599731445312,539.8200073242188,525.77001953125,530.4400024414062,0
2024-01-04,536.989990234375,543.75,532.3099975585938,539.1599731445312,0
2024-01-05,541.760009765625,544.22998046875,536.8699951171875,536.989990234375,0
2024-01-08,530.1900024414062,542.3400268554688,525.9299926757812,541.719970703125,0
2024-01-09,538.1900024414062,540.760009765625,529.739990234375,530.1099853515625,0
2024-01-10,533.72998046875,542.2100219726562,532.4400024414062,537.8699951171875,0
2024-01-11,537.0700073242188,543.2000122070312,532.6900024414062,533.4299926757812,0
2024-01-12,538.3300170898438,549.739990234375,536.489990234375,536.6199951171875,0
2024-01-16,537.010009765625,542.3300170898438,535.0399780273438,538.3300170898438,0
2024-01-17,534.3099975585938,537.010009765625,528.5399780273438,537.010009765625,0
2024-01-18,540.6400146484375,541.1099853515625,532.1300048828125,534.3099975585938,0
2024-01-19,538.8300170898438,544.6199951171875,538.239990234375,540.6400146484375,0
2024-01-22,543.8599853515625,545.8200073242188,535.3800048828125,538.8300170898438,0
2024-01-23,545.4299926757812,548.010009765625,540.25,543.8599853515625,0
2024-01-24,549.8599853515625,552.3699951171875,544.75,545.4299926757812,0
2024-01-25,558.6500244140625,559.219970703125,549.8599853515625,549.8599853515625,0
2024-01-26,561.4500122070312,561.7000122070312,553.3599853515625,558.6500244140625,0
2024-01-29,556.1799926757812,566.1500244140625,554.9600219726562,561.4500122070312,0
2024-01-30,561.22998046875,562.0900268554688,551.3300170898438,556.1799926757812,0
2024-01-31,555.0700073242188,561.8800048828125,554.0999755859375,561.22998046875,0
2024-02-01,547.5700073242188,557.9000244140625,546.9500122070312,555.0700073242188,0
2024-02-02,540.010009765625,549.280029296875,538.52001953125,547.5700073242188,0
2024-02-05,541.2899780273438,542.719970703125,536.0599975585938,540.010009765625,0
2024-02-06,544.6900024414062,546.6699829101562,540.7000122070312,541.2899780273438,0
2024-02-07,547.75,549.280029296875,544.27001953125,544.969970703125,0
2024-02-08,556.0999755859375,556.9400024414062,547.0900268554688,547.97998046875,0
2024-02-09,558.989990234375,560.9199829101562,554.3200073242188,556.1900024414062,0
2024-02-12,558.0700073242188,559.72998046875,554.1599731445312,559.02001953125,0
2024-02-13,559.2999877929688,562.1099853515625,556.530029296875,558.1300048828125,0
2024-02-14,552.7000122070312,561.1799926757812,552.25,559.2999877929688,0
2024-02-15,556.0900268554688,558.5800170898438,548.739990234375,552.7000122070312,0
2024-02-16,558.9500122070312,559.0700073242188,552.3099975585938,556.0900268554688,0
2024-02-20,553.8699951171875,558.9500122070312,552.530029296875,558.9500122070312,0
2024-02-21,557.3300170898438,557.760009765625,552.5800170898438,553.8699951171875,0
2024-02-22,559.2899780273438,560.1500244140625,553.3699951171875,557.3300170898438,0
2024-02-23,550.9400024414062,559.2899780273438,550.3300170898438,559.2899780273438,0
2024-02-26,555.9199829101562,557.5499877929688,548.6599731445312,550.8599853515625,0
2024-02-27,561.239990234375,561.5,555.1199951171875,555.9199829101562,0
2024-02-28,557.739990234375,562.2899780273438,556.0,561.239990234375,0
2024-02-29,557.9299926757812,561.22998046875,555.5700073242188,557.739990234375,0
2024-03-01,564.6599731445312,566.7899780273438,556.75,557.9299926757812,0
2024-03-04,561.22998046875,566.7999877929688,560.4600219726562,564.6599731445312,0
2024-03-05,557.530029296875,561.9500122070312,556.0700073242188,561.22998046875,0
2024-03-06,562.02001953125,566.2899780273438,556.030029296875,557.530029296875,0
2024-03-07,563.5599975585938,565.5999755859375,559.4199829101562,561.9299926757812,0
2024-03-08,559.4600219726562,567.5800170898438,556.739990234375,563.530029296875,0
2024-03-11,561.760009765625,563.2999877929688,555.6799926757812,559.5399780273438,0
2024-03-12,561.3200073242188,564.7100219726562,559.239990234375,561.9000244140625,0
2024-03-13,570.2899780273438,570.7899780273438,561.52001953125,561.52001953125,0
2024-03-14,573.8499755859375,575.22998046875,569.5599975585938,570.2899780273438,0
2024-03-15,575.3400268554688,576.2899780273438,571.6699829101562,573.8499755859375,0
2024-03-18,582.4000244140625,582.8499755859375,575.3400268554688,575.3400268554688,0
2024-03-19,582.9099731445312,583.760009765625,579.97998046875,582.4000244140625,0
2024-03-20,577.1500244140625,582.9099731445312,574.5399780273438,582.9099731445312,0
2024-03-21,576.9500122070312,581.5800170898438,573.760009765625,577.1500244140625,0
2024-03-22,574.4400024414062,577.7899780273438,573.6300048828125,576.9500122070312,0
2024-03-25,579.760009765625,582.4000244140625,574.4400024414062,574.4400024414062,0
2024-03-26,575.5700073242188,580.989990234375,575.0399780273438,579.760009765625,0
2024-03-27,573.8900146484375,575.5700073242188,570.4500122070312,575.5700073242188,0
2024-03-28,582.47998046875,582.6300048828125,573.6900024414062,573.8900146484375,0
2024-04-01,583.8800048828125,587.3300170898438,579.739990234375,582.47998046875,0
2024-04-02,590.5700073242188,591.9500122070312,583.8800048828125,583.8800048828125,0
2024-04-03,595.030029296875,597.0700073242188,590.3699951171875,590.5700073242188,0
2024-04-04,599.1799926757812,601.3300170898438,592.5399780273438,595.030029296875,0
2024-04-05,601.9099731445312,604.52001953125,598.7999877929688,599.1099853515625,0
2024-04-08,599.1699829101562,602.6300048828125,591.52001953125,601.7999877929688,0
2024-04-09,595.7000122070312,601.489990234375,595.0999755859375,599.0900268554688,0
2024-04-10,598.0900268554688,599.75,592.739990234375,595.6400146484375,0
2024-04-11,594.1300048828125,600.52001953125,592.9400024414062,598.010009765625,0
2024-04-12,598.3200073242188,606.8099975585938,594.1300048828125,594.1300048828125,0
2024-04-15,596.9500122070312,601.52001953125,591.1300048828125,598.3200073242188,0
2024-04-16,596.8099975585938,600.1699829101562,593.3400268554688,596.9500122070312,0
2024-04-17,587.1500244140625,597.1199951171875,585.8699951171875,596.8099975585938,0
2024-04-18,586.4600219726562,589.030029296875,583.2999877929688,587.1500244140625,0
2024-04-19,590.27001953125,602.0,584.3699951171875,586.4600219726562,0
2024-04-22,589.9600219726562,590.8599853515625,583.469970703125,590.27001953125,0
2024-04-23,593.8200073242188,593.969970703125,583.3099975585938,589.9600219726562,0
2024-04-24,592.1599731445312,595.5499877929688,591.010009765625,593.8200073242188,0
2024-04-25,594.5999755859375,595.1400146484375,588.969970703125,592.1599731445312,0
2024-04-26,595.9400024414062,598.9500122070312,594.0800170898438,594.5999755859375,0
2024-04-29,592.5599975585938,596.4400024414062,591.6500244140625,595.9199829101562,0
2024-04-30,586.1699829101562,592.7999877929688,582.280029296875,592.5599975585938,0
2024-05-01,572.6699829101562,586.1699829101562,572.1799926757812,586.1699829101562,0
2024-05-02,573.1699829101562,576.97998046875,570.0700073242188,572.6699829101562,0
2024-05-03,573.1900024414062,578.1099853515625,572.5599975585938,573.1699829101562,0
2024-05-06,576.9500122070312,578.7000122070312,571.77001953125,573.1900024414062,0
2024-05-07,577.739990234375,580.0999755859375,573.5900268554688,577.1400146484375,0
2024-05-08,577.2899780273438,578.22998046875,571.239990234375,578.0,0
2024-05-09,578.9500122070312,581.0599975585938,577.4500122070312,577.47998046875,0
2024-05-10,577.1500244140625,583.739990234375,576.7999877929688,579.0800170898438,0
2024-05-13,579.5,582.22998046875,574.3400268554688,577.3400268554688,0
2024-05-14,575.52001953125,580.7000122070312,574.2100219726562,579.5,0
2024-05-15,578.8699951171875,580.3099975585938,571.8400268554688,575.52001953125,0
2024-05-16,581.5700073242188,583.3400268554688,578.3699951171875,578.8699951171875,0
2024-05-17,587.47998046875,587.7100219726562,581.5700073242188,581.5700073242188,0
2024-05-20,591.0499877929688,592.760009765625,586.5,587.47998046875,0
2024-05-21,588.9400024414062,591.4600219726562,584.6900024414062,591.0499877929688,0
2024-05-22,583.1900024414062,588.9400024414062,581.8699951171875,588.9400024414062,0
2024-05-23,579.8900146484375,588.0499877929688,578.4199829101562,583.1900024414062,0
2024-05-24,581.6900024414062,583.5700073242188,577.3200073242188,579.8900146484375,0
2024-05-28,592.4400024414062,593.5499877929688,581.6900024414062,581.6900024414062,0
2024-05-29,587.530029296875,595.5399780273438,586.9000244140625,592.4400024414062,0
2024-05-30,578.3099975585938,587.8200073242188,578.030029296875,587.530029296875,0
2024-05-31,573.280029296875,581.719970703125,571.489990234375,578.3099975585938,0
2024-06-03,563.8200073242188,576.8499755859375,562.5,573.280029296875,0
2024-06-04,557.9000244140625,563.8200073242188,555.780029296875,563.8200073242188,0
2024-06-05,560.010009765625,560.6699829101562,556.0999755859375,557.9000244140625,0
2024-06-06,569.1199951171875,569.8499755859375,560.010009765625,560.010009765625,0
2024-06-07,564.4199829101562,570.9500122070312,563.3099975585938,569.0,0
2024-06-10,571.7000122070312,572.52001953125,563.8599853515625,564.3900146484375,0
2024-06-11,573.0,575.2000122070312,569.5800170898438,571.5700073242188,0
2024-06-12,576.47998046875,579.6900024414062,572.8699951171875,572.8699951171875,0
2024-06-13,577.030029296875,578.6599731445312,573.02001953125,576.280029296875,0
2024-06-14,575.0900268554688,579.3300170898438,573.7000122070312,577.030029296875,0
2024-06-17,577.3499755859375,578.0900268554688,571.02001953125,575.0900268554688,0
2024-06-18,582.3300170898438,582.510009765625,574.239990234375,577.3499755859375,0
2024-06-20,583.02001953125,585.9000244140625,581.8300170898438,582.3300170898438,0
2024-06-21,579.0599975585938,583.989990234375,577.9099731445312,583.02001953125,0
2024-06-24,582.2100219726562,582.4600219726562,576.239990234375,579.0599975585938,0
2024-06-25,577.3699951171875,583.3699951171875,576.77001953125,582.2100219726562,0
2024-06-26,577.6699829101562,580.469970703125,575.1900024414062,577.3699951171875,0
2024-06-27,580.489990234375,583.5399780273438,576.469970703125,577.6699829101562,0
2024-06-28,578.3900146484375,585.4500122070312,577.260009765625,580.489990234375,0
2024-07-01,584.5499877929688,584.9199829101562,578.02001953125,578.3900146484375,0
2024-07-02,584.4500122070312,589.1900024414062,584.1900024414062,584.5499877929688,0
2024-07-03,588.719970703125,588.8200073242188,584.1400146484375,584.4500122070312,0
2024-07-05,587.0999755859375,592.2100219726562,586.9500122070312,588.719970703125,0
2024-07-08,579.8300170898438,586.6799926757812,579.1799926757812,586.3599853515625,0
2024-07-09,573.780029296875,579.9299926757812,573.6199951171875,579.1199951171875,0
2024-07-10,573.02001953125,575.77001953125,569.8900146484375,573.0399780273438,0
2024-07-11,574.3300170898438,576.3900146484375,571.5,572.22998046875,0
2024-07-12,572.3900146484375,576.0900268554688,571.9600219726562,573.4400024414062,0
2024-07-15,568.8099975585938,572.7899780273438,567.7000122070312,572.3900146484375,0
2024-07-16,564.2100219726562,568.9600219726562,561.8800048828125,568.8099975585938,0
2024-07-17,568.4600219726562,568.8099975585938,562.989990234375,564.2100219726562,0
2024-07-18,566.719970703125,572.0,563.9000244140625,568.4600219726562,0
2024-07-19,555.8499755859375,566.719970703125,555.739990234375,566.719970703125,0
2024-07-22,556.8900146484375,558.6099853515625,552.47998046875,555.8499755859375,0
2024-07-23,551.4099731445312,558.5,550.4500122070312,556.8900146484375,0
2024-07-24,553.9199829101562,556.7999877929688,551.3499755859375,551.4099731445312,0
2024-07-25,554.989990234375,555.3300170898438,545.8699951171875,553.9199829101562,0
2024-07-26,549.280029296875,557.2000122070312,546.8400268554688,554.989990234375,0
2024-07-29,543.1400146484375,551.72998046875,541.6900024414062,549.280029296875,0
2024-07-30,539.1099853515625,543.25,537.760009765625,543.1400146484375,0
2024-07-31,551.4400024414062,552.0599975585938,539.1099853515625,539.1099853515625,0
2024-08-01,544.3699951171875,555.8699951171875,544.3499755859375,551.4400024414062,0
2024-08-02,533.0599975585938,548.5800170898438,531.47998046875,544.3699951171875,0
2024-08-05,529.3499755859375,535.2999877929688,521.8099975585938,533.0599975585938,0
2024-08-06,530.760009765625,535.7000122070312,526.219970703125,529.3499755859375,0
2024-08-07,537.3699951171875,539.6199951171875,527.5,530.3699951171875,0
2024-08-08,539.4000244140625,540.469970703125,533.6400146484375,536.8699951171875,0
2024-08-09,542.0800170898438,542.7999877929688,538.260009765625,538.8900146484375,0
2024-08-12,551.8300170898438,552.0499877929688,540.8599853515625,541.52001953125,0
2024-08-13,544.4099731445312,551.1199951171875,543.8699951171875,551.1199951171875,0
2024-08-14,541.8499755859375,547.47998046875,541.3599853515625,544.4099731445312,0
2024-08-15,546.510009765625,549.1300048828125,541.8099975585938,541.8499755859375,0
2024-08-16,540.0800170898438,546.510009765625,536.6099853515625,546.510009765625,0
2024-08-19,536.75,542.5999755859375,535.9400024414062,540.0800170898438,0
2024-08-20,534.3300170898438,539.489990234375,532.239990234375,536.75,0
2024-08-21,530.510009765625,537.9199829101562,528.8599853515625,534.3300170898438,0
2024-08-22,532.1400146484375,534.010009765625,528.6500244140625,530.510009765625,0
2024-08-23,540.4600219726562,541.3499755859375,532.0800170898438,532.1400146484375,0
2024-08-26,549.2999877929688,550.4199829101562,540.4600219726562,540.4600219726562,0
2024-08-27,544.5399780273438,549.8599853515625,544.0499877929688,549.2999877929688,0
2024-08-28,538.1500244140625,545.6599731445312,536.489990234375,544.5399780273438,0
2024-08-29,544.0800170898438,545.719970703125,535.72998046875,538.1500244140625,0
2024-08-30,536.75,547.9299926757812,536.6500244140625,544.0800170898438,0
2024-09-03,524.7899780273438,538.239990234375,523.3499755859375,536.75,0
2024-09-04,520.2000122070312,528.1300048828125,519.7899780273438,524.7899780273438,0
2024-09-05,520.1500244140625,526.260009765625,518.9299926757812,520.2000122070312,0
2024-09-06,511.05999755859375,523.72998046875,509.7799987792969,520.1500244140625,0
2024-09-09,514.8200073242188,515.9099731445312,509.0899963378906,510.8800048828125,0
2024-09-10,504.2200012207031,516.5999755859375,502.45001220703125,514.6199951171875,0
2024-09-11,510.79998779296875,512.6199951171875,503.6600036621094,504.07000732421875,0
2024-09-12,518.969970703125,521.969970703125,510.5299987792969,510.5899963378906,0
2024-09-13,519.0999755859375,524.7100219726562,518.6599731445312,518.6699829101562,0
2024-09-16,523.5800170898438,525.9500122070312,517.7999877929688,519.0999755859375,0
2024-09-17,527.6400146484375,529.5900268554688,521.719970703125,523.5800170898438,0
2024-09-18,528.5800170898438,530.280029296875,523.8599853515625,527.6400146484375,0
2024-09-19,533.989990234375,535.280029296875,524.7000122070312,528.5800170898438,0
2024-09-20,533.4099731445312,535.0599975585938,530.27001953125,533.989990234375,0
2024-09-23,534.3599853515625,539.5900268554688,531.1199951171875,533.4099731445312,0
2024-09-24,541.1400146484375,544.3400268554688,534.27001953125,534.3599853515625,0
2024-09-25,536.7999877929688,542.8800048828125,535.0800170898438,541.1400146484375,0
2024-09-26,531.1900024414062,538.4600219726562,527.4099731445312,536.7999877929688,0
2024-09-27,532.9299926757812,534.5499877929688,528.0900268554688,531.1900024414062,0
2024-09-30,532.8800048828125,537.77001953125,529.9000244140625,532.9299926757812,0
2024-10-01,540.8699951171875,548.030029296875,525.7100219726562,532.8800048828125,0
2024-10-02,543.510009765625,551.8400268554688,540.8699951171875,540.8699951171875,0
2024-10-03,555.5399780273438,556.3599853515625,543.510009765625,543.510009765625,0
2024-10-04,557.3699951171875,561.77001953125,555.219970703125,555.5399780273438,0
2024-10-07,566.6500244140625,567.3599853515625,554.780029296875,557.510009765625,0
2024-10-08,550.8099975585938,567.8300170898438,547.72998046875,566.8499755859375,0
2024-10-09,547.77001953125,554.8099975585938,541.6799926757812,551.1099853515625,0
2024-10-10,559.25,560.239990234375,548.0,548.0,0
2024-10-11,559.6400146484375,562.3499755859375,555.530029296875,559.3900146484375,0
2024-10-14,550.4000244140625,559.6400146484375,549.77001953125,559.6400146484375,0
2024-10-15,536.760009765625,550.4299926757812,533.72998046875,550.4000244140625,0
2024-10-16,536.0599975585938,539.8599853515625,533.7100219726562,536.760009765625,0
2024-10-17,537.02001953125,539.7100219726562,532.9000244140625,536.0599975585938,0
2024-10-18,531.989990234375,540.4099731445312,530.27001953125,537.02001953125,0
2024-10-21,536.489990234375,539.1799926757812,531.989990234375,531.989990234375,0
2024-10-22,545.3699951171875,546.47998046875,534.7000122070312,536.489990234375,0
2024-10-23,542.0,545.6799926757812,539.4199829101562,545.3699951171875,0
2024-10-24,540.4500122070312,549.1599731445312,538.1400146484375,542.0,0
2024-10-25,546.3200073242188,546.6900024414062,538.3099975585938,540.4500122070312,0
2024-10-28,527.5,541.6599731445312,526.5800170898438,541.6599731445312,0
2024-10-29,527.510009765625,532.3200073242188,525.3800048828125,527.5,0
2024-10-30,533.3900146484375,535.3300170898438,527.510009765625,527.510009765625,0
2024-10-31,534.2000122070312,538.5999755859375,531.7899780273438,533.3900146484375,0
2024-11-01,534.7999877929688,543.4099731445312,534.2000122070312,534.2000122070312,0
2024-11-04,543.0399780273438,543.8499755859375,534.3699951171875,534.7999877929688,0
2024-11-05,545.5,548.6099853515625,542.260009765625,543.0399780273438,0
2024-11-06,541.47998046875,545.8200073242188,532.6400146484375,545.5,0
2024-11-07,547.219970703125,548.7999877929688,539.8599853515625,542.0,0
2024-11-08,538.4199829101562,547.9600219726562,537.239990234375,547.8099975585938,0
2024-11-11,530.4199829101562,540.0499877929688,529.2000122070312,539.0,0
2024-11-12,530.5,535.0,529.47998046875,531.0800170898438,0
2024-11-13,531.47998046875,534.0900268554688,525.4199829101562,531.1099853515625,0
2024-11-14,530.3400268554688,535.0499877929688,528.5399780273438,531.47998046875,0
2024-11-15,527.1900024414062,532.6199951171875,525.8499755859375,530.3400268554688,0
2024-11-18,538.0499877929688,538.6699829101562,526.5800170898438,527.1900024414062,0
2024-11-19,539.260009765625,541.239990234375,536.0999755859375,538.0499877929688,0
2024-11-20,539.27001953125,542.47998046875,538.7899780273438,539.260009765625,0
2024-11-21,543.8400268554688,546.4099731445312,539.27001953125,539.27001953125,0
2024-11-22,547.1900024414062,548.0900268554688,540.7999877929688,543.8400268554688,0
2024-11-25,538.5900268554688,549.8699951171875,538.0700073242188,547.27001953125,0
2024-11-26,538.989990234375,544.6199951171875,535.8900146484375,538.5900268554688,0
2024-11-27,536.7899780273438,540.8200073242188,535.0499877929688,538.989990234375,0
2024-11-29,535.7100219726562,541.6699829101562,535.47998046875,536.7899780273438,0
2024-12-02,533.280029296875,539.52001953125,531.8200073242188,535.7100219726562,0
2024-12-03,540.02001953125,541.4000244140625,532.4500122070312,533.280029296875,0
2024-12-04,535.1699829101562,541.9299926757812,534.97998046875,540.02001953125,0
2024-12-05,534.6199951171875,538.3200073242188,533.2899780273438,535.1699829101562,0
2024-12-06,531.47998046875,534.8599853515625,529.760009765625,534.3499755859375,0
2024-12-09,537.22998046875,539.6699829101562,531.27001953125,531.27001953125,0
2024-12-10,538.8599853515625,540.4099731445312,534.6099853515625,536.9600219726562,0
2024-12-11,545.3599853515625,545.780029296875,538.52001953125,538.5999755859375,0
2024-12-12,543.1699829101562,546.719970703125,539.4199829101562,545.0,0
2024-12-13,546.2999877929688,546.7100219726562,542.8800048828125,543.1699829101562,0
2024-12-16,543.1500244140625,546.2999877929688,542.75,546.2999877929688,0
2024-12-17,538.760009765625,543.8499755859375,534.989990234375,543.1500244140625,0
2024-12-18,539.9400024414062,543.52001953125,538.52001953125,538.760009765625,0
2024-12-19,535.8800048828125,540.8300170898438,534.739990234375,539.9400024414062,0
2024-12-20,539.0700073242188,540.4199829101562,533.1500244140625,535.8800048828125,0
2024-12-23,537.3300170898438,542.3499755859375,534.760009765625,539.0700073242188,0
2024-12-24,541.75,542.8400268554688,537.3300170898438,537.3300170898438,0
2024-12-26,540.0,543.4199829101562,539.0,541.75,0
2024-12-27,543.1500244140625,543.6699829101562,539.010009765625,540.0,0
2024-12-30,547.9099731445312,551.6300048828125,543.1500244140625,543.1500244140625,0
2024-12-31,549.6400146484375,550.7000122070312,545.8300170898438,547.9099731445312,0
2025-01-02,555.6300048828125,558.719970703125,549.6400146484375,549.6400146484375,0
2025-01-03,553.6400146484375,557.22998046875,552.27001953125,555.6300048828125,0
2025-01-06,555.8200073242188,561.6900024414062,553.6400146484375,553.6400146484375,0
2025-01-07,557.3400268554688,558.8400268554688,552.9299926757812,555.8200073242188,0
2025-01-08,552.8800048828125,560.8200073242188,552.1900024414062,556.8900146484375,0
2025-01-10,570.969970703125,573.7999877929688,557.3699951171875,557.3699951171875,0
2025-01-13,576.1300048828125,578.6799926757812,570.1099853515625,570.1099853515625,0
2025-01-14,571.9000244140625,575.1199951171875,571.0999755859375,575.0499877929688,0
2025-01-15,581.77001953125,583.1599731445312,571.1900024414062,571.9000244140625,0
2025-01-16,579.3300170898438,583.969970703125,575.2899780273438,581.77001953125,0
2025-01-17,577.9600219726562,581.8400268554688,575.5700073242188,579.3300170898438,0
2025-01-21,572.989990234375,577.9600219726562,569.8400268554688,577.9600219726562,0
2025-01-22,572.27001953125,575.030029296875,570.260009765625,572.989990234375,0
2025-01-23,570.260009765625,574.6599731445312,568.780029296875,572.27001953125,0
2025-01-24,571.1400146484375,572.4400024414062,567.3400268554688,570.260009765625,0
2025-01-27,562.489990234375,571.1400146484375,559.5399780273438,571.1400146484375,0
2025-01-28,564.3400268554688,565.9500122070312,561.6099853515625,562.489990234375,0
2025-01-29,564.3800048828125,567.3300170898438,562.1300048828125,564.3400268554688,0
2025-01-30,564.3800048828125,567.8200073242188,561.9400024414062,564.3800048828125,0
2025-01-31,561.9199829101562,566.4400024414062,559.0800170898438,564.3800048828125,0
2025-02-03,566.9400024414062,571.1599731445312,561.9199829101562,561.9199829101562,0
2025-02-04,567.5700073242188,569.77001953125,557.8200073242188,566.9400024414062,0
2025-02-05,562.8699951171875,568.4299926757812,562.1699829101562,567.5700073242188,0
2025-02-06,561.969970703125,566.0599975585938,559.4299926757812,562.8699951171875,0
2025-02-07,563.22998046875,565.8900146484375,561.9299926757812,562.1300048828125,0
2025-02-10,570.4400024414062,571.1099853515625,563.4199829101562,563.4199829101562,0
2025-02-11,574.4000244140625,575.4500122070312,570.010009765625,570.6400146484375,0
2025-02-12,569.1599731445312,574.6099853515625,568.8900146484375,574.6099853515625,0
2025-02-13,569.8900146484375,570.75,565.52001953125,569.4299926757812,0
2025-02-14,569.4299926757812,575.6599731445312,568.7100219726562,569.8900146484375,0
2025-02-18,575.9600219726562,576.4099731445312,568.9099731445312,569.4299926757812,0
2025-02-19,577.260009765625,580.8599853515625,575.1699829101562,575.9600219726562,0
2025-02-20,578.5599975585938,580.27001953125,576.989990234375,577.260009765625,0
2025-02-21,569.4000244140625,579.6699829101562,568.9400024414062,578.5599975585938,0
2025-02-24,567.1199951171875,569.4000244140625,565.72998046875,569.4000244140625,0
2025-02-25,559.9500122070312,569.1099853515625,557.9299926757812,567.1199951171875,0
2025-02-26,557.0900268554688,561.969970703125,556.1500244140625,559.9500122070312,0
2025-02-27,560.280029296875,561.0999755859375,556.5900268554688,557.0900268554688,0
2025-02-28,553.5800170898438,560.280029296875,553.1599731445312,560.280029296875,0
2025-03-03,549.8300170898438,557.7899780273438,547.72998046875,553.5800170898438,0
2025-03-04,549.6300048828125,550.3900146484375,543.7899780273438,549.8300170898438,0
2025-03-05,546.4600219726562,550.7100219726562,542.1500244140625,549.6300048828125,0
2025-03-06,547.530029296875,550.010009765625,544.8800048828125,546.4600219726562,0
2025-03-07,551.3099975585938,554.9000244140625,545.8699951171875,547.510009765625,0
2025-03-10,548.3699951171875,555.219970703125,547.8699951171875,551.3699951171875,0
2025-03-11,549.75,553.6599731445312,544.5900268554688,548.4299926757812,0
2025-03-12,553.0800170898438,554.0999755859375,549.0800170898438,549.8499755859375,0
2025-03-13,550.6400146484375,554.3200073242188,550.0700073242188,553.219970703125,0
2025-03-14,551.6900024414062,553.6599731445312,548.739990234375,550.6400146484375,0
2025-03-17,555.8900146484375,557.8900146484375,551.6900024414062,551.6900024414062,0
2025-03-18,554.1199951171875,559.8200073242188,553.3400268554688,555.8900146484375,0
2025-03-19,556.9000244140625,558.4400024414062,552.02001953125,554.1199951171875,0
2025-03-20,559.77001953125,560.3800048828125,554.489990234375,556.9000244140625,0
2025-03-21,558.219970703125,561.4299926757812,556.9299926757812,559.77001953125,0
2025-03-24,560.02001953125,561.9099731445312,556.9299926757812,558.219970703125,0
2025-03-25,560.0800170898438,563.5499877929688,558.02001953125,560.02001953125,0
2025-03-26,561.2899780273438,563.9099731445312,560.0399780273438,560.0800170898438,0
2025-03-27,562.27001953125,562.760009765625,557.760009765625,561.2899780273438,0
2025-03-28,560.510009765625,562.8099975585938,558.0800170898438,562.27001953125,0
2025-03-31,568.0800170898438,568.5900268554688,559.239990234375,560.510009765625,0
2025-04-01,568.4199829101562,570.8099975585938,566.6799926757812,568.0800170898438,0
2025-04-02,571.52001953125,572.1699829101562,565.7999877929688,568.4199829101562,0
2025-04-03,550.0,571.52001953125,547.6799926757812,571.52001953125,0
2025-04-04,522.7000122070312,550.1599731445312,516.8499755859375,549.8699951171875,0
2025-04-07,514.5700073242188,532.8699951171875,509.55999755859375,520.22998046875,0
2025-04-08,509.1199951171875,521.6300048828125,507.1600036621094,514.6500244140625,0
2025-04-09,521.5700073242188,523.4600219726562,492.55999755859375,509.07000732421875,0
2025-04-10,517.0399780273438,528.1799926757812,512.2999877929688,521.5,0
2025-04-11,525.1599731445312,526.1099853515625,514.8499755859375,517.0,0
2025-04-14,525.1500244140625,529.8800048828125,522.9400024414062,525.1599731445312,0
2025-04-15,524.0900268554688,528.030029296875,522.27001953125,525.1500244140625,0
2025-04-16,531.02001953125,532.1500244140625,520.719970703125,524.0900268554688,0
2025-04-17,538.530029296875,539.6400146484375,531.02001953125,531.02001953125,0
2025-04-21,531.969970703125,538.530029296875,531.0800170898438,538.530029296875,0
2025-04-22,538.1799926757812,540.8499755859375,531.969970703125,531.969970703125,0
2025-04-23,532.8099975585938,542.5399780273438,529.3900146484375,538.1799926757812,0
2025-04-24,536.489990234375,537.2999877929688,532.510009765625,532.8099975585938,0
2025-04-25,537.2100219726562,539.1699829101562,532.6500244140625,536.489990234375,0
2025-04-28,535.3499755859375,538.9299926757812,533.260009765625,537.2100219726562,0
2025-04-29,528.5800170898438,535.6900024414062,527.8800048828125,535.3499755859375,0
2025-04-30,518.1500244140625,528.5800170898438,516.8800048828125,528.5800170898438,0
2025-05-01,520.280029296875,520.97998046875,510.4700012207031,518.1500244140625,0
2025-05-02,520.1799926757812,523.9099731445312,517.97998046875,520.280029296875,0
2025-05-05,516.1199951171875,520.219970703125,512.280029296875,520.219970703125,0
2025-05-06,524.8800048828125,527.7100219726562,516.1199951171875,516.1199951171875,0
2025-05-07,519.52001953125,529.1400146484375,518.52001953125,524.9500122070312,0
2025-05-08,525.6699829101562,526.1500244140625,518.760009765625,519.6099853515625,0
2025-05-09,531.530029296875,532.5800170898438,525.739990234375,525.739990234375,0
2025-05-12,534.3900146484375,540.4600219726562,530.4199829101562,531.47998046875,0
2025-05-13,541.969970703125,542.9299926757812,533.3599853515625,534.4400024414062,0
2025-05-14,538.8900146484375,542.3099975585938,538.1099853515625,541.969970703125,0
2025-05-15,532.6300048828125,538.8900146484375,527.989990234375,538.8900146484375,0
2025-05-16,533.0999755859375,534.97998046875,529.6400146484375,532.6300048828125,0
2025-05-19,533.030029296875,534.969970703125,529.9199829101562,533.0999755859375,0
2025-05-20,536.25,537.5700073242188,530.8800048828125,533.030029296875,0
2025-05-21,536.1799926757812,541.2000122070312,535.4099731445312,536.25,0
2025-05-22,533.010009765625,536.6799926757812,528.9099731445312,536.1799926757812,0
2025-05-23,535.0,535.8200073242188,528.8200073242188,533.010009765625,0
2025-05-27,530.969970703125,535.239990234375,528.3200073242188,535.0,0
2025-05-28,531.280029296875,534.5399780273438,530.27001953125,530.969970703125,0
2025-05-29,527.5900268554688,535.9600219726562,526.3900146484375,531.280029296875,0
2025-05-30,524.6699829101562,530.1500244140625,522.4000244140625,527.5900268554688,0
2025-06-02,534.5599975585938,539.8400268554688,524.6699829101562,524.6699829101562,0
2025-06-03,538.2899780273438,539.9500122070312,533.3200073242188,534.5599975585938,0
2025-06-04,536.7100219726562,540.7100219726562,534.1300048828125,538.2899780273438,0
2025-06-05,540.47998046875,543.2000122070312,535.6199951171875,536.7100219726562,0
2025-06-06,545.010009765625,545.469970703125,537.969970703125,540.02001953125,0
2025-06-09,546.0599975585938,546.4099731445312,542.4600219726562,544.47998046875,0
2025-06-10,543.5599975585938,547.4099731445312,542.3499755859375,545.469970703125,0
2025-06-11,552.010009765625,552.6599731445312,541.219970703125,542.9500122070312,0
2025-06-12,550.8499755859375,554.02001953125,548.1900024414062,551.3800048828125,0
2025-06-13,568.4099731445312,579.0499877929688,550.8499755859375,550.8499755859375,0
2025-06-16,567.4199829101562,577.2899780273438,557.4400024414062,568.4099731445312,0
2025-06-17,578.6599731445312,580.030029296875,566.1300048828125,567.4199829101562,0
2025-06-18,581.3499755859375,583.5999755859375,573.52001953125,578.6599731445312,0
2025-06-20,581.0,585.3499755859375,578.6300048828125,581.3499755859375,0
2025-06-23,562.6900024414062,591.219970703125,561.7999877929688,581.0,0
2025-06-24,541.989990234375,562.6900024414062,541.3900146484375,562.6900024414062,0
2025-06-25,542.22998046875,547.1699829101562,541.97998046875,541.989990234375,0
2025-06-26,544.4299926757812,547.6500244140625,542.0599975585938,542.22998046875,0
2025-06-27,545.7100219726562,546.3599853515625,541.739990234375,544.4299926757812,0
2025-06-30,543.1400146484375,546.219970703125,541.4299926757812,545.7100219726562,0
2025-07-01,544.1900024414062,545.9400024414062,541.469970703125,543.1400146484375,0
2025-07-02,554.47998046875,554.7899780273438,542.9600219726562,544.1900024414062,0
2025-07-03,552.5599975585938,555.9199829101562,551.6599731445312,554.47998046875,0
2025-07-07,553.4600219726562,554.6699829101562,545.5700073242188,552.5599975585938,0
2025-07-08,554.2100219726562,556.0,549.739990234375,552.0499877929688,0
2025-07-09,551.9000244140625,554.3099975585938,549.0999755859375,552.8300170898438,0
2025-07-10,546.0399780273438,552.530029296875,545.2899780273438,550.5399780273438,0
2025-07-11,551.3900146484375,553.1300048828125,543.469970703125,544.77001953125,0
2025-07-14,545.760009765625,555.5399780273438,545.510009765625,550.02001953125,0
2025-07-15,544.72998046875,547.239990234375,543.0599975585938,545.760009765625,0
2025-07-16,545.030029296875,546.6199951171875,540.8699951171875,544.72998046875,0
2025-07-17,549.219970703125,549.5999755859375,544.1599731445312,545.030029296875,0
2025-07-18,551.6199951171875,557.9099731445312,549.0999755859375,549.219970703125,0
2025-07-21,551.1900024414062,552.0399780273438,547.8099975585938,551.6199951171875,0
2025-07-22,548.6300048828125,551.1900024414062,546.6500244140625,551.1900024414062,0
2025-07-23,547.6799926757812,550.469970703125,545.3300170898438,548.6300048828125,0
2025-07-24,548.719970703125,551.5499877929688,546.0999755859375,547.6799926757812,0
2025-07-25,545.0700073242188,550.4299926757812,544.6900024414062,548.719970703125,0
2025-07-28,549.469970703125,551.6699829101562,544.2899780273438,545.0700073242188,0
2025-07-29,557.1199951171875,558.8699951171875,548.6599731445312,549.469970703125,0
2025-07-30,558.219970703125,559.8800048828125,553.9400024414062,557.1199951171875,0
2025-07-31,553.989990234375,559.6900024414062,551.8300170898438,558.219970703125,0
2025-08-01,545.5800170898438,555.27001953125,544.8099975585938,553.989990234375,0
2025-08-04,542.8699951171875,547.27001953125,539.989990234375,545.5800170898438,0
2025-08-05,539.5499877929688,543.489990234375,538.6500244140625,542.8699951171875,0
2025-08-06,539.1799926757812,546.6099853515625,537.9000244140625,539.5499877929688,0
2025-08-07,538.8300170898438,542.1699829101562,538.1099853515625,538.7899780273438,0
2025-08-08,538.010009765625,542.8099975585938,535.77001953125,538.52001953125,0
2025-08-11,537.5499877929688,539.3400268554688,533.1500244140625,537.6300048828125,0
2025-08-12,535.0999755859375,538.489990234375,534.489990234375,537.260009765625,0
2025-08-13,533.280029296875,535.7899780273438,529.9500122070312,534.9400024414062,0
2025-08-14,534.8599853515625,535.469970703125,531.7000122070312,533.280029296875,0
2025-08-15,534.219970703125,536.02001953125,532.22998046875,534.8599853515625,0
2025-08-18,535.8699951171875,537.22998046875,530.7100219726562,534.219970703125,0
2025-08-19,532.530029296875,536.0399780273438,531.989990234375,535.8699951171875,0
2025-08-20,537.9400024414062,538.739990234375,532.5,532.530029296875,0
2025-08-21,542.6699829101562,543.1400146484375,537.9400024414062,537.9400024414062,0
2025-08-22,545.0999755859375,545.739990234375,541.3200073242188,542.6699829101562,0
2025-08-25,548.6300048828125,549.739990234375,544.0999755859375,545.0999755859375,0
2025-08-26,543.1300048828125,548.6300048828125,542.77001953125,548.6300048828125,0
2025-08-27,546.2100219726562,546.4600219726562,541.2000122070312,543.1300048828125,0
2025-08-28,548.719970703125,549.030029296875,543.75,546.2100219726562,0
2025-08-29,549.7100219726562,550.010009765625,547.1599731445312,548.719970703125,0
2025-09-02,557.5499877929688,557.9199829101562,549.7100219726562,549.7100219726562,0
2025-09-03,552.5399780273438,558.4600219726562,551.780029296875,557.5499877929688,0
2025-09-04,548.9000244140625,552.5399780273438,546.4199829101562,552.5399780273438,0
2025-09-05,543.2899780273438,549.6400146484375,542.239990234375,548.9000244140625,0
2025-09-08,546.469970703125,549.4600219726562,542.8900146484375,542.989990234375,0
2025-09-09,546.7100219726562,550.7999877929688,546.1599731445312,546.219970703125,0
2025-09-10,549.8800048828125,551.0700073242188,546.4099731445312,546.4099731445312,0
2025-09-11,545.8599853515625,550.0700073242188,543.760009765625,549.6099853515625,0
2025-09-12,548.3499755859375,552.260009765625,543.530029296875,545.6199951171875,0
2025-09-15,553.6699829101562,554.5999755859375,547.9000244140625,548.3499755859375,0
2025-09-16,558.510009765625,559.27001953125,552.4199829101562,553.6699829101562,0
2025-09-17,553.030029296875,559.1699829101562,551.75,558.510009765625,0
2025-09-18,549.6199951171875,553.7100219726562,548.7000122070312,553.030029296875,0
2025-09-19,545.9400024414062,550.5399780273438,545.3699951171875,549.6199951171875,0
2025-09-22,545.969970703125,549.1699829101562,542.7000122070312,545.9400024414062,0
2025-09-23,551.469970703125,553.1199951171875,543.97998046875,545.969970703125,0
2025-09-24,556.8800048828125,557.0999755859375,550.25,551.239990234375,0
2025-09-25,558.1199951171875,558.969970703125,554.260009765625,556.8800048828125,0
2025-09-26,561.4400024414062,563.6799926757812,556.8900146484375,558.1199951171875,0
2025-09-29,554.5,561.4400024414062,553.0,561.4400024414062,0
2025-09-30,549.97998046875,554.5,548.219970703125,554.5,0
2025-10-01,549.3400268554688,552.9199829101562,546.6099853515625,549.97998046875,0
2025-10-02,543.8499755859375,551.4600219726562,542.9600219726562,549.3400268554688,0
2025-10-03,546.260009765625,547.8900146484375,543.8499755859375,543.8499755859375,0
2025-10-06,550.75,551.739990234375,546.260009765625,546.260009765625,0
2025-10-07,552.3499755859375,553.1599731445312,548.219970703125,551.0999755859375,0
2025-10-08,556.1400146484375,557.5599975585938,552.6099853515625,552.6099853515625,0
2025-10-09,551.9099731445312,559.1599731445312,550.8800048828125,556.3800048828125,0
2025-10-10,539.9600219726562,552.6099853515625,538.3300170898438,552.1699829101562,0
2025-10-13,546.47998046875,547.7899780273438,541.0800170898438,541.0800170898438,0
2025-10-14,542.5900268554688,548.1300048828125,538.0,546.489990234375,0
2025-10-15,541.8900146484375,545.3599853515625,540.7000122070312,542.5900268554688,0
2025-10-16,541.6900024414062,546.27001953125,541.02001953125,541.8900146484375,0
2025-10-17,539.8499755859375,542.72998046875,537.3599853515625,541.6900024414062,0
2025-10-20,544.5800170898438,544.8599853515625,539.3699951171875,539.8499755859375,0
2025-10-21,541.8800048828125,545.7000122070312,538.760009765625,544.5800170898438,0
2025-10-22,545.7999877929688,548.260009765625,540.9600219726562,541.8800048828125,0
2025-10-23,561.4600219726562,563.4199829101562,545.7999877929688,545.7999877929688,0
2025-10-24,559.1400146484375,562.27001953125,558.4400024414062,561.4600219726562,0
2025-10-27,556.7000122070312,562.0,555.9400024414062,559.9000244140625,0
2025-10-28,550.7100219726562,556.719970703125,548.77001953125,556.7000122070312,0
2025-10-29,554.75,556.8800048828125,548.8400268554688,550.7100219726562,0
2025-10-30,554.72998046875,555.52001953125,549.47998046875,554.75,0
2025-10-31,557.0,558.3300170898438,552.780029296875,554.72998046875,0
2025-11-03,561.0499877929688,562.27001953125,556.2100219726562,557.0,0
2025-11-04,557.0999755859375,560.97998046875,554.9299926757812,560.97998046875,0
2025-11-05,553.77001953125,559.1900024414062,553.4000244140625,557.0999755859375,0
2025-11-06,552.1699829101562,558.3300170898438,549.8099975585938,553.77001953125,0
2025-11-07,553.6099853515625,557.7100219726562,552.0399780273438,552.2000122070312,0
2025-11-10,560.6900024414062,560.7000122070312,553.6199951171875,553.6199951171875,0
2025-11-11,566.780029296875,567.530029296875,559.3200073242188,560.6799926757812,0
2025-11-12,558.5599975585938,567.3599853515625,557.6599731445312,566.8099975585938,0
2025-11-13,557.6199951171875,561.1099853515625,556.4099731445312,558.6599731445312,0
2025-11-14,559.280029296875,564.1799926757812,555.72998046875,557.6199951171875,0
2025-11-17,558.5499877929688,559.97998046875,555.1400146484375,559.280029296875,0
2025-11-18,562.030029296875,562.5599975585938,554.3800048828125,558.5499877929688,0
2025-11-19,555.530029296875,563.25,553.8200073242188,562.030029296875,0
2025-11-20,551.260009765625,558.5499877929688,550.02001953125,555.530029296875,0
2025-11-21,546.4000244140625,551.260009765625,541.760009765625,551.260009765625,0
2025-11-24,546.969970703125,547.530029296875,541.3400268554688,546.4000244140625,0
2025-11-25,543.3800048828125,548.4600219726562,539.1099853515625,546.969970703125,0
2025-11-26,549.6400146484375,550.0900268554688,543.3800048828125,543.3800048828125,0
2025-11-28,555.1699829101562,558.3699951171875,549.6400146484375,549.6400146484375,0
2025-12-01,558.4500122070312,560.3499755859375,555.1699829101562,555.1699829101562,0
2025-12-02,555.280029296875,558.8200073242188,554.6900024414062,558.4500122070312,0
2025-12-03,557.4299926757812,560.260009765625,554.4199829101562,555.280029296875,0
2025-12-04,560.9600219726562,561.8099975585938,556.0499877929688,557.4299926757812,0
2025-12-05,564.72998046875,567.8599853515625,560.0,560.22998046875,0
2025-12-08,555.5599975585938,564.3499755859375,554.97998046875,563.9500122070312,0
2025-12-09,550.5599975585938,555.5700073242188,550.4600219726562,554.8300170898438,0
2025-12-10,551.6099853515625,552.52001953125,548.780029296875,549.969970703125,0
2025-12-11,550.27001953125,554.27001953125,547.469970703125,551.010009765625,0
2025-12-12,545.510009765625,552.489990234375,544.6500244140625,550.27001953125,0
2025-12-15,542.4600219726562,548.6900024414062,540.22998046875,545.5800170898438,0
2025-12-16,534.8699951171875,542.47998046875,534.5900268554688,542.4600219726562,0
2025-12-17,539.3400268554688,541.8300170898438,534.8699951171875,534.8699951171875,0
2025-12-18,538.9099731445312,543.1599731445312,538.239990234375,539.3400268554688,0
2025-12-19,542.2000122070312,543.1199951171875,537.4000244140625,538.9099731445312,0
2025-12-22,549.530029296875,550.030029296875,542.2000122070312,542.2000122070312,0
2025-12-23,554.47998046875,554.77001953125,549.530029296875,549.530029296875,0
2025-12-24,554.5,557.7000122070312,552.6099853515625,554.47998046875,0
2025-12-26,550.4000244140625,558.1099853515625,550.010009765625,554.5,0
2025-12-29,551.3099975585938,555.8400268554688,550.260009765625,550.4000244140625,0
2025-12-30,554.280029296875,556.8699951171875,549.4199829101562,551.3099975585938,0
2025-12-31,548.52001953125,554.280029296875,548.010009765625,554.280029296875,0
2026-01-02,547.989990234375,551.3800048828125,544.6699829101562,548.52001953125,0
2026-01-05,557.5900268554688,558.2899780273438,547.1099853515625,547.1099853515625,0
2026-01-06,555.510009765625,561.1900024414062,554.97998046875,557.5900268554688,0
2026-01-07,550.47998046875,555.9099731445312,549.9400024414062,555.510009765625,0
2026-01-08,555.3900146484375,557.1599731445312,548.3499755859375,549.989990234375,0
2026-01-09,559.8200073242188,563.2899780273438,554.8900146484375,554.8900146484375,0
2026-01-12,563.6599731445312,565.3300170898438,559.5499877929688,559.5499877929688,0
2026-01-13,570.219970703125,571.3800048828125,562.1199951171875,563.1400146484375,0
2026-01-14,573.5499877929688,574.2100219726562,567.2899780273438,569.7000122070312,0
2026-01-15,563.760009765625,573.5499877929688,560.8400268554688,573.5499877929688,0
2026-01-16,562.9199829101562,566.989990234375,560.6699829101562,563.760009765625,0
2026-01-20,571.3499755859375,572.030029296875,562.9199829101562,562.9199829101562,0
2026-01-21,576.469970703125,578.7899780273438,568.0399780273438,571.3499755859375,0
2026-01-22,573.8400268554688,577.8400268554688,571.1500244140625,576.469970703125,0
2026-01-23,584.1199951171875,584.969970703125,573.8400268554688,573.8400268554688,0
2026-01-26,588.010009765625,590.47998046875,584.1199951171875,584.1199951171875,0
2026-01-27,592.530029296875,593.0599975585938,582.6099853515625,588.010009765625,0
2026-01-28,599.8099975585938,600.9500122070312,592.530029296875,592.530029296875,0
2026-01-29,610.1300048828125,621.6400146484375,599.8099975585938,599.8099975585938,0
2026-01-30,598.1900024414062,612.4400024414062,591.9500122070312,610.1300048828125,0
2026-02-02,575.239990234375,598.1900024414062,569.530029296875,598.1900024414062,0
2026-02-03,587.2000122070312,589.1799926757812,575.239990234375,575.239990234375,0
2026-02-04,593.7000122070312,594.469970703125,585.969970703125,587.2000122070312,0
2026-02-05,584.760009765625,594.2999877929688,580.239990234375,593.7000122070312,0
2026-02-06,585.6500244140625,588.7100219726562,577.6300048828125,584.6300048828125,0
2026-02-09,591.6099853515625,593.7999877929688,583.77001953125,586.5700073242188,0
2026-02-10,587.9099731445312,592.4199829101562,586.8900146484375,591.6699829101562,0
2026-02-11,593.4400024414062,597.4500122070312,588.010009765625,588.010009765625,0
2026-02-12,583.0900268554688,595.75,581.4600219726562,593.5499877929688,0
2026-02-13,583.8499755859375,585.2999877929688,578.9000244140625,583.0900268554688,0
2026-02-17,577.7899780273438,585.3499755859375,575.5,583.8499755859375,0
2026-02-18,592.6699829101562,593.4199829101562,577.1500244140625,577.7899780273438,0
2026-02-19,598.9099731445312,599.5999755859375,592.0900268554688,592.6699829101562,0
2026-02-20,602.3200073242188,604.3499755859375,598.5599975585938,598.9099731445312,0
2026-02-23,603.0700073242188,608.2899780273438,600.2100219726562,602.3200073242188,0
2026-02-24,601.3200073242188,606.510009765625,601.1300048828125,603.0700073242188,0
2026-02-25,604.5599975585938,606.25,601.3200073242188,601.3200073242188,0
2026-02-26,603.22998046875,608.1300048828125,597.0399780273438,604.6699829101562,0
2026-02-27,610.9000244140625,614.5700073242188,600.9199829101562,603.22998046875,0
2026-03-02,632.27001953125,645.8599853515625,610.9000244140625,610.9000244140625,0
2026-03-03,647.72998046875,662.510009765625,632.27001953125,632.27001953125,0
2026-03-04,649.9600219726562,663.7999877929688,643.280029296875,647.72998046875,0
2026-03-05,672.4500122070312,674.5,649.9600219726562,649.9600219726562,0
2026-03-06,700.6300048828125,704.9500122070312,658.5800170898438,669.3699951171875,0
2026-03-09,710.469970703125,794.4099731445312,700.9199829101562,719.3400268554688,0
2026-03-10,675.02001953125,707.3400268554688,652.4400024414062,707.3400268554688,0
2026-03-11,690.9099731445312,693.6699829101562,667.6400146484375,673.3800048828125,0
2026-03-12,718.0499877929688,721.2999877929688,689.1500244140625,689.1500244140625,0
2026-03-13,722.8599853515625,723.989990234375,706.489990234375,718.0499877929688,0
2026-03-16,708.6400146484375,731.3699951171875,706.8900146484375,722.8599853515625,0
2026-03-17,721.0599975585938,726.6599731445312,708.7899780273438,708.7899780273438,0
2026-03-18,728.97998046875,737.0599975585938,708.3900146484375,721.0599975585938,0
2026-03-19,727.5900268554688,753.3499755859375,720.2899780273438,728.97998046875,0
2026-03-20,736.1500244140625,738.8099975585938,716.260009765625,727.5900268554688,0
2026-03-23,694.030029296875,744.6699829101562,683.4099731445312,736.1500244140625,0
2026-03-24,711.3400268554688,714.1699829101562,694.030029296875,694.030029296875,0
2026-03-25,701.3300170898438,711.3400268554688,685.2899780273438,711.3400268554688,0
2026-03-26,720.1199951171875,722.8099975585938,701.2899780273438,701.3300170898438,0
2026-03-27,739.22998046875,740.280029296875,710.97998046875,720.1199951171875,0
2026-03-30,749.1500244140625,756.3300170898438,739.22998046875,739.22998046875,0
2026-03-31,745.1799926757812,760.1699829101562,740.8200073242188,749.1500244140625,0
2026-04-01,738.6599731445312,751.6099853515625,725.6799926757812,745.1799926757812,0
2026-04-02,771.8300170898438,780.0900268554688,729.8699951171875,738.6599731445312,0
2026-04-06,776.5800170898438,784.239990234375,764.1099853515625,771.8300170898438,0
2026-04-07,777.0900268554688,789.0399780273438,771.1400146484375,776.5800170898438,0
2026-04-08,708.6300048828125,768.72998046875,696.6099853515625,768.72998046875,0
2026-04-09,714.260009765625,726.489990234375,704.0599975585938,704.52001953125,0
2026-04-10,704.6699829101562,715.6400146484375,702.0999755859375,709.3499755859375,0
2026-04-13,715.530029296875,729.030029296875,700.4600219726562,700.4600219726562,0
2026-04-14,698.1300048828125,711.4299926757812,697.3200073242188,711.280029296875,0
2026-04-15,700.5599975585938,706.010009765625,692.5900268554688,698.1300048828125,0
2026-04-16,710.7000122070312,711.989990234375,698.1699829101562,700.5599975585938,0
2026-04-17,679.0999755859375,710.7899780273438,666.1199951171875,710.7000122070312,0
2026-04-20,695.3400268554688,701.0800170898438,679.0999755859375,679.0999755859375,0
2026-04-21,705.1500244140625,710.1500244140625,688.4600219726562,695.3400268554688,0
2026-04-22,720.8499755859375,722.989990234375,700.47998046875,705.1500244140625,0
2026-04-23,731.1199951171875,737.8800048828125,717.0399780273438,720.8499755859375,0
2026-04-24,728.6599731445312,739.47998046875,723.0599975585938,731.1199951171875,0
2026-04-27,738.1900024414062,742.7000122070312,728.6599731445312,728.6599731445312,0
